# Finite Temperature Data for Kitaev Ladder
# chi_max = 150, h = 0.0000
# Columns: T | Sigmax | Sigmay | Sigmaz | S1 | S2 | Wp | Cv
# 
2.000000e+01	0.000000e+00	0.000000e+00	1.749252e-17	0.000000e+00	0.000000e+00	0.000000e+00	1.242613e-01
1.000000e+01	0.000000e+00	0.000000e+00	-2.711373e-17	0.000000e+00	0.000000e+00	0.000000e+00	4.921207e-01
6.666667e+00	0.000000e+00	0.000000e+00	-3.616031e-17	0.000000e+00	0.000000e+00	0.000000e+00	1.090925e+00
5.000000e+00	0.000000e+00	0.000000e+00	1.068243e-16	0.000000e+00	0.000000e+00	0.000000e+00	1.901555e+00
4.000000e+00	0.000000e+00	0.000000e+00	1.802204e-16	0.000000e+00	0.000000e+00	0.000000e+00	2.899364e+00
3.333333e+00	0.000000e+00	0.000000e+00	2.205701e-16	0.000000e+00	0.000000e+00	0.000000e+00	4.055328e+00
2.857143e+00	0.000000e+00	0.000000e+00	2.332509e-16	0.000000e+00	0.000000e+00	0.000000e+00	5.337337e+00
2.500000e+00	0.000000e+00	0.000000e+00	2.601044e-16	0.000000e+00	0.000000e+00	0.000000e+00	6.711546e+00
2.222222e+00	0.000000e+00	0.000000e+00	2.289835e-16	0.000000e+00	0.000000e+00	0.000000e+00	8.143684e+00
2.000000e+00	0.000000e+00	0.000000e+00	2.803313e-16	0.000000e+00	0.000000e+00	0.000000e+00	9.600269e+00
1.818182e+00	0.000000e+00	0.000000e+00	2.966377e-16	0.000000e+00	0.000000e+00	0.000000e+00	1.104967e+01
1.666667e+00	0.000000e+00	0.000000e+00	2.559064e-16	0.000000e+00	0.000000e+00	0.000000e+00	1.246294e+01
1.538462e+00	0.000000e+00	0.000000e+00	3.394507e-16	0.000000e+00	0.000000e+00	0.000000e+00	1.381453e+01
1.428571e+00	0.000000e+00	0.000000e+00	3.055889e-16	0.000000e+00	0.000000e+00	0.000000e+00	1.508262e+01
1.333333e+00	0.000000e+00	0.000000e+00	2.735312e-16	0.000000e+00	0.000000e+00	0.000000e+00	1.624941e+01
1.250000e+00	0.000000e+00	0.000000e+00	2.943479e-16	0.000000e+00	0.000000e+00	0.000000e+00	1.730114e+01
1.176471e+00	0.000000e+00	0.000000e+00	3.679002e-16	0.000000e+00	0.000000e+00	0.000000e+00	1.822796e+01
1.111111e+00	0.000000e+00	0.000000e+00	3.572143e-16	0.000000e+00	0.000000e+00	0.000000e+00	1.902368e+01
1.052632e+00	0.000000e+00	0.000000e+00	3.129441e-16	0.000000e+00	0.000000e+00	0.000000e+00	1.968547e+01
1.000000e+00	0.000000e+00	0.000000e+00	3.198830e-16	0.000000e+00	0.000000e+00	0.000000e+00	2.021343e+01
9.523810e-01	0.000000e+00	0.000000e+00	3.283485e-16	0.000000e+00	0.000000e+00	0.000000e+00	2.061017e+01
9.090909e-01	0.000000e+00	0.000000e+00	3.186340e-16	0.000000e+00	0.000000e+00	0.000000e+00	2.088040e+01
8.695652e-01	0.000000e+00	0.000000e+00	2.506328e-16	0.000000e+00	0.000000e+00	0.000000e+00	2.103051e+01
8.333333e-01	0.000000e+00	0.000000e+00	3.611000e-16	0.000000e+00	0.000000e+00	0.000000e+00	2.106813e+01
8.000000e-01	0.000000e+00	0.000000e+00	2.489675e-16	0.000000e+00	0.000000e+00	0.000000e+00	2.100183e+01
7.692308e-01	0.000000e+00	0.000000e+00	2.584044e-16	0.000000e+00	0.000000e+00	0.000000e+00	2.084074e+01
7.407407e-01	0.000000e+00	0.000000e+00	1.615375e-16	0.000000e+00	0.000000e+00	0.000000e+00	2.059431e+01
7.142857e-01	0.000000e+00	0.000000e+00	1.743050e-16	0.000000e+00	0.000000e+00	0.000000e+00	2.027205e+01
6.896552e-01	0.000000e+00	0.000000e+00	1.593170e-16	0.000000e+00	0.000000e+00	0.000000e+00	1.988337e+01
6.666667e-01	0.000000e+00	0.000000e+00	1.942890e-16	0.000000e+00	0.000000e+00	0.000000e+00	1.943737e+01
6.451613e-01	0.000000e+00	0.000000e+00	1.496026e-16	0.000000e+00	0.000000e+00	0.000000e+00	1.894279e+01
6.250000e-01	0.000000e+00	0.000000e+00	8.382184e-17	0.000000e+00	0.000000e+00	0.000000e+00	1.840786e+01
6.060606e-01	0.000000e+00	0.000000e+00	9.769963e-17	0.000000e+00	0.000000e+00	0.000000e+00	1.784026e+01
5.882353e-01	0.000000e+00	0.000000e+00	1.335043e-16	0.000000e+00	0.000000e+00	0.000000e+00	1.724711e+01
5.714286e-01	0.000000e+00	0.000000e+00	1.129652e-16	0.000000e+00	0.000000e+00	0.000000e+00	1.663490e+01
5.555556e-01	0.000000e+00	0.000000e+00	1.093570e-16	0.000000e+00	0.000000e+00	0.000000e+00	1.600953e+01
5.405405e-01	0.000000e+00	0.000000e+00	4.163336e-17	0.000000e+00	0.000000e+00	0.000000e+00	1.537629e+01
5.263158e-01	0.000000e+00	0.000000e+00	2.969847e-17	0.000000e+00	0.000000e+00	0.000000e+00	1.473990e+01
5.128205e-01	0.000000e+00	0.000000e+00	1.165734e-17	0.000000e+00	0.000000e+00	0.000000e+00	1.410451e+01
5.000000e-01	0.000000e+00	0.000000e+00	1.648681e-16	0.000000e+00	0.000000e+00	0.000000e+00	1.347377e+01
4.878049e-01	0.000000e+00	0.000000e+00	2.803313e-17	0.000000e+00	0.000000e+00	0.000000e+00	1.285081e+01
4.761905e-01	0.000000e+00	0.000000e+00	1.110223e-17	0.000000e+00	0.000000e+00	0.000000e+00	1.223833e+01
4.651163e-01	0.000000e+00	0.000000e+00	2.109424e-17	0.000000e+00	0.000000e+00	0.000000e+00	1.163860e+01
4.545455e-01	0.000000e+00	0.000000e+00	6.161738e-17	0.000000e+00	0.000000e+00	0.000000e+00	1.105350e+01
4.444444e-01	0.000000e+00	0.000000e+00	9.714451e-17	0.000000e+00	0.000000e+00	0.000000e+00	1.048457e+01
4.347826e-01	0.000000e+00	0.000000e+00	7.216450e-17	0.000000e+00	0.000000e+00	0.000000e+00	9.933049e+00
4.255319e-01	0.000000e+00	0.000000e+00	-5.190293e-17	0.000000e+00	0.000000e+00	0.000000e+00	9.399876e+00
4.166667e-01	0.000000e+00	0.000000e+00	-2.609024e-17	0.000000e+00	0.000000e+00	0.000000e+00	8.885756e+00
4.081633e-01	0.000000e+00	0.000000e+00	-3.497203e-17	0.000000e+00	0.000000e+00	0.000000e+00	8.391169e+00
4.000000e-01	0.000000e+00	0.000000e+00	7.771561e-18	0.000000e+00	0.000000e+00	0.000000e+00	7.916404e+00
3.921569e-01	0.000000e+00	0.000000e+00	6.883383e-17	0.000000e+00	0.000000e+00	0.000000e+00	7.461580e+00
3.846154e-01	0.000000e+00	0.000000e+00	1.526557e-16	0.000000e+00	0.000000e+00	0.000000e+00	7.026673e+00
3.773585e-01	0.000000e+00	0.000000e+00	1.018630e-16	0.000000e+00	0.000000e+00	0.000000e+00	6.611533e+00
3.703704e-01	0.000000e+00	0.000000e+00	8.743006e-17	0.000000e+00	0.000000e+00	0.000000e+00	6.215905e+00
3.636364e-01	0.000000e+00	0.000000e+00	-5.828671e-18	0.000000e+00	0.000000e+00	0.000000e+00	5.839445e+00
3.571429e-01	0.000000e+00	0.000000e+00	3.719247e-17	0.000000e+00	0.000000e+00	0.000000e+00	5.481735e+00
3.508772e-01	0.000000e+00	0.000000e+00	1.040834e-16	0.000000e+00	0.000000e+00	0.000000e+00	5.142296e+00
3.448276e-01	0.000000e+00	0.000000e+00	4.413137e-17	0.000000e+00	0.000000e+00	0.000000e+00	4.820600e+00
3.389831e-01	0.000000e+00	0.000000e+00	2.220446e-18	0.000000e+00	0.000000e+00	0.000000e+00	4.516085e+00
3.333333e-01	0.000000e+00	0.000000e+00	-1.026956e-17	0.000000e+00	0.000000e+00	0.000000e+00	4.228155e+00
3.278689e-01	0.000000e+00	0.000000e+00	-3.608225e-17	0.000000e+00	0.000000e+00	0.000000e+00	3.956197e+00
3.225806e-01	0.000000e+00	0.000000e+00	4.718448e-17	0.000000e+00	0.000000e+00	0.000000e+00	3.699585e+00
3.174603e-01	0.000000e+00	0.000000e+00	8.520962e-17	0.000000e+00	0.000000e+00	0.000000e+00	3.457684e+00
3.125000e-01	0.000000e+00	0.000000e+00	9.353629e-17	0.000000e+00	0.000000e+00	0.000000e+00	3.229860e+00
3.076923e-01	0.000000e+00	0.000000e+00	1.498801e-17	0.000000e+00	0.000000e+00	0.000000e+00	3.015478e+00
3.030303e-01	0.000000e+00	0.000000e+00	1.462719e-16	0.000000e+00	0.000000e+00	0.000000e+00	2.813913e+00
2.985075e-01	0.000000e+00	0.000000e+00	6.800116e-17	0.000000e+00	0.000000e+00	0.000000e+00	2.624548e+00
2.941176e-01	0.000000e+00	0.000000e+00	1.013079e-16	0.000000e+00	0.000000e+00	0.000000e+00	2.446779e+00
2.898551e-01	0.000000e+00	0.000000e+00	7.660539e-17	0.000000e+00	0.000000e+00	0.000000e+00	2.280015e+00
2.857143e-01	0.000000e+00	0.000000e+00	1.554312e-17	0.000000e+00	0.000000e+00	0.000000e+00	2.123685e+00
2.816901e-01	0.000000e+00	0.000000e+00	-2.220446e-18	0.000000e+00	0.000000e+00	0.000000e+00	1.977231e+00
2.777778e-01	0.000000e+00	0.000000e+00	-1.051936e-16	0.000000e+00	0.000000e+00	0.000000e+00	1.840119e+00
2.739726e-01	0.000000e+00	0.000000e+00	9.547918e-17	0.000000e+00	0.000000e+00	0.000000e+00	1.711829e+00
2.702703e-01	0.000000e+00	0.000000e+00	3.108624e-17	0.000000e+00	0.000000e+00	0.000000e+00	1.591866e+00
2.666667e-01	0.000000e+00	0.000000e+00	-8.049117e-18	0.000000e+00	0.000000e+00	0.000000e+00	1.479751e+00
2.631579e-01	0.000000e+00	0.000000e+00	-6.966649e-17	0.000000e+00	0.000000e+00	0.000000e+00	1.375029e+00
2.597403e-01	0.000000e+00	0.000000e+00	4.718448e-18	0.000000e+00	0.000000e+00	0.000000e+00	1.277264e+00
2.564103e-01	0.000000e+00	0.000000e+00	7.410739e-17	0.000000e+00	0.000000e+00	0.000000e+00	1.186040e+00
2.531646e-01	0.000000e+00	0.000000e+00	9.880985e-17	0.000000e+00	0.000000e+00	0.000000e+00	1.100960e+00
2.500000e-01	0.000000e+00	0.000000e+00	-1.665335e-17	0.000000e+00	0.000000e+00	0.000000e+00	1.021649e+00
2.469136e-01	0.000000e+00	0.000000e+00	-2.831069e-17	0.000000e+00	0.000000e+00	0.000000e+00	9.477486e-01
2.439024e-01	0.000000e+00	0.000000e+00	-1.526557e-17	0.000000e+00	0.000000e+00	0.000000e+00	8.789209e-01
2.409639e-01	0.000000e+00	0.000000e+00	6.245005e-17	0.000000e+00	0.000000e+00	0.000000e+00	8.148450e-01
2.380952e-01	0.000000e+00	0.000000e+00	6.661338e-17	0.000000e+00	0.000000e+00	0.000000e+00	7.552175e-01
2.352941e-01	0.000000e+00	0.000000e+00	-5.911938e-17	0.000000e+00	0.000000e+00	0.000000e+00	6.997519e-01
2.325581e-01	0.000000e+00	0.000000e+00	-1.071365e-16	0.000000e+00	0.000000e+00	0.000000e+00	6.481780e-01
2.298851e-01	0.000000e+00	0.000000e+00	4.662937e-17	0.000000e+00	0.000000e+00	0.000000e+00	6.002407e-01
2.272727e-01	0.000000e+00	0.000000e+00	1.126876e-16	0.000000e+00	0.000000e+00	0.000000e+00	5.557001e-01
2.247191e-01	0.000000e+00	0.000000e+00	1.815215e-16	0.000000e+00	0.000000e+00	0.000000e+00	5.143303e-01
2.222222e-01	0.000000e+00	0.000000e+00	5.939693e-17	0.000000e+00	0.000000e+00	0.000000e+00	4.759189e-01
2.197802e-01	0.000000e+00	0.000000e+00	9.936496e-17	0.000000e+00	0.000000e+00	0.000000e+00	4.402663e-01
2.173913e-01	0.000000e+00	0.000000e+00	-3.386180e-17	0.000000e+00	0.000000e+00	0.000000e+00	4.071854e-01
2.150538e-01	0.000000e+00	0.000000e+00	1.215694e-16	0.000000e+00	0.000000e+00	0.000000e+00	3.765005e-01
2.127660e-01	0.000000e+00	0.000000e+00	6.245005e-17	0.000000e+00	0.000000e+00	0.000000e+00	3.480468e-01
2.105263e-01	0.000000e+00	0.000000e+00	1.096345e-16	0.000000e+00	0.000000e+00	0.000000e+00	3.216701e-01
2.083333e-01	0.000000e+00	0.000000e+00	1.046385e-16	0.000000e+00	0.000000e+00	0.000000e+00	2.972261e-01
2.061856e-01	0.000000e+00	0.000000e+00	-2.664535e-17	0.000000e+00	0.000000e+00	0.000000e+00	2.745796e-01
2.040816e-01	0.000000e+00	0.000000e+00	-1.088019e-16	0.000000e+00	0.000000e+00	0.000000e+00	2.536045e-01
2.020202e-01	0.000000e+00	0.000000e+00	1.371125e-16	0.000000e+00	0.000000e+00	0.000000e+00	2.341826e-01
2.000000e-01	0.000000e+00	0.000000e+00	-1.212919e-16	0.000000e+00	0.000000e+00	0.000000e+00	2.162038e-01
1.980198e-01	0.000000e+00	0.000000e+00	-1.643130e-16	0.000000e+00	0.000000e+00	0.000000e+00	1.995651e-01
1.960784e-01	0.000000e+00	0.000000e+00	-1.443290e-17	0.000000e+00	0.000000e+00	0.000000e+00	1.841707e-01
1.941748e-01	0.000000e+00	0.000000e+00	5.107026e-17	0.000000e+00	0.000000e+00	0.000000e+00	1.699310e-01
1.923077e-01	0.000000e+00	0.000000e+00	2.692291e-17	0.000000e+00	0.000000e+00	0.000000e+00	1.567627e-01
1.904762e-01	0.000000e+00	0.000000e+00	1.920686e-16	0.000000e+00	0.000000e+00	0.000000e+00	1.445879e-01
1.886792e-01	0.000000e+00	0.000000e+00	9.020562e-17	0.000000e+00	0.000000e+00	0.000000e+00	1.333345e-01
1.869159e-01	0.000000e+00	0.000000e+00	-4.996004e-18	0.000000e+00	0.000000e+00	0.000000e+00	1.229349e-01
1.851852e-01	0.000000e+00	0.000000e+00	-5.190293e-17	0.000000e+00	0.000000e+00	0.000000e+00	1.133267e-01
1.834862e-01	0.000000e+00	0.000000e+00	-7.549517e-17	0.000000e+00	0.000000e+00	0.000000e+00	1.044514e-01
1.818182e-01	0.000000e+00	0.000000e+00	-3.858025e-17	0.000000e+00	0.000000e+00	0.000000e+00	9.625497e-02
1.801802e-01	0.000000e+00	0.000000e+00	-8.992806e-17	0.000000e+00	0.000000e+00	0.000000e+00	8.868703e-02
1.785714e-01	0.000000e+00	0.000000e+00	1.360023e-17	0.000000e+00	0.000000e+00	0.000000e+00	8.170083e-02
1.769912e-01	0.000000e+00	0.000000e+00	-3.608225e-18	0.000000e+00	0.000000e+00	0.000000e+00	7.525294e-02
1.754386e-01	0.000000e+00	0.000000e+00	4.996004e-17	0.000000e+00	0.000000e+00	0.000000e+00	6.930305e-02
1.739130e-01	0.000000e+00	0.000000e+00	-1.193490e-17	0.000000e+00	0.000000e+00	0.000000e+00	6.381375e-02
1.724138e-01	0.000000e+00	0.000000e+00	-1.151856e-16	0.000000e+00	0.000000e+00	0.000000e+00	5.875035e-02
1.709402e-01	0.000000e+00	0.000000e+00	2.248202e-17	0.000000e+00	0.000000e+00	0.000000e+00	5.408066e-02
1.694915e-01	0.000000e+00	0.000000e+00	-1.221245e-17	0.000000e+00	0.000000e+00	0.000000e+00	4.977486e-02
1.680672e-01	0.000000e+00	0.000000e+00	-6.800116e-17	0.000000e+00	0.000000e+00	0.000000e+00	4.580529e-02
1.666667e-01	0.000000e+00	0.000000e+00	7.688294e-17	0.000000e+00	0.000000e+00	0.000000e+00	4.214633e-02
1.652893e-01	0.000000e+00	0.000000e+00	1.831868e-17	0.000000e+00	0.000000e+00	0.000000e+00	3.877427e-02
1.639344e-01	0.000000e+00	0.000000e+00	3.080869e-17	0.000000e+00	0.000000e+00	0.000000e+00	3.566712e-02
1.626016e-01	0.000000e+00	0.000000e+00	5.828671e-18	0.000000e+00	0.000000e+00	0.000000e+00	3.280455e-02
1.612903e-01	0.000000e+00	0.000000e+00	-9.686696e-17	0.000000e+00	0.000000e+00	0.000000e+00	3.016773e-02
1.600000e-01	0.000000e+00	0.000000e+00	-5.551115e-18	0.000000e+00	0.000000e+00	0.000000e+00	2.773925e-02
1.587302e-01	0.000000e+00	0.000000e+00	-4.996004e-18	0.000000e+00	0.000000e+00	0.000000e+00	2.550299e-02
1.574803e-01	0.000000e+00	0.000000e+00	-4.218847e-17	0.000000e+00	0.000000e+00	0.000000e+00	2.344406e-02
1.562500e-01	0.000000e+00	0.000000e+00	-3.635980e-17	0.000000e+00	0.000000e+00	0.000000e+00	2.154868e-02
1.550388e-01	0.000000e+00	0.000000e+00	1.154632e-16	0.000000e+00	0.000000e+00	0.000000e+00	1.980411e-02
1.538462e-01	0.000000e+00	0.000000e+00	5.107026e-17	0.000000e+00	0.000000e+00	0.000000e+00	1.819860e-02
1.526718e-01	0.000000e+00	0.000000e+00	1.904032e-16	0.000000e+00	0.000000e+00	0.000000e+00	1.672126e-02
1.515152e-01	0.000000e+00	0.000000e+00	1.282308e-16	0.000000e+00	0.000000e+00	0.000000e+00	1.536207e-02
1.503759e-01	0.000000e+00	0.000000e+00	9.187096e-17	0.000000e+00	0.000000e+00	0.000000e+00	1.411173e-02
1.492537e-01	0.000000e+00	0.000000e+00	3.386180e-17	0.000000e+00	0.000000e+00	0.000000e+00	1.296169e-02
1.481481e-01	0.000000e+00	0.000000e+00	-9.797718e-17	0.000000e+00	0.000000e+00	0.000000e+00	1.190406e-02
1.470588e-01	0.000000e+00	0.000000e+00	-1.304512e-17	0.000000e+00	0.000000e+00	0.000000e+00	1.093152e-02
1.459854e-01	0.000000e+00	0.000000e+00	5.107026e-17	0.000000e+00	0.000000e+00	0.000000e+00	1.003735e-02
1.449275e-01	0.000000e+00	0.000000e+00	2.997602e-17	0.000000e+00	0.000000e+00	0.000000e+00	9.215334e-03
1.438849e-01	0.000000e+00	0.000000e+00	-2.914335e-17	0.000000e+00	0.000000e+00	0.000000e+00	8.459753e-03
1.428571e-01	0.000000e+00	0.000000e+00	4.468648e-17	0.000000e+00	0.000000e+00	0.000000e+00	7.765319e-03
1.418440e-01	0.000000e+00	0.000000e+00	7.910339e-17	0.000000e+00	0.000000e+00	0.000000e+00	7.127162e-03
1.408451e-01	0.000000e+00	0.000000e+00	-5.023759e-17	0.000000e+00	0.000000e+00	0.000000e+00	6.540790e-03
1.398601e-01	0.000000e+00	0.000000e+00	8.604228e-17	0.000000e+00	0.000000e+00	0.000000e+00	6.002065e-03
1.388889e-01	0.000000e+00	0.000000e+00	6.938894e-18	0.000000e+00	0.000000e+00	0.000000e+00	5.507173e-03
1.379310e-01	0.000000e+00	0.000000e+00	3.386180e-17	0.000000e+00	0.000000e+00	0.000000e+00	5.052600e-03
1.369863e-01	0.000000e+00	0.000000e+00	6.328271e-17	0.000000e+00	0.000000e+00	0.000000e+00	4.635107e-03
1.360544e-01	0.000000e+00	0.000000e+00	-1.082467e-16	0.000000e+00	0.000000e+00	0.000000e+00	4.251711e-03
1.351351e-01	0.000000e+00	0.000000e+00	-1.804112e-17	0.000000e+00	0.000000e+00	0.000000e+00	3.899668e-03
1.342282e-01	0.000000e+00	0.000000e+00	5.051515e-17	0.000000e+00	0.000000e+00	0.000000e+00	3.576448e-03
1.333333e-01	0.000000e+00	0.000000e+00	-5.245804e-17	0.000000e+00	0.000000e+00	0.000000e+00	3.279721e-03
1.324503e-01	0.000000e+00	0.000000e+00	-3.358425e-17	0.000000e+00	0.000000e+00	0.000000e+00	3.007346e-03
1.315789e-01	0.000000e+00	0.000000e+00	7.743806e-17	0.000000e+00	0.000000e+00	0.000000e+00	2.757349e-03
1.307190e-01	0.000000e+00	0.000000e+00	6.800116e-17	0.000000e+00	0.000000e+00	0.000000e+00	2.527916e-03
1.298701e-01	0.000000e+00	0.000000e+00	7.632783e-17	0.000000e+00	0.000000e+00	0.000000e+00	2.317375e-03
1.290323e-01	0.000000e+00	0.000000e+00	3.413936e-17	0.000000e+00	0.000000e+00	0.000000e+00	2.124190e-03
1.282051e-01	0.000000e+00	0.000000e+00	-1.110223e-18	0.000000e+00	0.000000e+00	0.000000e+00	1.946947e-03
1.273885e-01	0.000000e+00	0.000000e+00	-1.676437e-16	0.000000e+00	0.000000e+00	0.000000e+00	1.784347e-03
1.265823e-01	0.000000e+00	0.000000e+00	-4.135581e-17	0.000000e+00	0.000000e+00	0.000000e+00	1.635194e-03
1.257862e-01	0.000000e+00	0.000000e+00	-1.526557e-17	0.000000e+00	0.000000e+00	0.000000e+00	1.498389e-03
1.250000e-01	0.000000e+00	0.000000e+00	4.385381e-17	0.000000e+00	0.000000e+00	0.000000e+00	1.372920e-03
1.242236e-01	0.000000e+00	0.000000e+00	1.013079e-16	0.000000e+00	0.000000e+00	0.000000e+00	1.257860e-03
1.234568e-01	0.000000e+00	0.000000e+00	5.273559e-17	0.000000e+00	0.000000e+00	0.000000e+00	1.152353e-03
1.226994e-01	0.000000e+00	0.000000e+00	-1.415534e-17	0.000000e+00	0.000000e+00	0.000000e+00	1.055616e-03
1.219512e-01	0.000000e+00	0.000000e+00	-8.687495e-17	0.000000e+00	0.000000e+00	0.000000e+00	9.669266e-04
1.212121e-01	0.000000e+00	0.000000e+00	-4.635181e-17	0.000000e+00	0.000000e+00	0.000000e+00	8.856224e-04
1.204819e-01	0.000000e+00	0.000000e+00	1.332268e-16	0.000000e+00	0.000000e+00	0.000000e+00	8.110954e-04
1.197605e-01	0.000000e+00	0.000000e+00	-2.858824e-17	0.000000e+00	0.000000e+00	0.000000e+00	7.427865e-04
1.190476e-01	0.000000e+00	0.000000e+00	-2.470246e-17	0.000000e+00	0.000000e+00	0.000000e+00	6.801811e-04
1.183432e-01	0.000000e+00	0.000000e+00	1.254552e-16	0.000000e+00	0.000000e+00	0.000000e+00	6.228086e-04
1.176471e-01	0.000000e+00	0.000000e+00	6.661338e-18	0.000000e+00	0.000000e+00	0.000000e+00	5.702350e-04
1.169591e-01	0.000000e+00	0.000000e+00	4.857226e-17	0.000000e+00	0.000000e+00	0.000000e+00	5.220635e-04
1.162791e-01	0.000000e+00	0.000000e+00	1.346145e-16	0.000000e+00	0.000000e+00	0.000000e+00	4.779290e-04
1.156069e-01	0.000000e+00	0.000000e+00	1.004752e-16	0.000000e+00	0.000000e+00	0.000000e+00	4.374956e-04
1.149425e-01	0.000000e+00	0.000000e+00	2.664535e-17	0.000000e+00	0.000000e+00	0.000000e+00	4.004560e-04
1.142857e-01	0.000000e+00	0.000000e+00	1.168510e-16	0.000000e+00	0.000000e+00	0.000000e+00	3.665285e-04
1.136364e-01	0.000000e+00	0.000000e+00	5.440093e-17	0.000000e+00	0.000000e+00	0.000000e+00	3.354531e-04
1.129944e-01	0.000000e+00	0.000000e+00	-1.582068e-17	0.000000e+00	0.000000e+00	0.000000e+00	3.069931e-04
1.123596e-01	0.000000e+00	0.000000e+00	-9.159340e-18	0.000000e+00	0.000000e+00	0.000000e+00	2.809289e-04
1.117318e-01	0.000000e+00	0.000000e+00	1.029732e-16	0.000000e+00	0.000000e+00	0.000000e+00	2.570622e-04
1.111111e-01	0.000000e+00	0.000000e+00	-1.276756e-16	0.000000e+00	0.000000e+00	0.000000e+00	2.352080e-04
1.104972e-01	0.000000e+00	0.000000e+00	-1.315614e-16	0.000000e+00	0.000000e+00	0.000000e+00	2.151984e-04
1.098901e-01	0.000000e+00	0.000000e+00	4.579670e-17	0.000000e+00	0.000000e+00	0.000000e+00	1.968793e-04
1.092896e-01	0.000000e+00	0.000000e+00	-5.551115e-17	0.000000e+00	0.000000e+00	0.000000e+00	1.801085e-04
1.086957e-01	0.000000e+00	0.000000e+00	-2.153833e-16	0.000000e+00	0.000000e+00	0.000000e+00	1.647568e-04
1.081081e-01	0.000000e+00	0.000000e+00	7.577272e-17	0.000000e+00	0.000000e+00	0.000000e+00	1.507043e-04
1.075269e-01	0.000000e+00	0.000000e+00	-3.691492e-17	0.000000e+00	0.000000e+00	0.000000e+00	1.378424e-04
1.069519e-01	0.000000e+00	0.000000e+00	-9.992007e-18	0.000000e+00	0.000000e+00	0.000000e+00	1.260712e-04
1.063830e-01	0.000000e+00	0.000000e+00	-4.996003e-18	0.000000e+00	0.000000e+00	0.000000e+00	1.152985e-04
1.058201e-01	0.000000e+00	0.000000e+00	-1.298961e-16	0.000000e+00	0.000000e+00	0.000000e+00	1.054402e-04
1.052632e-01	0.000000e+00	0.000000e+00	-1.643130e-16	0.000000e+00	0.000000e+00	0.000000e+00	9.641953e-05
1.047120e-01	0.000000e+00	0.000000e+00	-4.052314e-17	0.000000e+00	0.000000e+00	0.000000e+00	8.816588e-05
1.041667e-01	0.000000e+00	0.000000e+00	-1.637579e-17	0.000000e+00	0.000000e+00	0.000000e+00	8.061391e-05
1.036269e-01	0.000000e+00	0.000000e+00	-2.803313e-17	0.000000e+00	0.000000e+00	0.000000e+00	7.370501e-05
1.030928e-01	0.000000e+00	0.000000e+00	-3.469447e-17	0.000000e+00	0.000000e+00	0.000000e+00	6.738482e-05
1.025641e-01	0.000000e+00	0.000000e+00	-4.080070e-17	0.000000e+00	0.000000e+00	0.000000e+00	6.160310e-05
1.020408e-01	0.000000e+00	0.000000e+00	-4.773959e-17	0.000000e+00	0.000000e+00	0.000000e+00	5.631455e-05
1.015228e-01	0.000000e+00	0.000000e+00	-3.969047e-17	0.000000e+00	0.000000e+00	0.000000e+00	5.147747e-05
1.010101e-01	0.000000e+00	0.000000e+00	-1.579292e-16	0.000000e+00	0.000000e+00	0.000000e+00	4.705245e-05
1.005025e-01	0.000000e+00	0.000000e+00	-5.995205e-17	0.000000e+00	0.000000e+00	0.000000e+00	4.300740e-05
1.000000e-01	0.000000e+00	0.000000e+00	-4.635181e-17	0.000000e+00	0.000000e+00	0.000000e+00	3.930660e-05
9.950249e-02	0.000000e+00	0.000000e+00	-5.273563e-18	0.000000e+00	0.000000e+00	0.000000e+00	3.592343e-05
9.900990e-02	0.000000e+00	0.000000e+00	-2.775562e-18	0.000000e+00	0.000000e+00	0.000000e+00	3.282985e-05
9.852217e-02	0.000000e+00	0.000000e+00	-6.189494e-17	0.000000e+00	0.000000e+00	0.000000e+00	2.999983e-05
9.803922e-02	0.000000e+00	0.000000e+00	-4.996004e-17	0.000000e+00	0.000000e+00	0.000000e+00	2.741394e-05
9.756098e-02	0.000000e+00	0.000000e+00	-6.328272e-17	0.000000e+00	0.000000e+00	0.000000e+00	2.504883e-05
9.708738e-02	0.000000e+00	0.000000e+00	-5.051515e-17	0.000000e+00	0.000000e+00	0.000000e+00	2.288732e-05
9.661836e-02	0.000000e+00	0.000000e+00	4.440892e-17	0.000000e+00	0.000000e+00	0.000000e+00	2.091091e-05
9.615385e-02	0.000000e+00	0.000000e+00	6.106223e-18	0.000000e+00	0.000000e+00	0.000000e+00	1.910444e-05
9.569378e-02	0.000000e+00	0.000000e+00	-1.409983e-16	0.000000e+00	0.000000e+00	0.000000e+00	1.745333e-05
9.523810e-02	0.000000e+00	0.000000e+00	-8.104628e-17	0.000000e+00	0.000000e+00	0.000000e+00	1.594387e-05
9.478673e-02	0.000000e+00	0.000000e+00	-1.018630e-16	0.000000e+00	0.000000e+00	0.000000e+00	1.456523e-05
9.433962e-02	0.000000e+00	0.000000e+00	-1.945666e-16	0.000000e+00	0.000000e+00	0.000000e+00	1.330347e-05
9.389671e-02	0.000000e+00	0.000000e+00	-1.607048e-16	0.000000e+00	0.000000e+00	0.000000e+00	1.215188e-05
9.345794e-02	0.000000e+00	0.000000e+00	-1.576517e-16	0.000000e+00	0.000000e+00	0.000000e+00	1.109916e-05
9.302326e-02	0.000000e+00	0.000000e+00	-7.965850e-17	0.000000e+00	0.000000e+00	0.000000e+00	1.013705e-05
9.259259e-02	0.000000e+00	0.000000e+00	1.942891e-17	0.000000e+00	0.000000e+00	0.000000e+00	9.258302e-06
9.216590e-02	0.000000e+00	0.000000e+00	1.276757e-17	0.000000e+00	0.000000e+00	0.000000e+00	8.454590e-06
9.174312e-02	0.000000e+00	0.000000e+00	-2.414735e-17	0.000000e+00	0.000000e+00	0.000000e+00	7.720846e-06
9.132420e-02	0.000000e+00	0.000000e+00	2.609024e-17	0.000000e+00	0.000000e+00	0.000000e+00	7.050843e-06
9.090909e-02	0.000000e+00	0.000000e+00	-7.549517e-17	0.000000e+00	0.000000e+00	0.000000e+00	6.437686e-06
9.049774e-02	0.000000e+00	0.000000e+00	-9.603431e-17	0.000000e+00	0.000000e+00	0.000000e+00	5.878828e-06
9.009009e-02	0.000000e+00	0.000000e+00	-5.273582e-18	0.000000e+00	0.000000e+00	0.000000e+00	5.367601e-06
8.968610e-02	0.000000e+00	0.000000e+00	-8.298918e-17	0.000000e+00	0.000000e+00	0.000000e+00	4.900747e-06
8.928571e-02	0.000000e+00	0.000000e+00	-8.631983e-17	0.000000e+00	0.000000e+00	0.000000e+00	4.473530e-06
8.888889e-02	0.000000e+00	0.000000e+00	4.635179e-17	0.000000e+00	0.000000e+00	0.000000e+00	4.084713e-06
8.849558e-02	0.000000e+00	0.000000e+00	6.689090e-17	0.000000e+00	0.000000e+00	0.000000e+00	3.729006e-06
8.810573e-02	0.000000e+00	0.000000e+00	-4.107826e-17	0.000000e+00	0.000000e+00	0.000000e+00	3.403907e-06
8.771930e-02	0.000000e+00	0.000000e+00	-3.830271e-17	0.000000e+00	0.000000e+00	0.000000e+00	3.107553e-06
8.733624e-02	0.000000e+00	0.000000e+00	-1.332268e-16	0.000000e+00	0.000000e+00	0.000000e+00	2.835680e-06
8.695652e-02	0.000000e+00	0.000000e+00	-2.720048e-17	0.000000e+00	0.000000e+00	0.000000e+00	2.589042e-06
8.658009e-02	0.000000e+00	0.000000e+00	-1.554312e-16	0.000000e+00	0.000000e+00	0.000000e+00	2.363183e-06
8.620690e-02	0.000000e+00	0.000000e+00	-3.663740e-17	0.000000e+00	0.000000e+00	0.000000e+00	2.156938e-06
8.583691e-02	0.000000e+00	0.000000e+00	-1.559863e-16	0.000000e+00	0.000000e+00	0.000000e+00	1.968233e-06
8.547009e-02	0.000000e+00	0.000000e+00	-1.526554e-17	0.000000e+00	0.000000e+00	0.000000e+00	1.796040e-06
8.510638e-02	0.000000e+00	0.000000e+00	-2.775559e-17	0.000000e+00	0.000000e+00	0.000000e+00	1.639259e-06
8.474576e-02	0.000000e+00	0.000000e+00	3.969045e-17	0.000000e+00	0.000000e+00	0.000000e+00	1.496446e-06
8.438819e-02	0.000000e+00	0.000000e+00	-1.060264e-16	0.000000e+00	0.000000e+00	0.000000e+00	1.364559e-06
8.403361e-02	0.000000e+00	0.000000e+00	-9.908724e-17	0.000000e+00	0.000000e+00	0.000000e+00	1.246581e-06
8.368201e-02	0.000000e+00	0.000000e+00	-4.218834e-17	0.000000e+00	0.000000e+00	0.000000e+00	1.136312e-06
8.333333e-02	0.000000e+00	0.000000e+00	-1.054710e-16	0.000000e+00	0.000000e+00	0.000000e+00	1.036974e-06
8.298755e-02	0.000000e+00	0.000000e+00	5.329080e-17	0.000000e+00	0.000000e+00	0.000000e+00	9.462576e-07
8.264463e-02	0.000000e+00	0.000000e+00	-1.215694e-16	0.000000e+00	0.000000e+00	0.000000e+00	8.630375e-07
8.230453e-02	0.000000e+00	0.000000e+00	-5.828656e-18	0.000000e+00	0.000000e+00	0.000000e+00	7.879914e-07
8.196721e-02	0.000000e+00	0.000000e+00	-3.330659e-17	0.000000e+00	0.000000e+00	0.000000e+00	7.187470e-07
8.163265e-02	0.000000e+00	0.000000e+00	-1.063038e-16	0.000000e+00	0.000000e+00	0.000000e+00	6.554716e-07
8.130081e-02	0.000000e+00	0.000000e+00	-1.157408e-16	0.000000e+00	0.000000e+00	0.000000e+00	5.978609e-07
8.097166e-02	0.000000e+00	0.000000e+00	-1.598720e-16	0.000000e+00	0.000000e+00	0.000000e+00	5.459870e-07
8.064516e-02	0.000000e+00	0.000000e+00	-4.551909e-17	0.000000e+00	0.000000e+00	0.000000e+00	4.972543e-07
8.032129e-02	0.000000e+00	0.000000e+00	1.943051e-18	0.000000e+00	0.000000e+00	0.000000e+00	4.537159e-07
8.000000e-02	0.000000e+00	0.000000e+00	6.827884e-17	0.000000e+00	0.000000e+00	0.000000e+00	4.140910e-07
7.968127e-02	0.000000e+00	0.000000e+00	-1.570966e-16	0.000000e+00	0.000000e+00	0.000000e+00	3.780172e-07
7.936508e-02	0.000000e+00	0.000000e+00	-2.026157e-16	0.000000e+00	0.000000e+00	0.000000e+00	3.444411e-07
7.905138e-02	0.000000e+00	0.000000e+00	-8.604224e-17	0.000000e+00	0.000000e+00	0.000000e+00	3.145930e-07
7.874016e-02	0.000000e+00	0.000000e+00	-1.060261e-16	0.000000e+00	0.000000e+00	0.000000e+00	2.862335e-07
7.843137e-02	0.000000e+00	0.000000e+00	-7.771498e-18	0.000000e+00	0.000000e+00	0.000000e+00	2.605852e-07
7.812500e-02	0.000000e+00	0.000000e+00	-1.720843e-17	0.000000e+00	0.000000e+00	0.000000e+00	2.386514e-07
7.782101e-02	0.000000e+00	0.000000e+00	-1.340591e-16	0.000000e+00	0.000000e+00	0.000000e+00	2.171246e-07
7.751938e-02	0.000000e+00	0.000000e+00	1.887328e-17	0.000000e+00	0.000000e+00	0.000000e+00	1.985273e-07
7.722008e-02	0.000000e+00	0.000000e+00	1.082461e-16	0.000000e+00	0.000000e+00	0.000000e+00	1.803603e-07
7.692308e-02	0.000000e+00	0.000000e+00	-3.025468e-17	0.000000e+00	0.000000e+00	0.000000e+00	1.650403e-07
7.662835e-02	0.000000e+00	0.000000e+00	1.310044e-16	0.000000e+00	0.000000e+00	0.000000e+00	1.504846e-07
7.633588e-02	0.000000e+00	0.000000e+00	-4.385528e-17	0.000000e+00	0.000000e+00	0.000000e+00	1.364710e-07
7.604563e-02	0.000000e+00	0.000000e+00	-2.636959e-17	0.000000e+00	0.000000e+00	0.000000e+00	1.247119e-07
7.575758e-02	0.000000e+00	0.000000e+00	-1.832048e-17	0.000000e+00	0.000000e+00	0.000000e+00	1.137520e-07
7.547170e-02	0.000000e+00	0.000000e+00	-1.007552e-16	0.000000e+00	0.000000e+00	0.000000e+00	1.047855e-07
7.518797e-02	0.000000e+00	0.000000e+00	2.359071e-17	0.000000e+00	0.000000e+00	0.000000e+00	9.414024e-08
7.490637e-02	0.000000e+00	0.000000e+00	4.274164e-17	0.000000e+00	0.000000e+00	0.000000e+00	8.646618e-08
7.462687e-02	0.000000e+00	0.000000e+00	-1.507144e-16	0.000000e+00	0.000000e+00	0.000000e+00	7.808205e-08
7.434944e-02	0.000000e+00	0.000000e+00	-9.492550e-17	0.000000e+00	0.000000e+00	0.000000e+00	7.193040e-08
7.407407e-02	0.000000e+00	0.000000e+00	4.440633e-17	0.000000e+00	0.000000e+00	0.000000e+00	6.516260e-08
7.380074e-02	0.000000e+00	0.000000e+00	-1.554429e-17	0.000000e+00	0.000000e+00	0.000000e+00	5.917549e-08
7.352941e-02	0.000000e+00	0.000000e+00	-4.468774e-17	0.000000e+00	0.000000e+00	0.000000e+00	5.514466e-08
7.326007e-02	0.000000e+00	0.000000e+00	-3.858222e-17	0.000000e+00	0.000000e+00	0.000000e+00	4.932855e-08
7.299270e-02	0.000000e+00	0.000000e+00	-8.632124e-17	0.000000e+00	0.000000e+00	0.000000e+00	4.566307e-08
7.272727e-02	0.000000e+00	0.000000e+00	-2.192934e-17	0.000000e+00	0.000000e+00	0.000000e+00	4.030110e-08
7.246377e-02	0.000000e+00	0.000000e+00	1.218427e-16	0.000000e+00	0.000000e+00	0.000000e+00	3.753659e-08
7.220217e-02	0.000000e+00	0.000000e+00	-7.133555e-17	0.000000e+00	0.000000e+00	0.000000e+00	3.467423e-08
7.194245e-02	0.000000e+00	0.000000e+00	-1.149145e-16	0.000000e+00	0.000000e+00	0.000000e+00	3.102618e-08
7.168459e-02	0.000000e+00	0.000000e+00	-1.224100e-16	0.000000e+00	0.000000e+00	0.000000e+00	2.873321e-08
7.142857e-02	0.000000e+00	0.000000e+00	1.051845e-16	0.000000e+00	0.000000e+00	0.000000e+00	2.534648e-08
7.117438e-02	0.000000e+00	0.000000e+00	-1.271269e-16	0.000000e+00	0.000000e+00	0.000000e+00	2.392885e-08
7.092199e-02	0.000000e+00	0.000000e+00	-2.304290e-17	0.000000e+00	0.000000e+00	0.000000e+00	2.166974e-08
7.067138e-02	0.000000e+00	0.000000e+00	7.493687e-17	0.000000e+00	0.000000e+00	0.000000e+00	1.897837e-08
7.042254e-02	0.000000e+00	0.000000e+00	-4.246654e-17	0.000000e+00	0.000000e+00	0.000000e+00	1.842502e-08
7.017544e-02	0.000000e+00	0.000000e+00	-1.997371e-17	0.000000e+00	0.000000e+00	0.000000e+00	1.621759e-08
6.993007e-02	0.000000e+00	0.000000e+00	-5.578593e-17	0.000000e+00	0.000000e+00	0.000000e+00	1.470425e-08
6.968641e-02	0.000000e+00	0.000000e+00	-1.043515e-16	0.000000e+00	0.000000e+00	0.000000e+00	1.322703e-08
6.944444e-02	0.000000e+00	0.000000e+00	6.274054e-17	0.000000e+00	0.000000e+00	0.000000e+00	1.267108e-08
6.920415e-02	0.000000e+00	0.000000e+00	-1.470940e-16	0.000000e+00	0.000000e+00	0.000000e+00	1.169101e-08
6.896552e-02	0.000000e+00	0.000000e+00	3.165799e-17	0.000000e+00	0.000000e+00	0.000000e+00	1.030802e-08
6.872852e-02	0.000000e+00	0.000000e+00	-2.636226e-17	0.000000e+00	0.000000e+00	0.000000e+00	9.446607e-09
6.849315e-02	0.000000e+00	0.000000e+00	-2.064756e-16	0.000000e+00	0.000000e+00	0.000000e+00	7.936467e-09
6.825939e-02	0.000000e+00	0.000000e+00	3.694424e-17	0.000000e+00	0.000000e+00	0.000000e+00	8.021419e-09
6.802721e-02	0.000000e+00	0.000000e+00	-3.518010e-17	0.000000e+00	0.000000e+00	0.000000e+00	6.264480e-09
6.779661e-02	0.000000e+00	0.000000e+00	-1.198139e-16	0.000000e+00	0.000000e+00	0.000000e+00	7.080105e-09
6.756757e-02	0.000000e+00	0.000000e+00	-1.309492e-16	0.000000e+00	0.000000e+00	0.000000e+00	5.260540e-09
6.734007e-02	0.000000e+00	0.000000e+00	-2.184568e-17	0.000000e+00	0.000000e+00	0.000000e+00	5.640864e-09
6.711409e-02	0.000000e+00	0.000000e+00	-7.293637e-17	0.000000e+00	0.000000e+00	0.000000e+00	4.353834e-09
6.688963e-02	0.000000e+00	0.000000e+00	-2.880972e-17	0.000000e+00	0.000000e+00	0.000000e+00	3.493778e-09
6.666667e-02	0.000000e+00	0.000000e+00	-9.626435e-17	0.000000e+00	0.000000e+00	0.000000e+00	4.796163e-09
6.644518e-02	0.000000e+00	0.000000e+00	5.302563e-17	0.000000e+00	0.000000e+00	0.000000e+00	4.216620e-09
6.622517e-02	0.000000e+00	0.000000e+00	-8.962160e-17	0.000000e+00	0.000000e+00	0.000000e+00	2.883793e-09
6.600660e-02	0.000000e+00	0.000000e+00	-1.909422e-16	0.000000e+00	0.000000e+00	0.000000e+00	2.870306e-09
6.578947e-02	0.000000e+00	0.000000e+00	-1.062888e-16	0.000000e+00	0.000000e+00	0.000000e+00	3.086279e-09
6.557377e-02	0.000000e+00	0.000000e+00	-1.109737e-17	0.000000e+00	0.000000e+00	0.000000e+00	2.941372e-09
6.535948e-02	0.000000e+00	0.000000e+00	3.856347e-17	0.000000e+00	0.000000e+00	0.000000e+00	1.796374e-09
6.514658e-02	0.000000e+00	0.000000e+00	-8.880277e-17	0.000000e+00	0.000000e+00	0.000000e+00	1.975554e-09
6.493506e-02	0.000000e+00	0.000000e+00	1.281463e-17	0.000000e+00	0.000000e+00	0.000000e+00	2.965817e-09
6.472492e-02	0.000000e+00	0.000000e+00	5.222346e-17	0.000000e+00	0.000000e+00	0.000000e+00	1.424710e-09
6.451613e-02	0.000000e+00	0.000000e+00	-1.542203e-16	0.000000e+00	0.000000e+00	0.000000e+00	1.297380e-09
6.430868e-02	0.000000e+00	0.000000e+00	-1.628190e-16	0.000000e+00	0.000000e+00	0.000000e+00	8.246928e-10
6.410256e-02	0.000000e+00	0.000000e+00	-1.918609e-16	0.000000e+00	0.000000e+00	0.000000e+00	2.144179e-09
6.389776e-02	0.000000e+00	0.000000e+00	4.983943e-17	0.000000e+00	0.000000e+00	0.000000e+00	1.531446e-09
6.369427e-02	0.000000e+00	0.000000e+00	-3.450863e-17	0.000000e+00	0.000000e+00	0.000000e+00	3.502834e-11
6.349206e-02	0.000000e+00	0.000000e+00	-1.966884e-16	0.000000e+00	0.000000e+00	0.000000e+00	1.586331e-09
6.329114e-02	0.000000e+00	0.000000e+00	-1.509626e-16	0.000000e+00	0.000000e+00	0.000000e+00	1.064279e-10
6.309148e-02	0.000000e+00	0.000000e+00	9.420553e-19	0.000000e+00	0.000000e+00	0.000000e+00	-3.213078e-10
6.289308e-02	0.000000e+00	0.000000e+00	-4.799989e-17	0.000000e+00	0.000000e+00	0.000000e+00	2.083735e-09
6.269592e-02	0.000000e+00	0.000000e+00	-8.700526e-17	0.000000e+00	0.000000e+00	0.000000e+00	4.338332e-10
6.250000e-02	0.000000e+00	0.000000e+00	-2.958122e-17	0.000000e+00	0.000000e+00	0.000000e+00	1.491571e-09
6.230530e-02	0.000000e+00	0.000000e+00	-1.168423e-16	0.000000e+00	0.000000e+00	0.000000e+00	7.321503e-10
6.211180e-02	0.000000e+00	0.000000e+00	1.805239e-17	0.000000e+00	0.000000e+00	0.000000e+00	8.472270e-10
6.191950e-02	0.000000e+00	0.000000e+00	-3.607498e-17	0.000000e+00	0.000000e+00	0.000000e+00	-0.000000e+00
6.172840e-02	0.000000e+00	0.000000e+00	-1.134672e-16	0.000000e+00	0.000000e+00	0.000000e+00	1.118849e-10
6.153846e-02	0.000000e+00	0.000000e+00	-7.081140e-17	0.000000e+00	0.000000e+00	0.000000e+00	1.088241e-09
6.134969e-02	0.000000e+00	0.000000e+00	-1.273249e-16	0.000000e+00	0.000000e+00	0.000000e+00	-7.551364e-11
6.116208e-02	0.000000e+00	0.000000e+00	1.374113e-17	0.000000e+00	0.000000e+00	0.000000e+00	5.318434e-10
6.097561e-02	0.000000e+00	0.000000e+00	-6.157807e-17	0.000000e+00	0.000000e+00	0.000000e+00	-2.675506e-10
6.079027e-02	0.000000e+00	0.000000e+00	-1.560360e-16	0.000000e+00	0.000000e+00	0.000000e+00	3.460944e-10
6.060606e-02	0.000000e+00	0.000000e+00	-1.008979e-16	0.000000e+00	0.000000e+00	0.000000e+00	-1.160672e-10
6.042296e-02	0.000000e+00	0.000000e+00	-2.439816e-17	0.000000e+00	0.000000e+00	0.000000e+00	1.868347e-09
6.024096e-02	0.000000e+00	0.000000e+00	1.298967e-16	0.000000e+00	0.000000e+00	0.000000e+00	-1.488058e-09
6.006006e-02	0.000000e+00	0.000000e+00	-2.776515e-17	0.000000e+00	0.000000e+00	0.000000e+00	1.024288e-09
5.988024e-02	0.000000e+00	0.000000e+00	-1.004985e-16	0.000000e+00	0.000000e+00	0.000000e+00	-1.387143e-09
5.970149e-02	0.000000e+00	0.000000e+00	6.025763e-17	0.000000e+00	0.000000e+00	0.000000e+00	8.771472e-10
5.952381e-02	0.000000e+00	0.000000e+00	2.365217e-17	0.000000e+00	0.000000e+00	0.000000e+00	1.403805e-09
5.934718e-02	0.000000e+00	0.000000e+00	-1.974825e-16	0.000000e+00	0.000000e+00	0.000000e+00	-2.824347e-10
5.917160e-02	0.000000e+00	0.000000e+00	-8.626398e-17	0.000000e+00	0.000000e+00	0.000000e+00	-6.899896e-10
5.899705e-02	0.000000e+00	0.000000e+00	-9.966380e-18	0.000000e+00	0.000000e+00	0.000000e+00	9.798754e-10
5.882353e-02	0.000000e+00	0.000000e+00	-8.049731e-17	0.000000e+00	0.000000e+00	0.000000e+00	-4.517631e-10
5.865103e-02	0.000000e+00	0.000000e+00	-3.242466e-17	0.000000e+00	0.000000e+00	0.000000e+00	-4.544244e-10
5.847953e-02	0.000000e+00	0.000000e+00	7.640149e-17	0.000000e+00	0.000000e+00	0.000000e+00	1.121957e-09
5.830904e-02	0.000000e+00	0.000000e+00	-9.337866e-17	0.000000e+00	0.000000e+00	0.000000e+00	-1.839082e-09
5.813953e-02	0.000000e+00	0.000000e+00	-4.366450e-17	0.000000e+00	0.000000e+00	0.000000e+00	-1.261242e-10
5.797101e-02	0.000000e+00	0.000000e+00	5.214160e-17	0.000000e+00	0.000000e+00	0.000000e+00	1.606875e-09
5.780347e-02	0.000000e+00	0.000000e+00	3.917685e-17	0.000000e+00	0.000000e+00	0.000000e+00	1.573672e-09
5.763689e-02	0.000000e+00	0.000000e+00	-2.146644e-16	0.000000e+00	0.000000e+00	0.000000e+00	-2.951673e-09
5.747126e-02	0.000000e+00	0.000000e+00	-2.016808e-16	0.000000e+00	0.000000e+00	0.000000e+00	2.065190e-09
5.730659e-02	0.000000e+00	0.000000e+00	-1.650633e-16	0.000000e+00	0.000000e+00	0.000000e+00	-3.894517e-10
5.714286e-02	0.000000e+00	0.000000e+00	-1.011614e-16	0.000000e+00	0.000000e+00	0.000000e+00	1.653788e-09
5.698006e-02	0.000000e+00	0.000000e+00	-1.024104e-16	0.000000e+00	0.000000e+00	0.000000e+00	-1.181784e-09
5.681818e-02	0.000000e+00	0.000000e+00	-7.813511e-17	0.000000e+00	0.000000e+00	0.000000e+00	-2.200977e-10
5.665722e-02	0.000000e+00	0.000000e+00	-1.263615e-17	0.000000e+00	0.000000e+00	0.000000e+00	-4.427001e-10
5.649718e-02	0.000000e+00	0.000000e+00	-6.856916e-18	0.000000e+00	0.000000e+00	0.000000e+00	-5.342542e-10
5.633803e-02	0.000000e+00	0.000000e+00	-8.224698e-18	0.000000e+00	0.000000e+00	0.000000e+00	1.164100e-09
5.617978e-02	0.000000e+00	0.000000e+00	-1.488030e-16	0.000000e+00	0.000000e+00	0.000000e+00	5.403081e-10
5.602241e-02	0.000000e+00	0.000000e+00	-1.708093e-16	0.000000e+00	0.000000e+00	0.000000e+00	-3.169529e-09
5.586592e-02	0.000000e+00	0.000000e+00	-1.456464e-16	0.000000e+00	0.000000e+00	0.000000e+00	2.549848e-09
5.571031e-02	0.000000e+00	0.000000e+00	-1.039353e-16	0.000000e+00	0.000000e+00	0.000000e+00	5.952405e-10
5.555556e-02	0.000000e+00	0.000000e+00	-1.036793e-16	0.000000e+00	0.000000e+00	0.000000e+00	5.985612e-10
5.540166e-02	0.000000e+00	0.000000e+00	-8.021697e-17	0.000000e+00	0.000000e+00	0.000000e+00	-7.407891e-10
5.524862e-02	0.000000e+00	0.000000e+00	-8.190583e-17	0.000000e+00	0.000000e+00	0.000000e+00	2.793371e-10
5.509642e-02	0.000000e+00	0.000000e+00	-1.252318e-16	0.000000e+00	0.000000e+00	0.000000e+00	-6.553925e-10
5.494505e-02	0.000000e+00	0.000000e+00	-7.406055e-17	0.000000e+00	0.000000e+00	0.000000e+00	9.414407e-10
5.479452e-02	0.000000e+00	0.000000e+00	-4.157528e-17	0.000000e+00	0.000000e+00	0.000000e+00	3.786482e-10
5.464481e-02	0.000000e+00	0.000000e+00	-3.980679e-17	0.000000e+00	0.000000e+00	0.000000e+00	-5.710888e-10
5.449591e-02	0.000000e+00	0.000000e+00	-7.005954e-17	0.000000e+00	0.000000e+00	0.000000e+00	-7.656183e-10
5.434783e-02	0.000000e+00	0.000000e+00	-4.610913e-17	0.000000e+00	0.000000e+00	0.000000e+00	1.250919e-09
5.420054e-02	0.000000e+00	0.000000e+00	-6.410621e-17	0.000000e+00	0.000000e+00	0.000000e+00	-6.288634e-10
5.405405e-02	0.000000e+00	0.000000e+00	-4.839409e-17	0.000000e+00	0.000000e+00	0.000000e+00	-1.799556e-09
5.390836e-02	0.000000e+00	0.000000e+00	-1.448912e-17	0.000000e+00	0.000000e+00	0.000000e+00	7.823985e-10
5.376344e-02	0.000000e+00	0.000000e+00	-9.812415e-17	0.000000e+00	0.000000e+00	0.000000e+00	7.866220e-10
5.361930e-02	0.000000e+00	0.000000e+00	-4.741695e-17	0.000000e+00	0.000000e+00	0.000000e+00	-1.977142e-10
5.347594e-02	0.000000e+00	0.000000e+00	-3.567264e-17	0.000000e+00	0.000000e+00	0.000000e+00	-1.142961e-09
5.333333e-02	0.000000e+00	0.000000e+00	-3.086460e-17	0.000000e+00	0.000000e+00	0.000000e+00	2.348122e-09
5.319149e-02	0.000000e+00	0.000000e+00	-3.022442e-17	0.000000e+00	0.000000e+00	0.000000e+00	-1.004537e-10
5.305040e-02	0.000000e+00	0.000000e+00	-1.933095e-17	0.000000e+00	0.000000e+00	0.000000e+00	-1.211865e-09
5.291005e-02	0.000000e+00	0.000000e+00	-5.444661e-17	0.000000e+00	0.000000e+00	0.000000e+00	3.553382e-10
5.277045e-02	0.000000e+00	0.000000e+00	-9.874684e-18	0.000000e+00	0.000000e+00	0.000000e+00	-7.144415e-10
5.263158e-02	0.000000e+00	0.000000e+00	-2.292114e-17	0.000000e+00	0.000000e+00	0.000000e+00	4.617107e-10
5.249344e-02	0.000000e+00	0.000000e+00	-1.013372e-17	0.000000e+00	0.000000e+00	0.000000e+00	5.157155e-10
5.235602e-02	0.000000e+00	0.000000e+00	-3.112561e-17	0.000000e+00	0.000000e+00	0.000000e+00	2.073705e-10
5.221932e-02	0.000000e+00	0.000000e+00	-2.484434e-18	0.000000e+00	0.000000e+00	0.000000e+00	-9.901736e-10
5.208333e-02	0.000000e+00	0.000000e+00	-8.193016e-18	0.000000e+00	0.000000e+00	0.000000e+00	7.858034e-10
5.194805e-02	0.000000e+00	0.000000e+00	-2.691697e-17	0.000000e+00	0.000000e+00	0.000000e+00	-1.053202e-09
5.181347e-02	0.000000e+00	0.000000e+00	-1.468477e-17	0.000000e+00	0.000000e+00	0.000000e+00	8.469442e-10
5.167959e-02	0.000000e+00	0.000000e+00	-4.949621e-18	0.000000e+00	0.000000e+00	0.000000e+00	-7.449209e-10
5.154639e-02	0.000000e+00	0.000000e+00	-3.717704e-17	0.000000e+00	0.000000e+00	0.000000e+00	5.348397e-11
5.141388e-02	0.000000e+00	0.000000e+00	-5.854965e-17	0.000000e+00	0.000000e+00	0.000000e+00	4.838402e-10
5.128205e-02	0.000000e+00	0.000000e+00	-1.955648e-18	0.000000e+00	0.000000e+00	0.000000e+00	-1.242846e-09
5.115090e-02	0.000000e+00	0.000000e+00	-2.454955e-17	0.000000e+00	0.000000e+00	0.000000e+00	1.683742e-09
5.102041e-02	0.000000e+00	0.000000e+00	-1.373414e-17	0.000000e+00	0.000000e+00	0.000000e+00	1.091848e-10
5.089059e-02	0.000000e+00	0.000000e+00	-9.941766e-18	0.000000e+00	0.000000e+00	0.000000e+00	-4.389705e-10
5.076142e-02	0.000000e+00	0.000000e+00	-1.771332e-17	0.000000e+00	0.000000e+00	0.000000e+00	-4.412072e-10
5.063291e-02	0.000000e+00	0.000000e+00	5.733868e-20	0.000000e+00	0.000000e+00	0.000000e+00	-4.434497e-10
5.050505e-02	0.000000e+00	0.000000e+00	-2.049983e-17	0.000000e+00	0.000000e+00	0.000000e+00	6.685468e-10
5.037783e-02	0.000000e+00	0.000000e+00	-3.268797e-17	0.000000e+00	0.000000e+00	0.000000e+00	-2.239759e-10
5.025126e-02	0.000000e+00	0.000000e+00	-1.392016e-17	0.000000e+00	0.000000e+00	0.000000e+00	-5.627641e-10
5.012531e-02	0.000000e+00	0.000000e+00	-4.981143e-18	0.000000e+00	0.000000e+00	0.000000e+00	1.470548e-09
5.000000e-02	0.000000e+00	0.000000e+00	-2.123096e-17	0.000000e+00	0.000000e+00	0.000000e+00	-5.684342e-10
4.987531e-02	0.000000e+00	0.000000e+00	-3.216299e-17	0.000000e+00	0.000000e+00	0.000000e+00	-2.285120e-10
4.975124e-02	0.000000e+00	0.000000e+00	-1.956464e-17	0.000000e+00	0.000000e+00	0.000000e+00	-1.148265e-10
4.962779e-02	0.000000e+00	0.000000e+00	-4.740893e-17	0.000000e+00	0.000000e+00	0.000000e+00	-8.654890e-10
4.950495e-02	0.000000e+00	0.000000e+00	-3.026927e-17	0.000000e+00	0.000000e+00	0.000000e+00	1.043747e-09
4.938272e-02	0.000000e+00	0.000000e+00	-1.097551e-17	0.000000e+00	0.000000e+00	0.000000e+00	1.107194e-09
4.926108e-02	0.000000e+00	0.000000e+00	-3.641167e-17	0.000000e+00	0.000000e+00	0.000000e+00	-8.198612e-10
4.914005e-02	0.000000e+00	0.000000e+00	2.288217e-17	0.000000e+00	0.000000e+00	0.000000e+00	-8.239049e-10
4.901961e-02	0.000000e+00	0.000000e+00	1.695247e-18	0.000000e+00	0.000000e+00	0.000000e+00	7.688186e-10
4.889976e-02	0.000000e+00	0.000000e+00	-4.009458e-17	0.000000e+00	0.000000e+00	0.000000e+00	-2.971507e-10
4.878049e-02	0.000000e+00	0.000000e+00	3.903881e-17	0.000000e+00	0.000000e+00	0.000000e+00	7.166534e-10
4.866180e-02	0.000000e+00	0.000000e+00	-2.532434e-17	0.000000e+00	0.000000e+00	0.000000e+00	-1.800384e-10
4.854369e-02	0.000000e+00	0.000000e+00	-1.079677e-18	0.000000e+00	0.000000e+00	0.000000e+00	-1.748850e-09
4.842615e-02	0.000000e+00	0.000000e+00	5.354307e-18	0.000000e+00	0.000000e+00	0.000000e+00	-7.877777e-10
4.830918e-02	0.000000e+00	0.000000e+00	-4.227020e-18	0.000000e+00	0.000000e+00	0.000000e+00	3.166389e-09
4.819277e-02	0.000000e+00	0.000000e+00	-6.044197e-18	0.000000e+00	0.000000e+00	0.000000e+00	-1.957972e-09
4.807692e-02	0.000000e+00	0.000000e+00	5.418416e-18	0.000000e+00	0.000000e+00	0.000000e+00	9.837095e-10
4.796163e-02	0.000000e+00	0.000000e+00	4.422254e-18	0.000000e+00	0.000000e+00	0.000000e+00	1.112000e-09
4.784689e-02	0.000000e+00	0.000000e+00	-2.725259e-17	0.000000e+00	0.000000e+00	0.000000e+00	-2.482977e-10
4.773270e-02	0.000000e+00	0.000000e+00	2.483635e-17	0.000000e+00	0.000000e+00	0.000000e+00	-1.185064e-09
4.761905e-02	0.000000e+00	0.000000e+00	-2.059885e-17	0.000000e+00	0.000000e+00	0.000000e+00	1.441407e-09
4.750594e-02	0.000000e+00	0.000000e+00	9.293794e-18	0.000000e+00	0.000000e+00	0.000000e+00	-2.833589e-09
4.739336e-02	0.000000e+00	0.000000e+00	-2.376719e-17	0.000000e+00	0.000000e+00	0.000000e+00	1.708240e-09
4.728132e-02	0.000000e+00	0.000000e+00	-6.796637e-18	0.000000e+00	0.000000e+00	0.000000e+00	5.085468e-10
4.716981e-02	0.000000e+00	0.000000e+00	-3.022453e-18	0.000000e+00	0.000000e+00	0.000000e+00	-9.580390e-10
4.705882e-02	0.000000e+00	0.000000e+00	-3.736242e-17	0.000000e+00	0.000000e+00	0.000000e+00	1.347589e-09
4.694836e-02	0.000000e+00	0.000000e+00	-9.743546e-18	0.000000e+00	0.000000e+00	0.000000e+00	7.736787e-10
4.683841e-02	0.000000e+00	0.000000e+00	4.382580e-18	0.000000e+00	0.000000e+00	0.000000e+00	-1.230749e-09
4.672897e-02	0.000000e+00	0.000000e+00	-6.255672e-17	0.000000e+00	0.000000e+00	0.000000e+00	1.301601e-10
4.662005e-02	0.000000e+00	0.000000e+00	-3.857685e-17	0.000000e+00	0.000000e+00	0.000000e+00	-1.046152e-09
4.651163e-02	0.000000e+00	0.000000e+00	-4.767425e-17	0.000000e+00	0.000000e+00	0.000000e+00	3.941381e-10
4.640371e-02	0.000000e+00	0.000000e+00	-2.914648e-17	0.000000e+00	0.000000e+00	0.000000e+00	1.979867e-10
4.629630e-02	0.000000e+00	0.000000e+00	3.121142e-17	0.000000e+00	0.000000e+00	0.000000e+00	1.259741e-09
4.618938e-02	0.000000e+00	0.000000e+00	-1.914647e-17	0.000000e+00	0.000000e+00	0.000000e+00	-1.065752e-09
4.608295e-02	0.000000e+00	0.000000e+00	-2.264144e-17	0.000000e+00	0.000000e+00	0.000000e+00	-1.338350e-10
4.597701e-02	0.000000e+00	0.000000e+00	2.002040e-17	0.000000e+00	0.000000e+00	0.000000e+00	-0.000000e+00
4.587156e-02	0.000000e+00	0.000000e+00	2.575655e-17	0.000000e+00	0.000000e+00	0.000000e+00	-1.350713e-10
4.576659e-02	0.000000e+00	0.000000e+00	3.904325e-17	0.000000e+00	0.000000e+00	0.000000e+00	5.427665e-10
4.566210e-02	0.000000e+00	0.000000e+00	1.535279e-17	0.000000e+00	0.000000e+00	0.000000e+00	-1.363134e-10
4.555809e-02	0.000000e+00	0.000000e+00	1.336116e-17	0.000000e+00	0.000000e+00	0.000000e+00	9.585555e-10
4.545455e-02	0.000000e+00	0.000000e+00	-3.148979e-17	0.000000e+00	0.000000e+00	0.000000e+00	-3.645368e-09
4.535147e-02	0.000000e+00	0.000000e+00	2.057771e-17	0.000000e+00	0.000000e+00	0.000000e+00	2.556461e-09
4.524887e-02	0.000000e+00	0.000000e+00	7.184031e-18	0.000000e+00	0.000000e+00	0.000000e+00	-5.552579e-10
4.514673e-02	0.000000e+00	0.000000e+00	1.352749e-17	0.000000e+00	0.000000e+00	0.000000e+00	1.185268e-09
4.504505e-02	0.000000e+00	0.000000e+00	1.270511e-17	0.000000e+00	0.000000e+00	0.000000e+00	1.540809e-09
4.494382e-02	0.000000e+00	0.000000e+00	1.493915e-17	0.000000e+00	0.000000e+00	0.000000e+00	-3.447278e-09
4.484305e-02	0.000000e+00	0.000000e+00	2.619722e-17	0.000000e+00	0.000000e+00	0.000000e+00	9.893682e-10
4.474273e-02	0.000000e+00	0.000000e+00	-2.256068e-17	0.000000e+00	0.000000e+00	0.000000e+00	4.259185e-10
4.464286e-02	0.000000e+00	0.000000e+00	6.067247e-18	0.000000e+00	0.000000e+00	0.000000e+00	4.278263e-10
4.454343e-02	0.000000e+00	0.000000e+00	-1.188187e-17	0.000000e+00	0.000000e+00	0.000000e+00	-5.729845e-10
4.444444e-02	0.000000e+00	0.000000e+00	2.733156e-17	0.000000e+00	0.000000e+00	0.000000e+00	-2.158274e-10
4.434590e-02	0.000000e+00	0.000000e+00	-4.937094e-18	0.000000e+00	0.000000e+00	0.000000e+00	7.226255e-11
4.424779e-02	0.000000e+00	0.000000e+00	-4.702137e-18	0.000000e+00	0.000000e+00	0.000000e+00	-2.177501e-10
4.415011e-02	0.000000e+00	0.000000e+00	2.884328e-18	0.000000e+00	0.000000e+00	0.000000e+00	-2.916195e-10
4.405286e-02	0.000000e+00	0.000000e+00	6.247731e-18	0.000000e+00	0.000000e+00	0.000000e+00	-8.054982e-10
4.395604e-02	0.000000e+00	0.000000e+00	4.574087e-17	0.000000e+00	0.000000e+00	0.000000e+00	-1.985851e-09
4.385965e-02	0.000000e+00	0.000000e+00	-3.295498e-18	0.000000e+00	0.000000e+00	0.000000e+00	3.619812e-09
4.376368e-02	0.000000e+00	0.000000e+00	-4.133523e-17	0.000000e+00	0.000000e+00	0.000000e+00	-2.596932e-09
4.366812e-02	0.000000e+00	0.000000e+00	1.657663e-17	0.000000e+00	0.000000e+00	0.000000e+00	2.459264e-09
4.357298e-02	0.000000e+00	0.000000e+00	-2.078195e-17	0.000000e+00	0.000000e+00	0.000000e+00	2.993957e-10
4.347826e-02	0.000000e+00	0.000000e+00	-2.695141e-17	0.000000e+00	0.000000e+00	0.000000e+00	-9.021051e-10
4.338395e-02	0.000000e+00	0.000000e+00	1.856873e-17	0.000000e+00	0.000000e+00	0.000000e+00	3.775131e-10
4.329004e-02	0.000000e+00	0.000000e+00	-4.749731e-17	0.000000e+00	0.000000e+00	0.000000e+00	5.308138e-10
4.319654e-02	0.000000e+00	0.000000e+00	-6.912675e-18	0.000000e+00	0.000000e+00	0.000000e+00	-1.827820e-09
4.310345e-02	0.000000e+00	0.000000e+00	7.259731e-18	0.000000e+00	0.000000e+00	0.000000e+00	1.070839e-09
4.301075e-02	0.000000e+00	0.000000e+00	-9.372103e-18	0.000000e+00	0.000000e+00	0.000000e+00	1.997282e-09
4.291845e-02	0.000000e+00	0.000000e+00	5.073553e-17	0.000000e+00	0.000000e+00	0.000000e+00	-7.714931e-11
4.282655e-02	0.000000e+00	0.000000e+00	-6.712884e-18	0.000000e+00	0.000000e+00	0.000000e+00	-1.627096e-09
4.273504e-02	0.000000e+00	0.000000e+00	-4.055522e-18	0.000000e+00	0.000000e+00	0.000000e+00	-2.023137e-09
4.264392e-02	0.000000e+00	0.000000e+00	2.783912e-18	0.000000e+00	0.000000e+00	0.000000e+00	2.656959e-09
4.255319e-02	0.000000e+00	0.000000e+00	2.946894e-17	0.000000e+00	0.000000e+00	0.000000e+00	3.923972e-10
4.246285e-02	0.000000e+00	0.000000e+00	-1.300948e-17	0.000000e+00	0.000000e+00	0.000000e+00	-3.940688e-10
4.237288e-02	0.000000e+00	0.000000e+00	-1.651265e-17	0.000000e+00	0.000000e+00	0.000000e+00	-2.611910e-09
4.228330e-02	0.000000e+00	0.000000e+00	3.500351e-17	0.000000e+00	0.000000e+00	0.000000e+00	1.192268e-09
4.219409e-02	0.000000e+00	0.000000e+00	-4.513186e-17	0.000000e+00	0.000000e+00	0.000000e+00	-1.356956e-09
4.210526e-02	0.000000e+00	0.000000e+00	-3.509800e-17	0.000000e+00	0.000000e+00	0.000000e+00	4.969802e-09
4.201681e-02	0.000000e+00	0.000000e+00	1.908785e-17	0.000000e+00	0.000000e+00	0.000000e+00	-3.219839e-09
4.192872e-02	0.000000e+00	0.000000e+00	-2.620855e-17	0.000000e+00	0.000000e+00	0.000000e+00	2.344202e-09
4.184100e-02	0.000000e+00	0.000000e+00	-7.306784e-18	0.000000e+00	0.000000e+00	0.000000e+00	-2.191693e-09
4.175365e-02	0.000000e+00	0.000000e+00	-3.462208e-17	0.000000e+00	0.000000e+00	0.000000e+00	-4.075691e-10
4.166667e-02	0.000000e+00	0.000000e+00	-1.740706e-18	0.000000e+00	0.000000e+00	0.000000e+00	1.309672e-09
4.158004e-02	0.000000e+00	0.000000e+00	-7.684162e-18	0.000000e+00	0.000000e+00	0.000000e+00	-2.465878e-09
4.149378e-02	0.000000e+00	0.000000e+00	-1.066639e-17	0.000000e+00	0.000000e+00	0.000000e+00	1.485685e-09
4.140787e-02	0.000000e+00	0.000000e+00	1.013205e-17	0.000000e+00	0.000000e+00	0.000000e+00	8.288090e-10
4.132231e-02	0.000000e+00	0.000000e+00	-5.217936e-18	0.000000e+00	0.000000e+00	0.000000e+00	-9.986934e-10
4.123711e-02	0.000000e+00	0.000000e+00	-3.528598e-17	0.000000e+00	0.000000e+00	0.000000e+00	-1.337099e-09
4.115226e-02	0.000000e+00	0.000000e+00	-1.838468e-17	0.000000e+00	0.000000e+00	0.000000e+00	1.678274e-09
4.106776e-02	0.000000e+00	0.000000e+00	3.542289e-17	0.000000e+00	0.000000e+00	0.000000e+00	-1.685187e-09
4.098361e-02	0.000000e+00	0.000000e+00	1.908721e-19	0.000000e+00	0.000000e+00	0.000000e+00	6.768460e-10
4.089980e-02	0.000000e+00	0.000000e+00	1.486300e-17	0.000000e+00	0.000000e+00	0.000000e+00	-0.000000e+00
4.081633e-02	0.000000e+00	0.000000e+00	-2.478250e-17	0.000000e+00	0.000000e+00	0.000000e+00	1.961915e-09
4.073320e-02	0.000000e+00	0.000000e+00	1.760278e-17	0.000000e+00	0.000000e+00	0.000000e+00	-4.282459e-10
4.065041e-02	0.000000e+00	0.000000e+00	4.657814e-17	0.000000e+00	0.000000e+00	0.000000e+00	-1.633970e-09
4.056795e-02	0.000000e+00	0.000000e+00	-2.370477e-18	0.000000e+00	0.000000e+00	0.000000e+00	-8.634835e-11
4.048583e-02	0.000000e+00	0.000000e+00	-2.544259e-17	0.000000e+00	0.000000e+00	0.000000e+00	3.467960e-10
4.040404e-02	0.000000e+00	0.000000e+00	3.737590e-17	0.000000e+00	0.000000e+00	0.000000e+00	-6.964029e-10
4.032258e-02	0.000000e+00	0.000000e+00	-5.600810e-17	0.000000e+00	0.000000e+00	0.000000e+00	1.748049e-10
4.024145e-02	0.000000e+00	0.000000e+00	2.840538e-18	0.000000e+00	0.000000e+00	0.000000e+00	7.020418e-10
4.016064e-02	0.000000e+00	0.000000e+00	2.018239e-17	0.000000e+00	0.000000e+00	0.000000e+00	2.643262e-09
4.008016e-02	0.000000e+00	0.000000e+00	3.779310e-17	0.000000e+00	0.000000e+00	0.000000e+00	-1.680796e-09
4.000000e-02	0.000000e+00	0.000000e+00	-2.855500e-17	0.000000e+00	0.000000e+00	0.000000e+00	-8.881784e-11
3.992016e-02	0.000000e+00	0.000000e+00	2.320839e-17	0.000000e+00	0.000000e+00	0.000000e+00	-5.350408e-10
3.984064e-02	0.000000e+00	0.000000e+00	9.255185e-18	0.000000e+00	0.000000e+00	0.000000e+00	3.223073e-09
3.976143e-02	0.000000e+00	0.000000e+00	1.900727e-17	0.000000e+00	0.000000e+00	0.000000e+00	-4.494343e-09
3.968254e-02	0.000000e+00	0.000000e+00	-5.923330e-17	0.000000e+00	0.000000e+00	0.000000e+00	1.534158e-09
3.960396e-02	0.000000e+00	0.000000e+00	3.841083e-17	0.000000e+00	0.000000e+00	0.000000e+00	8.154277e-10
3.952569e-02	0.000000e+00	0.000000e+00	9.988463e-18	0.000000e+00	0.000000e+00	0.000000e+00	-5.457736e-10
3.944773e-02	0.000000e+00	0.000000e+00	3.356313e-17	0.000000e+00	0.000000e+00	0.000000e+00	-5.479329e-10
3.937008e-02	0.000000e+00	0.000000e+00	1.310958e-17	0.000000e+00	0.000000e+00	0.000000e+00	-7.334620e-10
3.929273e-02	0.000000e+00	0.000000e+00	-2.597354e-17	0.000000e+00	0.000000e+00	0.000000e+00	2.117013e-09
3.921569e-02	0.000000e+00	0.000000e+00	-4.213487e-17	0.000000e+00	0.000000e+00	0.000000e+00	-1.201279e-09
3.913894e-02	0.000000e+00	0.000000e+00	-6.147459e-18	0.000000e+00	0.000000e+00	0.000000e+00	-9.276881e-10
3.906250e-02	0.000000e+00	0.000000e+00	1.900176e-19	0.000000e+00	0.000000e+00	0.000000e+00	1.303852e-09
3.898635e-02	0.000000e+00	0.000000e+00	-1.341477e-17	0.000000e+00	0.000000e+00	0.000000e+00	3.459367e-09
3.891051e-02	0.000000e+00	0.000000e+00	-1.619443e-17	0.000000e+00	0.000000e+00	0.000000e+00	-4.223757e-09
3.883495e-02	0.000000e+00	0.000000e+00	-1.001407e-17	0.000000e+00	0.000000e+00	0.000000e+00	2.261444e-09
3.875969e-02	0.000000e+00	0.000000e+00	1.056837e-17	0.000000e+00	0.000000e+00	0.000000e+00	-7.567451e-10
3.868472e-02	0.000000e+00	0.000000e+00	-5.011646e-17	0.000000e+00	0.000000e+00	0.000000e+00	-1.234482e-09
3.861004e-02	0.000000e+00	0.000000e+00	4.240388e-17	0.000000e+00	0.000000e+00	0.000000e+00	-8.579505e-10
3.853565e-02	0.000000e+00	0.000000e+00	-9.855798e-19	0.000000e+00	0.000000e+00	0.000000e+00	-0.000000e+00
3.846154e-02	0.000000e+00	0.000000e+00	-1.883398e-17	0.000000e+00	0.000000e+00	0.000000e+00	-4.803269e-10
3.838772e-02	0.000000e+00	0.000000e+00	1.666396e-17	0.000000e+00	0.000000e+00	0.000000e+00	1.639399e-09
3.831418e-02	0.000000e+00	0.000000e+00	4.214144e-17	0.000000e+00	0.000000e+00	0.000000e+00	-7.744461e-10
3.824092e-02	0.000000e+00	0.000000e+00	1.695082e-17	0.000000e+00	0.000000e+00	0.000000e+00	-1.943540e-10
3.816794e-02	0.000000e+00	0.000000e+00	2.002466e-17	0.000000e+00	0.000000e+00	0.000000e+00	1.950980e-09
3.809524e-02	0.000000e+00	0.000000e+00	-1.755493e-17	0.000000e+00	0.000000e+00	0.000000e+00	1.958433e-10
3.802281e-02	0.000000e+00	0.000000e+00	-3.988477e-17	0.000000e+00	0.000000e+00	0.000000e+00	2.948852e-10
3.795066e-02	0.000000e+00	0.000000e+00	1.052062e-18	0.000000e+00	0.000000e+00	0.000000e+00	-6.906841e-10
3.787879e-02	0.000000e+00	0.000000e+00	1.000441e-17	0.000000e+00	0.000000e+00	0.000000e+00	-1.485660e-09
3.780718e-02	0.000000e+00	0.000000e+00	-3.451578e-18	0.000000e+00	0.000000e+00	0.000000e+00	1.988390e-10
3.773585e-02	0.000000e+00	0.000000e+00	4.628056e-18	0.000000e+00	0.000000e+00	0.000000e+00	7.983658e-10
3.766478e-02	0.000000e+00	0.000000e+00	4.418833e-17	0.000000e+00	0.000000e+00	0.000000e+00	-1.001727e-10
3.759398e-02	0.000000e+00	0.000000e+00	1.261654e-17	0.000000e+00	0.000000e+00	0.000000e+00	3.318161e-09
3.752345e-02	0.000000e+00	0.000000e+00	5.965336e-18	0.000000e+00	0.000000e+00	0.000000e+00	-2.523217e-09
3.745318e-02	0.000000e+00	0.000000e+00	3.426660e-19	0.000000e+00	0.000000e+00	0.000000e+00	2.026155e-10
3.738318e-02	0.000000e+00	0.000000e+00	1.391871e-17	0.000000e+00	0.000000e+00	0.000000e+00	-3.457377e-09
3.731343e-02	0.000000e+00	0.000000e+00	1.314701e-17	0.000000e+00	0.000000e+00	0.000000e+00	2.041361e-09
3.724395e-02	0.000000e+00	0.000000e+00	-1.749741e-17	0.000000e+00	0.000000e+00	0.000000e+00	3.278376e-09
3.717472e-02	0.000000e+00	0.000000e+00	-4.933910e-17	0.000000e+00	0.000000e+00	0.000000e+00	-3.701922e-09
3.710575e-02	0.000000e+00	0.000000e+00	2.246581e-17	0.000000e+00	0.000000e+00	0.000000e+00	3.096414e-10
3.703704e-02	0.000000e+00	0.000000e+00	4.901712e-17	0.000000e+00	0.000000e+00	0.000000e+00	-0.000000e+00
3.696858e-02	0.000000e+00	0.000000e+00	-1.826644e-17	0.000000e+00	0.000000e+00	0.000000e+00	1.975642e-09
3.690037e-02	0.000000e+00	0.000000e+00	-1.980398e-17	0.000000e+00	0.000000e+00	0.000000e+00	-1.043659e-09
3.683241e-02	0.000000e+00	0.000000e+00	-4.921286e-18	0.000000e+00	0.000000e+00	0.000000e+00	-3.142542e-10
3.676471e-02	0.000000e+00	0.000000e+00	-5.227858e-17	0.000000e+00	0.000000e+00	0.000000e+00	-1.366789e-09
3.669725e-02	0.000000e+00	0.000000e+00	2.185852e-17	0.000000e+00	0.000000e+00	0.000000e+00	2.532587e-09
3.663004e-02	0.000000e+00	0.000000e+00	2.743712e-17	0.000000e+00	0.000000e+00	0.000000e+00	-7.413846e-10
3.656307e-02	0.000000e+00	0.000000e+00	-2.632003e-17	0.000000e+00	0.000000e+00	0.000000e+00	-5.102419e-09
3.649635e-02	0.000000e+00	0.000000e+00	-6.568412e-18	0.000000e+00	0.000000e+00	0.000000e+00	9.602047e-10
3.642987e-02	0.000000e+00	0.000000e+00	5.299402e-18	0.000000e+00	0.000000e+00	0.000000e+00	2.998216e-09
3.636364e-02	0.000000e+00	0.000000e+00	3.686480e-18	0.000000e+00	0.000000e+00	0.000000e+00	-1.289635e-09
3.629764e-02	0.000000e+00	0.000000e+00	-2.379430e-17	0.000000e+00	0.000000e+00	0.000000e+00	6.471645e-10
3.623188e-02	0.000000e+00	0.000000e+00	5.110449e-17	0.000000e+00	0.000000e+00	0.000000e+00	2.165052e-10
3.616637e-02	0.000000e+00	0.000000e+00	-1.803251e-18	0.000000e+00	0.000000e+00	0.000000e+00	6.518711e-10
3.610108e-02	0.000000e+00	0.000000e+00	2.197956e-17	0.000000e+00	0.000000e+00	0.000000e+00	-8.723077e-10
3.603604e-02	0.000000e+00	0.000000e+00	3.255733e-17	0.000000e+00	0.000000e+00	0.000000e+00	1.860352e-09
3.597122e-02	0.000000e+00	0.000000e+00	2.935392e-17	0.000000e+00	0.000000e+00	0.000000e+00	-4.612741e-09
3.590664e-02	0.000000e+00	0.000000e+00	-2.437903e-18	0.000000e+00	0.000000e+00	0.000000e+00	4.739571e-09
3.584229e-02	0.000000e+00	0.000000e+00	5.216015e-18	0.000000e+00	0.000000e+00	0.000000e+00	1.659281e-09
3.577818e-02	0.000000e+00	0.000000e+00	1.411109e-17	0.000000e+00	0.000000e+00	0.000000e+00	-1.554218e-09
3.571429e-02	0.000000e+00	0.000000e+00	-2.076060e-17	0.000000e+00	0.000000e+00	0.000000e+00	-7.798917e-10
3.565062e-02	0.000000e+00	0.000000e+00	-1.992732e-17	0.000000e+00	0.000000e+00	0.000000e+00	1.341736e-09
3.558719e-02	0.000000e+00	0.000000e+00	3.154667e-20	0.000000e+00	0.000000e+00	0.000000e+00	-2.244207e-10
3.552398e-02	0.000000e+00	0.000000e+00	1.869102e-17	0.000000e+00	0.000000e+00	0.000000e+00	9.008801e-10
3.546099e-02	0.000000e+00	0.000000e+00	-3.074087e-17	0.000000e+00	0.000000e+00	0.000000e+00	-1.582146e-09
3.539823e-02	0.000000e+00	0.000000e+00	4.240443e-19	0.000000e+00	0.000000e+00	0.000000e+00	4.536460e-10
3.533569e-02	0.000000e+00	0.000000e+00	1.439591e-17	0.000000e+00	0.000000e+00	0.000000e+00	-3.414399e-09
3.527337e-02	0.000000e+00	0.000000e+00	3.744636e-17	0.000000e+00	0.000000e+00	0.000000e+00	2.512748e-09
3.521127e-02	0.000000e+00	0.000000e+00	2.077327e-17	0.000000e+00	0.000000e+00	0.000000e+00	3.438572e-10
3.514938e-02	0.000000e+00	0.000000e+00	-1.371932e-17	0.000000e+00	0.000000e+00	0.000000e+00	-3.565713e-09
3.508772e-02	0.000000e+00	0.000000e+00	-5.017116e-19	0.000000e+00	0.000000e+00	0.000000e+00	4.270824e-09
3.502627e-02	0.000000e+00	0.000000e+00	5.065476e-17	0.000000e+00	0.000000e+00	0.000000e+00	-5.791652e-10
3.496503e-02	0.000000e+00	0.000000e+00	3.445406e-17	0.000000e+00	0.000000e+00	0.000000e+00	-1.394869e-09
3.490401e-02	0.000000e+00	0.000000e+00	4.540439e-17	0.000000e+00	0.000000e+00	0.000000e+00	1.399751e-09
3.484321e-02	0.000000e+00	0.000000e+00	-1.023294e-17	0.000000e+00	0.000000e+00	0.000000e+00	-2.341068e-10
3.478261e-02	0.000000e+00	0.000000e+00	-1.924080e-18	0.000000e+00	0.000000e+00	0.000000e+00	7.047696e-10
3.472222e-02	0.000000e+00	0.000000e+00	1.340230e-17	0.000000e+00	0.000000e+00	0.000000e+00	2.357410e-10
3.466205e-02	0.000000e+00	0.000000e+00	-2.739748e-17	0.000000e+00	0.000000e+00	0.000000e+00	-1.892482e-09
3.460208e-02	0.000000e+00	0.000000e+00	-2.871679e-17	0.000000e+00	0.000000e+00	0.000000e+00	1.661667e-09
3.454231e-02	0.000000e+00	0.000000e+00	-6.932593e-18	0.000000e+00	0.000000e+00	0.000000e+00	-9.528122e-10
3.448276e-02	0.000000e+00	0.000000e+00	2.597067e-17	0.000000e+00	0.000000e+00	0.000000e+00	1.434159e-09
3.442341e-02	0.000000e+00	0.000000e+00	1.699797e-17	0.000000e+00	0.000000e+00	0.000000e+00	-4.797030e-10
3.436426e-02	0.000000e+00	0.000000e+00	4.094615e-17	0.000000e+00	0.000000e+00	0.000000e+00	4.813558e-10
3.430532e-02	0.000000e+00	0.000000e+00	4.390134e-17	0.000000e+00	0.000000e+00	0.000000e+00	9.660226e-10
3.424658e-02	0.000000e+00	0.000000e+00	2.423671e-17	0.000000e+00	0.000000e+00	0.000000e+00	-1.090507e-09
3.418803e-02	0.000000e+00	0.000000e+00	-1.838800e-17	0.000000e+00	0.000000e+00	0.000000e+00	-3.647482e-10
3.412969e-02	0.000000e+00	0.000000e+00	3.471542e-17	0.000000e+00	0.000000e+00	0.000000e+00	9.759901e-10
3.407155e-02	0.000000e+00	0.000000e+00	-3.121715e-17	0.000000e+00	0.000000e+00	0.000000e+00	-1.468986e-09
3.401361e-02	0.000000e+00	0.000000e+00	-9.611403e-18	0.000000e+00	0.000000e+00	0.000000e+00	7.369977e-10
3.395586e-02	0.000000e+00	0.000000e+00	2.430841e-17	0.000000e+00	0.000000e+00	0.000000e+00	-4.930044e-10
3.389831e-02	0.000000e+00	0.000000e+00	3.847732e-18	0.000000e+00	0.000000e+00	0.000000e+00	-2.473399e-09
3.384095e-02	0.000000e+00	0.000000e+00	-4.432791e-17	0.000000e+00	0.000000e+00	0.000000e+00	1.240895e-09
3.378378e-02	0.000000e+00	0.000000e+00	-1.650074e-17	0.000000e+00	0.000000e+00	0.000000e+00	1.743138e-09
3.372681e-02	0.000000e+00	0.000000e+00	-3.719085e-17	0.000000e+00	0.000000e+00	0.000000e+00	-3.373132e-09
3.367003e-02	0.000000e+00	0.000000e+00	-3.723519e-17	0.000000e+00	0.000000e+00	0.000000e+00	1.880288e-09
3.361345e-02	0.000000e+00	0.000000e+00	-3.883236e-17	0.000000e+00	0.000000e+00	0.000000e+00	2.012399e-09
3.355705e-02	0.000000e+00	0.000000e+00	-4.070894e-17	0.000000e+00	0.000000e+00	0.000000e+00	-3.154952e-09
3.350084e-02	0.000000e+00	0.000000e+00	-3.464298e-17	0.000000e+00	0.000000e+00	0.000000e+00	3.292170e-09
3.344482e-02	0.000000e+00	0.000000e+00	-3.564471e-17	0.000000e+00	0.000000e+00	0.000000e+00	-1.905697e-09
3.338898e-02	0.000000e+00	0.000000e+00	1.345922e-17	0.000000e+00	0.000000e+00	0.000000e+00	-2.549434e-10
3.333333e-02	0.000000e+00	0.000000e+00	1.277824e-17	0.000000e+00	0.000000e+00	0.000000e+00	1.278977e-09
3.327787e-02	0.000000e+00	0.000000e+00	-2.390321e-17	0.000000e+00	0.000000e+00	0.000000e+00	-1.796541e-09
3.322259e-02	0.000000e+00	0.000000e+00	-1.884274e-17	0.000000e+00	0.000000e+00	0.000000e+00	7.725106e-10
3.316750e-02	0.000000e+00	0.000000e+00	3.412545e-17	0.000000e+00	0.000000e+00	0.000000e+00	-2.066878e-09
3.311258e-02	0.000000e+00	0.000000e+00	-1.947521e-17	0.000000e+00	0.000000e+00	0.000000e+00	4.536304e-09
3.305785e-02	0.000000e+00	0.000000e+00	7.156340e-17	0.000000e+00	0.000000e+00	0.000000e+00	-5.331566e-09
3.300330e-02	0.000000e+00	0.000000e+00	-1.252382e-17	0.000000e+00	0.000000e+00	0.000000e+00	7.828106e-10
3.294893e-02	0.000000e+00	0.000000e+00	9.949150e-18	0.000000e+00	0.000000e+00	0.000000e+00	5.235975e-10
3.289474e-02	0.000000e+00	0.000000e+00	1.231969e-17	0.000000e+00	0.000000e+00	0.000000e+00	7.879862e-10
3.284072e-02	0.000000e+00	0.000000e+00	1.703449e-18	0.000000e+00	0.000000e+00	0.000000e+00	2.898795e-09
3.278689e-02	0.000000e+00	0.000000e+00	-1.282978e-17	0.000000e+00	0.000000e+00	0.000000e+00	-2.643930e-10
3.273322e-02	0.000000e+00	0.000000e+00	-7.383761e-19	0.000000e+00	0.000000e+00	0.000000e+00	5.305210e-10
3.267974e-02	0.000000e+00	0.000000e+00	3.152255e-17	0.000000e+00	0.000000e+00	0.000000e+00	-2.661295e-09
3.262643e-02	0.000000e+00	0.000000e+00	2.634446e-17	0.000000e+00	0.000000e+00	0.000000e+00	4.004999e-10
3.257329e-02	0.000000e+00	0.000000e+00	1.362088e-17	0.000000e+00	0.000000e+00	0.000000e+00	-9.375512e-10
3.252033e-02	0.000000e+00	0.000000e+00	-2.554308e-17	0.000000e+00	0.000000e+00	0.000000e+00	1.612470e-09
3.246753e-02	0.000000e+00	0.000000e+00	6.227189e-18	0.000000e+00	0.000000e+00	0.000000e+00	-8.088591e-10
3.241491e-02	0.000000e+00	0.000000e+00	-1.549367e-17	0.000000e+00	0.000000e+00	0.000000e+00	8.114874e-10
3.236246e-02	0.000000e+00	0.000000e+00	-1.981451e-17	0.000000e+00	0.000000e+00	0.000000e+00	-1.899613e-09
3.231018e-02	0.000000e+00	0.000000e+00	-2.844640e-18	0.000000e+00	0.000000e+00	0.000000e+00	2.722523e-09
3.225806e-02	0.000000e+00	0.000000e+00	1.711704e-17	0.000000e+00	0.000000e+00	0.000000e+00	-1.365663e-10
3.220612e-02	0.000000e+00	0.000000e+00	-1.642138e-17	0.000000e+00	0.000000e+00	0.000000e+00	-4.110216e-10
3.215434e-02	0.000000e+00	0.000000e+00	-1.100256e-17	0.000000e+00	0.000000e+00	0.000000e+00	-2.748976e-10
3.210273e-02	0.000000e+00	0.000000e+00	3.303552e-17	0.000000e+00	0.000000e+00	0.000000e+00	1.654693e-09
3.205128e-02	0.000000e+00	0.000000e+00	-3.005881e-17	0.000000e+00	0.000000e+00	0.000000e+00	-1.936678e-09
3.200000e-02	0.000000e+00	0.000000e+00	1.736235e-18	0.000000e+00	0.000000e+00	0.000000e+00	-4.440892e-09
3.194888e-02	0.000000e+00	0.000000e+00	-6.258307e-18	0.000000e+00	0.000000e+00	0.000000e+00	3.062891e-09
3.189793e-02	0.000000e+00	0.000000e+00	2.068060e-17	0.000000e+00	0.000000e+00	0.000000e+00	8.380049e-10
3.184713e-02	0.000000e+00	0.000000e+00	3.357952e-17	0.000000e+00	0.000000e+00	0.000000e+00	-2.942380e-09
3.179650e-02	0.000000e+00	0.000000e+00	3.299012e-17	0.000000e+00	0.000000e+00	0.000000e+00	-5.622397e-10
3.174603e-02	0.000000e+00	0.000000e+00	3.370579e-17	0.000000e+00	0.000000e+00	0.000000e+00	-5.640288e-10
3.169572e-02	0.000000e+00	0.000000e+00	-4.330859e-18	0.000000e+00	0.000000e+00	0.000000e+00	3.819290e-09
3.164557e-02	0.000000e+00	0.000000e+00	1.182459e-17	0.000000e+00	0.000000e+00	0.000000e+00	-1.135231e-09
3.159558e-02	0.000000e+00	0.000000e+00	-6.321498e-18	0.000000e+00	0.000000e+00	0.000000e+00	3.416480e-09
3.154574e-02	0.000000e+00	0.000000e+00	7.396722e-17	0.000000e+00	0.000000e+00	0.000000e+00	-3.570086e-09
3.149606e-02	0.000000e+00	0.000000e+00	1.419388e-18	0.000000e+00	0.000000e+00	0.000000e+00	3.867866e-09
3.144654e-02	0.000000e+00	0.000000e+00	2.654918e-17	0.000000e+00	0.000000e+00	0.000000e+00	-3.161529e-09
3.139717e-02	0.000000e+00	0.000000e+00	-5.145315e-17	0.000000e+00	0.000000e+00	0.000000e+00	3.603953e-09
3.134796e-02	0.000000e+00	0.000000e+00	-4.554256e-17	0.000000e+00	0.000000e+00	0.000000e+00	-4.772166e-09
3.129890e-02	0.000000e+00	0.000000e+00	5.616703e-18	0.000000e+00	0.000000e+00	0.000000e+00	4.932202e-09
3.125000e-02	0.000000e+00	0.000000e+00	-1.950276e-17	0.000000e+00	0.000000e+00	0.000000e+00	7.275958e-10
3.120125e-02	0.000000e+00	0.000000e+00	3.746788e-17	0.000000e+00	0.000000e+00	0.000000e+00	-6.276893e-09
3.115265e-02	0.000000e+00	0.000000e+00	1.254243e-17	0.000000e+00	0.000000e+00	0.000000e+00	5.271482e-09
3.110420e-02	0.000000e+00	0.000000e+00	-8.168607e-18	0.000000e+00	0.000000e+00	0.000000e+00	-4.700371e-09
3.105590e-02	0.000000e+00	0.000000e+00	2.079139e-17	0.000000e+00	0.000000e+00	0.000000e+00	2.062814e-09
3.100775e-02	0.000000e+00	0.000000e+00	7.214787e-17	0.000000e+00	0.000000e+00	0.000000e+00	-5.912071e-10
3.095975e-02	0.000000e+00	0.000000e+00	1.152371e-17	0.000000e+00	0.000000e+00	0.000000e+00	-0.000000e+00
3.091190e-02	0.000000e+00	0.000000e+00	-2.273626e-17	0.000000e+00	0.000000e+00	0.000000e+00	2.379517e-09
3.086420e-02	0.000000e+00	0.000000e+00	-2.493998e-17	0.000000e+00	0.000000e+00	0.000000e+00	-5.967195e-10
3.081664e-02	0.000000e+00	0.000000e+00	-7.426413e-18	0.000000e+00	0.000000e+00	0.000000e+00	1.197125e-09
3.076923e-02	0.000000e+00	0.000000e+00	-2.037251e-17	0.000000e+00	0.000000e+00	0.000000e+00	-1.801226e-09
3.072197e-02	0.000000e+00	0.000000e+00	-1.471269e-17	0.000000e+00	0.000000e+00	0.000000e+00	1.505644e-10
3.067485e-02	0.000000e+00	0.000000e+00	-7.879472e-18	0.000000e+00	0.000000e+00	0.000000e+00	1.510273e-10
3.062787e-02	0.000000e+00	0.000000e+00	1.466076e-17	0.000000e+00	0.000000e+00	0.000000e+00	-9.089455e-10
3.058104e-02	0.000000e+00	0.000000e+00	1.710052e-17	0.000000e+00	0.000000e+00	0.000000e+00	-9.117315e-10
3.053435e-02	0.000000e+00	0.000000e+00	2.193499e-17	0.000000e+00	0.000000e+00	0.000000e+00	1.219362e-09
3.048780e-02	0.000000e+00	0.000000e+00	2.354724e-17	0.000000e+00	0.000000e+00	0.000000e+00	9.173164e-10
3.044140e-02	0.000000e+00	0.000000e+00	-4.242291e-17	0.000000e+00	0.000000e+00	0.000000e+00	-3.067051e-10
3.039514e-02	0.000000e+00	0.000000e+00	2.969845e-17	0.000000e+00	0.000000e+00	0.000000e+00	1.538197e-09
3.034901e-02	0.000000e+00	0.000000e+00	4.937163e-17	0.000000e+00	0.000000e+00	0.000000e+00	9.257256e-10
3.030303e-02	0.000000e+00	0.000000e+00	7.084919e-17	0.000000e+00	0.000000e+00	0.000000e+00	-3.095124e-09
3.025719e-02	0.000000e+00	0.000000e+00	1.306408e-17	0.000000e+00	0.000000e+00	0.000000e+00	-1.862706e-09
3.021148e-02	0.000000e+00	0.000000e+00	4.898443e-18	0.000000e+00	0.000000e+00	0.000000e+00	3.113911e-10
3.016591e-02	0.000000e+00	0.000000e+00	4.143749e-17	0.000000e+00	0.000000e+00	0.000000e+00	4.372656e-09
3.012048e-02	0.000000e+00	0.000000e+00	-7.568984e-18	0.000000e+00	0.000000e+00	0.000000e+00	-4.072581e-09
3.007519e-02	0.000000e+00	0.000000e+00	6.374602e-17	0.000000e+00	0.000000e+00	0.000000e+00	6.284395e-10
3.003003e-02	0.000000e+00	0.000000e+00	3.887575e-17	0.000000e+00	0.000000e+00	0.000000e+00	-6.303310e-10
2.998501e-02	0.000000e+00	0.000000e+00	2.013601e-17	0.000000e+00	0.000000e+00	0.000000e+00	-1.896676e-09
2.994012e-02	0.000000e+00	0.000000e+00	8.451000e-18	0.000000e+00	0.000000e+00	0.000000e+00	1.426775e-09
2.989537e-02	0.000000e+00	0.000000e+00	2.181257e-17	0.000000e+00	0.000000e+00	0.000000e+00	1.749062e-09
2.985075e-02	0.000000e+00	0.000000e+00	1.726199e-18	0.000000e+00	0.000000e+00	0.000000e+00	1.754294e-09
2.980626e-02	0.000000e+00	0.000000e+00	-3.828935e-18	0.000000e+00	0.000000e+00	0.000000e+00	1.119704e-09
2.976190e-02	0.000000e+00	0.000000e+00	-5.795769e-17	0.000000e+00	0.000000e+00	0.000000e+00	-3.369132e-09
2.971768e-02	0.000000e+00	0.000000e+00	-4.881834e-17	0.000000e+00	0.000000e+00	0.000000e+00	2.091865e-09
2.967359e-02	0.000000e+00	0.000000e+00	8.611257e-18	0.000000e+00	0.000000e+00	0.000000e+00	-1.613913e-09
2.962963e-02	0.000000e+00	0.000000e+00	-1.362579e-17	0.000000e+00	0.000000e+00	0.000000e+00	9.712231e-10
2.958580e-02	0.000000e+00	0.000000e+00	-2.629248e-17	0.000000e+00	0.000000e+00	0.000000e+00	-3.247010e-10
2.954210e-02	0.000000e+00	0.000000e+00	-4.457496e-17	0.000000e+00	0.000000e+00	0.000000e+00	1.628312e-09
2.949853e-02	0.000000e+00	0.000000e+00	-4.903090e-17	0.000000e+00	0.000000e+00	0.000000e+00	-3.266251e-09
2.945508e-02	0.000000e+00	0.000000e+00	-7.810603e-17	0.000000e+00	0.000000e+00	0.000000e+00	6.551787e-10
2.941176e-02	0.000000e+00	0.000000e+00	2.888640e-18	0.000000e+00	0.000000e+00	0.000000e+00	-2.299885e-09
2.936858e-02	0.000000e+00	0.000000e+00	-2.678413e-17	0.000000e+00	0.000000e+00	0.000000e+00	3.624742e-09
2.932551e-02	0.000000e+00	0.000000e+00	1.271798e-18	0.000000e+00	0.000000e+00	0.000000e+00	-6.609810e-10
2.928258e-02	0.000000e+00	0.000000e+00	-3.866532e-17	0.000000e+00	0.000000e+00	0.000000e+00	-9.943811e-10
2.923977e-02	0.000000e+00	0.000000e+00	-6.075222e-18	0.000000e+00	0.000000e+00	0.000000e+00	1.662158e-10
2.919708e-02	0.000000e+00	0.000000e+00	-5.062673e-18	0.000000e+00	0.000000e+00	0.000000e+00	1.500320e-09
2.915452e-02	0.000000e+00	0.000000e+00	-9.598594e-18	0.000000e+00	0.000000e+00	0.000000e+00	1.003136e-09
2.911208e-02	0.000000e+00	0.000000e+00	-3.491296e-17	0.000000e+00	0.000000e+00	0.000000e+00	-3.353541e-09
2.906977e-02	0.000000e+00	0.000000e+00	-5.066543e-17	0.000000e+00	0.000000e+00	0.000000e+00	-1.513490e-09
2.902758e-02	0.000000e+00	0.000000e+00	-7.174979e-17	0.000000e+00	0.000000e+00	0.000000e+00	-3.541750e-09
2.898551e-02	0.000000e+00	0.000000e+00	-6.025588e-17	0.000000e+00	0.000000e+00	0.000000e+00	3.044605e-09
2.894356e-02	0.000000e+00	0.000000e+00	-1.046842e-17	0.000000e+00	0.000000e+00	0.000000e+00	5.597966e-09
2.890173e-02	0.000000e+00	0.000000e+00	-2.858592e-17	0.000000e+00	0.000000e+00	0.000000e+00	5.103800e-10
2.886003e-02	0.000000e+00	0.000000e+00	5.906251e-18	0.000000e+00	0.000000e+00	0.000000e+00	-5.801036e-09
2.881844e-02	0.000000e+00	0.000000e+00	-2.082049e-17	0.000000e+00	0.000000e+00	0.000000e+00	1.711115e-09
2.877698e-02	0.000000e+00	0.000000e+00	-2.203179e-17	0.000000e+00	0.000000e+00	0.000000e+00	3.432099e-09
2.873563e-02	0.000000e+00	0.000000e+00	-5.057028e-18	0.000000e+00	0.000000e+00	0.000000e+00	-3.441983e-09
2.869440e-02	0.000000e+00	0.000000e+00	-4.115675e-18	0.000000e+00	0.000000e+00	0.000000e+00	7.076355e-09
2.865330e-02	0.000000e+00	0.000000e+00	-2.076287e-17	0.000000e+00	0.000000e+00	0.000000e+00	-9.346840e-09
2.861230e-02	0.000000e+00	0.000000e+00	-1.357392e-17	0.000000e+00	0.000000e+00	0.000000e+00	4.339649e-09
2.857143e-02	0.000000e+00	0.000000e+00	1.330391e-17	0.000000e+00	0.000000e+00	0.000000e+00	-1.740830e-09
2.853067e-02	0.000000e+00	0.000000e+00	5.744371e-18	0.000000e+00	0.000000e+00	0.000000e+00	3.491614e-10
2.849003e-02	0.000000e+00	0.000000e+00	-1.578130e-17	0.000000e+00	0.000000e+00	0.000000e+00	1.050475e-09
2.844950e-02	0.000000e+00	0.000000e+00	8.082854e-18	0.000000e+00	0.000000e+00	0.000000e+00	-5.267349e-10
2.840909e-02	0.000000e+00	0.000000e+00	-2.906080e-17	0.000000e+00	0.000000e+00	0.000000e+00	-3.169407e-09
2.836879e-02	0.000000e+00	0.000000e+00	-4.731622e-17	0.000000e+00	0.000000e+00	0.000000e+00	5.297363e-10
2.832861e-02	0.000000e+00	0.000000e+00	-1.887080e-17	0.000000e+00	0.000000e+00	0.000000e+00	1.770800e-09
2.828854e-02	0.000000e+00	0.000000e+00	-1.496572e-17	0.000000e+00	0.000000e+00	0.000000e+00	3.551641e-10
2.824859e-02	0.000000e+00	0.000000e+00	-4.867659e-17	0.000000e+00	0.000000e+00	0.000000e+00	1.424678e-09
2.820874e-02	0.000000e+00	0.000000e+00	-7.776880e-17	0.000000e+00	0.000000e+00	0.000000e+00	-7.143527e-10
2.816901e-02	0.000000e+00	0.000000e+00	-3.853875e-17	0.000000e+00	0.000000e+00	0.000000e+00	-7.163692e-10
2.812940e-02	0.000000e+00	0.000000e+00	-5.791367e-17	0.000000e+00	0.000000e+00	0.000000e+00	2.693957e-09
2.808989e-02	0.000000e+00	0.000000e+00	-1.154227e-16	0.000000e+00	0.000000e+00	0.000000e+00	-1.620924e-09
2.805049e-02	0.000000e+00	0.000000e+00	-1.298276e-16	0.000000e+00	0.000000e+00	0.000000e+00	1.264263e-09
2.801120e-02	0.000000e+00	0.000000e+00	-1.400964e-16	0.000000e+00	0.000000e+00	0.000000e+00	-3.441203e-09
2.797203e-02	0.000000e+00	0.000000e+00	-1.319106e-16	0.000000e+00	0.000000e+00	0.000000e+00	1.271365e-09
2.793296e-02	0.000000e+00	0.000000e+00	-7.926009e-17	0.000000e+00	0.000000e+00	0.000000e+00	1.639188e-09
2.789400e-02	0.000000e+00	0.000000e+00	-7.497052e-17	0.000000e+00	0.000000e+00	0.000000e+00	-2.009052e-09
2.785515e-02	0.000000e+00	0.000000e+00	-3.784532e-17	0.000000e+00	0.000000e+00	0.000000e+00	9.157546e-10
2.781641e-02	0.000000e+00	0.000000e+00	6.751662e-17	0.000000e+00	0.000000e+00	0.000000e+00	1.836614e-09
2.777778e-02	0.000000e+00	0.000000e+00	3.283788e-17	0.000000e+00	0.000000e+00	0.000000e+00	-6.630216e-09
2.773925e-02	0.000000e+00	0.000000e+00	2.599352e-19	0.000000e+00	0.000000e+00	0.000000e+00	2.216215e-09
2.770083e-02	0.000000e+00	0.000000e+00	2.843840e-18	0.000000e+00	0.000000e+00	0.000000e+00	-2.222367e-09
2.766252e-02	0.000000e+00	0.000000e+00	1.094814e-17	0.000000e+00	0.000000e+00	0.000000e+00	6.314162e-09
2.762431e-02	0.000000e+00	0.000000e+00	2.000947e-17	0.000000e+00	0.000000e+00	0.000000e+00	-4.469393e-09
2.758621e-02	0.000000e+00	0.000000e+00	5.955133e-18	0.000000e+00	0.000000e+00	0.000000e+00	2.987832e-09
2.754821e-02	0.000000e+00	0.000000e+00	-9.506300e-18	0.000000e+00	0.000000e+00	0.000000e+00	-2.808825e-09
2.751032e-02	0.000000e+00	0.000000e+00	-2.358939e-17	0.000000e+00	0.000000e+00	0.000000e+00	2.628797e-09
2.747253e-02	0.000000e+00	0.000000e+00	-5.756791e-17	0.000000e+00	0.000000e+00	0.000000e+00	-1.129729e-09
2.743484e-02	0.000000e+00	0.000000e+00	4.106793e-17	0.000000e+00	0.000000e+00	0.000000e+00	2.076863e-09
2.739726e-02	0.000000e+00	0.000000e+00	3.368371e-17	0.000000e+00	0.000000e+00	0.000000e+00	4.733103e-09
2.735978e-02	0.000000e+00	0.000000e+00	-4.377115e-17	0.000000e+00	0.000000e+00	0.000000e+00	-3.227334e-09
2.732240e-02	0.000000e+00	0.000000e+00	-1.965419e-17	0.000000e+00	0.000000e+00	0.000000e+00	-1.903629e-09
2.728513e-02	0.000000e+00	0.000000e+00	-1.576692e-17	0.000000e+00	0.000000e+00	0.000000e+00	-2.481484e-09
2.724796e-02	0.000000e+00	0.000000e+00	-3.952605e-17	0.000000e+00	0.000000e+00	0.000000e+00	3.636687e-09
2.721088e-02	0.000000e+00	0.000000e+00	-3.559922e-17	0.000000e+00	0.000000e+00	0.000000e+00	-3.838529e-10
2.717391e-02	0.000000e+00	0.000000e+00	-2.261773e-17	0.000000e+00	0.000000e+00	0.000000e+00	-3.464083e-09
2.713704e-02	0.000000e+00	0.000000e+00	-8.505631e-18	0.000000e+00	0.000000e+00	0.000000e+00	1.736752e-09
2.710027e-02	0.000000e+00	0.000000e+00	-2.563973e-17	0.000000e+00	0.000000e+00	0.000000e+00	4.450418e-09
2.706360e-02	0.000000e+00	0.000000e+00	1.227862e-17	0.000000e+00	0.000000e+00	0.000000e+00	-1.746190e-09
2.702703e-02	-6.437810e-18	7.111459e-19	2.441629e-17	-1.107176e-106	4.262654e-120	7.683718e-120	-2.918199e-09
2.699055e-02	3.567071e-18	-1.789778e-18	3.067842e-17	3.694258e-87	3.513584e-87	-6.785484e-92	5.852183e-10
2.695418e-02	3.848104e-18	-5.425072e-19	3.407027e-17	1.241920e-85	-1.236498e-86	-9.116741e-89	-1.369197e-09
2.691790e-02	5.994101e-18	-2.275854e-18	2.964741e-17	1.408857e-85	6.053783e-87	4.890308e-89	-9.806360e-10
2.688172e-02	5.453770e-18	-9.942135e-19	4.698469e-17	7.821203e-86	-1.922571e-86	1.742180e-88	9.832775e-10
2.684564e-02	-2.085300e-18	-5.750218e-18	-7.678862e-19	8.328231e-86	-3.645070e-86	2.005836e-89	-1.380291e-09
2.680965e-02	-1.465525e-18	-1.715685e-17	-8.370041e-19	3.010557e-85	-2.058490e-86	1.272479e-87	7.315425e-09
2.677376e-02	-1.709912e-18	-1.063928e-17	2.467825e-17	1.123894e-85	-5.541749e-87	-1.182767e-88	-1.189468e-09
2.673797e-02	-6.278293e-19	-1.011692e-17	4.383329e-17	3.772655e-85	1.169424e-86	-5.130903e-88	-4.174291e-09
2.670227e-02	2.861896e-18	-1.553734e-17	3.799004e-17	6.170330e-85	-5.934598e-87	6.508651e-86	-2.192384e-09
2.666667e-02	8.428363e-18	-1.218384e-17	4.941944e-17	4.895258e-85	-2.677807e-87	-3.785693e-86	3.996803e-09
2.663116e-02	1.236856e-17	-1.296232e-18	3.022071e-17	5.610202e-85	-3.098537e-86	-2.376305e-87	1.202240e-09
2.659574e-02	9.519475e-18	4.159262e-18	3.461858e-17	5.332522e-85	-1.982910e-86	-5.814669e-87	-8.036295e-10
2.656042e-02	7.820383e-18	-7.130531e-19	1.411631e-17	2.706386e-85	-2.762543e-86	-2.410706e-86	-1.812979e-09
2.652520e-02	6.696520e-18	9.643882e-18	-7.402856e-19	2.362510e-86	-6.967750e-86	4.348195e-87	1.211865e-09
2.649007e-02	9.565045e-18	1.530213e-17	-1.737326e-17	1.015756e-85	-4.209859e-86	7.696143e-87	-3.442731e-09
2.645503e-02	1.560488e-17	1.143206e-17	1.433137e-17	4.708083e-86	-5.986795e-86	2.298487e-86	-8.122015e-10
2.642008e-02	8.682410e-18	2.258162e-18	4.928783e-17	6.186068e-86	-7.605270e-86	1.675714e-86	6.921989e-09
2.638522e-02	1.103568e-17	2.062365e-17	2.564697e-17	6.054772e-86	-8.611311e-86	1.879000e-86	-8.165046e-10
2.635046e-02	3.519241e-18	-1.325362e-17	4.183544e-17	1.369056e-87	-7.301370e-86	-7.610038e-88	2.046651e-09
2.631579e-02	2.727390e-18	-2.611676e-17	8.425335e-18	6.093511e-86	-8.751015e-86	1.204354e-85	-8.208190e-10
2.628121e-02	4.418992e-18	-2.228585e-17	3.986069e-18	8.078269e-86	-6.722341e-86	3.487528e-86	-2.880432e-09
2.624672e-02	1.026813e-17	-2.774398e-17	-4.624830e-17	3.622088e-86	-8.747352e-86	2.456389e-87	3.300579e-09
2.621232e-02	1.329649e-17	-2.438700e-17	-2.410810e-17	1.712133e-86	-1.177660e-85	2.454609e-87	-5.791183e-09
2.617801e-02	3.167897e-18	-6.736330e-18	-3.082034e-17	1.757856e-86	-1.024579e-85	1.621291e-87	2.073705e-09
2.614379e-02	4.682572e-18	-3.762478e-18	-2.754483e-18	-8.764099e-87	-1.000254e-85	1.280981e-87	-1.247482e-09
2.610966e-02	3.060775e-18	-2.584208e-17	-5.024396e-18	1.025970e-86	-7.812910e-86	3.920287e-86	1.250746e-09
2.607562e-02	1.860525e-18	-2.156420e-17	2.949897e-17	1.654759e-86	-8.724266e-86	6.436122e-86	2.090022e-10
2.604167e-02	-3.756380e-18	-1.727608e-17	2.163353e-17	3.398672e-86	-7.208978e-86	-9.799277e-86	-3.143214e-09
2.600780e-02	7.987692e-18	-1.315024e-17	4.426797e-18	4.798061e-86	-7.491490e-86	1.554685e-86	-1.050468e-09
2.597403e-02	1.171014e-17	-2.197822e-17	1.828399e-17	6.292377e-86	-7.658220e-86	3.238303e-87	6.951133e-09
2.594034e-02	1.921913e-17	-2.802760e-17	-3.705369e-17	2.759070e-86	-5.886510e-86	-3.776685e-89	2.111879e-09
2.590674e-02	2.578437e-17	-4.625234e-17	-2.012279e-17	2.143381e-86	-4.082103e-86	1.301874e-87	-5.928609e-09
2.587322e-02	2.983786e-17	-5.353650e-17	1.331834e-17	3.928819e-86	-4.665291e-86	-3.690733e-88	2.335134e-09
2.583979e-02	3.708795e-17	-4.083601e-17	-4.339282e-17	3.385911e-86	-4.812068e-86	-1.325406e-86	-4.256691e-10
2.580645e-02	3.870190e-17	-4.120780e-17	-7.608219e-19	1.270898e-86	-3.564792e-86	1.201309e-87	-2.560618e-09
2.577320e-02	3.316255e-17	-4.564231e-17	-2.529129e-17	2.655780e-86	-3.248018e-86	3.616573e-88	-4.278718e-10
2.574003e-02	3.335599e-17	-3.756575e-17	7.986233e-18	8.593049e-87	-2.062403e-86	9.123817e-88	1.072438e-09
2.570694e-02	3.204640e-17	-5.532487e-17	1.054129e-17	2.755888e-88	-2.021013e-86	8.918467e-88	3.225601e-09
2.567394e-02	3.683515e-17	-6.333826e-17	3.340210e-17	6.674936e-87	-2.048984e-86	-7.685042e-88	-3.880678e-09
2.564103e-02	4.154491e-17	-6.470974e-17	2.805048e-17	-5.223683e-87	-1.638643e-86	1.775825e-87	-3.026059e-09
2.560819e-02	3.749951e-17	-3.397618e-17	-1.452831e-19	3.165745e-88	-2.255055e-86	-1.939652e-87	1.040168e-08
2.557545e-02	4.954087e-17	-3.984062e-17	2.554597e-17	-1.200230e-87	-1.060034e-86	4.799395e-88	-3.258855e-09
2.554278e-02	5.657985e-17	-2.545880e-17	-2.891838e-17	-1.022475e-86	-8.873899e-87	5.488144e-87	-3.049382e-09
2.551020e-02	7.430193e-17	-4.508697e-17	9.496256e-18	-1.650292e-87	-2.709876e-87	5.387373e-87	1.746957e-09
2.547771e-02	8.239793e-17	-4.612428e-17	-6.064485e-18	-4.505333e-87	-2.629219e-87	4.036455e-87	-5.473177e-09
2.544529e-02	7.244633e-17	-4.496076e-17	7.716809e-18	-7.393838e-86	-7.005973e-87	3.038205e-86	5.267646e-09
2.541296e-02	8.044846e-17	-4.530666e-17	1.737109e-17	-2.226230e-86	-9.554458e-87	8.630756e-88	-3.740749e-09
2.538071e-02	8.907318e-17	-3.318508e-17	3.828087e-17	-1.748362e-85	-1.892053e-86	-2.394179e-86	1.323622e-09
2.534854e-02	9.244436e-17	-4.023805e-17	3.010057e-17	2.444529e-86	-1.789988e-86	-5.471150e-87	1.326983e-09
2.531646e-02	8.608378e-17	-5.324387e-17	1.347934e-18	-1.364994e-85	-1.410967e-86	4.906359e-86	8.868994e-10
2.528445e-02	7.118157e-17	-4.004664e-17	4.449566e-18	-3.930514e-85	-9.001655e-87	2.146911e-85	8.891462e-10
2.525253e-02	7.349595e-17	-1.795109e-17	-6.058888e-17	-6.574154e-86	-4.542452e-87	1.605151e-86	-4.456979e-09
2.522068e-02	7.875951e-17	-2.930446e-17	2.181049e-17	1.244225e-85	-1.206506e-86	-7.116875e-86	-0.000000e+00
2.518892e-02	7.888497e-17	-2.599929e-17	-6.211408e-17	-1.174623e-83	-8.042617e-87	6.673884e-84	2.239759e-09
2.515723e-02	6.510840e-17	-2.471387e-17	-1.205762e-17	-1.583091e-83	-6.925153e-87	4.486176e-84	-3.143565e-09
2.512563e-02	6.551824e-17	-3.045634e-18	-4.011792e-17	-5.156839e-84	-5.815098e-88	8.899791e-85	6.753169e-09
2.509410e-02	4.055116e-17	7.849570e-18	-5.240667e-17	-2.261409e-84	3.679275e-87	-8.416896e-86	-5.867461e-09
2.506266e-02	3.359856e-17	1.642675e-17	-1.729045e-17	4.010087e-86	8.239880e-87	6.859244e-89	7.692100e-09
2.503129e-02	3.341613e-17	3.439915e-17	-2.583112e-17	-7.511541e-87	1.202645e-87	-5.619869e-88	-4.989723e-09
2.500000e-02	3.017510e-17	4.090097e-17	-1.111466e-17	-3.859810e-86	-3.030835e-87	-1.504977e-87	-2.728484e-09
2.496879e-02	2.196027e-17	6.980952e-17	-9.587837e-18	1.008045e-84	-1.285267e-87	1.051344e-85	7.066216e-09
2.493766e-02	2.668585e-17	6.116339e-17	2.518060e-17	-2.660996e-87	9.113950e-88	-8.160873e-88	-3.427679e-09
2.490660e-02	1.741858e-17	5.562234e-17	-1.591573e-17	2.004347e-87	3.074576e-88	-4.361298e-88	-4.123479e-09
2.487562e-02	2.592891e-17	6.473671e-17	-2.093622e-17	6.451768e-87	5.567361e-88	3.665891e-88	-4.593062e-10
2.484472e-02	2.713543e-17	4.349351e-17	2.991205e-17	1.882500e-85	-2.173903e-88	2.483478e-86	-1.841798e-09
2.481390e-02	4.702747e-17	3.000246e-17	-7.563869e-18	5.697303e-85	-5.701610e-88	-6.142581e-86	5.539130e-09
2.478315e-02	3.511563e-17	4.353954e-17	5.743242e-17	1.340347e-84	-8.307804e-88	-5.741999e-86	3.701922e-09
2.475248e-02	3.220813e-17	5.994338e-17	-1.191437e-17	3.012351e-85	-6.019789e-88	-8.405350e-87	-2.319439e-09
2.472188e-02	3.857989e-17	5.478190e-17	-4.632904e-17	4.866301e-86	-1.171821e-87	-9.978704e-89	2.325184e-09
2.469136e-02	5.320867e-17	5.347213e-17	1.525940e-17	-2.504306e-85	-2.693801e-87	2.534491e-86	-3.263310e-09
2.466091e-02	6.198870e-17	5.980359e-17	-4.930755e-17	-7.036019e-85	-4.126516e-87	8.197048e-86	-0.000000e+00
2.463054e-02	6.823803e-17	5.197384e-17	1.827084e-17	-1.092869e-84	-3.502481e-87	1.875047e-85	3.747937e-09
2.460025e-02	5.948353e-17	4.364003e-17	-2.970836e-17	-8.286829e-85	-2.003966e-87	1.544288e-85	-7.044701e-09
2.457002e-02	6.549301e-17	3.851084e-17	-1.522741e-17	-5.883916e-85	-3.301621e-87	8.788604e-86	2.354014e-10
2.453988e-02	7.606668e-17	3.214873e-17	1.985662e-17	2.598826e-85	-3.316042e-87	-2.389227e-86	2.123821e-09
2.450980e-02	6.940703e-17	1.192461e-17	6.338517e-19	7.811945e-86	-3.686601e-87	-4.648126e-87	-9.462383e-10
2.447980e-02	6.987356e-17	2.374162e-17	-1.605649e-17	7.108426e-86	-3.728541e-87	-7.077102e-87	1.422838e-09
2.444988e-02	4.915489e-17	1.976878e-17	-6.431109e-17	1.293535e-85	-2.738453e-87	-2.019522e-86	-4.754412e-10
2.442002e-02	5.748015e-17	1.609973e-17	1.053607e-17	8.279178e-86	-2.324492e-87	-8.492201e-87	-2.383022e-09
2.439024e-02	7.423010e-17	-6.368414e-18	-2.246721e-17	-3.173870e-86	-2.416474e-87	6.361954e-87	-4.777689e-10
2.436054e-02	7.347617e-17	6.255485e-18	-7.420551e-18	-5.671772e-86	-2.479366e-87	4.251527e-86	5.268284e-09
2.433090e-02	5.245326e-17	2.070636e-17	5.453754e-17	2.717645e-85	-1.516536e-87	-9.502789e-86	-2.880614e-09
2.430134e-02	6.226962e-17	3.488319e-17	-1.381816e-17	1.712969e-86	-2.066052e-87	-3.038082e-87	4.812712e-10
2.427184e-02	7.747788e-17	3.641854e-17	-4.430876e-18	1.093011e-86	-1.625070e-87	-3.520372e-88	1.688545e-09
2.424242e-02	7.034135e-17	3.402505e-17	-8.032854e-18	-1.957456e-85	-1.920841e-87	1.908733e-86	4.836131e-10
2.421308e-02	6.240372e-17	2.493283e-17	1.524605e-17	3.314886e-87	-2.548952e-87	9.038267e-89	-2.423931e-09
2.418380e-02	4.768142e-17	2.828566e-17	1.336115e-17	-1.198729e-86	-2.350176e-87	2.491282e-89	2.186824e-09
2.415459e-02	4.871328e-17	2.364945e-17	6.635317e-19	-8.174992e-87	-1.600000e-87	4.671868e-90	-5.358504e-09
2.412545e-02	6.231567e-17	1.999092e-17	2.443033e-17	-1.709023e-87	-2.569512e-87	-5.314674e-88	4.394827e-09
2.409639e-02	5.661536e-17	1.818193e-17	-2.212640e-17	5.363155e-86	-7.542622e-87	-1.034659e-86	7.342393e-10
2.406739e-02	7.017233e-17	2.702204e-18	-4.885415e-17	-1.147764e-86	-8.725940e-87	-1.827567e-87	-6.133414e-09
2.403846e-02	5.897147e-17	2.531570e-17	-4.328108e-18	-6.554256e-87	-9.485357e-87	-6.859446e-88	3.442983e-09
2.400960e-02	5.840302e-17	4.512521e-17	-4.741325e-17	-8.432397e-87	-1.192105e-86	-4.754066e-88	3.451265e-09
2.398082e-02	5.402915e-17	5.119499e-17	-2.195290e-17	-2.457527e-86	-8.490505e-87	6.051425e-87	4.942223e-10
2.395210e-02	8.275534e-17	3.972123e-17	-3.882528e-17	-1.948939e-86	-8.995281e-87	7.403649e-87	-3.963265e-09
2.392344e-02	7.364347e-17	3.776178e-17	-4.024775e-17	-1.703623e-86	-7.719462e-87	-4.180065e-87	2.482977e-09
2.389486e-02	7.270164e-17	3.180196e-17	2.922792e-17	1.466580e-85	-1.127840e-86	1.761195e-85	3.484489e-09
2.386635e-02	8.158448e-17	3.141591e-17	-8.674354e-18	-2.445820e-85	-9.904679e-87	6.338655e-85	-7.734103e-09
2.383790e-02	9.742109e-17	2.266377e-17	5.771540e-17	-2.699154e-86	-9.638842e-87	3.886433e-86	-1.750581e-09
2.380952e-02	8.084214e-17	2.229118e-17	1.034105e-17	-3.227594e-85	-8.740035e-87	6.073972e-85	3.008154e-09
2.378121e-02	6.844224e-17	3.662586e-17	1.762001e-17	-2.964809e-86	-7.629631e-87	1.033643e-86	4.020427e-09
2.375297e-02	5.272568e-17	4.789912e-17	2.103434e-17	-3.987904e-86	-4.409450e-87	9.699276e-86	-3.022495e-09
2.372479e-02	5.653399e-17	1.430772e-17	-6.183967e-18	-2.777704e-86	-5.833950e-87	7.689772e-86	-1.514839e-09
2.369668e-02	5.273367e-17	7.672899e-19	1.148766e-17	-2.641000e-86	-8.949109e-87	2.470984e-86	4.555307e-09
2.366864e-02	4.694438e-17	1.201283e-17	1.877255e-17	-2.089987e-86	-6.298653e-87	3.321422e-86	-4.312435e-09
2.364066e-02	6.283933e-17	2.759552e-17	2.081668e-18	-1.719462e-86	-4.215026e-87	1.402806e-86	1.271367e-09
2.361275e-02	4.674257e-17	2.198165e-17	-4.879994e-18	4.677162e-86	-4.348713e-87	4.670272e-85	-0.000000e+00
2.358491e-02	6.315734e-17	2.402989e-17	-3.671325e-17	-3.233409e-85	-4.885590e-87	-5.247692e-85	-0.000000e+00
2.355713e-02	6.535060e-17	1.720319e-17	1.860762e-17	6.758000e-85	-4.418544e-87	-6.543630e-85	3.841199e-09
2.352941e-02	6.066164e-17	2.522111e-17	-2.525215e-17	3.821113e-86	-4.270904e-87	-5.148982e-85	-2.566836e-09
2.350176e-02	4.046503e-17	2.685523e-17	-4.426797e-18	-1.441274e-86	-4.122463e-87	-1.077497e-86	-4.888470e-09
2.347418e-02	2.912135e-17	2.206289e-17	-6.567860e-18	-1.895803e-86	-4.226504e-87	4.841319e-87	4.126287e-09
2.344666e-02	1.737827e-17	3.282142e-17	-2.641103e-17	3.242866e-87	-3.382976e-87	-2.807467e-86	3.618981e-09
2.341920e-02	1.103503e-17	3.667285e-17	-3.353220e-17	-1.568393e-86	-2.762292e-87	-3.306996e-87	-5.182102e-09
2.339181e-02	3.048949e-17	2.878081e-17	1.156627e-17	-2.973657e-86	-2.535723e-87	3.728785e-86	1.558274e-09
2.336449e-02	5.508018e-17	2.288988e-17	6.522560e-18	-1.782850e-86	-3.147022e-87	-5.719953e-87	-0.000000e+00
2.333722e-02	3.800095e-17	4.373952e-17	3.332837e-18	-1.916408e-86	-1.829227e-87	1.373474e-86	-1.826501e-09
2.331002e-02	2.931323e-17	2.370429e-17	-1.103718e-18	-3.314772e-86	-1.305717e-87	7.872760e-86	1.307690e-09
2.328289e-02	1.870017e-17	1.282520e-17	-2.792688e-17	-8.088484e-87	-1.005785e-87	-6.322759e-86	4.194368e-09
2.325581e-02	3.012420e-17	2.223474e-17	2.400071e-17	-1.258029e-86	-6.709815e-88	-1.185475e-86	-1.313794e-09
2.322880e-02	2.009376e-17	2.240246e-17	-1.613943e-17	-1.511750e-86	-4.908398e-88	-4.279453e-87	-5.530773e-09
2.320186e-02	-3.115132e-18	2.130157e-17	-7.631699e-18	-1.181349e-86	-1.327241e-88	1.694499e-87	2.639823e-10
2.317497e-02	1.743461e-17	2.687053e-17	-2.685135e-17	-1.398721e-86	-4.750654e-88	2.314158e-86	-4.233522e-09
2.314815e-02	-1.591407e-17	2.164146e-17	-4.782849e-17	-9.528449e-87	-1.281760e-87	-5.433877e-85	1.485168e-08
2.312139e-02	-6.307542e-18	6.349344e-18	4.945697e-17	1.274646e-86	-7.575716e-88	-1.250231e-84	-7.708865e-09
2.309469e-02	-7.109141e-18	2.892387e-18	-3.789070e-17	-6.062474e-87	-3.247396e-88	6.005831e-85	-2.664379e-10
2.306805e-02	-1.987232e-17	-1.367384e-17	-5.578220e-17	-2.599857e-86	-9.576823e-88	-1.009994e-84	1.602321e-09
2.304147e-02	-4.530674e-17	-1.711025e-17	9.224934e-18	-2.889685e-86	-1.759703e-88	-3.494493e-85	1.873690e-09
2.301496e-02	-4.953489e-17	-1.116474e-17	1.014163e-17	-1.621819e-86	4.282338e-90	-1.213451e-84	-5.365742e-09
2.298851e-02	-5.781465e-17	-2.450778e-18	-2.216109e-18	-2.990427e-86	-2.253102e-88	1.208923e-84	9.949481e-09
2.296211e-02	-2.999354e-17	-1.374825e-17	2.038300e-18	-1.717233e-85	-9.335344e-89	2.512182e-84	-9.433320e-09
2.293578e-02	-4.944538e-17	-1.408310e-17	-3.711089e-17	1.484340e-87	2.305163e-88	1.504097e-84	6.483424e-09
2.290951e-02	-4.827996e-17	-1.548310e-17	-3.475649e-17	2.812670e-87	2.963096e-88	2.926639e-84	-6.498303e-09
2.288330e-02	-4.805541e-17	-4.040788e-18	-3.994662e-17	-6.125904e-87	1.359638e-88	1.325263e-85	-2.985216e-09
2.285714e-02	-3.796341e-17	8.842197e-19	-3.012266e-17	1.529219e-84	2.031726e-88	3.983540e-83	3.536060e-09
2.283105e-02	-1.839643e-17	-1.319251e-17	-4.967598e-17	3.615317e-83	4.308582e-88	-8.190969e-82	-1.090507e-09
2.280502e-02	-5.658244e-18	-9.611377e-18	-3.381017e-17	-5.052896e-82	5.420515e-88	-1.978239e-81	-3.552244e-09
2.277904e-02	-1.285647e-17	-5.530224e-18	-5.378076e-17	9.158529e-82	4.868805e-88	-8.078817e-82	4.655841e-09
2.275313e-02	-2.480027e-17	-7.203101e-18	-1.342893e-17	-4.100375e-83	4.130177e-88	-1.981875e-82	-5.489944e-10
2.272727e-02	-2.363351e-17	-3.149270e-18	-9.462374e-18	8.153246e-82	9.813037e-88	-7.877329e-82	5.502443e-10
2.270148e-02	-3.868242e-17	-1.597008e-17	9.667018e-18	-4.858426e-82	6.173663e-88	7.327656e-82	4.411964e-09
2.267574e-02	-2.762924e-17	-2.324268e-17	-2.725410e-17	3.808356e-82	4.096576e-88	1.647773e-81	-8.567598e-09
2.265006e-02	-1.710984e-17	-9.746186e-18	-2.583378e-17	2.366490e-81	1.246878e-87	2.628438e-81	1.108005e-08
2.262443e-02	-2.208619e-17	-1.053203e-17	2.706690e-17	-3.742736e-81	2.213859e-88	3.140628e-81	-1.388145e-09
2.259887e-02	-1.655413e-17	-7.544966e-18	-7.086012e-17	-4.062022e-81	4.678882e-88	2.468010e-81	-1.113030e-09
2.257336e-02	-3.727274e-17	2.700088e-19	-1.573404e-17	-1.713426e-81	4.443680e-88	3.493274e-81	-2.788866e-09
2.254791e-02	-1.110811e-17	-1.267793e-17	-4.729026e-17	-5.477623e-82	5.310049e-88	2.421813e-81	-1.677099e-09
2.252252e-02	-8.796201e-18	-1.821046e-19	-5.409410e-17	1.833735e-80	7.136887e-88	4.543294e-81	2.801471e-10
2.249719e-02	-1.426036e-17	-1.019735e-17	-5.181802e-17	1.579610e-80	5.811272e-88	3.141958e-81	1.403892e-09
2.247191e-02	-2.412134e-17	-3.048960e-18	-6.169449e-19	1.017576e-80	2.603276e-89	7.925557e-81	7.035261e-09
2.244669e-02	-4.134422e-17	5.574465e-18	-4.276354e-17	-2.945065e-80	1.199992e-88	7.303265e-81	-3.666561e-09
2.242152e-02	-4.639696e-17	1.175365e-17	-2.561062e-17	-6.088558e-80	2.007517e-88	7.061541e-81	-7.066916e-09
2.239642e-02	-5.118729e-17	-1.472354e-18	1.611721e-17	-4.684309e-82	2.077945e-88	7.051237e-81	6.516148e-09
2.237136e-02	-5.346601e-17	-1.104778e-17	-4.603251e-17	-4.283538e-80	2.676108e-88	7.914051e-81	-9.938098e-09
2.234637e-02	-5.939311e-17	2.342838e-17	-3.865092e-18	8.579383e-81	-1.861055e-88	7.848496e-81	1.223699e-08
2.232143e-02	-4.281705e-17	2.108447e-17	-5.186532e-17	3.433790e-80	1.428787e-88	8.559662e-81	-5.133916e-09
2.229654e-02	-3.459567e-17	2.994974e-17	-1.983033e-17	1.894364e-79	2.586173e-88	1.067474e-80	-5.717091e-09
2.227171e-02	-1.377360e-17	7.037760e-18	9.603813e-18	1.257436e-79	3.029642e-88	7.735278e-81	8.594768e-09
2.224694e-02	-1.624190e-17	-5.575033e-19	-2.013275e-17	2.002763e-79	1.462524e-88	8.714795e-81	5.742613e-10
2.222222e-02	5.069042e-18	-1.406089e-17	-4.073835e-17	5.191347e-80	6.913692e-89	1.252981e-80	-6.906475e-09
2.219756e-02	2.138671e-17	-1.585015e-17	-5.730720e-18	2.070483e-80	9.346059e-89	1.132752e-80	5.768193e-09
2.217295e-02	1.568277e-17	-4.719453e-18	-1.441142e-18	3.272365e-82	2.404666e-88	8.762824e-81	-0.000000e+00
2.214839e-02	4.205061e-18	-1.300696e-17	-9.595697e-18	-1.241728e-81	1.423490e-88	7.932691e-81	3.476298e-09
2.212389e-02	2.156137e-17	-1.792711e-17	1.817191e-18	-6.787249e-81	3.007514e-88	4.622953e-81	-7.548670e-09
2.209945e-02	-3.924821e-18	-1.120279e-17	-3.335243e-18	-1.030865e-80	2.320397e-88	6.182563e-81	1.745857e-09
2.207506e-02	1.834252e-17	6.275833e-18	-5.539487e-17	1.721615e-80	4.648385e-88	6.249595e-81	-2.916195e-09
2.205072e-02	5.067125e-18	-4.858030e-18	6.967625e-18	4.278604e-80	3.463663e-88	1.401970e-80	-4.091691e-09
2.202643e-02	8.808099e-18	-5.034217e-18	-3.048126e-17	1.362802e-80	2.893859e-88	1.611754e-80	5.565261e-09
2.200220e-02	7.177688e-18	1.670568e-18	7.240531e-18	-3.961458e-81	1.533194e-88	1.339824e-80	9.100173e-09
2.197802e-02	1.821450e-17	2.132596e-17	-4.404993e-17	3.258236e-80	2.265066e-88	1.625328e-80	-6.766605e-09
2.195390e-02	1.449897e-17	1.329830e-17	-1.787476e-17	1.069302e-80	8.857096e-89	1.675024e-80	-3.833013e-09
2.192982e-02	8.062257e-19	-6.430336e-18	-3.134503e-17	-5.632483e-81	1.814176e-88	1.929698e-80	2.659453e-09
2.190581e-02	-3.263252e-17	-7.636477e-18	3.146577e-17	-1.013337e-80	1.377618e-88	1.937279e-80	4.442148e-09
2.188184e-02	-5.542196e-18	1.187685e-17	-4.389867e-17	-1.457469e-79	2.383994e-88	1.687279e-80	-7.123015e-09
2.185792e-02	-2.518706e-17	-5.966612e-18	4.250062e-17	-2.894792e-81	6.066506e-88	1.579825e-80	-5.948841e-10
2.183406e-02	-8.871579e-19	-1.161920e-17	-2.488634e-17	6.394311e-80	8.627666e-88	1.467340e-80	9.240870e-09
2.181025e-02	1.028367e-17	-2.585185e-17	3.348732e-17	1.015180e-80	6.973389e-88	2.073702e-80	2.987438e-10
2.178649e-02	5.579565e-18	-2.703596e-17	-1.350213e-18	6.508986e-81	1.218707e-87	1.640789e-80	-5.987914e-09
2.176279e-02	1.253140e-18	-3.454153e-17	-5.782067e-18	8.041005e-81	1.033393e-87	1.624109e-80	6.000967e-09
2.173913e-02	7.245456e-18	-3.366110e-17	-1.792697e-17	-2.505711e-81	7.248012e-88	1.868081e-80	-6.615437e-09
2.171553e-02	1.162072e-18	-3.735696e-17	-3.150264e-17	-5.427099e-80	7.166010e-88	1.047522e-80	1.506779e-09
2.169197e-02	7.129382e-18	-4.298239e-17	3.340617e-17	-6.314360e-80	1.175042e-87	1.303848e-80	3.322116e-09
2.166847e-02	9.025389e-18	-3.119387e-17	-2.480248e-18	-5.154760e-80	1.037627e-87	9.295738e-81	-2.421328e-09
2.164502e-02	4.060083e-17	-1.208175e-17	-1.879641e-17	-1.497775e-80	1.044396e-87	6.715607e-81	-0.000000e+00
2.162162e-02	5.175839e-17	-7.089265e-18	4.554327e-18	1.137576e-80	1.420497e-87	7.804931e-81	8.207435e-09
2.159827e-02	4.428446e-17	-1.789173e-17	-4.280525e-17	-9.743253e-80	7.501305e-88	8.158093e-81	-1.370865e-08
2.157497e-02	5.581503e-17	-2.013727e-17	-1.852536e-17	-1.138218e-79	9.282617e-88	7.780240e-81	7.327080e-09
2.155172e-02	4.020793e-17	-2.027464e-17	-1.253473e-18	-9.714310e-80	1.030508e-87	5.626423e-81	-9.178621e-10
2.152853e-02	4.306017e-17	-1.660418e-17	-1.949989e-17	-6.005215e-80	9.182466e-88	5.007790e-81	-6.132275e-10
2.150538e-02	6.528846e-18	-3.040977e-17	-1.041045e-17	-3.058891e-80	1.024361e-87	1.125026e-80	-3.994565e-09
2.148228e-02	-7.173490e-19	-3.594700e-17	1.466632e-17	-5.424955e-80	1.153253e-87	9.309366e-81	1.231741e-09
2.145923e-02	-5.126704e-19	-3.497329e-17	-4.193906e-18	1.608656e-82	1.011056e-87	8.589136e-81	1.018371e-08
2.143623e-02	1.383278e-17	-2.284106e-17	-6.803148e-18	2.479811e-80	7.918614e-88	8.899197e-81	-7.731495e-09
2.141328e-02	5.217115e-18	-7.336291e-18	-2.547582e-17	3.011993e-80	4.950953e-88	1.119754e-80	-9.297693e-09
2.139037e-02	7.266926e-18	-1.923532e-17	-8.159672e-18	-3.443045e-80	5.949626e-88	7.224216e-81	6.522329e-09
2.136752e-02	2.237263e-17	-2.357153e-17	-2.676153e-17	-2.101828e-80	4.045761e-88	1.229317e-80	-3.423770e-09
2.134472e-02	3.088624e-17	-1.180114e-17	-1.934650e-17	3.972999e-80	2.548677e-88	4.850821e-81	2.183421e-09
2.132196e-02	3.439672e-17	-1.100353e-17	-1.462250e-17	1.563398e-79	3.074951e-88	4.703664e-81	2.188084e-09
2.129925e-02	2.735990e-17	-1.103151e-17	-5.926791e-18	2.906028e-79	8.016091e-89	2.708711e-81	-3.132502e-09
2.127660e-02	5.446805e-17	6.015223e-18	6.582869e-18	1.630768e-79	-6.461705e-89	1.516717e-81	-2.511342e-09
2.125399e-02	4.321940e-17	1.000648e-17	4.449308e-17	-5.611653e-80	5.566179e-89	5.014438e-81	8.179237e-09
2.123142e-02	3.670613e-17	-3.006643e-18	-1.326874e-17	-1.887618e-79	3.801952e-89	9.465769e-81	3.152550e-09
2.120891e-02	2.877574e-17	-9.478559e-18	4.873895e-18	-4.625602e-79	1.881506e-88	1.745764e-80	-6.318494e-09
2.118644e-02	3.260364e-17	5.948320e-18	4.677601e-17	-3.093876e-79	1.117090e-89	1.961152e-80	5.065522e-09
2.116402e-02	3.179828e-17	1.315561e-17	1.928863e-18	-1.184753e-79	-9.610521e-89	1.736409e-80	-5.076259e-09
2.114165e-02	2.996447e-17	1.278737e-17	5.165546e-18	-2.666926e-79	1.776075e-89	1.599645e-80	-2.543504e-09
2.111932e-02	1.619461e-17	-9.646598e-19	-3.218413e-17	-7.264555e-79	-1.975483e-88	1.964783e-80	1.051415e-08
2.109705e-02	1.421289e-17	-3.633041e-19	1.508396e-19	-1.516331e-78	-1.123919e-88	2.137270e-80	-1.309064e-08
2.107482e-02	-8.982967e-18	-5.450314e-18	-6.174084e-17	-2.710182e-78	-1.635409e-88	2.697826e-80	6.399155e-09
2.105263e-02	-1.213876e-17	1.099381e-17	-2.753276e-17	-1.403300e-78	-6.611879e-89	1.716681e-80	1.282530e-09
2.103049e-02	-5.858794e-18	1.382191e-17	-5.430918e-17	-2.505756e-78	-2.218472e-89	1.055041e-80	-0.000000e+00
2.100840e-02	-1.676752e-17	1.223052e-17	-2.701940e-17	-1.724325e-78	-8.357776e-89	2.217123e-80	-6.439677e-10
2.098636e-02	-1.065306e-17	6.750202e-18	-1.336442e-17	-2.217884e-78	-9.012980e-89	2.551597e-80	-6.453213e-10
2.096436e-02	-3.330564e-17	1.142034e-17	1.197935e-17	-2.329461e-78	-1.449893e-88	2.264803e-80	-3.233382e-09
2.094241e-02	-3.893353e-17	6.173598e-18	2.288886e-18	-2.293165e-78	-6.178744e-89	2.992522e-80	4.212213e-09
2.092050e-02	-2.223896e-17	1.558403e-17	-5.188287e-17	-1.565278e-78	-2.084564e-88	3.451184e-80	-2.597562e-09
2.089864e-02	-2.038694e-17	4.096878e-18	-1.091168e-17	-2.696847e-78	-2.075776e-88	3.423654e-80	4.555249e-09
2.087683e-02	-9.247994e-18	5.233355e-18	7.982845e-18	-2.911971e-78	-1.470823e-88	2.697962e-80	-7.173216e-09
2.085506e-02	-1.743146e-17	1.060570e-17	-5.290988e-17	-2.139343e-78	-1.736834e-88	2.213348e-80	1.960418e-09
2.083333e-02	-2.911128e-17	7.339279e-18	-1.269777e-17	-1.508989e-78	-3.552406e-88	3.187427e-80	9.822543e-09
2.081165e-02	-2.747631e-17	-2.659363e-18	-9.472539e-18	-1.289479e-78	-2.180998e-88	2.576243e-80	-1.246782e-08
2.079002e-02	-3.501370e-17	-1.976379e-18	-3.546886e-17	-5.476159e-79	-4.140347e-88	3.518407e-80	5.589324e-09
2.076843e-02	-4.412949e-17	1.111407e-17	-1.144457e-17	-1.303446e-78	-2.505860e-88	3.214562e-80	-3.294677e-09
2.074689e-02	-5.306437e-17	-3.682017e-18	1.672910e-17	-1.512642e-78	-5.352803e-88	2.857868e-80	-8.253807e-09
2.072539e-02	-2.835611e-17	-1.032275e-17	-2.002752e-17	-2.688737e-78	-4.824076e-88	2.883857e-80	7.609264e-09
2.070393e-02	-8.369935e-18	4.383527e-18	2.952025e-17	-2.118538e-78	-3.459132e-88	2.034458e-80	2.983712e-09
2.068252e-02	-1.125871e-18	8.523669e-18	-3.546967e-17	-1.506587e-78	-6.135142e-88	3.267120e-80	-1.661052e-09
2.066116e-02	1.244262e-17	-3.955186e-18	-8.174884e-18	-3.232599e-78	-7.314588e-88	3.521715e-80	3.994774e-09
2.063983e-02	2.441041e-17	-1.008753e-17	-4.311980e-17	-2.574149e-78	-8.696567e-88	3.147922e-80	-4.670203e-09
2.061856e-02	4.587419e-17	3.617912e-18	1.406685e-17	-4.118050e-78	-9.963202e-88	2.330623e-80	4.679848e-09
2.059732e-02	3.862539e-17	1.827954e-17	5.704428e-19	-2.748211e-78	-8.915302e-88	2.045105e-80	-5.359431e-09
2.057613e-02	4.111005e-17	1.104963e-17	-4.412703e-17	-4.028797e-78	-5.679265e-88	3.340704e-80	2.685238e-09
2.055498e-02	2.958164e-17	-3.728140e-18	3.655117e-19	-5.914816e-78	-1.631475e-88	2.350707e-80	3.363457e-09
2.053388e-02	1.098813e-17	2.803729e-18	3.691613e-17	-5.179297e-78	1.984684e-88	2.137802e-80	-6.403711e-09
2.051282e-02	4.025125e-17	8.143251e-18	-2.019968e-17	-5.596552e-78	4.650590e-88	2.609441e-80	3.715028e-09
2.049180e-02	6.049774e-17	1.602128e-17	1.117541e-18	-3.129743e-78	6.152579e-88	2.905704e-80	3.384230e-09
2.047083e-02	5.371766e-17	2.194981e-17	3.081845e-18	-5.290781e-78	8.936042e-88	1.532643e-80	-2.373818e-09
2.044990e-02	5.572262e-17	2.030650e-17	-6.227183e-17	-2.535402e-78	8.086673e-88	2.267887e-80	-5.097171e-09
2.042901e-02	5.408006e-17	3.557219e-17	-4.486334e-17	-1.126187e-78	7.199847e-88	1.007054e-80	1.362027e-09
2.040816e-02	5.397950e-17	3.570500e-17	-2.371692e-17	-1.098307e-78	6.784330e-88	9.189457e-81	-1.364810e-09
2.038736e-02	7.995473e-17	2.651914e-17	-2.546899e-17	-3.131091e-78	7.797093e-88	-1.266602e-80	-9.915080e-09
2.036660e-02	1.017468e-16	2.520447e-17	-1.014596e-17	-5.273882e-78	8.089779e-88	-2.518395e-80	1.267608e-08
2.034588e-02	8.339050e-17	2.872359e-17	2.008080e-17	-4.582134e-78	1.449481e-87	-3.638603e-80	-8.239076e-09
2.032520e-02	9.913277e-17	1.628048e-17	-1.689180e-17	-5.345796e-78	1.693354e-87	-2.533185e-80	1.031981e-09
2.030457e-02	9.640869e-17	8.489227e-18	-5.066748e-18	-8.950193e-78	2.481406e-87	-2.514858e-80	4.481011e-09
2.028398e-02	1.034481e-16	-2.426855e-17	-5.223686e-18	-1.576082e-77	3.796628e-87	1.189076e-80	7.598655e-09
2.026342e-02	9.428348e-17	-2.891444e-17	-5.115239e-17	-1.443934e-77	3.834726e-87	4.017209e-80	-6.921887e-10
2.024291e-02	9.560713e-17	-2.247756e-17	-5.030861e-17	-1.420644e-77	3.284253e-87	4.351021e-80	-0.000000e+00
2.022245e-02	9.986451e-17	-2.996509e-17	-1.091683e-17	-1.279498e-77	4.031240e-87	3.855612e-80	-5.559974e-09
2.020202e-02	9.856795e-17	-2.442109e-17	-1.479326e-17	-1.798708e-77	3.520313e-87	7.085843e-80	-6.964029e-10
2.018163e-02	7.368728e-17	-2.247922e-17	-2.943704e-17	-1.553168e-77	3.195323e-87	4.054988e-80	1.395621e-09
2.016129e-02	9.043142e-17	4.257983e-18	2.523345e-17	-1.279311e-77	3.049885e-87	4.137557e-80	1.083790e-08
2.014099e-02	8.359269e-17	6.740245e-18	-5.304248e-17	-9.496464e-78	2.764347e-87	5.281333e-80	-9.108189e-09
2.012072e-02	8.037573e-17	-1.937898e-18	-1.795633e-17	-6.628833e-78	2.627068e-87	5.325615e-80	-3.510209e-09
2.010050e-02	6.762488e-17	-9.380718e-18	-4.300797e-17	-6.261785e-78	2.915922e-87	4.697536e-80	-1.055183e-09
2.008032e-02	6.518696e-17	-9.377584e-18	-1.448789e-17	-4.427593e-78	2.963362e-87	4.510600e-80	5.286523e-09
2.006018e-02	4.967190e-17	-1.323075e-17	-3.043924e-17	-3.620886e-78	2.862320e-87	5.476041e-80	-7.062859e-10
2.004008e-02	5.602028e-17	-7.495153e-18	-5.987386e-18	-6.267965e-79	2.327036e-87	5.998466e-80	-9.553996e-09
2.002002e-02	6.966844e-17	-1.050177e-17	-6.331409e-18	2.244432e-79	2.298771e-87	3.626015e-80	9.218591e-09
2.000000e-02	8.880885e-17	-1.287741e-18	-6.993917e-18	-1.460555e-78	2.756092e-87	1.913386e-80	3.552714e-09
1.998002e-02	9.192788e-17	-9.641502e-20	-6.818432e-17	-7.752631e-79	3.174486e-87	7.483687e-80	-1.779911e-09
1.996008e-02	6.778543e-17	-1.648447e-17	-2.983725e-17	-1.382726e-78	2.707136e-87	7.213462e-80	-5.707102e-09
1.994018e-02	5.296097e-17	-1.289339e-17	-4.538115e-17	1.415802e-78	3.161828e-87	8.243008e-80	2.501843e-09
1.992032e-02	5.145535e-17	-6.043152e-18	1.569993e-18	-1.194989e-78	3.129781e-87	4.767617e-80	8.594861e-09
1.990050e-02	3.781369e-17	6.758386e-18	1.022172e-17	5.266901e-78	2.917386e-87	3.072814e-80	-6.458993e-09
1.988072e-02	2.631451e-17	9.653678e-18	-4.207816e-17	9.468941e-78	3.226152e-87	3.002310e-80	-4.674116e-09
1.986097e-02	4.066603e-17	-6.982180e-18	9.730714e-19	1.178479e-77	3.370282e-87	4.169292e-80	6.484726e-09
1.984127e-02	3.175111e-17	-2.321439e-18	-5.731757e-17	1.988680e-77	4.041746e-87	4.275574e-80	-1.082935e-09
1.982161e-02	1.726663e-17	-8.201378e-18	-2.431289e-18	3.328821e-77	3.555517e-87	4.450551e-80	1.446780e-09
1.980198e-02	9.490010e-18	-1.928737e-17	-1.152222e-17	2.488280e-77	3.556789e-87	4.093837e-80	-7.973071e-09
1.978239e-02	2.270597e-17	-2.099841e-17	-1.144294e-17	3.018838e-77	3.489700e-87	3.143376e-80	7.988867e-09
1.976285e-02	2.502673e-17	-7.718311e-18	-2.568967e-17	3.643824e-77	3.272902e-87	2.466504e-80	-5.821585e-09
1.974334e-02	1.406554e-17	-6.964842e-18	2.952006e-17	3.818993e-77	2.414230e-87	4.225779e-80	8.749643e-09
1.972387e-02	5.649555e-19	2.414505e-19	4.638108e-17	4.584308e-77	2.102492e-87	6.064560e-80	-5.114040e-09
1.970443e-02	7.523743e-19	1.148731e-17	-7.221247e-17	4.680271e-77	2.000277e-87	4.053099e-80	1.830047e-09
1.968504e-02	2.696934e-19	1.325019e-17	-7.808153e-18	3.617761e-77	2.001754e-87	3.788351e-80	6.601158e-09
1.966568e-02	-8.696132e-19	1.261078e-17	-3.149262e-17	3.509911e-77	2.002671e-87	5.814599e-80	-1.065614e-08
1.964637e-02	9.131728e-18	1.970929e-17	-1.446109e-17	5.242433e-77	2.026608e-87	1.144812e-80	4.049939e-09
1.962709e-02	1.881396e-17	1.084376e-17	1.009189e-17	4.794442e-77	1.873950e-87	2.431627e-80	-1.143590e-08
1.960784e-02	3.283944e-17	7.830906e-19	-4.316720e-17	5.331345e-77	1.585698e-87	7.010447e-81	1.737234e-08
1.958864e-02	2.319903e-17	1.089282e-17	4.105806e-18	2.776444e-77	1.259173e-87	3.023706e-80	-3.333145e-09
1.956947e-02	2.246593e-18	8.364485e-18	-4.490698e-17	1.754468e-77	9.536181e-88	6.473944e-81	-1.039011e-08
1.955034e-02	4.652115e-18	1.005732e-17	-4.283208e-17	2.107019e-77	5.878154e-88	1.307919e-80	1.487207e-09
1.953125e-02	6.151605e-19	2.354283e-17	-3.290350e-17	1.675063e-77	6.288681e-88	3.658016e-81	3.352761e-09
1.951220e-02	-1.102491e-18	2.217961e-17	-1.279603e-17	2.862861e-78	6.179150e-88	-1.556596e-80	-7.091883e-09
1.949318e-02	1.149349e-17	1.386838e-17	-3.110571e-17	6.788818e-78	4.224233e-88	-4.144319e-80	7.853698e-09
1.947420e-02	7.321220e-18	2.184345e-17	-2.781016e-17	-6.297325e-78	5.538260e-88	-4.204449e-80	1.124145e-09
1.945525e-02	2.945444e-18	3.282595e-17	1.007569e-17	-1.952780e-77	2.920780e-88	-4.653414e-80	-7.508902e-09
1.943635e-02	1.335939e-17	4.435658e-17	-3.313595e-17	-2.578120e-77	5.972773e-88	-5.952145e-80	4.514111e-09
1.941748e-02	2.865594e-17	3.681036e-17	-1.024991e-17	-1.785764e-77	4.209427e-88	-3.257308e-80	-3.769074e-10
1.939864e-02	4.525591e-17	4.219844e-17	-1.985974e-17	-1.261072e-77	4.444983e-88	-1.529588e-80	5.286955e-09
1.937984e-02	3.846146e-17	3.622594e-17	2.915772e-17	-1.158165e-77	6.025186e-88	-1.437788e-80	-2.648608e-09
1.936108e-02	2.282479e-17	4.724816e-17	1.491855e-17	-1.412130e-77	5.529684e-88	-1.064827e-80	-4.549274e-09
1.934236e-02	1.076682e-17	4.253678e-17	-1.062713e-17	-7.397680e-78	4.439052e-88	-3.114296e-81	-3.798405e-09
1.932367e-02	2.484274e-17	2.912230e-17	1.756353e-17	-4.808417e-78	7.590282e-88	-2.105092e-80	6.089209e-09
1.930502e-02	2.903778e-17	3.955491e-17	-4.816067e-17	-3.110085e-78	9.315816e-88	-2.015829e-80	-1.525245e-09
1.928640e-02	1.482567e-17	4.236035e-17	2.850649e-17	4.808901e-78	4.773465e-88	-2.712599e-80	3.820478e-09
1.926782e-02	3.741779e-17	5.402624e-17	-5.202273e-18	1.832471e-77	6.247181e-88	-3.555218e-80	7.655700e-10
1.924928e-02	4.748320e-17	3.959477e-17	3.043762e-18	-1.104997e-79	1.118069e-87	-4.470736e-80	1.265626e-08
1.923077e-02	5.131719e-17	5.464709e-17	-3.030914e-17	-6.792354e-78	1.179206e-87	-5.826201e-80	-3.074092e-09
1.921230e-02	4.685284e-17	7.310620e-17	-1.792755e-17	2.644444e-78	1.077867e-87	-8.610674e-80	-1.039502e-08
1.919386e-02	2.322210e-17	6.572959e-17	-1.411902e-18	-3.216111e-78	1.546171e-87	-7.068153e-80	-2.314445e-09
1.917546e-02	3.451249e-17	5.287989e-17	-5.048181e-17	4.490853e-79	1.918281e-87	-8.118768e-80	7.729632e-10
1.915709e-02	3.095740e-17	6.143326e-17	8.867961e-18	-2.308334e-79	1.698043e-87	-9.977855e-80	4.646677e-09
1.913876e-02	5.086454e-17	4.604725e-17	-1.794714e-17	1.658189e-80	1.398875e-87	-7.465369e-80	-3.879652e-09
1.912046e-02	5.181953e-17	3.338095e-17	3.207883e-19	6.209253e-78	2.170607e-87	-6.662867e-80	2.332249e-09
1.910220e-02	6.094688e-17	2.495578e-17	-1.541898e-17	5.400177e-78	2.314163e-87	-6.321559e-80	-4.673420e-09
1.908397e-02	6.054804e-17	2.500373e-17	1.581108e-18	6.328480e-78	2.541079e-87	-7.094171e-80	-2.731372e-09
1.906578e-02	4.746985e-17	1.857128e-17	-1.350086e-17	1.604041e-77	2.043940e-87	-1.105835e-79	1.172823e-09
1.904762e-02	5.557268e-17	1.527539e-17	5.519741e-18	1.225755e-77	1.822351e-87	-1.035188e-79	5.483614e-09
1.902950e-02	4.965607e-17	2.853026e-17	9.657768e-18	2.077866e-77	-2.525339e-87	-1.173877e-79	-3.924331e-09
1.901141e-02	5.021674e-17	2.084186e-17	-3.025134e-17	2.684690e-77	-2.620245e-86	-1.137412e-79	-1.179541e-09
1.899335e-02	3.671142e-17	8.196214e-18	-9.534338e-18	2.769923e-77	-8.874815e-86	-1.370369e-79	7.090706e-09
1.897533e-02	5.529386e-17	1.528028e-17	-3.128208e-17	4.825135e-77	-2.685959e-85	-1.271183e-79	2.368060e-09
1.895735e-02	6.634846e-17	4.013449e-17	1.118822e-17	3.471519e-77	-4.368712e-85	-1.149752e-79	-5.931389e-09
1.893939e-02	7.076127e-17	3.550756e-17	-1.696110e-17	4.378899e-77	-6.727855e-85	-1.354643e-79	-1.188528e-09
1.892148e-02	7.391278e-17	4.910532e-17	-1.467783e-17	3.844089e-77	-8.736710e-85	-1.223066e-79	3.572339e-09
1.890359e-02	6.790124e-17	4.993181e-17	9.977154e-17	4.136374e-77	-1.084322e-82	-1.042455e-79	-3.181424e-09
1.888574e-02	6.054570e-17	4.840690e-17	-3.664617e-17	5.499019e-77	-9.661609e-83	-9.458893e-80	-1.593720e-09
1.886792e-02	4.530874e-17	4.584656e-17	7.069676e-18	4.012738e-77	-7.340072e-83	-9.194116e-80	3.991829e-10
1.885014e-02	4.857427e-17	3.958580e-17	3.983982e-17	4.034427e-77	-2.462556e-83	-8.929910e-80	7.998729e-10
1.883239e-02	3.982587e-17	3.123294e-17	-2.400424e-18	2.996891e-77	1.960155e-83	-8.725200e-80	3.606216e-09
1.881468e-02	2.659309e-17	4.446931e-17	-6.023827e-18	2.658104e-77	8.010991e-83	-8.343522e-80	-2.007228e-09
1.879699e-02	4.103499e-17	4.825916e-17	8.992373e-18	1.568646e-77	1.336128e-82	-6.848168e-80	6.033019e-09
1.877934e-02	4.939867e-17	3.056257e-17	-3.951104e-17	1.203047e-77	1.920261e-82	-6.298345e-80	-8.059153e-09
1.876173e-02	3.900750e-17	2.815117e-17	-3.446340e-17	1.828311e-77	2.240587e-82	-5.229215e-80	-0.000000e+00
1.874414e-02	5.844376e-17	2.953358e-17	-8.711564e-18	2.083339e-77	2.912050e-82	-3.891806e-80	5.662616e-09
1.872659e-02	5.396725e-17	3.897044e-17	-1.656617e-17	2.803920e-77	3.017026e-82	-4.008550e-80	-4.052310e-09
1.870907e-02	4.086659e-17	2.833708e-17	-6.082150e-17	3.003067e-77	3.017722e-82	-3.013852e-80	-5.277873e-09
1.869159e-02	4.141834e-17	4.650639e-17	1.639104e-17	2.925374e-77	4.005064e-82	-4.101219e-80	5.287752e-09
1.867414e-02	3.968052e-17	5.524047e-17	2.040265e-17	3.632982e-77	4.613907e-82	-4.544263e-80	-8.150217e-10
1.865672e-02	4.802996e-17	6.210752e-17	-1.186863e-18	3.924868e-77	4.752932e-82	-4.764611e-80	-4.082722e-09
1.863933e-02	3.199545e-17	5.975323e-17	-2.772800e-17	5.824732e-77	4.527036e-82	-4.496040e-80	-2.454205e-09
1.862197e-02	2.978185e-17	7.217444e-17	-5.595667e-17	6.152470e-77	3.639690e-82	-4.517059e-80	1.639188e-09
1.860465e-02	5.626756e-18	6.556639e-17	1.943068e-18	5.507947e-77	2.967403e-82	-4.196072e-80	1.067457e-08
1.858736e-02	4.943481e-18	7.264895e-17	-6.955936e-18	3.620325e-77	2.761645e-82	-3.033287e-80	-6.581195e-09
1.857010e-02	4.623893e-18	6.056007e-17	-5.474340e-17	2.814236e-77	2.783590e-82	-3.692983e-80	5.357164e-09
1.855288e-02	4.088607e-18	4.178195e-17	5.283317e-18	1.978487e-77	2.446554e-82	-2.705956e-80	-4.128552e-10
1.853568e-02	-1.311768e-17	4.164740e-17	-4.530827e-17	1.489629e-77	2.401145e-82	-1.959613e-80	1.654486e-09
1.851852e-02	-1.513015e-17	4.286879e-17	-2.986896e-17	-1.417291e-78	2.940425e-82	-2.034983e-80	-9.530936e-09
1.850139e-02	4.611905e-18	3.373031e-17	-2.534983e-18	1.511019e-78	2.829226e-82	-2.140730e-80	4.566719e-09
1.848429e-02	-5.919429e-18	3.074415e-17	-1.247776e-17	1.279347e-78	2.273591e-82	-2.286700e-80	8.318494e-10
1.846722e-02	-1.515551e-17	3.025202e-17	-2.627727e-17	1.843896e-77	1.999840e-82	-2.393608e-80	7.500490e-09
1.845018e-02	3.390832e-18	1.481925e-17	2.699406e-17	2.317726e-77	1.754979e-82	-2.447736e-80	-5.844493e-09
1.843318e-02	-4.774074e-18	2.114336e-17	9.606031e-19	3.353505e-77	1.604382e-82	-2.634773e-80	8.364687e-09
1.841621e-02	8.001441e-18	1.861652e-17	-2.689777e-17	3.301902e-77	1.057567e-82	-2.240317e-80	4.190056e-10
1.839926e-02	3.955846e-18	2.764086e-17	-3.726559e-17	8.520611e-78	1.064618e-82	-1.484522e-80	-1.175377e-08
1.838235e-02	-2.505463e-18	1.790258e-17	-2.012225e-17	2.690404e-77	7.712409e-83	-1.074932e-80	2.102752e-09
1.836547e-02	1.443892e-17	1.346426e-17	-2.733897e-17	4.633415e-77	5.625419e-83	-1.052641e-80	-7.583828e-09
1.834862e-02	1.970088e-17	1.495120e-17	-6.248460e-17	5.282004e-77	4.894579e-83	-1.805890e-81	5.065175e-09
1.833181e-02	1.923811e-17	1.936147e-17	-2.641537e-17	3.377291e-77	3.492679e-83	-5.199808e-81	1.691491e-09
1.831502e-02	3.338304e-17	3.348845e-17	-4.447889e-17	8.000111e-77	2.238477e-83	-2.779509e-81	5.931076e-09
1.829826e-02	1.192005e-17	2.614852e-17	3.071175e-17	3.794681e-77	2.081814e-83	7.338566e-82	-5.093095e-09
1.828154e-02	-9.571670e-18	3.170608e-17	-1.258894e-17	8.862153e-77	2.064958e-84	1.683503e-80	-1.020484e-08
1.826484e-02	-1.255257e-17	3.337375e-17	2.949003e-17	1.350192e-76	-2.584127e-83	2.640194e-80	1.277938e-08
1.824818e-02	-2.044954e-17	2.834403e-17	3.373617e-17	1.180393e-76	-5.864143e-83	2.964411e-80	-9.388668e-09
1.823154e-02	-2.630483e-17	8.409924e-18	-2.671000e-17	1.344536e-76	-9.843501e-83	2.652005e-80	8.550735e-10
1.821494e-02	-2.679363e-17	-9.458184e-19	9.018123e-18	8.535807e-77	-1.451604e-82	2.161539e-80	1.713266e-09
1.819836e-02	-4.593007e-17	2.416600e-17	7.146553e-18	7.839097e-77	-1.919289e-82	2.168940e-80	-4.290971e-10
1.818182e-02	-3.730649e-17	1.226421e-17	-2.817621e-17	8.613332e-77	-2.115507e-82	2.073884e-80	-2.149392e-09
1.816530e-02	-3.108546e-17	2.446250e-18	-7.066911e-17	5.466166e-77	-3.634474e-82	2.269723e-80	-3.014622e-09
1.814882e-02	-1.772467e-17	-3.600838e-18	3.670797e-17	-1.214333e-77	-3.122334e-82	6.251339e-81	1.510050e-08
1.813237e-02	-4.026336e-17	-1.818172e-18	-1.895789e-17	2.161633e-79	-5.475233e-82	5.750473e-81	1.728905e-09
1.811594e-02	-2.689168e-17	-1.356265e-17	-4.851249e-17	-4.642146e-77	-5.907553e-82	5.882263e-81	-1.212429e-08
1.809955e-02	-2.808395e-17	-1.282508e-17	-4.873861e-17	-4.290367e-77	-7.507878e-82	2.048861e-80	3.036567e-09
1.808318e-02	-5.299842e-17	-9.421687e-18	-1.373833e-17	5.387718e-79	-6.569867e-82	2.778396e-80	-0.000000e+00
1.806685e-02	-6.561442e-17	4.459224e-18	-3.382253e-17	-6.248352e-78	-7.808478e-82	3.232321e-80	-6.530504e-09
1.805054e-02	-6.443204e-17	9.533608e-18	5.340373e-19	1.054296e-77	-1.396966e-81	3.592377e-80	7.850770e-09
1.803427e-02	-3.158241e-17	4.706672e-18	-6.201907e-18	-9.247839e-78	-1.936805e-81	5.858716e-80	1.310825e-09
1.801802e-02	-2.649812e-17	-1.153641e-18	-1.011628e-17	-6.782942e-77	-1.796597e-81	8.398282e-80	-1.006779e-08
1.800180e-02	-3.827894e-17	1.829026e-17	-2.139998e-17	-4.942855e-77	-2.720365e-81	1.020893e-79	1.315557e-08
1.798561e-02	-4.304156e-17	1.308362e-17	-2.561157e-17	-5.679929e-77	-2.844313e-81	1.106364e-79	-2.635852e-09
1.796945e-02	-4.560996e-17	-3.540467e-18	-5.712688e-17	-4.436583e-77	-3.002065e-81	1.089366e-79	-2.640595e-09
1.795332e-02	-1.683883e-17	-3.119803e-18	-1.258583e-17	-4.214957e-77	-3.248746e-81	1.832815e-79	-1.014048e-08
1.793722e-02	-1.041437e-17	-1.701478e-17	-3.602329e-17	-6.505358e-77	-3.628519e-81	2.279413e-79	1.722561e-08
1.792115e-02	-8.327828e-19	-5.359458e-18	-2.272786e-17	-5.745502e-77	-3.777442e-81	2.759376e-79	-5.752173e-09
1.790510e-02	-4.435554e-19	8.233069e-18	2.209008e-17	-2.967524e-77	-3.927197e-81	2.655919e-79	-5.762486e-09
1.788909e-02	2.800442e-17	-1.228369e-17	-5.276365e-17	-3.781340e-77	-3.817117e-81	2.626577e-79	4.440622e-09
1.787310e-02	3.231041e-17	9.896744e-18	-3.258000e-17	-1.944507e-77	-4.519423e-81	2.888419e-79	-1.779428e-09
1.785714e-02	2.688367e-17	6.911570e-18	-2.342961e-17	5.052319e-78	-3.929347e-81	3.031152e-79	-2.673914e-09
1.784121e-02	3.485788e-17	1.591934e-17	-7.518129e-18	3.692625e-77	-4.353874e-81	3.833609e-79	6.250280e-09
1.782531e-02	3.787260e-17	3.549066e-17	-3.151369e-18	6.803435e-77	-3.977970e-81	3.469234e-79	-7.603172e-09
1.780944e-02	1.074018e-17	3.727895e-17	-2.633378e-17	9.435458e-77	-3.567586e-81	3.573984e-79	4.928473e-09
1.779359e-02	1.463682e-17	5.699598e-17	-4.595350e-17	1.047835e-76	-3.260458e-81	3.218575e-79	9.874509e-09
1.777778e-02	2.255190e-17	4.401721e-17	-1.699663e-17	9.990777e-77	-2.979136e-81	2.971361e-79	-1.303957e-08
1.776199e-02	3.016439e-17	7.833227e-17	-4.475803e-17	1.519387e-76	-3.017407e-81	2.946571e-79	4.954840e-09
1.774623e-02	3.103174e-17	6.202642e-17	-5.895620e-18	1.269694e-76	-4.008274e-81	2.970406e-79	-2.256202e-09
1.773050e-02	1.027557e-17	6.698937e-17	-4.195239e-17	9.724461e-77	-3.779330e-81	3.018041e-79	5.876541e-09
1.771479e-02	2.809145e-17	6.406115e-17	-1.841135e-17	9.395694e-77	-4.609195e-81	3.029953e-79	2.717061e-09
1.769912e-02	6.478640e-19	6.896511e-17	-1.183210e-17	8.916994e-77	-4.244325e-81	3.010223e-79	-4.082814e-09
1.768347e-02	2.018995e-18	5.193573e-17	-2.889317e-17	8.951515e-77	-3.488566e-81	2.764370e-79	-9.543435e-09
1.766784e-02	1.064137e-17	5.259705e-17	2.211532e-17	1.025399e-76	-3.080036e-81	2.630730e-79	1.001557e-08
1.765225e-02	7.167119e-18	5.613909e-17	-5.926520e-19	1.183864e-76	-3.471794e-81	2.692893e-79	-5.016637e-09
1.763668e-02	5.824556e-18	4.624102e-17	-1.760677e-17	9.197956e-77	-4.188316e-81	2.549091e-79	-5.939224e-09
1.762115e-02	-2.080382e-19	4.868269e-17	-6.888479e-17	8.885890e-77	-4.720161e-81	2.386951e-79	1.830678e-09
1.760563e-02	4.644563e-19	5.585107e-17	-3.896948e-17	7.647972e-77	-4.662941e-81	2.108559e-79	-0.000000e+00
1.759015e-02	-5.096036e-18	5.944997e-17	-1.943866e-17	6.950366e-77	-4.391651e-81	2.509083e-79	5.511406e-09
1.757469e-02	-2.563061e-17	6.243510e-17	1.077751e-17	6.122205e-77	-5.314116e-81	2.333514e-79	-4.600921e-10
1.755926e-02	-2.875545e-17	6.043657e-17	-3.782239e-17	4.694903e-77	-4.877922e-81	2.015314e-79	-5.991713e-09
1.754386e-02	-1.446631e-17	5.711248e-17	3.074797e-18	3.731289e-77	-5.735462e-81	1.773057e-79	-0.000000e+00
1.752848e-02	-2.854988e-17	6.509175e-17	-1.965659e-17	4.669437e-77	-6.853341e-81	4.861233e-80	6.475295e-09
1.751313e-02	-4.823038e-17	7.499516e-17	1.032215e-17	4.098133e-77	-6.664956e-81	-1.244199e-80	9.266643e-10
1.749781e-02	-3.024339e-17	6.489455e-17	-2.761951e-17	1.932516e-77	-6.973193e-81	2.417327e-81	-4.641439e-09
1.748252e-02	-3.535562e-17	4.581084e-17	3.909199e-17	2.454626e-77	-5.191811e-81	-2.013412e-81	9.299129e-10
1.746725e-02	-5.360745e-17	4.740978e-17	-1.293541e-17	-8.135882e-78	-5.276819e-81	-3.211158e-81	9.315393e-10
1.745201e-02	-6.153954e-17	4.709581e-17	-4.493774e-17	1.806559e-77	-5.303252e-81	-2.062005e-80	-3.732669e-09
1.743679e-02	-7.991297e-17	5.096987e-17	-2.735785e-17	9.222764e-78	-4.799547e-81	-1.259729e-80	5.608779e-09
1.742160e-02	-4.743569e-17	5.096413e-17	-4.219552e-17	2.463287e-77	-4.853008e-81	-8.741680e-81	-9.364271e-10
1.740644e-02	-5.491958e-17	5.762410e-17	-1.936902e-17	2.746547e-77	-4.356607e-81	-9.736423e-81	-6.566415e-09
1.739130e-02	-6.414566e-17	4.618835e-17	9.433270e-18	1.228759e-77	-3.557133e-81	-1.439024e-80	2.819078e-09
1.737619e-02	-6.356332e-17	4.353139e-17	-4.062174e-17	9.349741e-78	-4.555049e-81	-1.850488e-80	6.118630e-09
1.736111e-02	-8.893742e-17	3.922968e-17	-7.756813e-17	2.889055e-77	-4.971165e-82	-3.655734e-80	-5.186303e-09
1.734605e-02	-9.346945e-17	5.220015e-17	-3.446265e-17	5.541381e-77	-2.017259e-81	-3.926042e-80	7.084514e-09
1.733102e-02	-9.701528e-17	4.893771e-17	-8.191147e-18	3.125092e-77	-6.170592e-82	-3.182347e-80	-5.204326e-09
1.731602e-02	-1.007589e-16	3.490313e-17	-4.655862e-17	1.757017e-77	-1.394359e-81	-3.520418e-80	9.478818e-10
1.730104e-02	-1.074470e-16	4.922332e-17	1.518835e-17	1.972897e-77	1.981561e-81	-3.483778e-80	-9.495238e-09
1.728608e-02	-1.363836e-16	4.182740e-17	-2.876341e-17	2.586278e-77	1.632578e-81	-2.674357e-80	1.236518e-08
1.727116e-02	-9.589366e-17	2.865583e-17	-4.240369e-17	1.021761e-77	1.040284e-81	-2.044353e-80	-1.572140e-08
1.725626e-02	-7.405609e-17	6.514600e-18	-1.786630e-17	1.349204e-77	5.661421e-82	-1.124378e-80	2.338423e-08
1.724138e-02	-5.967520e-17	1.778107e-18	8.556083e-18	1.634684e-77	8.696036e-83	-1.310489e-80	-1.051717e-08
1.722653e-02	-3.810646e-17	1.069612e-17	-5.248850e-17	4.115897e-77	3.783726e-81	-1.027974e-80	-0.000000e+00
1.721170e-02	-4.205160e-17	-9.161043e-18	-2.917290e-17	2.877534e-77	3.723755e-81	-7.516259e-81	3.837624e-09
1.719690e-02	-3.074143e-17	-1.321780e-17	-2.310299e-17	3.291297e-77	4.119731e-81	-1.522528e-80	-0.000000e+00
1.718213e-02	-8.110148e-18	-2.034146e-17	-2.582124e-17	5.410171e-77	3.911893e-81	-1.529815e-80	-6.738981e-09
1.716738e-02	-2.684286e-17	-9.750219e-18	-1.193520e-17	2.179069e-77	4.020568e-81	-1.686855e-80	3.857465e-09
1.715266e-02	-3.298110e-17	-1.068380e-17	-4.098013e-17	3.154188e-77	1.873719e-81	-2.378464e-80	1.255829e-08
1.713796e-02	-1.874264e-17	1.317399e-17	-1.643922e-17	9.133446e-77	1.884655e-81	-2.455464e-80	-2.419201e-08
1.712329e-02	-1.729049e-17	1.528760e-18	7.740865e-19	1.045490e-76	9.559851e-82	-3.188863e-80	1.454009e-08
1.710864e-02	-1.723556e-17	-2.439318e-17	-1.868124e-17	1.632102e-76	2.703725e-82	-5.015702e-80	-4.369500e-09
1.709402e-02	-2.335269e-17	-1.610283e-17	-6.622137e-18	1.863644e-76	-1.734827e-81	-8.406662e-80	-3.404317e-09
1.707942e-02	-1.194306e-17	-1.133955e-17	3.047957e-17	1.766359e-76	-4.032226e-81	-8.745732e-80	1.364055e-08
1.706485e-02	-2.990324e-17	2.141037e-18	8.756118e-18	1.434662e-76	-6.188923e-81	-9.022875e-80	-2.927970e-09
1.705030e-02	-3.559649e-17	-9.650918e-18	-9.245805e-18	1.659304e-76	-6.901869e-81	-1.283671e-79	-1.026539e-08
1.703578e-02	-3.163301e-17	-2.778240e-17	-2.471862e-17	1.745834e-76	-5.237914e-81	-1.366680e-79	5.875944e-09
1.702128e-02	-4.894188e-17	-2.430840e-17	-4.484924e-17	1.223867e-76	-7.619643e-81	-1.976043e-79	-2.452483e-09
1.700680e-02	-5.868766e-17	-3.512847e-17	-1.352295e-17	1.012091e-76	-7.467783e-81	-2.784921e-79	1.965327e-09
1.699235e-02	-5.150329e-17	-3.695327e-17	-8.572346e-18	1.092125e-76	-9.656449e-81	-3.425643e-79	-4.921677e-10
1.697793e-02	-4.160739e-17	-2.458839e-17	1.769486e-18	8.849923e-77	-8.117163e-81	-3.766768e-79	3.451031e-09
1.696353e-02	-3.913994e-17	-3.294266e-17	2.957453e-17	9.981374e-77	-6.706734e-81	-3.801271e-79	4.938418e-10
1.694915e-02	-2.531383e-17	-2.872729e-17	-2.218234e-17	1.014187e-77	-6.121122e-81	-3.983769e-79	-5.441478e-09
1.693480e-02	-3.701591e-17	-9.467676e-18	1.621628e-18	7.894987e-79	-5.462957e-81	-3.778720e-79	4.955186e-09
1.692047e-02	-5.057765e-17	-1.849385e-17	-3.834701e-17	5.720808e-77	-5.185764e-81	-3.940826e-79	-8.934447e-09
1.690617e-02	-5.857430e-17	-5.188461e-18	-1.880027e-17	2.871596e-77	-5.095851e-81	-4.204616e-79	-1.988793e-09
1.689189e-02	-3.199242e-17	-1.234601e-17	3.932334e-18	3.523193e-77	-5.276523e-81	-4.150503e-79	1.195294e-08
1.687764e-02	-4.891601e-17	-6.147620e-18	-1.648601e-17	3.911079e-77	-4.927308e-81	-4.197714e-79	-7.483214e-09
1.686341e-02	-7.618197e-17	-3.453178e-18	3.058677e-17	4.914515e-77	-4.671861e-81	-4.161481e-79	2.998340e-09
1.684920e-02	-6.923556e-17	5.092787e-18	8.116744e-18	6.201493e-77	-4.529616e-81	-4.450065e-79	1.301472e-08
1.683502e-02	-5.742353e-17	5.449393e-19	-2.180852e-17	9.196220e-77	-4.443246e-81	-4.986994e-79	-1.153243e-08
1.682086e-02	-5.137504e-17	8.241341e-18	-5.175138e-17	9.743834e-77	-4.420979e-81	-5.547134e-79	-9.040583e-09
1.680672e-02	-4.052170e-17	-8.764272e-19	-2.873237e-17	9.698743e-77	-4.309142e-81	-5.507243e-79	3.521698e-09
1.679261e-02	-1.401341e-17	-1.199695e-17	1.817516e-17	1.122827e-76	-4.214643e-81	-6.509635e-79	5.039457e-10
1.677852e-02	-2.470935e-17	-1.695594e-17	-4.155754e-17	9.079057e-77	-4.070872e-81	-6.249359e-79	1.514377e-09
1.676446e-02	-2.814527e-17	-1.429863e-17	-4.884263e-17	1.116196e-76	-3.777916e-81	-6.051709e-79	-4.045117e-09
1.675042e-02	-3.345776e-17	-2.102475e-17	2.133303e-18	1.106382e-76	-3.505453e-81	-5.896039e-79	-2.532438e-09
1.673640e-02	-2.971515e-17	-3.812924e-17	-3.847238e-18	6.638447e-77	-3.210039e-81	-5.262004e-79	-5.073364e-09
1.672241e-02	-3.306994e-17	-3.421471e-17	-5.032661e-17	3.377825e-77	-2.900088e-81	-5.351323e-79	1.524558e-08
1.670844e-02	-2.759240e-17	-4.224208e-17	-3.656382e-17	7.799150e-77	-2.833911e-81	-5.419657e-79	-1.170783e-08
1.669449e-02	-2.087112e-17	-3.553733e-17	-1.884652e-17	4.319843e-77	-2.639121e-81	-5.590894e-79	3.569208e-09
1.668057e-02	-2.444031e-18	-2.795444e-17	-3.137115e-17	6.873563e-77	-2.599417e-81	-5.627228e-79	3.064431e-09
1.666667e-02	-9.493536e-18	-2.881306e-17	7.469069e-18	6.525558e-77	-2.840509e-81	-4.595924e-79	-1.330136e-08
1.665279e-02	-2.809589e-17	-2.947351e-17	-2.859156e-17	1.256429e-76	-2.578850e-81	-4.662878e-79	1.742309e-08
1.663894e-02	-3.155104e-17	-3.747021e-17	-2.006750e-17	1.433487e-76	-2.338457e-81	-3.085070e-79	5.132975e-09
1.662510e-02	-4.778163e-17	-1.351764e-17	-2.324204e-17	8.368561e-77	-1.956930e-81	-3.262548e-79	-1.079719e-08
1.661130e-02	-7.029239e-17	-9.433113e-18	-2.812542e-17	6.802147e-77	-2.022403e-81	-3.058614e-79	-1.545021e-09
1.659751e-02	-7.001207e-17	-3.699236e-18	5.016468e-18	3.502760e-77	-1.768617e-81	-2.345011e-79	-0.000000e+00
1.658375e-02	-4.038901e-17	-5.575189e-18	-2.515383e-17	3.205938e-77	-1.308391e-81	-2.269524e-79	4.133756e-09
1.657001e-02	-3.793921e-17	-7.602331e-18	1.964656e-17	-2.576623e-77	-1.537926e-81	-2.037225e-79	7.246074e-09
1.655629e-02	-2.463903e-17	-4.184597e-18	9.333558e-18	-5.668231e-77	-1.476482e-81	-1.789085e-79	-7.258086e-09
1.654260e-02	-4.110443e-17	-1.499901e-18	-3.019293e-17	-7.895279e-77	-1.124005e-81	-2.575789e-79	3.635054e-09
1.652893e-02	-5.860517e-17	-2.517212e-18	-6.108490e-17	9.164700e-78	-1.119691e-81	-1.792102e-79	5.201528e-09
1.651528e-02	-4.766035e-17	-1.187099e-17	-3.121289e-17	8.833234e-77	3.267160e-84	-1.146586e-79	-6.773168e-09
1.650165e-02	-5.896467e-17	6.665252e-18	-2.426722e-17	8.184259e-77	-1.085835e-81	-9.358425e-80	-2.087495e-09
1.648805e-02	-6.877483e-17	4.529335e-18	6.056624e-19	7.767766e-77	-1.649059e-81	-1.060357e-79	-3.136412e-09
1.647446e-02	-6.917065e-17	-4.957661e-18	-6.881370e-17	-1.109543e-77	-1.531612e-81	-1.171700e-79	6.806768e-09
1.646091e-02	-6.262199e-17	-5.242513e-18	-4.311638e-17	-6.043633e-77	-2.333906e-81	-1.061909e-79	1.048921e-09
1.644737e-02	-8.615044e-17	6.440196e-18	-6.576635e-18	-2.533688e-77	-2.205980e-81	-1.257060e-79	-2.626621e-09
1.643385e-02	-9.347439e-17	1.971272e-17	-9.074920e-17	-3.479442e-77	-2.052085e-81	-1.091438e-79	-1.262852e-08
1.642036e-02	-9.869471e-17	1.270426e-17	-7.196758e-18	-2.129451e-78	-1.412300e-81	-9.290124e-80	1.264929e-08
1.640689e-02	-1.095054e-16	-6.338343e-18	-2.912646e-17	-6.234890e-77	-9.112863e-82	-8.998138e-80	-4.223355e-09
1.639344e-02	-9.943437e-17	-5.541222e-18	-4.916003e-17	-5.920392e-77	-6.743178e-82	-7.491447e-80	5.287859e-09
1.638002e-02	-9.232107e-17	-2.674676e-17	-3.058568e-17	-1.319602e-78	-2.131721e-82	-7.909650e-80	-7.944797e-09
1.636661e-02	-1.095549e-16	-2.321755e-17	-2.580178e-17	5.145988e-77	3.284266e-82	-8.070494e-80	5.835732e-09
1.635323e-02	-1.299777e-16	-1.746733e-17	-1.619818e-17	5.368239e-77	4.776923e-82	-9.989934e-80	7.439456e-09
1.633987e-02	-1.105892e-16	-2.579569e-17	-2.094677e-17	8.982508e-77	5.829125e-82	-1.089268e-79	-6.387108e-09
1.632653e-02	-1.013954e-16	-2.501666e-17	-1.389310e-17	-4.256652e-78	7.678624e-82	-1.391116e-79	-1.599387e-09
1.631321e-02	-9.145762e-17	-1.308078e-17	-2.648909e-17	2.777141e-77	9.149887e-82	-1.825640e-79	-2.669999e-09
1.629992e-02	-8.218460e-17	-1.365248e-17	-1.059618e-17	3.752258e-77	9.670762e-82	-2.124954e-79	1.069743e-09
1.628664e-02	-1.152366e-16	-9.158793e-18	-1.767656e-17	3.893846e-77	1.423113e-81	-2.155682e-79	2.678718e-09
1.627339e-02	-1.176879e-16	-5.304589e-18	-4.231153e-17	4.532406e-77	1.720996e-81	-2.369480e-79	5.366164e-10
1.626016e-02	-9.767166e-17	1.022715e-19	2.482823e-18	1.996819e-77	2.056058e-81	-2.573105e-79	-4.299920e-09
1.624695e-02	-1.050154e-16	2.328782e-17	-2.956308e-17	3.754396e-77	1.695110e-81	-2.880553e-79	4.845279e-09
1.623377e-02	-1.146172e-16	3.901785e-17	-9.326036e-18	5.926536e-77	2.213730e-81	-2.842628e-79	-5.931633e-09
1.622060e-02	-9.877262e-17	8.261918e-18	7.605230e-18	7.241501e-77	2.008304e-81	-2.439333e-79	4.320921e-09
1.620746e-02	-1.063286e-16	7.047569e-18	-2.725278e-17	5.715792e-77	2.636488e-81	-2.484383e-79	5.409916e-09
1.619433e-02	-9.374076e-17	1.156509e-17	-3.386928e-17	1.365607e-78	2.463819e-81	-2.816700e-79	-2.275849e-08
1.618123e-02	-7.274331e-17	1.297701e-17	-5.763983e-17	-7.358006e-77	2.552182e-81	-4.228116e-79	2.279536e-08
1.616815e-02	-6.366633e-17	2.214752e-17	-7.051028e-17	-1.129573e-76	3.238009e-81	-4.441055e-79	-4.349002e-09
1.615509e-02	-7.597433e-17	4.050298e-17	-8.276962e-17	-3.840726e-77	3.079726e-81	-4.649023e-79	2.178018e-09
1.614205e-02	-5.761614e-17	3.134526e-17	-5.073524e-17	-2.565153e-77	3.783072e-81	-4.710044e-79	5.453845e-09
1.612903e-02	-4.316809e-17	2.820123e-17	-4.220365e-17	-4.113925e-77	4.228047e-81	-4.454484e-79	-7.647714e-09
1.611604e-02	-3.605102e-17	3.530149e-17	-1.652107e-17	2.274252e-77	4.744554e-81	-3.819281e-79	-6.018614e-09
1.610306e-02	-3.404998e-17	3.291927e-17	-7.105536e-17	4.184532e-78	5.034845e-81	-3.878727e-79	1.589284e-08
1.609010e-02	-4.994237e-17	1.366683e-17	-5.540110e-17	1.808315e-77	4.331123e-81	-3.527351e-79	-7.684763e-09
1.607717e-02	-5.472018e-17	1.682211e-17	-6.632010e-17	-1.690820e-77	5.008271e-81	-3.471265e-79	3.298771e-09
1.606426e-02	-4.366716e-17	8.648201e-18	-4.378767e-17	-3.747595e-77	4.543163e-81	-3.917002e-79	3.854757e-09
1.605136e-02	-4.435889e-17	1.655088e-17	-3.054740e-17	-4.584555e-77	4.647150e-81	-4.990602e-79	-1.268598e-08
1.603849e-02	-2.537922e-17	3.003562e-17	-1.816581e-17	-2.776043e-77	3.890519e-81	-3.907492e-79	3.314701e-09
1.602564e-02	-2.594031e-17	3.262988e-17	-1.108055e-17	5.286679e-77	3.833147e-81	-4.443967e-79	7.193375e-09
1.601281e-02	-3.468354e-17	2.099798e-17	6.320357e-18	6.219297e-77	2.989574e-81	-4.785793e-79	-1.496404e-08
1.600000e-02	-3.101764e-17	1.762581e-17	-2.765366e-17	9.210043e-77	4.095810e-81	-4.271745e-79	2.775558e-09
1.598721e-02	-2.273896e-17	1.500316e-17	-1.265264e-18	9.457245e-77	4.425190e-81	-4.586983e-79	-1.668000e-09
1.597444e-02	-3.501507e-17	-2.502483e-19	-3.488027e-17	6.153503e-77	4.384117e-81	-4.659545e-79	-9.467118e-09
1.596169e-02	-3.333890e-17	-1.293294e-17	-8.815783e-18	-2.655288e-77	4.578482e-81	-4.483878e-79	1.059781e-08
1.594896e-02	-5.203606e-17	-3.897584e-17	-6.993375e-18	-1.317399e-77	4.549868e-81	-3.941983e-79	-1.676010e-09
1.593625e-02	-4.198968e-17	-2.192940e-17	-3.903277e-17	-1.545728e-77	4.397925e-81	-4.063890e-79	5.595613e-10
1.592357e-02	-3.066823e-17	-2.208917e-17	-1.994173e-17	-4.095803e-77	4.067615e-81	-4.681933e-79	-2.241813e-09
1.591090e-02	-4.346088e-17	-1.691510e-17	1.762886e-17	-5.795133e-77	4.256684e-81	-4.083513e-79	-4.490769e-09
1.589825e-02	-3.224022e-17	-1.306578e-17	-3.564667e-17	-8.872196e-77	4.369409e-81	-4.652469e-79	9.558075e-09
1.588562e-02	-2.631678e-17	-1.280412e-17	-2.665145e-17	-9.835705e-77	3.933849e-81	-3.945755e-79	-2.815669e-09
1.587302e-02	-2.678434e-17	-8.546029e-18	-4.317618e-17	1.093552e-77	2.454366e-81	-3.742552e-79	-3.384173e-09
1.586043e-02	-1.345789e-17	-1.843487e-17	-4.722459e-17	-5.502935e-77	1.878762e-81	-3.177751e-79	7.344018e-09
1.584786e-02	-1.265272e-18	-1.591171e-17	-1.901596e-17	-1.580901e-76	1.845958e-81	-2.869323e-79	3.394925e-09
1.583531e-02	7.105716e-18	-7.401022e-18	-3.119217e-17	-1.334337e-76	1.620242e-81	-2.224024e-79	2.833589e-09
1.582278e-02	-1.469364e-17	1.724299e-18	-3.939120e-17	-2.232296e-76	1.447156e-81	-2.235488e-79	-2.270463e-09
1.581028e-02	-1.349983e-17	8.740936e-18	-3.692942e-17	-2.384436e-76	1.524770e-81	-2.765825e-79	-4.548113e-09
1.579779e-02	-1.301922e-17	1.565908e-17	-1.179728e-17	-2.111877e-76	2.636209e-81	-2.320744e-79	9.110613e-09
1.578532e-02	9.722897e-18	1.489911e-17	-5.980866e-17	-1.187227e-76	2.503443e-81	-2.519295e-79	1.140626e-09
1.577287e-02	3.953676e-18	1.062483e-17	-9.960023e-18	-1.123068e-76	2.783100e-81	-2.864760e-79	3.427283e-09
1.576044e-02	2.385076e-17	5.260765e-18	-5.437924e-17	-2.057083e-76	2.927564e-81	-2.779907e-79	-1.601922e-08
1.574803e-02	2.490274e-19	4.345863e-17	2.185091e-19	-1.874683e-76	4.617763e-81	-2.775189e-79	4.584138e-09
1.573564e-02	1.725504e-17	3.452451e-17	-4.659142e-17	-2.271925e-76	4.729979e-81	-2.789945e-79	1.205232e-08
1.572327e-02	3.050175e-17	2.681047e-17	-3.391818e-17	-7.491468e-78	3.187074e-81	-2.315038e-79	-1.666988e-08
1.571092e-02	2.210325e-17	3.514119e-17	-4.610895e-17	1.145660e-76	3.442305e-81	-1.969959e-79	9.211641e-09
1.569859e-02	5.332504e-18	2.079966e-17	-1.138195e-17	2.385144e-78	4.489620e-81	-1.705600e-79	1.441581e-08
1.568627e-02	1.995734e-17	1.688494e-17	-3.627095e-17	3.911231e-77	6.948312e-81	-1.165286e-79	-2.541167e-08
1.567398e-02	-1.276161e-17	3.033443e-17	5.061815e-17	3.018148e-77	5.268403e-81	-1.383566e-79	-1.446111e-08
1.566171e-02	2.494406e-18	3.712764e-17	-3.845719e-17	5.220345e-77	5.750816e-81	-2.027563e-79	2.201535e-08
1.564945e-02	4.427662e-18	3.698464e-17	1.707076e-18	7.281574e-77	5.948273e-81	-2.198743e-79	-2.321036e-09
1.563722e-02	1.206751e-17	3.518687e-17	3.832655e-19	5.926948e-77	4.922784e-81	-1.828575e-79	8.136345e-09
1.562500e-02	-8.223809e-18	4.910739e-17	-1.520702e-17	1.385944e-77	6.838818e-81	-1.750667e-79	-2.328306e-09
1.561280e-02	-3.651087e-18	4.338554e-17	8.209579e-18	1.119026e-76	8.460284e-81	-1.413929e-79	-1.748959e-09
1.560062e-02	-3.334109e-18	3.917083e-17	-2.200348e-17	1.122627e-76	6.927180e-81	-8.111343e-80	-1.167794e-09
1.558846e-02	5.427025e-18	1.748405e-17	-6.700369e-18	1.023523e-76	6.528361e-81	-6.534162e-80	-4.093658e-09
1.557632e-02	2.175051e-17	1.783797e-17	-6.879263e-18	1.285474e-76	5.078420e-81	-9.979146e-80	8.200084e-09
1.556420e-02	1.816226e-17	2.344973e-17	1.589495e-17	5.832902e-77	6.480277e-81	-4.257776e-80	-2.346532e-09
1.555210e-02	1.470905e-17	3.570353e-17	9.974660e-19	1.339915e-76	7.685636e-81	-2.828023e-80	1.233847e-08
1.554002e-02	1.089652e-17	4.874456e-17	8.451898e-18	2.167151e-76	6.964312e-81	-2.019859e-80	-2.530380e-08
1.552795e-02	2.272318e-17	5.683526e-17	-2.468620e-17	2.272760e-76	6.259417e-81	-3.705011e-80	2.062814e-08
1.551590e-02	4.167124e-17	4.837868e-17	-3.510430e-17	1.209401e-76	5.242121e-81	-1.578484e-80	-6.493199e-09
1.550388e-02	3.944162e-17	3.961901e-17	-1.612046e-17	1.904278e-77	4.657739e-81	8.169386e-81	-8.276899e-09
1.549187e-02	4.504419e-17	2.784499e-17	1.036497e-17	5.724780e-77	3.505381e-81	1.714676e-80	7.105488e-09
1.547988e-02	3.713332e-17	3.276868e-17	-4.277828e-17	2.070219e-76	3.506995e-81	3.066024e-80	-3.558250e-09
1.546790e-02	1.709072e-17	3.923004e-17	3.305190e-18	1.395897e-76	3.699890e-81	6.201209e-80	-0.000000e+00
1.545595e-02	6.375389e-18	3.715113e-17	1.165544e-17	1.565075e-76	3.527090e-81	6.205036e-80	-1.308734e-08
1.544402e-02	-7.186554e-20	3.567813e-17	1.850950e-17	1.314874e-76	3.488587e-81	8.972137e-80	3.157735e-08
1.543210e-02	-1.209399e-17	1.663039e-17	-4.225332e-17	1.400691e-76	3.416059e-81	1.143225e-79	-1.372455e-08
1.542020e-02	1.145081e-17	5.968957e-19	-1.979306e-17	1.182849e-76	3.075068e-81	1.422001e-79	-1.195281e-09
1.540832e-02	1.790287e-17	8.343918e-18	4.581703e-18	1.580876e-76	2.963564e-81	1.695212e-79	-0.000000e+00
1.539646e-02	8.532414e-18	-1.148387e-17	6.359252e-18	1.515315e-76	2.941339e-81	2.122845e-79	-5.395367e-09
1.538462e-02	-2.718588e-17	3.732484e-18	9.059627e-18	-2.831370e-77	2.869133e-81	2.505501e-79	6.004086e-10
1.537279e-02	-2.090302e-17	8.947406e-18	1.147736e-17	-1.388491e-76	2.949947e-81	3.203186e-79	1.202665e-08
1.536098e-02	-2.920475e-17	1.922158e-17	-1.706859e-17	-5.762782e-77	3.001298e-81	3.677812e-79	-1.204515e-08
1.534919e-02	-2.096980e-17	2.811091e-17	-1.212463e-17	2.876982e-77	3.105021e-81	3.437190e-79	9.650927e-09
1.533742e-02	1.649056e-18	4.723086e-17	-3.457412e-17	-2.478136e-77	3.248861e-81	3.289553e-79	-8.457528e-09
1.532567e-02	4.978240e-18	5.652933e-17	-1.127570e-17	-2.702790e-77	3.308159e-81	3.936706e-79	-6.655396e-09
1.531394e-02	-1.086248e-17	7.332712e-17	1.189370e-18	1.647125e-77	3.304478e-81	4.273580e-79	5.453673e-09
1.530222e-02	-1.842801e-17	7.660776e-17	-8.098990e-18	3.297937e-77	3.285704e-81	4.692529e-79	3.641352e-09
1.529052e-02	-1.175386e-17	8.401577e-17	3.807718e-18	1.115570e-76	3.318700e-81	4.080032e-79	2.431284e-09
1.527884e-02	6.321329e-18	9.430386e-17	-9.990965e-20	1.546386e-76	2.606798e-81	4.651449e-79	-2.435003e-09
1.526718e-02	4.109983e-18	8.444361e-17	-5.849813e-18	1.489717e-76	2.320109e-81	6.087811e-79	6.096812e-10
1.525553e-02	-4.327269e-18	7.105198e-17	-8.015883e-17	7.406634e-77	1.506953e-81	4.748629e-79	4.274287e-09
1.524390e-02	-2.684008e-17	7.468458e-17	-2.702157e-17	4.211875e-77	1.453075e-82	3.871580e-79	4.280810e-09
1.523229e-02	-3.077728e-17	7.634639e-17	-2.679985e-17	-4.599300e-77	-8.211886e-82	3.332791e-79	-7.962199e-09
1.522070e-02	-3.150549e-17	8.591666e-17	-1.578382e-17	-1.396404e-77	-2.577846e-81	3.075325e-79	5.520691e-09
1.520913e-02	-4.836296e-17	8.680778e-17	2.468945e-17	4.949739e-77	-2.741056e-81	2.620192e-79	-2.518811e-08
1.519757e-02	-4.825292e-17	7.140816e-17	-6.474442e-17	9.104213e-77	-1.981617e-81	1.958747e-79	1.353613e-08
1.518603e-02	-4.554317e-17	4.999406e-17	-4.503123e-18	7.379598e-77	-2.113781e-81	5.553797e-80	-6.162143e-10
1.517451e-02	-6.164377e-17	3.488617e-17	-2.837032e-17	3.236364e-78	-2.215440e-81	-8.610075e-80	1.851451e-09
1.516300e-02	-7.384689e-17	3.349462e-17	-3.369162e-17	-6.876124e-77	-2.680451e-81	-5.113323e-80	-6.180873e-10
1.515152e-02	-6.321326e-17	5.252310e-17	6.219314e-18	-7.102929e-79	-2.908959e-81	-4.625358e-80	1.857074e-09
1.514005e-02	-7.113945e-17	4.047105e-17	-2.753747e-17	-8.467095e-77	-3.576193e-81	4.238461e-80	-1.859889e-09
1.512859e-02	-6.023461e-17	1.774981e-17	-7.487554e-17	-1.025180e-76	-3.264620e-81	1.487735e-79	-1.862706e-09
1.511716e-02	-5.302678e-17	7.984781e-18	-2.790662e-17	-6.093002e-77	-5.996419e-81	2.299721e-79	6.218418e-09
1.510574e-02	-3.776923e-17	-6.429409e-19	-1.949852e-17	4.231475e-78	-4.810497e-81	2.971186e-79	2.491129e-09
1.509434e-02	-4.791879e-17	-8.043140e-19	-5.423387e-17	2.850850e-77	-4.446938e-81	3.023051e-79	-3.118616e-09
1.508296e-02	-4.865869e-17	-8.807501e-18	-1.429305e-17	2.546993e-77	-5.080784e-81	2.453951e-79	9.369977e-09
1.507159e-02	-5.572231e-17	1.071962e-17	-2.564553e-17	1.603883e-77	-5.214028e-81	1.964755e-79	-2.377309e-08
1.506024e-02	-3.795215e-17	-1.276310e-18	-2.510696e-17	2.765782e-77	-6.667227e-81	1.623853e-79	-3.759305e-09
1.504891e-02	-5.079852e-17	4.015092e-20	-5.437845e-17	3.524302e-77	-5.803362e-81	5.167553e-80	2.070733e-08
1.503759e-02	-6.251863e-17	2.014704e-18	-4.813591e-18	-1.257587e-76	-5.594922e-81	-8.484909e-80	-1.885319e-09
1.502630e-02	-4.281243e-17	1.308123e-17	1.669444e-17	-1.691456e-76	-4.517269e-81	1.258026e-79	6.293849e-09
1.501502e-02	-3.482773e-17	-9.916814e-18	-3.617871e-17	-2.926947e-76	-5.119248e-81	1.031301e-79	-5.042648e-09
1.500375e-02	-6.986174e-17	8.781346e-18	-1.802486e-19	-3.966044e-76	-4.748003e-81	2.736337e-80	1.262556e-09
1.499250e-02	-6.768879e-17	2.294413e-18	-1.215011e-17	-5.056966e-76	-5.810652e-81	9.774063e-80	6.322253e-09
1.498127e-02	-6.511681e-17	-9.600819e-18	-3.839450e-17	-3.805187e-76	-5.384908e-81	-1.065675e-80	-1.139712e-08
1.497006e-02	-7.064273e-17	-2.971118e-18	9.128881e-18	-2.749630e-76	-5.373014e-81	1.839662e-80	-5.072980e-09
1.495886e-02	-1.012071e-16	9.263906e-18	6.142005e-19	-2.317084e-76	-6.420193e-81	1.498935e-79	9.526081e-09
1.494768e-02	-8.485715e-17	3.348199e-18	-7.541935e-18	-2.162150e-76	-8.253361e-81	2.962257e-79	6.996247e-09
1.493652e-02	-7.777096e-17	8.150656e-18	3.587503e-17	-1.657261e-76	-8.081919e-81	3.642437e-79	-0.000000e+00
1.492537e-02	-7.383563e-17	8.394380e-18	-1.683669e-17	-2.168999e-76	-6.891316e-81	3.756393e-79	-9.568879e-09
1.491424e-02	-5.108107e-17	-4.228886e-18	-8.376587e-17	-2.108448e-76	-7.013796e-81	2.933383e-79	-1.469419e-08
1.490313e-02	-5.655170e-17	1.942385e-18	-1.059482e-17	-2.527796e-76	-7.045101e-81	1.810060e-79	1.535594e-08
1.489203e-02	-4.525708e-17	-3.498847e-18	-9.449852e-17	-1.672781e-76	-7.073009e-81	1.520641e-79	-5.767064e-09
1.488095e-02	-6.105731e-17	-6.020787e-18	-2.124044e-17	-3.027687e-76	-7.032493e-81	2.914509e-79	-0.000000e+00
1.486989e-02	-5.615642e-17	-2.248328e-17	-8.148152e-18	-2.841568e-76	-7.385628e-81	3.142980e-79	1.092581e-08
1.485884e-02	-5.273410e-17	-9.742342e-18	-9.794242e-18	-2.970091e-76	-8.181930e-81	3.024345e-79	1.287302e-09
1.484781e-02	-6.686784e-17	-4.344748e-18	-3.275985e-19	-2.078720e-76	-7.327628e-81	2.804961e-79	-1.418137e-08
1.483680e-02	-5.440659e-17	-2.484729e-17	7.703256e-18	-3.408448e-76	-5.764430e-81	3.717422e-79	7.746780e-09
1.482580e-02	-6.778622e-17	-1.182642e-17	-4.619943e-17	-4.478522e-76	-5.339042e-81	3.848899e-79	-3.879139e-09
1.481481e-02	-5.852372e-17	2.332991e-18	-1.014854e-17	-1.387304e-76	-4.357095e-81	3.128021e-79	-0.000000e+00
1.480385e-02	-4.840353e-17	-9.320237e-18	-3.572284e-17	-6.838693e-77	-3.654800e-81	5.008731e-79	5.187533e-09
1.479290e-02	-5.339966e-17	-8.533716e-18	-3.378127e-17	-3.924433e-76	-4.074601e-81	6.116587e-79	-0.000000e+00
1.478197e-02	-7.105769e-17	-2.676305e-18	-3.023755e-17	-1.482919e-76	-2.234673e-81	5.463736e-79	1.040581e-08
1.477105e-02	-5.968099e-17	6.815491e-18	-5.474442e-18	-1.862863e-76	-9.634511e-82	4.951833e-79	-9.118546e-09
1.476015e-02	-5.868635e-17	4.965840e-18	2.294443e-18	-5.165981e-77	8.611823e-82	4.861332e-79	-1.304574e-08
1.474926e-02	-6.076612e-17	-2.929639e-18	-5.903481e-18	1.583699e-76	3.093161e-82	4.067073e-79	-3.919502e-09
1.473839e-02	-8.703515e-17	1.291877e-17	-2.595851e-18	1.678930e-76	-1.924261e-81	3.711489e-79	1.177585e-08
1.472754e-02	-8.164530e-17	1.244820e-17	-5.293888e-18	1.600834e-76	-1.180867e-81	4.297539e-79	-4.586251e-09
1.471670e-02	-7.250331e-17	1.157044e-17	6.051474e-18	1.340375e-76	-5.823904e-82	4.013738e-79	6.561439e-10
1.470588e-02	-8.585147e-17	1.413317e-17	-3.208371e-17	3.158840e-76	-5.443349e-82	3.722869e-79	1.971330e-08
1.469508e-02	-8.478501e-17	2.717797e-17	4.761274e-18	1.473416e-76	5.934012e-82	4.253141e-79	-2.763922e-08
1.468429e-02	-7.935802e-17	3.604027e-17	-4.579670e-17	7.227727e-79	6.693865e-82	4.669223e-79	2.438463e-08
1.467351e-02	-7.841961e-17	3.792146e-17	-6.073592e-17	2.797272e-77	6.311447e-82	2.483742e-79	-2.970055e-08
1.466276e-02	-7.808565e-17	4.090092e-17	2.057274e-18	2.984484e-77	2.397056e-81	3.040005e-79	1.850747e-08
1.465201e-02	-7.615820e-17	5.545911e-17	-2.383551e-17	-1.722947e-77	2.576014e-81	2.160414e-79	1.257706e-08
1.464129e-02	-5.594972e-17	4.785394e-17	5.391060e-18	1.557016e-78	3.696311e-81	-1.871862e-79	-2.784267e-08
1.463058e-02	-3.864363e-17	5.975410e-17	-3.735700e-17	5.432390e-77	1.563997e-81	7.851871e-81	1.659729e-08
1.461988e-02	-6.754998e-17	6.073696e-17	-2.565764e-18	-1.411570e-76	3.710683e-81	-1.284057e-80	-1.994590e-09
1.460920e-02	-7.100321e-17	6.627891e-17	-4.837154e-17	-4.859448e-77	1.724953e-81	-1.747671e-79	-1.265088e-08
1.459854e-02	-7.310726e-17	7.154899e-17	-1.222519e-17	4.998265e-77	2.628755e-81	-3.941691e-79	8.001706e-09
1.458789e-02	-5.828268e-17	5.716930e-17	-3.465991e-17	-1.665696e-76	8.637899e-81	-7.047582e-79	4.006696e-09
1.457726e-02	-7.129512e-17	4.409898e-17	-5.431047e-17	-1.514848e-76	6.501358e-81	-7.098669e-79	-1.939396e-08
1.456664e-02	-1.126127e-16	5.616791e-17	2.638179e-17	-2.244741e-76	1.010499e-80	-7.006800e-79	2.879849e-08
1.455604e-02	-1.157754e-16	6.232266e-17	1.704847e-17	-2.533639e-76	9.522707e-81	-6.129331e-79	-1.073133e-08
1.454545e-02	-1.076054e-16	5.702143e-17	-2.543272e-17	-4.759030e-76	1.098032e-80	-6.520874e-79	2.686740e-09
1.453488e-02	-1.002040e-16	5.051373e-17	-2.272867e-17	-1.029607e-76	1.253479e-80	-9.807189e-79	4.708636e-09
1.452433e-02	-9.615154e-17	4.665981e-17	-4.828494e-17	-1.618080e-76	1.560575e-80	-9.048385e-79	9.430965e-09
1.451379e-02	-8.835454e-17	2.984447e-17	-4.847034e-17	-3.942877e-76	1.695263e-80	-1.677179e-78	-2.496091e-08
1.450326e-02	-9.696204e-17	2.942518e-17	-6.517031e-17	-4.229252e-76	1.516676e-80	-1.532752e-78	5.404789e-09
1.449275e-02	-8.785014e-17	2.037784e-17	-4.128208e-17	-2.267242e-76	1.411340e-80	-1.861625e-78	-4.059473e-09
1.448226e-02	-1.064427e-16	3.706631e-17	-6.181118e-17	-5.638198e-76	1.370159e-80	-1.381363e-78	-2.710239e-09
1.447178e-02	-1.122362e-16	1.964465e-17	-1.614160e-17	-2.389421e-76	1.288519e-80	-1.593313e-78	-1.357083e-09
1.446132e-02	-1.108892e-16	2.162584e-17	-1.963590e-17	-1.697796e-76	1.214734e-80	-1.554682e-78	9.513331e-09
1.445087e-02	-1.163646e-16	7.588822e-18	-7.670188e-18	-7.261776e-76	1.159907e-80	-1.468257e-78	2.653976e-08
1.444043e-02	-9.873084e-17	1.658363e-19	7.318365e-20	-7.555776e-76	8.833467e-81	-1.225751e-78	-2.180769e-08
1.443001e-02	-8.883610e-17	-1.118143e-17	-1.526882e-17	-9.974945e-76	9.491983e-81	-7.801710e-79	4.777324e-09
1.441961e-02	-7.380765e-17	-2.916786e-17	9.399491e-18	-5.910557e-76	6.506089e-81	-7.983447e-79	-1.640304e-08
1.440922e-02	-5.349268e-17	-4.329425e-17	-2.838658e-17	-6.842630e-76	5.951705e-81	-1.477561e-78	1.095113e-08
1.439885e-02	-5.601412e-17	-3.391830e-17	-2.508681e-17	-5.930696e-76	2.315971e-81	-1.662737e-78	2.056298e-09
1.438849e-02	-6.651182e-17	-3.987426e-17	-5.009014e-18	-5.281264e-76	5.326042e-81	-1.717290e-78	-8.923458e-09
1.437815e-02	-6.828879e-17	-3.951430e-17	-8.395543e-17	-5.808493e-76	3.481382e-81	-1.856419e-78	6.186670e-09
1.436782e-02	-7.943177e-17	-3.008304e-17	-1.988210e-17	-8.212264e-76	1.705128e-81	-2.354077e-78	-2.891265e-08
1.435750e-02	-6.612149e-17	-1.850715e-17	-1.909931e-17	-9.374940e-76	1.669757e-81	-2.451381e-78	3.515868e-08
1.434720e-02	-6.212989e-17	9.530435e-18	-2.430232e-17	-7.208369e-76	2.717997e-81	-2.424144e-78	1.518827e-08
1.433692e-02	-5.041547e-17	2.112177e-18	-8.010086e-18	-9.825294e-76	3.770273e-81	-2.610696e-78	-3.042015e-08
1.432665e-02	-4.189400e-17	1.955684e-18	-7.551966e-17	-5.816025e-76	4.741676e-81	-2.533480e-78	7.615944e-09
1.431639e-02	-3.129625e-17	1.141120e-17	-5.718191e-17	-4.567063e-77	3.530516e-81	-2.529981e-78	-2.496063e-08
1.430615e-02	-2.411745e-17	1.475399e-17	-1.182848e-17	-1.714535e-76	6.800709e-82	-2.742418e-78	3.332850e-08
1.429593e-02	-2.070775e-17	2.403073e-17	3.422609e-17	3.213300e-76	2.419349e-81	-2.562112e-78	-4.867362e-09
1.428571e-02	-7.404569e-18	1.594375e-17	-3.321995e-17	4.787231e-76	1.639754e-81	-2.252803e-78	-5.570655e-09
1.427552e-02	-1.629426e-17	1.141162e-17	-4.289090e-17	4.388721e-76	1.228539e-81	-1.912696e-78	4.183962e-09
1.426534e-02	-5.492608e-18	2.086282e-17	-1.293321e-17	7.660742e-76	1.173236e-81	-1.602990e-78	-6.284905e-09
1.425517e-02	1.194226e-18	3.102090e-17	-8.031228e-19	8.473097e-76	-7.847072e-83	-1.706138e-78	-2.097958e-09
1.424501e-02	-4.471184e-18	3.140053e-17	9.406538e-18	1.255060e-75	-2.989792e-81	-1.833388e-78	-4.201900e-09
1.423488e-02	-1.020413e-17	3.700780e-17	2.260833e-17	7.287302e-76	-2.889537e-81	-1.828781e-78	-5.610516e-09
1.422475e-02	1.895827e-17	2.261636e-17	-4.598806e-17	5.423136e-76	-3.857217e-81	-1.632936e-78	1.826014e-08
1.421464e-02	2.017966e-17	1.194634e-18	-2.735008e-17	5.862323e-76	-1.904216e-81	-1.475701e-78	4.219876e-09
1.420455e-02	9.622055e-18	2.113613e-17	-3.218888e-17	7.743765e-76	3.156491e-82	-1.420020e-78	-1.338194e-08
1.419446e-02	9.612240e-18	2.014008e-17	-1.322943e-17	5.184182e-76	8.960098e-82	-1.408581e-78	1.057970e-08
1.418440e-02	2.830582e-17	2.184986e-18	-1.230136e-17	5.970947e-76	-7.498306e-83	-1.407913e-78	2.118945e-09
1.417434e-02	8.152221e-18	5.155993e-18	-1.288703e-17	9.163569e-76	-1.114662e-81	-1.508450e-78	-2.121952e-09
1.416431e-02	-6.898146e-18	2.298121e-17	-8.418179e-17	7.929658e-76	-2.862390e-81	-1.440076e-78	-2.124960e-09
1.415428e-02	1.243855e-18	2.928445e-17	1.776357e-17	4.321881e-76	-9.785707e-82	-1.343566e-78	-4.965267e-09
1.414427e-02	-6.476148e-18	2.237043e-17	-8.463824e-18	2.699105e-76	1.616621e-81	-1.319817e-78	1.278591e-08
1.413428e-02	2.005890e-17	2.617605e-17	-2.236926e-17	4.794045e-76	4.845336e-81	-9.736973e-79	2.845333e-09
1.412429e-02	1.265304e-18	3.461681e-17	-2.997873e-17	9.440787e-76	6.102717e-81	-1.094916e-78	-8.548068e-09
1.411433e-02	1.696229e-17	3.597783e-17	1.072432e-17	9.979127e-76	4.986441e-81	-1.341555e-78	-0.000000e+00
1.410437e-02	3.908625e-17	1.945256e-17	1.077914e-17	1.260067e-75	7.011337e-81	-1.086646e-78	-5.714821e-09
1.409443e-02	5.177938e-17	2.448153e-17	2.442924e-17	1.145542e-75	9.865680e-81	-1.091719e-78	1.430721e-09
1.408451e-02	4.309323e-17	2.845334e-17	-2.200568e-17	1.060132e-75	9.599575e-81	-1.611595e-78	7.163692e-10
1.407460e-02	4.706463e-17	2.276840e-17	-2.555790e-17	6.515468e-76	1.027968e-80	-1.417127e-78	3.586893e-09
1.406470e-02	2.471815e-17	2.657047e-17	-8.361367e-18	1.135176e-75	1.037834e-80	-1.436013e-78	6.465497e-09
1.405481e-02	1.303476e-17	1.170946e-17	-1.966939e-17	1.262223e-75	1.500801e-80	-1.737071e-78	-1.438799e-09
1.404494e-02	6.619304e-18	-2.173893e-18	-4.015180e-17	1.030657e-75	1.626706e-80	-2.081107e-78	-7.204108e-09
1.403509e-02	2.044560e-17	-3.684974e-18	1.132666e-17	8.497998e-76	1.364178e-80	-1.770188e-78	-6.492806e-09
1.402525e-02	2.747279e-17	8.610163e-18	-5.413638e-17	7.898104e-76	1.566601e-80	-1.307135e-78	-0.000000e+00
1.401542e-02	3.346508e-17	4.906827e-18	-1.668804e-17	8.446849e-76	1.737350e-80	-1.570086e-78	-4.340696e-09
1.400560e-02	5.335237e-17	4.970668e-18	-3.759525e-17	1.324165e-75	1.810926e-80	-1.449908e-78	1.159142e-08
1.399580e-02	3.328434e-17	9.150997e-18	3.698576e-17	1.419310e-75	1.904448e-80	-1.672378e-78	2.901915e-09
1.398601e-02	4.312193e-17	6.491202e-18	-4.517274e-17	1.185877e-75	1.817153e-80	-1.678090e-78	-1.452989e-08
1.397624e-02	5.240383e-17	1.306847e-17	4.987161e-18	2.056859e-75	1.870848e-80	-1.876117e-78	1.164017e-08
1.396648e-02	6.218832e-17	2.615381e-17	-3.237753e-17	1.722284e-75	1.604318e-80	-2.003576e-78	4.371168e-09
1.395673e-02	5.491860e-17	2.638666e-17	1.680921e-17	7.410667e-76	1.206898e-80	-1.703080e-78	1.459092e-09
1.394700e-02	5.765370e-17	1.035382e-17	-3.924754e-17	7.890629e-76	1.131197e-80	-1.305440e-78	1.680298e-08
1.393728e-02	4.532506e-17	5.148790e-17	-2.455030e-17	1.498111e-75	1.047032e-80	-1.837356e-78	-2.706860e-08
1.392758e-02	2.972623e-17	6.375277e-17	-3.906597e-17	1.044552e-75	9.896862e-81	-1.886476e-78	-7.326037e-10
1.391788e-02	3.467111e-17	5.953979e-17	-4.534432e-17	1.164119e-75	1.017219e-80	-1.585219e-78	1.467249e-09
1.390821e-02	8.753585e-18	4.800971e-17	-2.076799e-17	8.881924e-76	1.031786e-80	-1.564712e-78	-7.346458e-09
1.389854e-02	-5.447650e-18	6.754887e-17	-5.811324e-19	1.168138e-75	1.073858e-80	-1.441442e-78	2.280570e-08
1.388889e-02	-2.600655e-17	8.002644e-17	-3.110710e-17	1.320102e-75	1.280534e-80	-1.635766e-78	-1.473381e-09
1.387925e-02	-4.301748e-17	7.172055e-17	-1.005103e-17	1.530568e-75	1.384719e-80	-2.035829e-78	-2.950857e-09
1.386963e-02	-5.102681e-17	6.034335e-17	-7.275393e-17	1.314747e-75	1.549667e-80	-1.752651e-78	-2.216215e-08
1.386001e-02	-3.636249e-17	6.135526e-17	4.834662e-18	1.183673e-75	1.636137e-80	-1.960205e-78	1.109645e-08
1.385042e-02	-2.979905e-17	6.099437e-17	5.476847e-18	1.365297e-75	1.541474e-80	-2.353692e-78	-2.222367e-09
1.384083e-02	-4.514858e-17	5.240733e-17	-2.234595e-17	1.306195e-75	1.605490e-80	-2.001901e-78	1.038542e-08
1.383126e-02	-4.389285e-17	5.114495e-17	-3.194222e-17	1.342095e-75	1.640960e-80	-2.405726e-78	-7.428426e-09
1.382170e-02	-3.676391e-17	5.280677e-17	7.582368e-18	1.398392e-75	1.496201e-80	-3.052264e-78	1.487741e-09
1.381215e-02	-4.254719e-17	3.903293e-17	1.600337e-17	1.170218e-75	1.439505e-80	-2.777512e-78	-0.000000e+00
1.380262e-02	-6.549433e-17	2.935948e-17	-2.158050e-17	7.038511e-76	1.352692e-80	-2.666209e-78	-9.697066e-09
1.379310e-02	-4.490532e-17	4.224123e-17	-3.923348e-17	9.932336e-76	1.302065e-80	-2.856507e-78	-7.469581e-10
1.378360e-02	-3.644055e-17	2.508517e-17	2.487536e-17	2.052552e-77	1.237641e-80	-2.376020e-78	1.645575e-08
1.377410e-02	-3.728617e-17	3.154679e-17	-1.436134e-17	1.222692e-76	8.936921e-81	-1.818057e-78	-7.490200e-09
1.376462e-02	-3.673643e-17	3.407585e-17	-1.825824e-17	2.228601e-76	1.009840e-80	-2.130656e-78	6.000417e-09
1.375516e-02	-5.357685e-17	4.619235e-17	8.105495e-18	1.469530e-76	9.769053e-81	-1.889581e-78	-1.126627e-08
1.374570e-02	-5.315787e-17	3.833235e-17	-3.859313e-17	3.000333e-76	1.298401e-80	-1.749808e-78	1.504237e-09
1.373626e-02	-6.875727e-17	1.695258e-17	8.454337e-18	6.007325e-77	1.329400e-80	-1.877344e-78	-6.778373e-09
1.372684e-02	-7.127310e-17	6.429426e-18	1.517531e-17	7.814712e-77	1.381230e-80	-1.773564e-78	1.583794e-08
1.371742e-02	-5.111138e-17	-1.789078e-19	1.014742e-17	4.354864e-76	1.212064e-80	-2.390639e-78	-3.020892e-09
1.370802e-02	-4.797664e-17	1.221479e-17	-5.259658e-17	3.513823e-76	9.974460e-81	-2.541595e-78	3.781297e-09
1.369863e-02	-4.518690e-17	1.969564e-17	-3.874092e-17	3.213516e-76	9.032220e-81	-3.438468e-78	-7.572964e-09
1.368925e-02	-2.770355e-17	2.178558e-17	2.598490e-17	8.340465e-77	8.989965e-81	-3.526909e-78	1.516668e-09
1.367989e-02	-1.684900e-17	4.298251e-17	-5.845097e-17	2.174909e-76	8.771423e-81	-3.201177e-78	-4.556236e-09
1.367054e-02	-1.276989e-17	4.031742e-17	-1.627054e-17	3.400265e-76	8.122578e-81	-3.500350e-78	-1.520824e-09
1.366120e-02	-1.055586e-17	3.853672e-17	-4.403162e-17	2.243260e-76	7.830726e-81	-4.724725e-78	4.568710e-09
1.365188e-02	-2.370142e-17	3.121814e-17	-2.753874e-18	-1.691711e-76	7.424048e-81	-4.572682e-78	1.067489e-08
1.364256e-02	-2.262895e-17	1.785412e-17	-4.400885e-17	-1.084662e-76	7.838108e-81	-4.605342e-78	-4.581202e-09
1.363327e-02	-2.539754e-17	1.533866e-17	-7.013602e-18	8.809949e-77	8.431115e-81	-4.656565e-78	3.058302e-09
1.362398e-02	-3.863639e-17	-1.051523e-17	-4.651010e-17	1.852455e-76	9.186384e-81	-4.357927e-78	-1.531237e-08
1.361470e-02	-4.510125e-17	3.542997e-18	1.702197e-17	1.326016e-76	9.508141e-81	-3.492043e-78	-0.000000e+00
1.360544e-02	-6.150252e-17	-1.106138e-17	-6.365238e-17	2.983200e-78	8.243853e-81	-3.462566e-78	7.677059e-09
1.359619e-02	-5.068176e-17	-1.537887e-17	-9.147088e-17	-1.661168e-76	1.002397e-80	-3.238968e-78	-0.000000e+00
1.358696e-02	-3.652511e-17	-1.743081e-17	-2.674808e-17	-4.547426e-76	1.094327e-80	-3.544174e-78	1.385633e-08
1.357773e-02	-1.948234e-17	-3.756664e-17	1.361975e-17	-5.566757e-76	9.686354e-81	-3.513092e-78	-2.081275e-08
1.356852e-02	-3.306552e-17	-3.111723e-17	-1.519130e-17	-6.843274e-76	7.882463e-81	-3.537459e-78	-1.543779e-08
1.355932e-02	-1.979120e-17	-2.437408e-17	-2.947729e-17	-4.656129e-76	1.019156e-80	-3.437130e-78	2.859868e-08
1.355014e-02	-4.021951e-17	-2.523351e-17	-2.083945e-17	-4.001350e-76	8.659756e-81	-3.191177e-78	-4.643914e-09
1.354096e-02	-2.485389e-17	-7.438342e-18	-1.778692e-17	-2.268596e-76	8.585179e-81	-3.177837e-78	-0.000000e+00
1.353180e-02	-2.244915e-17	-2.376251e-17	-6.554479e-17	-1.913967e-76	8.157758e-80	-1.329067e-78	-1.086518e-08
1.352265e-02	-4.196680e-17	-2.803153e-18	-1.758576e-17	-1.253901e-76	2.788062e-79	-1.516107e-78	-4.662811e-09
1.351351e-02	-2.670838e-17	-1.191209e-17	-2.578353e-17	4.399303e-77	4.781623e-79	-2.237899e-78	7.781864e-09
1.350439e-02	-2.813569e-17	5.090472e-18	-3.049407e-17	1.336967e-76	6.751019e-79	-1.963416e-78	1.480553e-08
1.349528e-02	-5.263636e-17	-7.713830e-18	-3.390734e-17	1.481295e-76	1.269481e-78	-2.101273e-78	2.340873e-09
1.348618e-02	-6.484605e-17	-1.988357e-17	-5.849488e-17	1.026021e-76	1.496419e-78	-2.337108e-78	-1.875227e-08
1.347709e-02	-6.274842e-17	-1.535347e-17	-2.310841e-17	9.113153e-78	1.600304e-78	-2.718340e-78	4.694391e-09
1.346801e-02	-6.874319e-17	-3.352239e-18	-4.949166e-17	4.125304e-77	1.921140e-78	-4.217876e-78	1.645252e-08
1.345895e-02	-4.849670e-17	1.443143e-17	-3.234609e-17	-1.338304e-78	8.946583e-79	-3.930401e-78	-2.745781e-08
1.344990e-02	-5.465604e-17	3.404948e-17	1.709343e-17	-1.613171e-77	1.869344e-78	-2.609102e-78	1.885356e-08
1.344086e-02	-3.613216e-17	3.253426e-17	-1.271119e-17	1.945824e-77	1.465823e-78	-2.825186e-78	-1.258595e-08
1.343183e-02	-5.956646e-17	2.439228e-17	6.335942e-18	2.071216e-77	2.054538e-78	-2.399847e-78	3.150718e-09
1.342282e-02	-5.993361e-17	2.195891e-17	-2.179094e-17	-5.771788e-77	8.736990e-79	-3.742240e-78	1.025359e-08
1.341382e-02	-4.977274e-17	1.128923e-17	-5.265753e-17	-7.275709e-77	1.994890e-78	-3.790493e-78	-1.342655e-08
1.340483e-02	-5.454111e-17	2.885929e-17	-1.359969e-17	-5.469599e-77	1.617176e-78	-3.215535e-78	-0.000000e+00
1.339585e-02	-5.445102e-17	1.388112e-17	-6.829904e-17	-4.877575e-78	2.120804e-78	-3.003814e-78	9.503007e-09
1.338688e-02	-4.492430e-17	7.459074e-18	1.527180e-17	-6.936259e-77	2.288169e-78	-3.841973e-78	1.585957e-09
1.337793e-02	-4.353390e-17	-8.394476e-18	-2.422379e-18	-9.600958e-77	2.420269e-78	-4.744474e-78	-9.528485e-09
1.336898e-02	-2.244528e-17	-3.880388e-17	-5.212410e-17	-4.812184e-77	2.409788e-78	-4.876008e-78	7.951030e-09
1.336005e-02	-1.899816e-17	-2.519783e-17	-4.551220e-17	1.601859e-77	1.881821e-78	-4.432059e-78	1.592333e-08
1.335113e-02	-3.616178e-17	-1.105841e-17	-2.158294e-17	-1.414382e-76	4.083114e-78	-4.064892e-78	-3.268645e-08
1.334223e-02	-2.556232e-17	3.190607e-18	-2.663817e-17	-1.922939e-76	4.960652e-78	-4.236903e-78	1.676420e-08
1.333333e-02	-1.238123e-17	-1.049637e-17	-5.709869e-17	-4.048227e-76	4.998389e-78	-4.377279e-78	1.119105e-08
1.332445e-02	6.493056e-18	-3.587563e-17	-3.864097e-18	-2.762016e-76	4.150248e-78	-4.305191e-78	-1.840982e-08
1.331558e-02	-1.087869e-17	-2.115275e-18	-7.703494e-18	-2.139486e-76	3.889647e-78	-4.277194e-78	-8.014936e-10
1.330672e-02	-6.320161e-19	-1.046397e-17	-3.744401e-17	-1.933532e-76	5.166191e-78	-4.221213e-78	1.605122e-09
1.329787e-02	5.189795e-18	-1.163773e-17	1.234422e-17	-9.093308e-77	3.092217e-78	-4.291952e-78	7.232666e-09
1.328904e-02	6.605551e-18	1.623291e-18	-2.873126e-17	-1.203410e-76	5.592135e-78	-4.424502e-78	3.218794e-09
1.328021e-02	2.376423e-17	1.541389e-17	2.036945e-19	-1.339720e-77	5.189463e-78	-3.483623e-78	-2.417305e-09
1.327140e-02	2.064151e-17	7.647646e-18	-4.683753e-18	-7.433704e-77	1.397185e-78	-3.390208e-78	-1.048890e-08
1.326260e-02	2.526045e-17	1.564062e-17	-3.674144e-17	-1.133912e-76	2.089680e-78	-2.849873e-78	-7.271188e-09
1.325381e-02	3.107989e-17	1.368004e-17	1.517883e-18	-8.885644e-77	3.182990e-78	-2.794569e-78	3.397723e-08
1.324503e-02	3.617343e-17	7.156075e-18	-5.005761e-17	-1.107149e-76	3.235056e-78	-2.611610e-78	-2.430163e-08
1.323627e-02	2.433921e-17	1.128220e-17	-3.663899e-17	-9.838976e-77	9.873842e-79	-2.580917e-78	3.244510e-09
1.322751e-02	2.712961e-17	2.058609e-17	-7.817369e-18	-6.474705e-77	7.541906e-79	-3.085493e-78	1.461963e-08
1.321877e-02	1.296054e-17	1.261831e-17	1.646036e-17	-7.483836e-77	-1.018300e-79	-3.232393e-78	-8.946038e-09
1.321004e-02	5.243648e-18	2.299724e-17	3.131176e-18	-2.794555e-77	9.904176e-79	-3.173982e-78	-4.071758e-09
1.320132e-02	2.259147e-17	3.431968e-17	2.081668e-17	1.080513e-78	6.702309e-79	-2.911290e-78	-1.875484e-08
1.319261e-02	1.646897e-17	3.289489e-17	-5.931887e-17	1.272170e-78	3.860873e-81	-3.350198e-78	2.857766e-08
1.318392e-02	2.598965e-17	4.195219e-17	-2.764716e-20	-3.647050e-77	8.107878e-79	-2.573978e-78	-2.452746e-08
1.317523e-02	3.471607e-17	5.301177e-17	1.416402e-17	-2.270760e-77	1.813877e-78	-2.692492e-78	7.367943e-09
1.316656e-02	8.186568e-18	4.796830e-17	-2.952228e-17	-6.543759e-77	2.013826e-78	-2.644994e-78	-4.098696e-09
1.315789e-02	-3.652351e-18	4.597420e-17	-7.401984e-18	-4.977439e-77	2.106926e-78	-2.697099e-78	1.149147e-08
1.314924e-02	-3.387210e-17	2.705288e-17	-4.724435e-17	-4.232676e-77	2.159878e-78	-2.767874e-78	-1.643799e-09
1.314060e-02	-3.210161e-17	2.882469e-17	5.783257e-17	-5.179739e-77	2.616993e-78	-2.942405e-78	4.937883e-09
1.313198e-02	-3.923296e-17	2.586786e-17	-3.020503e-17	-3.648188e-77	3.515187e-78	-3.240244e-78	3.296249e-09
1.312336e-02	-2.850907e-17	2.822841e-17	1.294524e-17	-5.682228e-77	2.271611e-78	-3.706158e-78	-1.980347e-08
1.311475e-02	-2.172406e-18	3.741916e-17	-1.218879e-17	-5.258926e-77	1.768475e-78	-4.495263e-78	1.982947e-08
1.310616e-02	-2.050420e-18	4.091707e-17	1.779718e-17	-7.669892e-77	8.096278e-79	-4.469766e-78	6.618495e-09
1.309758e-02	-9.935926e-18	4.470338e-17	-3.068292e-18	-6.839465e-77	1.112605e-78	-3.315348e-78	-2.650869e-08
1.308901e-02	-1.785612e-17	4.645695e-17	-3.069376e-17	-8.981793e-77	1.587796e-78	-3.466551e-78	9.953783e-09
1.308044e-02	-1.484524e-18	4.452745e-17	-4.381695e-17	-5.415975e-77	1.016845e-78	-3.567677e-78	-0.000000e+00
1.307190e-02	2.930000e-17	2.708752e-17	-1.020234e-17	-5.032592e-77	7.978317e-79	-4.345286e-78	4.989928e-09
1.306336e-02	5.101666e-17	3.180763e-17	-5.183191e-17	-5.362833e-77	3.091857e-79	-5.227486e-78	-8.327422e-10
1.305483e-02	5.963553e-17	2.657280e-17	-2.302412e-17	-9.220361e-77	3.074192e-79	-5.282977e-78	-1.083980e-08
1.304631e-02	7.648346e-17	3.815430e-17	-1.679212e-17	-7.526675e-77	2.205145e-79	-5.619095e-78	5.844435e-09
1.303781e-02	5.851000e-17	4.534606e-17	1.294348e-17	-8.281209e-77	6.869741e-79	-5.313920e-78	3.344036e-09
1.302932e-02	5.325991e-17	2.847386e-17	-1.061651e-17	-6.009032e-77	5.353015e-79	-4.674697e-78	-5.859695e-09
1.302083e-02	5.625735e-17	3.370559e-17	-1.468698e-17	-7.002413e-77	9.091509e-79	-4.671189e-78	5.029142e-09
1.301236e-02	4.442633e-17	2.546577e-17	2.968003e-18	-1.190432e-76	1.039030e-78	-4.914397e-78	2.349990e-08
1.300390e-02	1.451890e-17	1.651265e-17	-7.867039e-18	-1.663424e-76	8.676563e-79	-4.626101e-78	-1.680749e-08
1.299545e-02	1.564135e-17	-3.746223e-18	-4.620815e-17	-1.830926e-76	5.804773e-79	-4.764663e-78	4.207338e-09
1.298701e-02	3.442367e-17	6.604105e-18	1.154675e-17	-1.813562e-76	-1.126419e-79	-4.781018e-78	-8.425616e-10
1.297859e-02	2.150227e-17	8.578432e-18	-1.338339e-17	-2.445256e-76	2.919535e-79	-4.832151e-78	-1.181119e-08
1.297017e-02	4.391001e-17	3.289810e-17	-2.227385e-17	-1.625561e-76	4.959551e-79	-4.732441e-78	1.520553e-08
1.296176e-02	3.896559e-17	3.741983e-17	-6.071532e-18	-1.863246e-76	1.898321e-78	-4.357504e-78	-0.000000e+00
1.295337e-02	5.460473e-17	3.272194e-17	-1.760744e-17	-1.680458e-76	1.861367e-78	-4.308613e-78	-1.863277e-08
1.294498e-02	3.944450e-17	3.718381e-17	-1.928379e-17	-1.582876e-76	2.296520e-78	-3.763779e-78	-6.784333e-09
1.293661e-02	2.868411e-17	4.771925e-17	-5.941428e-19	-1.348599e-76	1.512049e-78	-3.416200e-78	1.698280e-09
1.292825e-02	3.444256e-17	2.522266e-17	1.647987e-18	-2.465916e-76	8.572031e-79	-3.033619e-78	1.445406e-08
1.291990e-02	3.230859e-17	3.257024e-17	-9.388323e-17	-2.909116e-76	2.897193e-79	-2.532187e-78	-9.364720e-09
1.291156e-02	4.805532e-17	2.429262e-17	1.653625e-17	-2.688831e-76	8.962140e-79	-2.440291e-78	1.704877e-09
1.290323e-02	3.497564e-17	3.928626e-17	-1.302344e-17	-2.413118e-76	-3.789034e-80	-2.212112e-78	-1.707079e-09
1.289491e-02	3.245840e-17	2.653158e-17	-4.469515e-17	-3.122035e-76	9.791025e-79	-2.146423e-78	2.820316e-08
1.288660e-02	3.227932e-17	4.566922e-17	-7.523550e-18	-2.883607e-76	3.867285e-79	-1.876800e-78	-3.337400e-08
1.287830e-02	3.002638e-17	5.407682e-17	-1.680195e-17	-2.726858e-76	1.747684e-79	-1.660491e-78	1.028216e-08
1.287001e-02	-6.834650e-18	6.301736e-17	-2.968112e-17	-2.836447e-76	5.576975e-79	-1.560811e-78	-1.029541e-08
1.286174e-02	1.145692e-17	4.474642e-17	-4.538938e-17	-4.299078e-76	1.083490e-78	-1.466530e-78	2.061732e-08
1.285347e-02	2.051779e-17	2.597584e-17	-3.063460e-18	-3.976327e-76	5.612394e-79	-1.541143e-78	-8.601603e-09
1.284522e-02	1.198887e-17	3.317806e-17	-4.775640e-17	-2.084220e-76	1.105818e-78	-1.757333e-78	-7.751396e-09
1.283697e-02	7.015190e-18	3.724241e-17	7.697835e-18	-1.032596e-76	7.245334e-79	-1.968496e-78	2.587119e-09
1.282874e-02	2.858880e-18	3.342507e-17	-1.683549e-17	-9.376513e-77	1.180799e-78	-1.916236e-78	6.907842e-09
1.282051e-02	-1.207955e-17	3.831130e-17	-2.523155e-17	-1.906647e-77	1.255111e-78	-2.575634e-78	-3.198977e-08
1.281230e-02	-7.246398e-18	4.218857e-17	1.525635e-17	-9.551258e-78	1.170352e-78	-3.077540e-78	2.250813e-08
1.280410e-02	-1.134683e-17	2.806126e-17	7.984607e-18	-6.918226e-77	1.087512e-78	-2.403623e-78	6.067647e-09
1.279591e-02	-1.704282e-17	5.041833e-17	1.921017e-17	-1.024055e-76	1.100612e-78	-2.465429e-78	1.215084e-08
1.278772e-02	-3.577333e-17	4.043057e-17	-3.937822e-18	-1.278718e-76	6.331209e-79	-2.434248e-78	-2.693986e-08
1.277955e-02	-2.730658e-17	4.733144e-17	4.453360e-19	-5.023682e-77	8.988591e-79	-2.703985e-78	1.827293e-08
1.277139e-02	-3.107660e-17	5.460298e-17	-3.061462e-17	-9.752733e-78	6.286923e-79	-2.864048e-78	1.742504e-09
1.276324e-02	-2.311534e-17	4.858506e-17	4.835542e-18	-3.856007e-77	2.819748e-79	-2.624839e-78	-5.234190e-09
1.275510e-02	-1.321803e-18	2.890875e-17	-9.495443e-18	-1.607020e-76	3.216493e-79	-2.574688e-78	1.310218e-08
1.274697e-02	6.051070e-18	2.180855e-17	1.333325e-17	-1.863217e-76	1.984023e-79	-2.051777e-78	-2.536320e-08
1.273885e-02	2.212995e-17	2.330420e-17	-1.921206e-17	-9.843327e-77	4.149236e-79	-1.823739e-78	2.977409e-08
1.273074e-02	8.983746e-18	2.346460e-17	-4.207836e-17	-6.630463e-77	2.295474e-79	-1.141555e-78	-2.630473e-08
1.272265e-02	-2.863009e-18	2.265523e-17	1.673940e-18	-6.444877e-77	2.582763e-79	-1.249164e-78	9.657350e-09
1.271456e-02	6.682495e-18	1.254297e-17	-2.288527e-17	-9.700534e-77	5.726697e-79	-1.340876e-78	2.637175e-09
1.270648e-02	1.851365e-17	2.574188e-17	1.369479e-17	-5.858411e-77	4.018562e-79	-1.354158e-78	-5.281058e-09
1.269841e-02	1.708224e-17	2.029641e-17	-3.031944e-17	-4.579924e-77	3.512743e-79	-1.651855e-78	-8.812950e-09
1.269036e-02	3.282042e-18	1.198181e-17	-1.976230e-17	-3.345092e-78	3.016328e-79	-1.833538e-78	1.588346e-08
1.268231e-02	1.420256e-17	2.349879e-17	-8.204924e-17	-9.616320e-78	2.470706e-79	-1.930996e-78	5.301208e-09
1.267427e-02	2.950153e-17	1.867348e-17	-3.564857e-18	-3.066923e-77	1.735120e-79	-2.107749e-78	-1.238518e-08
1.266624e-02	2.248826e-18	4.694652e-17	-5.373143e-17	-4.210215e-78	2.078874e-79	-2.934874e-78	3.543109e-09
1.265823e-02	9.680914e-18	5.643317e-17	-1.933966e-17	8.063629e-77	1.664836e-79	-2.607589e-78	1.419039e-08
1.265022e-02	2.392135e-17	5.339573e-17	-1.183851e-17	-2.119730e-77	1.900232e-79	-3.433291e-78	-8.880225e-09
1.264223e-02	3.161492e-17	3.764985e-17	-2.235943e-17	-4.594728e-77	7.876971e-80	-3.559457e-78	7.113169e-09
1.263424e-02	-8.802700e-18	5.086032e-17	-2.305231e-17	-9.331373e-77	1.041217e-79	-3.736438e-78	-1.602487e-08
1.262626e-02	-3.002827e-17	5.630238e-17	-4.954370e-17	-6.872395e-77	3.472683e-79	-3.782975e-78	-5.348375e-09
1.261830e-02	-4.280857e-17	5.394340e-17	-5.543729e-18	-1.321436e-76	6.151411e-79	-3.758445e-78	1.428035e-08
1.261034e-02	-4.622495e-17	6.426779e-17	6.492203e-18	-8.010734e-77	4.363977e-79	-3.507083e-78	-1.251107e-08
1.260239e-02	-5.599540e-17	5.266445e-17	-1.478987e-17	-7.380890e-77	3.426813e-79	-3.032084e-78	-3.579102e-09
1.259446e-02	-5.485095e-17	5.075674e-17	-4.998985e-17	-2.255163e-77	2.683846e-79	-2.949907e-78	-0.000000e+00
1.258653e-02	-6.749489e-17	6.237673e-17	2.003172e-17	-2.688111e-77	1.968138e-79	-2.578259e-78	8.970321e-09
1.257862e-02	-6.238159e-17	6.194686e-17	-2.455057e-17	-9.034958e-77	1.946254e-79	-1.586456e-78	8.981615e-09
1.257071e-02	-6.452322e-17	7.433571e-17	2.086869e-17	-9.601636e-77	3.056620e-79	-9.059829e-79	-1.798583e-09
1.256281e-02	-6.722779e-17	8.324339e-17	1.102295e-17	-4.359200e-77	3.260931e-79	-1.267454e-78	-1.260591e-08
1.255493e-02	-6.072299e-17	8.896504e-17	3.918307e-18	-9.488922e-77	3.203366e-79	-1.561356e-78	3.606216e-09
1.254705e-02	-6.027627e-17	7.205805e-17	-2.563921e-17	-1.018310e-76	1.372954e-79	-1.607850e-78	-5.416118e-09
1.253918e-02	-6.028597e-17	5.662311e-17	-8.931115e-18	-1.250073e-76	1.235070e-79	-1.411485e-78	9.942012e-09
1.253133e-02	-3.581536e-17	5.411376e-17	-6.026080e-17	-1.528855e-76	1.262717e-79	-2.005494e-78	8.144576e-09
1.252348e-02	-2.509744e-17	5.670581e-17	-3.130092e-18	-5.547477e-77	6.343727e-80	-1.206395e-78	-1.449740e-08
1.251564e-02	-3.468571e-17	5.225029e-17	-4.230991e-17	1.966412e-77	4.220262e-80	-8.934656e-79	-1.905167e-08
1.250782e-02	-4.847164e-17	6.359865e-17	-4.345482e-18	1.019424e-76	4.450676e-80	-1.135201e-78	3.724269e-08
1.250000e-02	-3.452762e-17	4.453162e-17	-6.162605e-18	-6.954571e-79	5.830463e-80	-2.269332e-78	-2.364686e-08
1.249219e-02	-4.153380e-17	5.092322e-17	-4.888495e-18	9.931215e-77	5.274068e-80	-2.965948e-78	2.003390e-08
1.248439e-02	-1.339349e-17	4.662986e-17	-4.275660e-17	5.833995e-77	4.807114e-80	-4.073922e-78	-3.647079e-09
1.247661e-02	-4.103464e-17	3.981834e-17	-2.092510e-17	5.030491e-77	4.510055e-80	-4.026048e-78	1.278072e-08
1.246883e-02	-3.584375e-17	4.518478e-17	-2.317428e-17	1.045703e-76	3.137377e-80	-3.266143e-78	-1.462477e-08
1.246106e-02	-3.733299e-17	5.419342e-17	-2.152223e-17	4.115675e-77	2.625545e-80	-3.183265e-78	-1.281263e-08
1.245330e-02	-1.945947e-17	2.965149e-17	-1.032770e-17	-2.998857e-78	1.612143e-80	-2.263748e-78	-1.374493e-08
1.244555e-02	1.721658e-17	8.595679e-18	-1.536789e-18	-5.098619e-77	2.576335e-80	-2.359069e-78	1.376205e-08
1.243781e-02	1.315749e-17	2.880626e-18	-1.309616e-17	-5.935056e-77	1.566943e-81	-2.383081e-78	1.653502e-08
1.243008e-02	1.616271e-17	6.441072e-18	-2.616180e-18	-6.990611e-77	-1.036797e-81	-2.203622e-78	-1.655560e-08
1.242236e-02	1.003608e-17	3.274671e-17	-3.423944e-18	-3.050878e-77	-3.984949e-81	-2.184471e-78	2.762697e-08
1.241465e-02	9.656071e-18	2.618810e-17	-1.678345e-17	-2.091899e-77	-7.718402e-81	-1.914086e-78	-3.042743e-08
1.240695e-02	8.247713e-18	2.193534e-17	-4.029546e-17	-3.761418e-77	-9.809850e-81	-2.009491e-78	1.846377e-09
1.239926e-02	1.001494e-18	1.249099e-17	-4.644116e-17	-1.900877e-77	-1.247923e-80	-2.018784e-78	-7.394672e-09
1.239157e-02	-4.068645e-18	2.003841e-17	-5.007865e-17	-7.739158e-77	-2.990800e-80	-2.022044e-78	1.203125e-08
1.238390e-02	1.157812e-17	3.567233e-17	-7.152542e-17	-8.039474e-77	-2.401711e-80	-1.918696e-78	5.559766e-09
1.237624e-02	7.089091e-18	5.543002e-18	-1.634841e-18	-1.499449e-76	4.655805e-81	-1.546436e-78	1.855551e-09
1.236858e-02	1.179977e-17	-1.433872e-18	-1.558446e-17	-1.942926e-76	-1.864844e-80	-1.173516e-78	1.207601e-08
1.236094e-02	4.469026e-17	-1.573656e-17	-2.716523e-17	-1.815016e-76	3.874226e-81	-8.524359e-79	-1.302103e-08
1.235330e-02	3.746511e-17	8.722401e-18	2.271729e-17	-1.024887e-76	-4.427787e-80	-8.628525e-79	-1.862447e-09
1.234568e-02	4.506251e-17	5.782787e-19	1.484218e-17	-5.904112e-77	-2.666368e-80	-1.122034e-78	-2.797123e-09
1.233806e-02	4.819982e-17	1.408636e-17	1.134099e-17	-2.137939e-77	-3.286270e-80	-1.102683e-78	-7.468205e-09
1.233046e-02	3.368421e-17	9.382855e-18	-1.065500e-17	-7.376630e-77	-1.418421e-80	-1.159226e-78	2.243227e-08
1.232286e-02	1.052254e-17	1.429447e-17	-5.101537e-17	6.844782e-78	-5.893705e-81	-6.890280e-79	-3.649739e-08
1.231527e-02	1.593316e-17	5.463557e-18	-5.423223e-17	-6.432445e-77	2.218191e-81	-1.218087e-78	2.810953e-08
1.230769e-02	2.391106e-17	3.245156e-17	-2.080584e-17	-6.726461e-77	-2.797900e-80	-6.479760e-79	-9.381385e-10
1.230012e-02	4.787849e-17	2.944465e-17	-3.676313e-17	-6.047171e-77	-3.316067e-80	-5.549697e-79	-3.757174e-09
1.229256e-02	4.843484e-17	2.795144e-17	1.326433e-17	-5.620746e-77	-3.792867e-80	-4.418725e-79	-7.523593e-09
1.228501e-02	4.911656e-17	3.448502e-17	4.174547e-18	-1.054361e-77	-1.597123e-80	-2.957918e-79	5.649633e-09
1.227747e-02	1.075573e-17	1.416166e-17	-3.382136e-17	-1.418301e-77	-1.169826e-80	-3.413597e-79	1.225591e-08
1.226994e-02	1.477631e-17	1.057643e-17	-6.536113e-18	-9.015603e-78	-3.749010e-80	-1.317127e-78	-1.793449e-08
1.226242e-02	2.323683e-17	-2.516298e-18	-3.148523e-17	4.243312e-79	-2.939902e-80	-1.264473e-78	-2.835237e-09
1.225490e-02	2.975026e-17	1.073990e-17	-2.253324e-17	-7.496494e-77	-5.361035e-80	-1.274007e-78	6.623668e-09
1.224740e-02	7.971015e-18	3.336122e-18	-4.905473e-18	-1.898708e-77	-6.809404e-80	-7.937580e-79	1.042138e-08
1.223990e-02	1.067524e-17	-2.118639e-18	-2.541024e-17	-3.106112e-78	7.450429e-81	-8.810141e-79	-1.043415e-08
1.223242e-02	2.207126e-17	3.229615e-18	-1.434616e-17	-3.707470e-77	-1.379151e-81	-1.170443e-78	2.469273e-08
1.222494e-02	2.916449e-17	-2.803747e-18	-2.833671e-17	-5.727310e-77	-3.227120e-81	-1.120985e-78	-1.045971e-08
1.221747e-02	2.760736e-17	-6.976909e-18	-1.337905e-17	-9.657380e-77	-4.574414e-81	-1.107587e-78	-1.428068e-08
1.221001e-02	1.804321e-17	-1.111203e-17	-4.466046e-17	-6.309413e-77	-2.468868e-80	-9.032078e-79	8.578878e-09
1.220256e-02	2.510544e-17	-1.355879e-17	-1.882988e-18	-1.183746e-76	4.145011e-80	-1.066043e-79	-1.431559e-08
1.219512e-02	1.850382e-17	1.173313e-18	-1.587272e-18	-2.859311e-77	6.005609e-81	-2.808795e-79	1.146645e-08
1.218769e-02	2.389725e-17	-7.382079e-18	-2.817625e-17	-2.983078e-77	-2.466473e-81	-4.894831e-79	7.653628e-09
1.218027e-02	2.174717e-17	7.007359e-19	2.775558e-19	1.042797e-77	2.798918e-80	-1.121590e-78	-2.298888e-08
1.217285e-02	1.553218e-17	7.698130e-19	2.988398e-17	5.831569e-77	2.230505e-80	-1.880046e-78	7.672296e-09
1.216545e-02	1.813545e-17	-3.915370e-18	-1.752504e-17	7.469453e-77	-2.372211e-80	-4.190137e-78	5.761228e-09
1.215805e-02	1.156953e-17	-1.512039e-17	1.716246e-17	6.666964e-77	1.351793e-79	-5.322565e-78	-1.922746e-09
1.215067e-02	4.209337e-18	-1.632555e-17	-1.480251e-17	3.916526e-77	1.993255e-79	-5.366607e-78	1.155051e-08
1.214329e-02	-2.947057e-18	-1.794707e-17	-9.465085e-19	4.443763e-77	2.641342e-79	-5.801508e-78	-1.927425e-08
1.213592e-02	4.525468e-17	-3.861201e-17	1.863093e-17	1.009796e-76	3.384519e-79	-6.143495e-78	-4.824415e-09
1.212856e-02	4.046353e-17	-6.964783e-17	-4.643265e-18	1.348245e-76	3.724718e-79	-5.469683e-78	8.694488e-09
1.212121e-02	1.842584e-17	-6.004237e-17	-2.131840e-17	1.784456e-76	2.922595e-79	-6.388339e-78	-1.160672e-08
1.211387e-02	3.089294e-17	-6.207129e-17	2.543538e-17	1.209246e-76	3.950869e-79	-5.774558e-78	2.711517e-08
1.210654e-02	3.296983e-17	-7.496931e-17	-3.508045e-17	7.716132e-77	4.875827e-79	-5.154307e-78	-3.878290e-09
1.209921e-02	2.730239e-17	-8.611449e-17	-2.198762e-18	7.505631e-77	3.613717e-79	-4.055246e-78	-7.765973e-09
1.209190e-02	1.483023e-17	-8.772481e-17	-2.707741e-17	1.438121e-77	1.959972e-79	-3.767894e-78	-9.719216e-10
1.208459e-02	2.207618e-17	-6.688202e-17	-2.243336e-17	-9.199305e-79	1.030156e-79	-4.583470e-78	6.811680e-09
1.207729e-02	1.534144e-17	-7.287726e-17	-4.357704e-17	-6.091211e-77	2.345322e-80	-4.237442e-78	-0.000000e+00
1.207001e-02	-5.656351e-18	-5.031309e-17	-6.480473e-18	-2.886945e-77	6.341024e-80	-4.357917e-78	-4.877252e-09
1.206273e-02	1.609275e-18	-4.970118e-17	2.669306e-17	7.637763e-79	1.049907e-79	-4.088154e-78	-6.836397e-09
1.205546e-02	3.932663e-18	-5.688028e-17	-3.777523e-17	-8.866054e-77	3.846783e-79	-4.131436e-78	9.778066e-09
1.204819e-02	-1.179621e-17	-6.217734e-17	-2.464910e-17	-5.451006e-77	4.070648e-79	-3.806513e-78	-1.762174e-08
1.204094e-02	-1.355720e-17	-7.076615e-17	1.902818e-17	-5.130896e-77	3.923134e-79	-3.716375e-78	1.176199e-08
1.203369e-02	-2.493689e-18	-7.193576e-17	-6.526897e-18	-1.066627e-78	5.717622e-79	-3.667353e-78	7.850770e-09
1.202646e-02	-7.879305e-18	-7.450771e-17	-4.513750e-17	2.449580e-77	5.552838e-79	-4.049123e-78	1.179033e-08
1.201923e-02	-1.413679e-17	-8.442517e-17	-4.247037e-17	-2.351819e-78	4.383137e-79	-4.265083e-78	-4.229951e-08
1.201201e-02	-2.648036e-17	-5.870360e-17	3.685583e-17	5.919318e-77	5.813249e-79	-4.141069e-78	2.265252e-08
1.200480e-02	1.914640e-18	-5.112673e-17	-1.902341e-17	8.748408e-77	5.560860e-79	-4.212078e-78	4.930378e-09
1.199760e-02	-4.497275e-18	-4.866224e-17	-9.044143e-18	-3.900196e-77	6.271104e-79	-2.530419e-78	-2.468149e-08
1.199041e-02	2.534289e-18	-4.408746e-17	-1.443083e-17	-8.946534e-77	8.355189e-79	-2.660158e-78	4.250311e-08
1.198322e-02	1.247945e-17	-7.387021e-17	-4.655781e-17	-6.588823e-77	8.138478e-79	-2.578143e-78	-1.286519e-08
1.197605e-02	3.202382e-17	-7.582219e-17	-1.861629e-17	-2.751214e-77	8.523609e-79	-2.667445e-78	-2.972449e-09
1.196888e-02	1.647121e-17	-5.776492e-17	-4.325560e-18	-4.648833e-77	9.351232e-79	-2.512530e-78	1.686406e-08
1.196172e-02	2.970643e-17	-6.586775e-17	-4.725732e-18	-1.340177e-76	1.086039e-78	-2.653571e-78	-2.979573e-08
1.195457e-02	2.892442e-17	-4.951919e-17	-2.195401e-17	-2.101075e-77	9.805797e-79	-2.531236e-78	-5.966276e-09
1.194743e-02	2.163117e-17	-4.525653e-17	1.147184e-17	-5.425484e-77	9.345911e-79	-2.584717e-78	4.380501e-08
1.194030e-02	2.161371e-17	-5.002888e-17	-3.744202e-17	5.256976e-77	7.601358e-79	-2.545564e-78	-2.093192e-08
1.193317e-02	3.046636e-17	-4.902999e-17	-3.124671e-18	3.627292e-77	6.812090e-79	-2.686560e-78	-8.981539e-09
1.192606e-02	3.648610e-17	-3.156267e-17	1.894101e-18	3.495994e-78	8.005074e-79	-2.970920e-78	-1.998280e-09
1.191895e-02	4.063718e-17	-4.321985e-17	-9.288224e-19	8.770085e-77	9.210535e-79	-3.093023e-78	-1.200398e-08
1.191185e-02	5.026388e-17	-4.681945e-17	-1.728977e-17	-2.039416e-77	1.194800e-77	-3.304388e-78	-1.101677e-08
1.190476e-02	3.868832e-17	-3.047255e-17	2.433659e-18	2.849677e-76	5.883937e-77	-3.899118e-78	2.907882e-08
1.189768e-02	5.172712e-17	-2.225000e-17	-6.577855e-18	5.642811e-76	1.467506e-76	-3.713636e-78	-8.031296e-09
1.189061e-02	4.996497e-17	-2.129501e-17	-7.396974e-17	8.860637e-76	1.532153e-76	-4.066344e-78	2.211235e-08
1.188354e-02	1.727262e-17	-1.655473e-18	1.201296e-17	8.113629e-76	3.173465e-76	-4.434086e-78	-3.622688e-08
1.187648e-02	-1.342083e-17	7.088742e-18	-4.756395e-17	1.471034e-75	4.460477e-76	-5.359531e-78	2.216497e-08
1.186944e-02	5.884652e-18	1.726653e-17	-4.788704e-17	2.072223e-75	5.367448e-76	-6.343229e-78	2.118260e-08
1.186240e-02	1.575112e-17	1.062792e-17	-2.824347e-17	9.563111e-76	6.950047e-76	-7.944231e-78	-2.827700e-08
1.185536e-02	3.277946e-17	3.565175e-18	7.327784e-18	-2.702637e-76	7.567606e-76	-9.494237e-78	-7.077639e-09
1.184834e-02	4.938416e-17	8.232599e-18	-1.051012e-17	4.010250e-76	8.338277e-76	-1.047080e-77	1.012290e-08
1.184133e-02	3.491922e-17	1.681878e-17	-1.297573e-17	5.853131e-76	8.909198e-76	-1.247629e-77	-6.080941e-09
1.183432e-02	4.199906e-17	5.943445e-19	-1.503246e-17	1.816279e-75	1.030290e-75	-1.215979e-77	1.217629e-08
1.182732e-02	3.587022e-17	1.977621e-18	-2.880264e-17	2.549538e-75	1.015509e-75	-1.262208e-77	-6.095350e-09
1.182033e-02	4.615955e-17	-7.784536e-18	-2.599483e-17	2.315110e-75	9.987103e-76	-1.382023e-77	-2.034187e-09
1.181335e-02	2.382819e-17	-1.969791e-17	-2.069959e-17	1.895309e-75	9.409728e-76	-1.502160e-77	1.832933e-08
1.180638e-02	1.067731e-17	-1.099764e-17	-2.327999e-17	1.831739e-75	1.016128e-75	-1.779820e-77	-2.446799e-08
1.179941e-02	7.708248e-18	-1.025379e-17	-3.890931e-19	9.032478e-76	9.744908e-76	-1.966895e-77	-1.326915e-08
1.179245e-02	8.111483e-18	-6.045378e-19	1.882825e-17	1.076746e-76	1.050170e-75	-2.010123e-77	-1.021908e-09
1.178550e-02	-5.090086e-18	7.556735e-18	-3.426507e-17	-7.572650e-76	7.081878e-76	-2.131346e-77	1.636982e-08
1.177856e-02	7.616227e-18	4.726047e-18	7.774001e-18	1.824766e-74	-3.489128e-75	-2.255867e-77	1.024320e-08
1.177163e-02	-2.129053e-17	-2.433666e-18	-2.501905e-17	1.382091e-74	-3.471659e-75	-2.252747e-77	-1.230632e-08
1.176471e-02	-1.207168e-17	-4.956682e-18	8.490387e-18	1.315784e-74	-3.946384e-75	-2.638291e-77	1.437428e-08
1.175779e-02	-1.443392e-17	-9.139723e-18	-2.272650e-17	8.294630e-75	-3.217224e-75	-2.789377e-77	-1.644708e-08
1.175088e-02	-5.250687e-18	-1.397444e-17	2.321616e-18	1.176740e-74	-2.918414e-75	-2.682217e-77	5.145758e-09
1.174398e-02	-7.528370e-18	2.731640e-18	8.072969e-18	1.255759e-74	-2.780989e-75	-2.454947e-77	-1.339470e-08
1.173709e-02	-2.901565e-17	5.109340e-18	-5.058128e-17	8.510898e-75	-4.451740e-75	-1.956839e-77	1.856829e-08
1.173021e-02	-1.918000e-17	6.792042e-18	-1.537128e-17	9.984817e-75	-3.963661e-75	-2.077060e-77	3.821296e-08
1.172333e-02	-5.238008e-18	6.544367e-18	3.587625e-18	1.019190e-74	-3.218857e-75	-2.219717e-77	-4.652976e-08
1.171646e-02	-1.478582e-17	9.181521e-18	-1.064795e-17	8.444861e-75	-2.885564e-75	-2.132181e-77	7.246450e-09
1.170960e-02	-1.374419e-17	1.434065e-17	-3.965144e-17	6.735564e-75	-2.165367e-75	-1.878972e-77	4.145681e-09
1.170275e-02	-3.125230e-17	3.053326e-17	-3.990324e-17	5.820073e-75	-1.378474e-75	-1.921910e-77	-6.225806e-09
1.169591e-02	-3.936557e-17	6.072678e-17	3.637651e-18	4.950570e-75	-6.479272e-76	-2.265177e-77	1.038849e-09
1.168907e-02	-3.035795e-17	6.273916e-17	1.796774e-17	3.845132e-75	-2.196761e-76	-2.322103e-77	-1.040064e-09
1.168224e-02	-3.095497e-17	5.647643e-17	-2.775558e-18	4.157564e-75	9.659980e-77	-2.081772e-77	-5.206402e-09
1.167542e-02	-2.952303e-17	3.295921e-17	-2.800711e-17	3.285029e-75	4.880054e-76	-2.180763e-77	2.293494e-08
1.166861e-02	-2.638954e-17	3.446580e-17	-2.696079e-17	3.174863e-75	9.821643e-76	-1.666246e-77	-1.356829e-08
1.166181e-02	-1.165640e-17	4.591765e-17	-2.715493e-17	2.848347e-75	1.016800e-75	-1.465384e-77	2.089866e-09
1.165501e-02	2.468625e-18	6.376379e-17	-2.253406e-17	2.992790e-75	1.187922e-75	-1.371054e-77	1.464613e-08
1.164822e-02	-1.376315e-17	7.746163e-17	-1.803245e-17	2.973928e-75	1.412191e-75	-1.104231e-77	-7.331601e-09
1.164144e-02	-2.940149e-18	6.554977e-17	-7.587506e-17	2.961031e-75	1.431997e-75	-1.146898e-77	-6.291552e-09
1.163467e-02	1.023490e-17	6.157373e-17	-1.593344e-17	2.531709e-75	1.477168e-75	-1.511177e-77	-2.099626e-08
1.162791e-02	1.299978e-17	7.541055e-17	-4.116171e-17	2.718741e-75	1.649689e-75	-1.590111e-77	2.732691e-08
1.162115e-02	8.442260e-18	7.814676e-17	-3.403961e-17	2.582764e-75	1.812705e-75	-1.565614e-77	-3.367223e-08
1.161440e-02	1.851892e-17	7.372135e-17	-1.955033e-17	2.333340e-75	2.017267e-75	-2.016388e-77	1.264177e-08
1.160766e-02	-4.586637e-18	5.395902e-17	6.550207e-18	1.780019e-75	2.498725e-75	-2.022207e-77	2.109409e-08
1.160093e-02	-7.321559e-18	4.322657e-17	1.389893e-17	1.372814e-75	2.067123e-75	-2.112225e-77	-2.956601e-08
1.159420e-02	-1.287975e-17	6.761820e-17	-3.103312e-17	1.246334e-75	2.602092e-75	-1.864049e-77	4.228617e-08
1.158749e-02	1.142885e-17	8.330628e-17	-4.883680e-17	1.039202e-75	2.497828e-75	-1.950420e-77	-2.116761e-08
1.158078e-02	1.602938e-17	8.161607e-17	-5.667342e-17	8.518709e-76	2.534516e-75	-1.961915e-77	-8.476857e-09
1.157407e-02	7.912798e-18	8.361624e-17	-6.381180e-17	5.605669e-76	2.458231e-75	-2.350755e-77	1.697335e-08
1.156738e-02	1.312560e-17	1.003040e-16	-3.044069e-17	3.136759e-76	2.531312e-75	-2.138219e-77	-3.292395e-08
1.156069e-02	2.339275e-17	1.072971e-16	-4.728957e-17	2.024748e-76	2.258509e-75	-2.128711e-77	1.275950e-08
1.155402e-02	3.270745e-17	1.117573e-16	-2.084270e-17	-2.087445e-78	2.266825e-75	-2.343670e-77	9.580691e-09
1.154734e-02	1.437288e-17	1.081733e-16	5.327769e-18	-1.462872e-76	1.945436e-75	-2.503410e-77	-4.263006e-09
1.154068e-02	1.458573e-17	9.875528e-17	-3.202205e-17	-2.635198e-76	1.912807e-75	-2.448674e-77	-4.267930e-09
1.153403e-02	6.414008e-18	1.148631e-16	-3.779725e-17	-4.079554e-76	1.713941e-75	-2.502988e-77	1.068214e-08
1.152738e-02	8.265147e-18	1.149458e-16	-1.796199e-17	-5.563956e-76	1.247662e-75	-2.524177e-77	-4.277787e-09
1.152074e-02	-1.553478e-18	1.037086e-16	-5.365916e-17	-7.158581e-76	1.235253e-75	-2.870660e-77	-8.565439e-09
1.151410e-02	-1.099134e-17	1.037203e-16	-1.343516e-17	-9.455955e-76	2.496726e-75	-2.745873e-77	7.503396e-09
1.150748e-02	-2.218859e-17	1.035030e-16	-1.434719e-17	-9.365221e-76	1.821243e-75	-3.446109e-77	-5.365742e-09
1.150086e-02	-2.326879e-17	9.903372e-17	-2.002305e-17	-8.906996e-76	1.264689e-75	-2.616367e-77	3.223151e-09
1.149425e-02	-1.951436e-17	8.335062e-17	-1.237292e-17	-8.156492e-76	6.805773e-76	-2.921082e-77	2.473925e-08
1.148765e-02	-1.458678e-17	8.470236e-17	-5.653247e-17	-9.168303e-76	9.798993e-76	-3.349473e-77	-1.830656e-08
1.148106e-02	-9.300348e-18	1.085521e-16	-1.116592e-17	-9.104007e-76	9.755563e-76	-3.691860e-77	3.234281e-09
1.147447e-02	7.375853e-19	9.144232e-17	-2.340825e-17	-9.493073e-76	7.646001e-76	-3.785846e-77	-6.475991e-09
1.146789e-02	-5.453178e-19	8.265435e-17	-2.391103e-17	-1.116349e-75	5.556154e-76	-3.581733e-77	4.322283e-09
1.146132e-02	1.367758e-19	7.952437e-17	-1.264180e-17	-1.114625e-75	4.211915e-76	-2.684381e-77	-4.327241e-09
1.145475e-02	-1.085323e-18	6.758574e-17	-3.427407e-17	-8.508309e-76	1.533724e-76	-3.219473e-77	-6.498303e-09
1.144820e-02	-6.927090e-18	6.689505e-17	2.972449e-17	-9.312608e-76	1.324045e-76	-3.173983e-77	1.734866e-08
1.144165e-02	-3.170765e-18	5.491271e-17	-2.256071e-17	-9.025870e-76	6.816036e-76	-2.809572e-77	-0.000000e+00
1.143511e-02	-1.217866e-17	4.524876e-17	-4.429807e-17	-9.941555e-76	3.166411e-76	-3.849288e-77	-1.738841e-08
1.142857e-02	1.712845e-18	3.333885e-17	-3.811708e-17	-8.266197e-76	2.302458e-76	-3.558021e-77	-1.740830e-08
1.142204e-02	-1.308061e-17	5.222473e-17	-6.771568e-17	-6.880841e-76	8.326811e-77	-2.847906e-77	3.267787e-08
1.141553e-02	-7.226626e-18	5.690654e-17	-3.670502e-18	-7.683082e-76	-8.107846e-78	-3.420895e-77	-9.814562e-09
1.140901e-02	2.124858e-17	2.770130e-17	-6.782904e-18	-8.165454e-76	-3.076002e-77	-2.612470e-77	-5.458761e-09
1.140251e-02	1.370684e-17	2.704190e-17	-3.886052e-18	-1.226881e-75	-1.361569e-76	-3.791041e-77	1.639497e-08
1.139601e-02	1.463883e-17	3.143608e-17	-4.175379e-17	-1.253058e-75	-1.950524e-76	-4.127424e-77	6.565468e-09
1.138952e-02	-1.183378e-17	2.419810e-17	-3.351025e-17	-1.205331e-75	-2.212336e-76	-4.226462e-77	-2.300533e-08
1.138304e-02	3.126058e-18	2.134869e-17	-4.693294e-17	-1.216658e-75	-3.004462e-76	-2.941350e-77	3.290220e-08
1.137656e-02	2.234085e-18	1.263654e-17	-4.206704e-19	-1.259788e-75	-2.904899e-76	-3.917027e-77	-1.097989e-09
1.137010e-02	2.723747e-18	1.293998e-17	-5.191458e-17	-1.427380e-75	-2.555185e-76	-4.232358e-77	-5.496192e-09
1.136364e-02	1.585677e-17	2.124682e-17	1.245443e-17	-1.594355e-75	-1.477366e-76	-3.223379e-77	-8.803909e-09
1.135718e-02	1.208100e-17	2.427355e-17	-3.745268e-17	-1.997339e-75	-7.535700e-77	-3.931189e-77	-1.432261e-08
1.135074e-02	9.579856e-18	1.072737e-17	-2.014881e-17	-1.593979e-75	-7.316814e-77	-3.995011e-77	-3.308973e-09
1.134430e-02	3.833021e-18	2.453474e-17	-6.144662e-17	-1.611037e-75	-4.428704e-77	-5.017073e-77	1.325092e-08
1.133787e-02	2.508659e-18	2.896004e-17	-2.387847e-17	-1.237794e-75	-1.515443e-76	-4.811584e-77	-2.210993e-09
1.133144e-02	8.911007e-18	4.747382e-18	-3.191434e-17	-1.171024e-75	-7.170194e-77	-3.953008e-77	-7.747252e-09
1.132503e-02	-6.971268e-18	2.114291e-17	-2.699298e-17	-9.238228e-76	-7.715243e-77	-4.524006e-77	7.756033e-09
1.131862e-02	-2.774997e-17	1.359560e-17	-2.860559e-17	-6.507249e-76	-2.788998e-76	-4.553239e-77	2.218520e-09
1.131222e-02	-1.406175e-17	-9.814558e-18	-2.980905e-17	-5.347090e-76	-1.729202e-76	-3.617299e-77	-6.663095e-09
1.130582e-02	-2.254098e-17	3.885407e-18	-7.693499e-18	-4.257284e-76	-1.835732e-76	-3.533952e-77	-1.111772e-09
1.129944e-02	-2.357702e-17	1.445145e-17	-1.205633e-17	-4.172984e-76	-1.490515e-76	-3.466794e-77	-3.339089e-09
1.129305e-02	-2.024299e-17	1.614585e-17	3.787660e-18	-3.966024e-76	-3.030092e-76	-3.254450e-77	3.120006e-08
1.128668e-02	-3.700095e-18	1.517102e-17	-1.991922e-17	-3.698682e-76	-2.646900e-76	-3.891959e-77	-2.900421e-08
1.128032e-02	-3.231854e-18	-1.965877e-18	9.726064e-18	-3.077359e-76	-3.997725e-76	-2.975159e-77	-1.005125e-08
1.127396e-02	1.624465e-17	6.214427e-18	8.933826e-19	-3.060375e-76	-5.343627e-76	-2.368853e-77	2.347939e-08
1.126761e-02	1.337200e-17	-1.198127e-18	-2.829768e-17	-3.163416e-76	-5.226234e-76	-1.843910e-77	1.119327e-08
1.126126e-02	2.081039e-17	-1.519275e-17	-1.834036e-17	-2.217218e-76	-7.523240e-76	-1.278404e-77	-6.723531e-09
1.125492e-02	-2.045529e-17	1.919130e-18	-2.170573e-17	-1.541708e-76	-5.658089e-76	-1.336669e-77	-4.599588e-08
1.124859e-02	-7.613770e-18	-1.204420e-17	-1.783296e-17	-7.184323e-77	-6.408310e-76	-7.658551e-78	1.796982e-08
1.124227e-02	-6.003692e-18	-3.474591e-18	-5.447899e-17	3.886005e-77	-3.869934e-76	-1.082252e-78	-1.124377e-09
1.123596e-02	3.161749e-18	8.942575e-18	2.565900e-18	-1.574362e-77	-1.777587e-76	-4.259861e-78	9.005134e-09
1.122965e-02	-1.251231e-17	7.899075e-18	-4.116499e-17	-1.354982e-77	-2.057859e-76	-4.906321e-78	3.944174e-08
1.122334e-02	-3.120493e-17	1.951280e-17	-6.429319e-17	2.473396e-77	-1.109636e-76	-2.687590e-79	-4.174239e-08
1.121705e-02	-5.233932e-17	4.116310e-17	-1.725779e-18	-2.493810e-77	-1.379187e-76	-2.044960e-78	9.035514e-09
1.121076e-02	-3.200644e-17	4.261053e-17	-4.326617e-17	-2.245461e-77	-2.482048e-77	-1.133076e-78	-1.809130e-08
1.120448e-02	-3.088228e-17	3.065379e-17	-3.764350e-17	1.335635e-77	8.683086e-77	-3.425088e-79	2.150752e-08
1.119821e-02	-4.294905e-17	2.488518e-17	-3.342937e-17	1.812807e-77	8.251323e-77	1.128108e-79	-1.699865e-08
1.119194e-02	-3.282244e-17	2.076250e-17	-1.034546e-17	8.985176e-77	7.438091e-77	4.829874e-78	9.076101e-09
1.118568e-02	-9.563588e-18	2.671270e-17	4.135113e-17	1.924990e-76	-3.588651e-77	1.130129e-77	-1.135783e-09
1.117943e-02	-1.916911e-17	3.451997e-17	7.229460e-18	3.515548e-76	1.479048e-75	-1.871651e-68	2.160402e-08
1.117318e-02	-2.357261e-17	4.444156e-17	-9.905271e-18	4.182699e-76	1.462621e-75	-5.412864e-68	-2.959645e-08
1.116695e-02	-3.632588e-17	5.439461e-17	-1.526990e-17	4.285556e-76	2.412979e-75	-9.642179e-68	1.481476e-08
1.116071e-02	-3.069737e-17	5.874961e-17	1.432167e-17	4.177970e-76	2.292481e-75	-1.210390e-67	-1.711305e-08
1.115449e-02	-3.343576e-17	4.291728e-17	-4.731458e-17	3.857939e-76	2.857554e-75	-1.286340e-67	5.139647e-08
1.114827e-02	-8.656844e-17	4.127865e-17	-1.108055e-17	3.670398e-76	2.836852e-75	-1.279548e-67	-4.230647e-08
1.114206e-02	-9.588256e-17	3.313056e-17	-8.756186e-18	3.870637e-76	3.063787e-75	-1.243092e-67	2.289386e-09
1.113586e-02	-9.374299e-17	4.844496e-17	1.319691e-17	4.109222e-76	3.377067e-75	-1.374706e-67	-0.000000e+00
1.112966e-02	-7.066135e-17	5.567995e-17	-4.219715e-17	3.863119e-76	4.312770e-75	-1.516642e-67	1.147245e-08
1.112347e-02	-7.807386e-17	5.768456e-17	-4.531965e-18	5.703520e-76	5.005930e-75	-1.632587e-67	6.891136e-09
1.111729e-02	-6.908496e-17	6.208789e-17	8.031770e-18	5.523374e-76	5.007171e-75	-1.958444e-67	-1.494741e-08
1.111111e-02	-1.006179e-16	5.544003e-17	9.662410e-18	4.879223e-76	4.274194e-75	-2.337147e-67	1.496403e-08
1.110494e-02	-1.065381e-16	5.494584e-17	-2.659765e-17	4.307566e-76	4.420517e-75	-2.410704e-67	-6.914151e-09
1.109878e-02	-8.147328e-17	3.610104e-17	-2.356188e-17	-1.005169e-75	4.113016e-75	-3.509930e-67	1.153639e-09
1.109262e-02	-9.907987e-17	2.982281e-17	-3.839377e-17	-1.229010e-75	-1.230860e-75	-4.610216e-67	-1.039427e-08
1.108647e-02	-1.054123e-16	3.239871e-17	-6.652665e-18	-1.739846e-75	-7.302532e-75	-4.338884e-67	-1.156201e-09
1.108033e-02	-1.079683e-16	1.002618e-17	6.965999e-18	-1.831302e-75	-1.604317e-74	-6.479511e-67	-8.102381e-09
1.107420e-02	-8.764685e-17	8.819901e-18	-1.452831e-19	-1.754715e-75	-2.665850e-74	-6.603210e-67	-2.317532e-09
1.106807e-02	-9.468282e-17	1.688035e-17	1.011777e-17	-2.080306e-75	-4.443594e-74	-5.846997e-67	3.596153e-08
1.106195e-02	-7.877540e-17	2.269925e-17	-2.790303e-17	-9.045649e-76	-5.447674e-74	-8.407024e-67	-2.206534e-08
1.105583e-02	-6.011445e-17	2.854963e-18	2.005774e-18	-1.252124e-75	-6.604672e-74	-7.209586e-67	9.300950e-09
1.104972e-02	-5.061944e-17	-4.568079e-18	4.427882e-18	-1.159568e-75	-8.289231e-74	-4.494076e-67	-6.983427e-09
1.104362e-02	-5.455192e-17	9.042860e-18	-3.254992e-17	-9.663894e-76	-9.815440e-74	-6.165975e-67	2.563420e-08
1.103753e-02	-3.759413e-17	2.826315e-17	-5.552850e-17	-4.257991e-74	-1.119295e-73	-1.311260e-68	-1.166478e-08
1.103144e-02	-4.296217e-17	3.655214e-17	-7.356312e-18	-4.984072e-74	-8.306049e-74	5.826160e-67	-8.174362e-09
1.102536e-02	-5.227979e-17	2.528002e-17	-2.127205e-17	-4.245054e-74	-4.829594e-74	1.789240e-67	8.183382e-09
1.101928e-02	-3.753930e-17	1.834200e-17	-7.140921e-17	-4.706488e-74	-2.392525e-74	1.072692e-67	-1.638481e-08
1.101322e-02	-4.800481e-17	2.085052e-17	1.463348e-17	-4.359573e-74	2.708015e-75	-3.615598e-68	1.640287e-08
1.100715e-02	-5.474395e-17	1.157648e-17	6.990936e-18	-3.888835e-74	2.089032e-74	-2.305588e-67	7.037547e-09
1.100110e-02	-6.829744e-17	9.621152e-18	-1.978886e-17	-3.888173e-74	3.528022e-74	-3.949690e-67	-3.287805e-08
1.099505e-02	-9.069030e-17	1.200803e-17	-2.602139e-17	-3.521369e-74	3.712983e-74	-5.802977e-67	1.410610e-08
1.098901e-02	-9.148135e-17	3.376649e-18	-1.748601e-17	-3.708354e-74	3.811187e-74	-6.137245e-67	1.176801e-08
1.098298e-02	-7.290552e-17	-3.152042e-18	-1.698403e-17	-3.081602e-74	3.346227e-74	-1.035111e-66	-0.000000e+00
1.097695e-02	-7.543330e-17	-2.474888e-19	-1.257776e-18	3.906345e-74	3.013027e-74	-1.218525e-66	8.255721e-09
1.097093e-02	-4.650216e-17	-6.862806e-18	1.725833e-17	3.626134e-74	1.119643e-74	-1.854909e-66	-2.007162e-08
1.096491e-02	-3.721853e-17	-1.196508e-17	-3.463850e-17	3.423960e-74	-2.864557e-76	-1.893306e-66	-1.181979e-09
1.095890e-02	-2.905860e-17	-1.885607e-17	8.532671e-18	3.042501e-74	-5.469708e-75	-2.155354e-66	7.099654e-09
1.095290e-02	-5.093886e-17	-8.161744e-18	-2.965320e-17	2.827481e-74	-3.000484e-75	-2.078038e-66	-1.184573e-08
1.094691e-02	-5.106615e-17	-5.967558e-18	-2.471547e-17	2.650115e-74	5.123565e-75	-2.114335e-66	3.557612e-09
1.094092e-02	-4.188348e-17	-7.501978e-18	-9.161508e-18	2.723968e-74	2.474560e-75	-1.582022e-66	2.255621e-08
1.093494e-02	-2.506492e-17	-7.618818e-18	6.683022e-18	2.352597e-74	-2.141922e-75	-1.269278e-66	-3.446558e-08
1.092896e-02	-2.029635e-17	7.417814e-18	-2.849717e-17	1.947489e-74	1.772227e-75	-1.292285e-66	2.379537e-09
1.092299e-02	-3.518180e-17	3.180792e-18	1.052977e-17	1.496732e-74	-1.596268e-75	-1.268775e-66	-7.146414e-09
1.091703e-02	7.846884e-18	-2.437742e-17	-4.868342e-17	1.255816e-74	-1.421005e-75	-1.210279e-66	3.219400e-08
1.091107e-02	-1.656799e-17	-7.376555e-18	1.471913e-17	1.066849e-74	6.776317e-76	-1.141239e-66	-9.549379e-09
1.090513e-02	-9.278655e-18	-5.062035e-18	-4.146423e-17	9.126326e-75	7.815343e-75	-1.152017e-66	-8.364826e-09
1.089918e-02	-3.614947e-17	2.225053e-18	-1.586378e-17	7.829489e-75	1.788908e-74	-1.206073e-66	-7.177672e-09
1.089325e-02	-3.527007e-17	4.476760e-18	9.788177e-18	5.884566e-75	1.574659e-74	-1.194278e-66	3.353232e-08
1.088732e-02	-2.081126e-17	3.960609e-18	1.278003e-18	5.226712e-75	2.262727e-74	-1.171757e-66	-3.356886e-08
1.088139e-02	-1.582416e-17	-7.509059e-18	9.350160e-18	4.169233e-75	2.642795e-74	-1.174909e-66	1.320213e-08
1.087548e-02	-6.379575e-17	-7.970557e-18	-2.312353e-17	3.359612e-75	3.489872e-74	-1.181433e-66	-1.321650e-08
1.086957e-02	-6.079423e-17	1.914470e-17	-5.338611e-18	2.948583e-75	3.716658e-74	-1.143583e-66	-1.202807e-08
1.086366e-02	-7.328061e-17	3.985436e-17	5.593399e-18	2.856860e-75	4.005097e-74	-1.146975e-66	2.769463e-08
1.085776e-02	-8.080665e-17	3.719180e-17	-6.133332e-18	2.570527e-75	3.650818e-74	-1.133323e-66	-2.049219e-08
1.085187e-02	-6.884150e-17	4.161241e-17	-6.370772e-18	-3.128000e-74	3.681941e-74	-1.147187e-66	-2.051445e-08
1.084599e-02	-4.733889e-17	4.357058e-17	-3.308985e-18	-2.759206e-74	4.374504e-74	-1.260725e-66	2.536888e-08
1.084011e-02	-3.983650e-17	2.722363e-19	2.289835e-18	-2.579668e-74	4.552169e-74	-1.215936e-66	6.046763e-09
1.083424e-02	-3.223556e-17	1.807352e-17	-2.633798e-17	-2.232912e-74	4.954368e-74	-1.309008e-66	1.452797e-08
1.082837e-02	-4.345510e-17	5.002795e-18	-2.215025e-17	-2.085472e-74	5.503333e-74	-1.353341e-66	-2.423952e-08
1.082251e-02	-4.618290e-17	2.218065e-18	2.273355e-17	-1.767625e-74	5.243185e-74	-1.255815e-66	1.334618e-08
1.081666e-02	-4.677018e-17	1.973899e-17	-7.593752e-18	-1.554152e-74	5.526399e-74	-1.303729e-66	1.214602e-09
1.081081e-02	-3.990661e-17	2.175853e-17	-7.709111e-17	-1.431949e-74	5.606413e-74	-1.367886e-66	-1.094325e-08
1.080497e-02	-4.886877e-17	2.349808e-17	-1.270956e-17	-1.132517e-74	5.406533e-74	-1.392277e-66	-1.217231e-09
1.079914e-02	-3.861607e-17	1.565728e-17	-4.584054e-17	-9.884747e-75	5.841058e-74	-1.373239e-66	1.096692e-08
1.079331e-02	-4.613502e-17	2.197680e-17	-3.868850e-17	-8.779248e-75	5.552798e-74	-1.297185e-66	-9.758904e-09
1.078749e-02	-3.123279e-17	-1.936564e-18	4.264167e-18	-8.107187e-75	6.147498e-74	-1.148958e-66	-7.327080e-09
1.078167e-02	-1.730517e-17	3.750652e-18	1.073923e-17	-7.835162e-75	3.471207e-74	-9.967579e-67	4.889991e-09
1.077586e-02	1.385613e-18	-3.158443e-18	-3.803056e-17	-6.195778e-75	2.225657e-74	-7.818361e-67	-1.835724e-08
1.077006e-02	2.274127e-17	-6.729617e-18	-1.119547e-17	-5.058214e-75	3.178453e-74	-7.462247e-67	1.470162e-08
1.076426e-02	3.145007e-17	-6.945358e-18	-2.568258e-17	-4.646004e-75	2.050456e-74	-5.042036e-67	1.349101e-08
1.075847e-02	1.174037e-17	5.555555e-18	-5.811324e-19	-3.515900e-75	1.661077e-74	-4.512111e-67	-1.227776e-08
1.075269e-02	-3.435176e-18	-1.087080e-18	2.364211e-17	-3.488603e-75	-2.526127e-74	-1.800795e-67	2.458194e-09
1.074691e-02	-6.350862e-18	1.419899e-17	2.248635e-17	-2.523157e-75	-2.357798e-74	-2.122584e-67	9.843350e-09
1.074114e-02	-1.684640e-17	-8.026064e-18	-8.418627e-17	-2.410246e-75	-5.618209e-74	1.905222e-68	9.853932e-09
1.073537e-02	-2.213442e-17	-3.381872e-18	-2.238823e-17	-2.158991e-75	-6.325640e-74	4.296977e-68	-1.726291e-08
1.072961e-02	-1.233432e-17	-1.459385e-17	-2.763880e-17	-1.957040e-75	-6.437248e-74	5.795117e-68	2.962533e-08
1.072386e-02	-4.895463e-18	-1.006560e-17	-4.779488e-17	-2.069783e-75	-1.322798e-73	4.383391e-67	-1.977142e-08
1.071811e-02	-8.515958e-18	-2.510851e-17	-1.225582e-17	-1.928231e-75	-1.936024e-73	1.023066e-66	7.422236e-09
1.071237e-02	-1.873317e-17	5.993307e-18	-1.778298e-17	-1.322829e-75	-1.513004e-73	1.685040e-66	4.953462e-09
1.070664e-02	-6.997018e-18	1.681438e-18	-2.371150e-17	3.168472e-74	-1.725001e-73	1.943005e-66	-1.983508e-08
1.070091e-02	-1.233523e-17	9.866857e-19	3.465978e-17	2.872192e-74	-1.536802e-73	2.991650e-66	2.854346e-08
1.069519e-02	-8.066158e-18	-1.052134e-17	7.383417e-18	2.220264e-74	-1.190438e-73	3.925379e-66	-3.105871e-08
1.068947e-02	-1.545136e-17	-2.916921e-17	-3.166738e-17	1.730505e-74	-4.417818e-74	2.881919e-66	-0.000000e+00
1.068376e-02	-3.371411e-17	-4.179063e-17	1.317503e-17	1.577625e-74	-4.743845e-74	2.319505e-66	9.960058e-09
1.067806e-02	-1.505159e-17	-3.601405e-17	-7.336796e-18	1.327300e-74	-2.092427e-74	1.799448e-66	1.246338e-08
1.067236e-02	-2.881180e-17	-4.639134e-17	-2.294016e-17	1.226922e-74	5.168918e-75	1.239544e-66	-1.996270e-08
1.066667e-02	-3.845856e-18	-5.439050e-17	4.289892e-18	1.124282e-74	3.525572e-74	1.295979e-66	-9.992007e-09
1.066098e-02	1.402716e-17	-5.967312e-17	1.522220e-17	9.299115e-75	5.968829e-74	8.091773e-67	2.750734e-08
1.065530e-02	2.568792e-17	-5.084600e-17	-1.736458e-17	8.415009e-75	1.005318e-73	1.058272e-66	-2.002667e-08
1.064963e-02	2.265018e-17	-5.010882e-17	3.011951e-17	7.312740e-75	1.088961e-73	6.525464e-67	7.518005e-09
1.064396e-02	1.470237e-17	-3.202964e-17	-1.879139e-17	6.953726e-75	1.534677e-73	4.457455e-67	-7.526014e-09
1.063830e-02	1.639645e-17	-3.409402e-17	-4.549936e-17	6.372138e-75	1.554188e-73	2.781420e-67	1.632372e-08
1.063264e-02	1.450322e-17	-3.386035e-17	-2.218711e-17	5.776800e-75	1.516676e-73	1.696151e-67	-1.634109e-08
1.062699e-02	2.089606e-17	-3.163432e-17	-3.163051e-17	6.947355e-75	2.041574e-73	2.301532e-68	7.550065e-09
1.062135e-02	2.175090e-17	-2.752758e-17	2.259586e-17	6.684409e-75	2.080818e-73	4.326825e-69	-1.259682e-09
1.061571e-02	1.909251e-17	-9.917831e-18	-1.766165e-17	6.475437e-75	1.935820e-73	-4.847176e-69	1.261020e-09
1.061008e-02	2.181011e-17	-1.469186e-17	7.910339e-18	4.873317e-75	1.965836e-73	-5.168674e-68	-1.893539e-08
1.060445e-02	-2.894396e-18	-1.140293e-17	-1.684546e-17	4.374378e-75	1.726812e-73	-6.861969e-68	4.675686e-08
1.059883e-02	-8.591914e-18	-1.651318e-17	-5.129144e-17	4.668885e-75	1.792783e-73	2.174350e-68	-1.265039e-08
1.059322e-02	1.218996e-17	-7.394219e-18	-3.534499e-17	4.516574e-75	1.636286e-73	3.571430e-68	-4.432331e-08
1.058761e-02	-7.826868e-18	-7.115173e-18	-3.142560e-17	3.418567e-75	1.286751e-73	1.714325e-67	3.676395e-08
1.058201e-02	9.051416e-18	-2.814716e-18	-1.650156e-17	3.187673e-75	1.183132e-73	2.308122e-67	-2.791943e-08
1.057641e-02	-7.267273e-19	7.425911e-18	4.393621e-17	3.266764e-75	1.160206e-73	2.664844e-67	-1.651531e-08
1.057082e-02	-1.520409e-17	1.659926e-18	-4.341145e-18	2.729101e-75	9.488113e-74	6.401397e-67	3.433731e-08
1.056524e-02	-3.138470e-17	4.816020e-19	-4.612630e-17	2.719735e-75	8.466676e-74	6.660775e-67	-1.273097e-09
1.055966e-02	-2.310718e-17	-6.845480e-18	-2.356053e-17	2.394628e-75	6.164030e-74	8.499180e-67	-3.823327e-09
1.055409e-02	-2.448034e-17	-1.772765e-17	-2.016616e-19	2.042348e-75	6.325472e-74	7.651527e-67	-0.000000e+00
1.054852e-02	-2.438693e-17	-7.100837e-18	-2.576498e-17	1.707491e-75	3.478542e-74	7.424863e-67	2.298843e-08
1.054296e-02	-3.099678e-17	-7.708897e-18	-4.499873e-17	1.108599e-75	3.551214e-74	9.443277e-67	-0.000000e+00
1.053741e-02	-3.701681e-17	-2.633132e-17	-3.031985e-17	8.443485e-76	2.798531e-74	1.059326e-66	-2.559662e-08
1.053186e-02	-5.276961e-17	-4.716535e-17	-2.223783e-17	5.190617e-76	1.753724e-74	1.166556e-66	3.074832e-08
1.052632e-02	-6.012312e-17	-4.183766e-17	-4.986195e-18	4.485606e-76	-1.154629e-75	1.206037e-66	7.695178e-09
1.052078e-02	-5.412573e-17	-3.137650e-17	3.223767e-17	3.623432e-76	-3.426532e-75	1.316209e-66	-2.567760e-08
1.051525e-02	-3.624455e-17	-5.077347e-17	-1.978669e-17	-9.742254e-78	-1.053254e-75	1.397499e-66	2.570462e-09
1.050972e-02	-3.796462e-17	-4.847332e-17	-1.399054e-17	-2.908598e-76	-1.439738e-74	1.530407e-66	7.719498e-09
1.050420e-02	-4.086884e-17	-3.949322e-17	-4.646891e-17	-5.515593e-76	-1.329052e-74	1.456911e-66	-2.575871e-09
1.049869e-02	-2.016923e-17	-2.957478e-17	-2.338190e-17	-3.265106e-76	-1.027588e-74	1.424586e-66	-2.449648e-08
1.049318e-02	-2.683917e-17	-3.201815e-17	-3.851086e-17	-8.575020e-77	-7.808058e-75	1.454553e-66	7.743856e-09
1.048768e-02	-2.658461e-17	-2.745040e-17	-4.972151e-18	-6.749930e-77	-5.729085e-75	1.436701e-66	1.550397e-08
1.048218e-02	-3.395013e-17	-2.765394e-17	-4.066253e-17	2.255286e-76	-1.516250e-75	1.635932e-66	3.880058e-09
1.047669e-02	-5.746712e-17	-2.180042e-17	-4.434170e-17	3.779329e-76	1.455757e-75	1.839152e-66	-2.589417e-08
1.047120e-02	-5.082406e-17	-3.011294e-17	-5.174219e-17	2.608143e-76	3.765568e-75	1.694412e-66	2.203311e-08
1.046572e-02	-4.736599e-17	-4.421645e-17	1.799776e-18	4.240786e-76	7.335563e-75	1.918814e-66	1.297423e-09
1.046025e-02	-1.621018e-17	-2.539887e-17	3.615814e-18	2.692601e-76	8.629454e-75	1.597161e-66	-6.104272e-08
1.045478e-02	-2.998454e-17	-1.765516e-17	1.360206e-17	4.195611e-76	1.090845e-74	1.717548e-66	2.860308e-08
1.044932e-02	-4.150826e-17	-2.727580e-17	2.296584e-17	2.662122e-76	1.322329e-74	1.771787e-66	4.555249e-08
1.044386e-02	-5.684616e-17	-1.596726e-17	-5.477779e-17	4.387846e-76	1.696653e-74	1.726575e-66	-2.866292e-08
1.043841e-02	-5.446514e-17	-2.809175e-18	8.933826e-19	1.825189e-76	1.737334e-74	1.632512e-66	5.216884e-09
1.043297e-02	-4.641025e-17	-1.426013e-20	-2.105514e-17	2.061503e-76	1.561315e-74	1.529451e-66	1.044466e-08
1.042753e-02	-3.402714e-17	-4.497558e-18	-5.142117e-18	1.901673e-76	1.375973e-74	1.659657e-66	-3.005974e-08
1.042209e-02	-3.935004e-17	-8.967767e-18	-3.148523e-18	9.461994e-77	1.349265e-74	1.642293e-66	1.831632e-08
1.041667e-02	-1.864564e-17	-4.541410e-18	1.358180e-17	6.483944e-77	1.635106e-74	1.566247e-66	1.702574e-08
1.041124e-02	-4.201750e-17	-7.837962e-18	2.647337e-17	-1.536022e-76	1.898249e-74	1.503464e-66	-2.622074e-09
1.040583e-02	-3.631919e-17	-7.311299e-18	3.662774e-18	-1.689908e-76	1.732986e-74	1.477930e-66	-2.624805e-09
1.040042e-02	-1.828159e-17	-9.208314e-18	2.442640e-18	-1.576813e-74	5.225882e-74	1.059329e-66	-2.364783e-08
1.039501e-02	-1.788540e-17	-2.891609e-17	-3.128574e-17	-1.197808e-74	3.727307e-74	4.552871e-67	2.893297e-08
1.038961e-02	-2.008554e-17	-1.543517e-17	-1.644464e-17	-1.082729e-74	2.888948e-74	-4.267851e-68	-2.633005e-08
1.038422e-02	-2.939515e-17	-2.907351e-17	-8.630249e-19	-1.118933e-74	1.856456e-74	-4.967350e-67	2.635741e-09
1.037883e-02	-3.944214e-17	-3.406623e-17	-2.450297e-17	-7.717856e-75	1.341967e-74	-8.620859e-67	2.638479e-08
1.037344e-02	-1.042145e-17	-2.843546e-17	-3.693226e-17	-6.692867e-75	1.006373e-74	-1.202644e-66	-2.905340e-08
1.036807e-02	1.582750e-18	-4.461317e-17	-4.064457e-17	-6.459114e-75	5.168532e-75	-1.518580e-66	1.586375e-08
1.036269e-02	-3.751355e-17	-1.798790e-17	-2.128235e-17	-7.577096e-75	1.955927e-75	-1.911022e-66	-0.000000e+00
1.035733e-02	-4.305901e-17	-1.964971e-17	2.366163e-17	-6.605732e-75	3.891842e-76	-2.126174e-66	-3.444277e-08
1.035197e-02	-1.730253e-17	-5.954549e-18	-3.047909e-17	-5.535240e-75	-2.946705e-77	-2.150429e-66	1.326094e-08
1.034661e-02	9.309048e-18	-5.425916e-18	-1.346145e-17	-1.014954e-73	6.694026e-76	-2.211557e-66	-1.327468e-09
1.034126e-02	1.938418e-17	-1.168298e-17	-1.938553e-18	-1.013443e-73	8.838927e-75	-5.235390e-66	6.644207e-09
1.033592e-02	1.745453e-17	-2.214333e-17	2.275957e-17	-4.613309e-74	3.741988e-74	-7.726708e-66	-2.660432e-09
1.033058e-02	3.270946e-18	-3.101017e-17	1.617528e-17	2.013431e-74	1.195027e-73	-1.155586e-65	2.130546e-08
1.032525e-02	1.319445e-18	-1.686862e-17	-1.733422e-17	-1.613865e-74	2.720665e-73	-1.349749e-65	-1.599561e-08
1.031992e-02	2.239199e-18	-8.382089e-18	-2.587665e-17	-1.092506e-73	4.591764e-73	-1.380139e-65	-1.200909e-08
1.031460e-02	-3.141118e-17	-7.158197e-18	-3.776493e-17	-2.774667e-73	7.142544e-73	-1.636710e-65	5.877173e-08
1.030928e-02	-3.520094e-17	-1.566055e-17	-1.492133e-18	-4.227964e-73	1.027233e-72	-1.711484e-65	-1.470809e-08
1.030397e-02	-6.374347e-17	1.463161e-17	1.734995e-18	-4.128197e-73	1.237247e-72	-1.769890e-65	-1.070783e-08
1.029866e-02	-7.441663e-17	2.575087e-17	1.474515e-19	-4.360905e-73	1.602475e-72	-1.851048e-65	-1.607829e-08
1.029336e-02	-6.826447e-17	3.632593e-17	-1.226883e-17	-3.595304e-73	2.096899e-72	-2.178390e-65	2.950723e-08
1.028807e-02	-5.920335e-17	2.772003e-17	-1.384092e-17	-2.881305e-73	2.329479e-72	-1.840792e-65	8.055713e-09
1.028278e-02	-6.704778e-17	4.106482e-17	-3.336941e-17	-2.395160e-73	2.446508e-72	-1.915836e-65	-4.972802e-08
1.027749e-02	-4.229589e-17	2.927768e-17	-4.099152e-17	-2.983005e-73	2.552103e-72	-2.196477e-65	3.363457e-08
1.027221e-02	-3.357729e-17	3.942428e-17	-5.612264e-17	-2.310125e-73	2.715678e-72	-2.156726e-65	-1.346766e-08
1.026694e-02	-6.670225e-17	3.345296e-17	4.142113e-17	-2.526111e-73	3.386972e-72	-2.462498e-65	2.426669e-08
1.026167e-02	-3.573710e-17	-4.431897e-18	-3.704068e-17	-2.065942e-73	3.818171e-72	-2.695488e-65	-4.318509e-08
1.025641e-02	-4.204241e-17	-1.771196e-17	-7.654467e-19	-1.540329e-73	3.729134e-72	-2.775627e-65	2.836931e-08
1.025115e-02	-4.309751e-17	-6.194168e-18	-3.992629e-17	-9.663334e-74	6.694935e-72	-3.160416e-65	-9.466137e-09
1.024590e-02	-3.060529e-17	-1.063953e-17	-2.072317e-17	-4.201613e-74	1.008250e-71	-3.224713e-65	-2.707384e-09
1.024066e-02	2.592910e-18	-1.187402e-17	4.434028e-17	-8.128263e-74	1.279902e-71	-3.297399e-65	-4.471762e-08
1.023541e-02	-2.402205e-17	-1.771962e-17	-7.899549e-18	-6.914585e-74	1.075203e-71	-3.629096e-65	4.340695e-08
1.023018e-02	-3.556562e-17	-1.621551e-17	-2.497632e-17	-4.364169e-74	1.262329e-71	-4.098688e-65	4.073568e-09
1.022495e-02	-4.629408e-17	-5.365763e-18	-3.327200e-17	-3.166103e-74	1.314753e-71	-4.226371e-65	4.077737e-09
1.021972e-02	-3.618038e-17	-2.454520e-17	-2.090342e-18	-1.697963e-74	1.115867e-71	-4.300120e-65	-4.898288e-08
1.021450e-02	-5.507101e-17	-2.570323e-17	-1.728503e-17	-9.810276e-75	1.067202e-71	-4.119386e-65	1.770635e-08
1.020929e-02	-6.348900e-17	-4.359729e-17	-4.224038e-17	5.822308e-76	9.067503e-72	-4.107562e-65	1.908785e-08
1.020408e-02	-5.362894e-17	-3.212628e-17	2.015382e-17	-1.594708e-75	1.002639e-71	-3.775840e-65	-1.364810e-09
1.019888e-02	-7.158564e-17	-3.039210e-17	-2.023121e-17	-2.521553e-75	1.157856e-71	-3.532446e-65	4.098611e-09
1.019368e-02	-6.051870e-17	-2.412463e-17	-2.881809e-17	1.780368e-75	1.197903e-71	-4.003349e-65	-2.461675e-08
1.018849e-02	-7.159913e-17	-1.314660e-17	-7.460463e-18	7.140958e-75	1.694164e-71	-3.665325e-65	2.464185e-08
1.018330e-02	-8.345828e-17	-1.746834e-17	-1.417432e-17	1.723403e-74	1.617149e-71	-3.176099e-65	-0.000000e+00
1.017812e-02	-8.603213e-17	7.367193e-18	-2.520120e-17	1.412358e-74	1.421270e-71	-3.145485e-65	-1.646139e-08
1.017294e-02	-9.894695e-17	1.845369e-17	-3.651268e-17	2.946691e-74	1.480221e-71	-2.897180e-65	1.647815e-08
1.016777e-02	-9.097272e-17	2.099774e-17	-2.237204e-17	7.193869e-74	1.619127e-71	-2.465829e-65	-0.000000e+00
1.016260e-02	-1.160303e-16	5.497489e-18	-1.280029e-17	6.361860e-74	1.440190e-71	-2.681859e-65	2.751949e-09
1.015744e-02	-8.601843e-17	-3.926189e-18	6.270754e-18	6.491563e-74	1.402862e-71	-3.449609e-65	-0.000000e+00
1.015228e-02	-8.204253e-17	-2.709823e-18	-4.530881e-17	7.156005e-74	1.373344e-71	-3.595382e-65	3.998441e-08
1.014713e-02	-8.377405e-17	6.883533e-18	-8.958614e-18	8.004126e-74	1.225141e-71	-3.553574e-65	-5.934743e-08
1.014199e-02	-9.184546e-17	8.762939e-18	-6.470519e-17	7.596314e-74	1.171619e-71	-4.160697e-65	1.381574e-08
1.013685e-02	-7.555917e-17	1.514988e-17	-3.614116e-18	6.952337e-74	1.229319e-71	-4.218456e-65	-2.765950e-09
1.013171e-02	-7.747433e-17	1.977205e-17	-1.195441e-17	6.464955e-74	1.161919e-71	-4.070562e-65	-2.768755e-09
1.012658e-02	-8.559273e-17	6.692656e-18	2.687087e-17	8.337621e-74	1.102841e-71	-3.976985e-65	1.385780e-08
1.012146e-02	-7.846701e-17	2.697594e-17	-7.353601e-17	6.935056e-74	1.169037e-71	-4.624161e-65	-1.109747e-08
1.011634e-02	-7.004788e-17	2.071727e-17	-4.999662e-17	6.925122e-74	1.170594e-71	-4.175899e-65	2.777177e-08
1.011122e-02	-5.642752e-17	2.440338e-17	-3.506310e-17	7.961165e-74	1.115528e-71	-4.323767e-65	-8.339961e-09
1.010611e-02	-7.865334e-17	2.869577e-17	-1.491456e-19	4.375008e-74	9.789160e-72	-4.332227e-65	-3.061079e-08
1.010101e-02	-8.457241e-17	2.490988e-17	-4.454289e-17	4.864548e-74	8.615605e-72	-4.321084e-65	1.114245e-08
1.009591e-02	-6.357362e-17	1.726621e-17	-2.851928e-19	3.422526e-74	7.232687e-72	-4.538796e-65	-2.788426e-09
1.009082e-02	-7.630812e-17	3.614471e-17	-4.234460e-17	3.922351e-74	6.298211e-72	-3.680460e-65	-0.000000e+00
1.008573e-02	-8.261516e-17	4.533805e-17	-2.771221e-17	4.713819e-74	1.029543e-71	-3.662050e-65	1.955842e-08
1.008065e-02	-8.804237e-17	4.907131e-17	-7.403559e-18	5.892604e-74	1.311120e-71	-3.601971e-65	-2.796878e-08
1.007557e-02	-8.213588e-17	5.062089e-17	1.366027e-18	4.040801e-74	1.285567e-71	-4.049236e-65	8.399095e-09
1.007049e-02	-7.408507e-17	2.941456e-17	-5.909979e-17	6.127456e-74	1.340578e-71	-3.585730e-65	3.082772e-08
1.006543e-02	-5.024348e-17	4.596795e-18	-2.244732e-17	3.540370e-74	1.388390e-71	-3.515614e-65	-1.963740e-08
1.006036e-02	-7.329521e-17	1.209457e-17	-2.267717e-17	-2.554810e-75	8.279627e-72	-3.886595e-65	-2.808167e-09
1.005530e-02	-6.243438e-17	3.495881e-17	-2.815890e-17	-3.896721e-74	7.232902e-72	-3.331267e-65	1.686596e-08
1.005025e-02	-5.346084e-17	3.277557e-17	-5.257601e-17	-1.431882e-74	1.187960e-71	-3.421963e-65	-1.266219e-08
1.004520e-02	-4.191829e-17	4.024215e-17	-3.491131e-17	1.254876e-75	1.309437e-71	-3.484075e-65	-1.126660e-08
1.004016e-02	-1.962158e-17	3.451469e-17	-3.499927e-17	7.055899e-75	1.156630e-71	-2.953945e-65	-1.409740e-09
1.003512e-02	-4.651101e-17	2.491681e-17	-3.463375e-17	1.009273e-74	9.774291e-72	-2.981838e-65	2.257848e-08
1.003009e-02	-5.474339e-17	1.676530e-17	-3.417405e-18	1.057382e-74	8.890571e-72	-2.866311e-65	1.130057e-08
1.002506e-02	-6.570265e-17	3.439458e-17	-1.896541e-17	1.118562e-74	8.332575e-72	-2.755083e-65	-2.120983e-08
1.002004e-02	-4.944670e-17	2.384048e-17	-4.814291e-17	7.102645e-75	8.649421e-72	-3.761153e-65	4.246220e-09
1.001502e-02	-4.631864e-17	2.125638e-17	-6.465531e-17	1.861977e-75	9.617553e-72	-4.487911e-65	-2.833651e-09
1.001001e-02	-3.733139e-17	1.892067e-17	-2.036132e-17	3.857117e-75	9.530293e-72	-4.392323e-65	-2.978314e-08
1.000500e-02	-3.819294e-17	2.170920e-17	1.664576e-17	3.373615e-75	9.211135e-72	-4.381857e-65	9.937653e-09
1.000000e-02	-4.317335e-17	1.765377e-17	-1.493597e-17	1.788541e-75	8.890552e-72	-4.484558e-65	8.526513e-09
9.995002e-03	-5.449030e-17	2.821743e-17	-1.680615e-17	3.677664e-76	8.389493e-72	-5.350737e-65	-1.138006e-08
9.990010e-03	-4.807189e-17	1.491547e-17	-3.149431e-17	4.402208e-76	9.185399e-72	-5.300936e-65	2.705465e-08
9.985022e-03	-1.772958e-17	1.928040e-17	-3.381193e-17	4.734961e-78	8.767772e-72	-5.806867e-65	1.425352e-09
9.980040e-03	-3.206549e-17	1.599602e-17	-3.936093e-17	1.111688e-75	7.295535e-72	-5.788275e-65	-2.568196e-08
9.975062e-03	-2.360360e-17	-4.098415e-18	-1.866400e-17	3.589833e-75	8.661468e-72	-6.204424e-65	-1.142560e-08
9.970090e-03	-2.607127e-17	-6.366140e-18	-4.360851e-17	2.174141e-74	8.555645e-72	-6.885609e-65	3.002212e-08
9.965122e-03	-2.609825e-17	-3.000255e-17	-2.028129e-17	-4.282799e-73	7.968990e-72	-6.823141e-65	4.293151e-09
9.960159e-03	-3.733256e-17	-2.720155e-17	2.440526e-17	-7.266246e-73	4.618166e-72	-6.539444e-65	-2.864954e-08
9.955202e-03	-5.361343e-17	-1.932185e-17	-4.531098e-17	-1.046721e-72	1.561355e-72	-5.963268e-65	7.169520e-09
9.950249e-03	-3.390803e-17	-3.532884e-17	9.793395e-18	-1.465786e-72	-1.457737e-72	-5.977361e-65	-1.435332e-09
9.945301e-03	-1.978893e-17	-2.701489e-17	-1.964791e-17	-1.105451e-72	-3.533713e-72	-5.741507e-65	2.011465e-08
9.940358e-03	-2.126323e-17	-3.068223e-17	-2.087740e-17	-1.788693e-72	-6.072106e-72	-5.771387e-65	-2.013466e-08
9.935420e-03	3.244004e-19	-2.775033e-17	-2.579534e-17	-1.137519e-72	-6.661852e-72	-5.900333e-65	1.007734e-08
9.930487e-03	-1.133409e-17	-2.774142e-17	2.292139e-17	-9.874317e-73	-9.166834e-72	-5.613533e-65	4.323151e-09
9.925558e-03	-3.786417e-17	-2.579169e-18	-1.808370e-17	-8.790630e-73	-6.476861e-72	-5.364875e-65	1.442482e-08
9.920635e-03	-9.622838e-18	1.303114e-17	-1.596379e-17	-9.542017e-73	-9.898524e-72	-5.355189e-65	-3.609784e-08
9.915716e-03	-1.500921e-17	2.026678e-17	-2.622902e-17	-5.202612e-73	-7.454575e-72	-5.389148e-65	2.746159e-08
9.910803e-03	-5.803293e-18	1.199034e-17	-3.268538e-17	-4.199231e-73	-8.112310e-72	-5.153204e-65	-3.182916e-08
9.905894e-03	-1.740629e-17	1.862798e-17	-3.306342e-17	-4.149120e-73	-7.472544e-72	-5.098066e-65	1.737857e-08
9.900990e-03	-2.063042e-17	1.094200e-18	2.059550e-17	-2.561544e-73	-4.451330e-72	-4.762612e-65	2.899299e-08
9.896091e-03	-2.664832e-17	1.549180e-17	2.612927e-18	-1.153293e-73	-3.291264e-72	-4.227065e-65	8.706510e-09
9.891197e-03	-3.921278e-17	3.917242e-17	1.175275e-17	-8.598444e-74	-5.059755e-72	-4.341788e-65	-2.324034e-08
9.886307e-03	-2.647445e-17	4.969633e-17	-9.640726e-18	-3.460141e-74	-4.348988e-72	-4.336047e-65	-0.000000e+00
9.881423e-03	-2.909187e-17	4.707679e-17	-2.166886e-17	5.232428e-74	-4.456499e-72	-3.997954e-65	1.746475e-08
9.876543e-03	-4.122072e-17	6.123034e-17	-1.351837e-17	1.638920e-73	-3.749030e-72	-3.830369e-65	-3.787770e-08
9.871668e-03	-4.356763e-17	5.042515e-17	-5.559355e-17	3.885373e-73	-4.775807e-72	-4.005908e-65	2.041583e-08
9.866798e-03	-2.215442e-17	6.834394e-17	-6.153006e-17	5.692147e-73	-4.890931e-72	-3.774521e-65	-1.167771e-08
9.861933e-03	-2.650523e-17	4.806583e-17	-2.530745e-17	1.020262e-72	-8.596499e-72	-3.932754e-65	3.799001e-08
9.857072e-03	-3.392229e-17	4.909896e-17	-9.831545e-18	9.321370e-73	-6.224003e-72	-4.027454e-65	-8.775574e-09
9.852217e-03	-3.739605e-17	5.466593e-17	-1.710871e-17	1.112647e-72	-6.635252e-72	-4.191335e-65	-2.928076e-08
9.847366e-03	-2.554308e-17	5.518127e-17	-3.773457e-17	1.226828e-72	-6.883262e-72	-4.034718e-65	2.930961e-09
9.842520e-03	-1.687304e-17	4.946007e-17	-4.634747e-17	1.238333e-72	-5.393884e-72	-3.937400e-65	2.933848e-09
9.837678e-03	-3.881062e-17	6.042509e-17	-3.311993e-18	1.227817e-72	-3.530012e-72	-3.608607e-65	5.873473e-09
9.832842e-03	-1.543218e-17	4.710266e-17	-1.308415e-17	1.220279e-72	-3.953552e-72	-3.535662e-65	-2.939626e-09
9.828010e-03	3.013879e-17	5.075306e-17	-2.410399e-17	2.506357e-72	-6.015723e-72	-3.425358e-65	1.177007e-08
9.823183e-03	4.074395e-17	5.249013e-17	3.123620e-17	2.589423e-72	-7.644158e-72	-3.074778e-65	-3.829033e-08
9.818360e-03	2.819246e-17	3.992139e-17	-1.936003e-17	2.496773e-72	-5.406815e-72	-2.947358e-65	3.832795e-08
9.813543e-03	2.935131e-17	5.164116e-17	3.260874e-18	1.798946e-72	-2.913582e-72	-2.992018e-65	-2.951199e-08
9.808730e-03	4.247055e-17	2.993851e-17	-4.620876e-17	1.904690e-72	-3.127629e-72	-2.719783e-65	8.862289e-09
9.803922e-03	3.580249e-17	3.246417e-17	3.257377e-17	2.597554e-72	-2.971637e-72	-2.770393e-65	2.069896e-08
9.799118e-03	8.967143e-18	1.714144e-17	-5.826392e-18	2.435247e-72	1.200095e-72	-2.808052e-65	-3.699868e-08
9.794319e-03	8.817228e-18	3.296400e-17	-2.227385e-17	1.740766e-72	2.293439e-72	-2.736932e-65	4.296054e-08
9.789525e-03	-1.064352e-17	2.846221e-17	1.849141e-17	9.621660e-73	6.122594e-73	-2.679685e-65	-1.927704e-08
9.784736e-03	-2.193066e-17	2.029933e-17	2.334070e-17	9.630670e-73	4.735394e-73	-2.310942e-65	-1.484301e-09
9.779951e-03	-3.077998e-17	3.633326e-17	-6.206874e-17	7.493375e-73	1.809808e-72	-2.010343e-65	-0.000000e+00
9.775171e-03	-2.957457e-17	3.962039e-17	2.545707e-17	4.310458e-73	1.015728e-72	-1.652709e-65	2.379531e-08
9.770396e-03	-1.384226e-17	3.075191e-17	1.958001e-17	8.733827e-73	1.042042e-72	-1.411677e-65	-1.786394e-08
9.765625e-03	3.865298e-18	4.106034e-17	-2.027892e-17	3.861450e-73	5.559863e-73	-1.364886e-65	-0.000000e+00
9.760859e-03	-6.116434e-18	1.907580e-17	-1.829908e-17	1.144920e-72	8.552605e-73	-1.556795e-65	-1.789886e-08
9.756098e-03	6.392028e-18	1.856666e-18	-2.528088e-18	8.237326e-73	6.997453e-73	-2.186136e-65	-5.972112e-09
9.751341e-03	2.015340e-17	4.710361e-18	-2.179795e-17	1.245808e-72	1.587332e-72	-2.088722e-65	-8.966909e-09
9.746589e-03	1.699526e-17	3.535799e-18	-5.654392e-17	1.150020e-72	1.127937e-72	-1.987016e-65	2.243914e-08
9.741841e-03	1.596186e-18	1.524465e-17	1.762045e-17	1.897913e-72	1.635017e-72	-1.828471e-65	-7.487005e-09
9.737098e-03	-3.809059e-18	9.505993e-18	-2.081004e-17	1.494606e-72	1.644564e-72	-1.809630e-65	3.897036e-08
9.732360e-03	-2.776146e-17	6.302680e-18	-5.297596e-17	2.199143e-72	1.738274e-72	-1.759681e-65	-2.250480e-08
9.727626e-03	-1.425918e-17	-1.640574e-17	8.132600e-18	3.022045e-72	3.339012e-72	-1.821149e-65	7.508902e-09
9.722897e-03	-7.638269e-18	-6.173663e-18	-3.181984e-17	2.460574e-72	1.980596e-72	-1.598516e-65	1.202593e-08
9.718173e-03	-2.120630e-17	-6.806252e-18	-3.278411e-17	1.549628e-72	1.324971e-72	-1.701587e-65	-2.106585e-08
9.713453e-03	-2.856339e-17	-1.010475e-17	1.469064e-17	1.281701e-72	1.268921e-72	-1.738436e-65	-3.765416e-08
9.708738e-03	-4.105040e-17	-2.660087e-17	-2.628743e-18	1.025392e-72	1.016009e-72	-1.555454e-65	1.206104e-08
9.704027e-03	-3.413744e-17	-3.491149e-17	-1.335388e-17	8.254511e-73	5.807868e-73	-1.294751e-65	6.036375e-09
9.699321e-03	-3.271739e-17	-2.756876e-17	-3.280304e-17	1.263582e-72	1.259756e-72	-9.828482e-66	1.510558e-08
9.694619e-03	-3.237028e-17	-2.830979e-17	3.395721e-18	1.171982e-72	1.276398e-72	-1.006435e-65	1.209619e-08
9.689922e-03	-4.174742e-17	-1.927129e-17	-1.783296e-17	7.774295e-73	9.245414e-73	-1.117151e-65	1.513490e-08
9.685230e-03	-4.628943e-17	-1.534029e-17	-4.303464e-17	8.812438e-73	8.388677e-73	-9.446634e-66	-4.696367e-08
9.680542e-03	-3.828483e-17	-1.610856e-17	1.533496e-17	1.645914e-72	8.823260e-73	-1.098426e-65	1.516425e-08
9.675859e-03	-3.718752e-17	-1.617559e-17	1.747022e-18	1.420010e-72	1.250472e-72	-1.313382e-65	9.107358e-09
9.671180e-03	-2.859680e-17	-2.158634e-17	-6.158808e-18	1.862075e-72	1.569060e-72	-1.607682e-65	-3.038724e-09
9.666506e-03	-5.163158e-18	-1.945002e-17	1.789150e-17	1.393996e-72	6.950525e-73	-1.365528e-65	-1.216665e-08
9.661836e-03	7.709126e-18	-4.002870e-18	-3.621181e-17	1.207724e-72	7.160767e-73	-1.613298e-65	2.283453e-08
9.657170e-03	-2.598210e-18	-6.162008e-18	1.098227e-17	3.633927e-73	1.819369e-73	-1.473761e-65	-2.895170e-08
9.652510e-03	-1.650012e-17	-4.126674e-18	-3.549431e-17	4.015727e-73	4.602331e-73	-1.425758e-65	9.151472e-09
9.647853e-03	-1.716646e-17	-1.261396e-17	5.595645e-18	-9.897833e-74	-1.163235e-73	-1.797734e-65	-0.000000e+00
9.643202e-03	-1.043396e-17	-3.410113e-17	-3.048704e-17	7.392851e-74	-9.429673e-75	-1.910432e-65	2.750744e-08
9.638554e-03	6.048810e-18	-3.470100e-17	-2.230804e-17	1.500510e-73	1.129044e-74	-1.740898e-65	6.118661e-09
9.633911e-03	1.663611e-17	-5.439566e-17	-3.207070e-18	3.546180e-73	6.391740e-74	-1.590498e-65	-5.205876e-08
9.629273e-03	1.868302e-17	-4.153465e-17	1.893668e-17	2.512516e-73	1.990054e-73	-1.643848e-65	1.226092e-08
9.624639e-03	1.748705e-17	-3.683739e-17	6.362640e-18	2.162642e-73	2.645485e-73	-1.545184e-65	1.380682e-08
9.620010e-03	-1.810945e-17	-4.137457e-17	3.920265e-17	-5.869721e-73	1.783796e-73	-1.516425e-65	3.224694e-08
9.615385e-03	-7.702207e-18	-5.330409e-17	-2.582017e-17	-4.416477e-73	1.975126e-73	-1.236810e-65	-1.537046e-08
9.610764e-03	-1.084420e-17	-4.738701e-17	-3.025087e-17	-3.701980e-73	-1.332105e-74	-1.098224e-65	-2.153934e-08
9.606148e-03	-1.585809e-17	-5.935244e-17	1.478852e-17	-5.038912e-73	-1.072732e-74	-6.764375e-66	-0.000000e+00
9.601536e-03	-3.959578e-17	-3.806031e-17	2.839092e-17	-6.469537e-73	-1.377638e-73	2.247961e-66	4.624449e-08
9.596929e-03	-4.641008e-17	-3.787812e-17	-1.119727e-17	-4.230768e-73	-1.200457e-73	1.177394e-66	-3.703112e-08
9.592326e-03	-4.440198e-17	-1.455092e-17	-5.055743e-17	-5.613926e-73	-6.339222e-74	5.912864e-66	-3.088889e-09
9.587728e-03	-6.777164e-17	-1.089621e-18	-3.369687e-17	-6.747055e-73	-8.997519e-74	4.980598e-66	1.855112e-08
9.583134e-03	-7.732448e-17	-1.201123e-17	-3.642486e-17	-5.688872e-73	-5.090311e-73	5.063993e-66	-1.856891e-08
9.578544e-03	-9.243680e-17	-3.050938e-17	5.300664e-18	-6.852281e-73	-9.490303e-73	1.786891e-66	-0.000000e+00
9.573959e-03	-9.237348e-17	-8.891004e-18	-9.965986e-18	-6.971894e-73	-8.886269e-73	3.301980e-66	-0.000000e+00
9.569378e-03	-8.692812e-17	2.896346e-18	-2.548309e-17	-7.262526e-73	-1.153622e-72	8.400927e-66	1.862233e-08
9.564802e-03	-9.699627e-17	1.542419e-17	-2.284143e-17	-7.044576e-73	-9.959679e-73	7.813654e-66	-1.553346e-08
9.560229e-03	-1.161242e-16	1.958652e-18	4.115936e-18	-7.035623e-73	-1.205598e-72	1.019378e-65	-6.219329e-09
9.555662e-03	-8.683448e-17	-9.270909e-18	-7.637208e-17	-5.559607e-73	-8.687873e-73	1.027666e-65	3.112638e-08
9.551098e-03	-7.988852e-17	-1.307599e-17	-7.784463e-17	-2.999265e-73	-3.470858e-73	9.723882e-66	-1.246245e-08
9.546539e-03	-8.288172e-17	-1.609311e-17	-3.851093e-17	-5.605980e-73	-5.847902e-73	1.010678e-65	-9.355769e-09
9.541985e-03	-9.985987e-17	-1.679918e-17	-4.158715e-17	-9.550222e-73	-8.664660e-73	1.071529e-65	3.433724e-08
9.537434e-03	-9.275998e-17	-2.717946e-17	-3.392469e-17	-7.856511e-73	-7.337364e-73	1.172288e-65	-1.874728e-08
9.532888e-03	-7.274431e-17	-3.801270e-17	3.461570e-18	-4.706585e-73	-5.673756e-73	1.318336e-65	-3.440281e-08
9.528347e-03	-7.137143e-17	-2.611537e-17	-1.173327e-17	-7.229711e-73	-7.033408e-73	1.318490e-65	2.660933e-08
9.523810e-03	-5.898898e-17	-4.214463e-17	-3.089692e-17	-9.936780e-73	-8.319826e-73	1.432523e-65	1.723421e-08
9.519277e-03	-8.598518e-17	-4.338708e-17	9.119496e-18	-7.841854e-73	-6.674983e-73	1.525245e-65	-5.802485e-08
9.514748e-03	-6.948653e-17	-4.922892e-17	-3.162835e-17	-7.046396e-73	-5.944024e-73	1.531329e-65	1.569732e-08
9.510223e-03	-5.570185e-17	-4.506185e-17	-9.891143e-19	-6.641637e-73	-2.732222e-73	1.469918e-65	1.099858e-08
9.505703e-03	-5.083950e-17	-4.545086e-17	2.617752e-17	-8.230370e-73	-1.104368e-73	1.328619e-65	1.258177e-08
9.501188e-03	-3.910417e-17	-2.954772e-17	-3.314623e-17	-7.276100e-73	2.555961e-78	1.301386e-65	-3.463276e-08
9.496676e-03	-3.094087e-17	-3.084075e-17	3.398974e-17	-7.041993e-73	4.358865e-74	1.335858e-65	4.096852e-08
9.492169e-03	-2.618318e-17	-3.930316e-17	-4.900594e-17	-8.155079e-73	-1.140490e-73	1.361605e-65	1.261767e-08
9.487666e-03	-1.342314e-17	-4.574785e-17	1.350833e-17	-8.291282e-73	-4.957990e-75	1.373382e-65	-1.262965e-08
9.483167e-03	-1.628461e-17	-2.639508e-17	-3.812597e-17	-5.715141e-73	8.487039e-74	1.343608e-65	-1.264164e-08
9.478673e-03	-3.286960e-17	-2.429565e-17	1.321209e-17	-6.603558e-73	1.925507e-74	1.237323e-65	-4.745111e-09
9.474183e-03	-3.978644e-17	-3.029793e-17	-4.276690e-17	-6.976196e-73	3.358291e-74	1.126882e-65	4.749610e-09
9.469697e-03	-1.917610e-17	-3.879374e-17	9.249329e-18	-7.565571e-73	4.820768e-74	9.634279e-66	1.267763e-08
9.465215e-03	-5.010633e-19	-4.042745e-17	-4.138833e-17	-8.538241e-73	3.430124e-74	7.268081e-66	-1.903446e-08
9.460738e-03	-2.093286e-18	-3.217229e-17	-1.039236e-17	-7.233811e-73	1.325538e-74	7.679625e-66	-3.175413e-09
9.456265e-03	-1.750124e-18	-2.232876e-17	2.117013e-17	-6.837428e-73	-1.248751e-74	7.161222e-66	-0.000000e+00
9.451796e-03	2.224243e-17	-2.528681e-17	-3.214443e-17	-6.170560e-73	-3.887672e-74	6.234957e-66	-1.590712e-08
9.447331e-03	3.620585e-17	-2.365092e-17	2.939055e-17	-6.019356e-73	-4.961539e-74	5.798349e-66	-0.000000e+00
9.442871e-03	6.151949e-18	-2.669665e-17	1.852481e-17	-5.649836e-73	-4.536060e-74	5.661030e-66	2.868697e-08
9.438414e-03	-4.240626e-18	-3.413834e-17	1.138419e-17	-5.186799e-73	-6.388931e-74	5.491638e-66	1.595226e-08
9.433962e-03	-3.978885e-19	-2.547975e-17	-5.522926e-18	-4.882476e-73	-1.271317e-73	5.317273e-66	-2.874117e-08
9.429514e-03	-3.215785e-17	-2.761716e-17	-4.876741e-18	-3.807000e-73	-9.685698e-74	4.640299e-66	-0.000000e+00
9.425071e-03	-6.449080e-17	-2.587860e-18	-5.120822e-18	-3.441389e-73	-1.621707e-73	4.205595e-66	6.398983e-09
9.420631e-03	-5.953142e-17	2.129450e-18	5.036119e-18	-2.840842e-73	-1.378043e-73	3.224907e-66	-4.003135e-08
9.416196e-03	-6.359675e-17	-2.452056e-17	-2.511920e-17	-4.259827e-73	-1.125107e-73	2.182543e-66	4.648012e-08
9.411765e-03	-5.791478e-17	-2.625657e-17	2.365356e-18	-3.309829e-73	-7.942088e-74	1.729805e-66	-2.245981e-08
9.407338e-03	-7.696744e-17	-2.291382e-17	-3.581662e-18	-2.870765e-73	-8.814104e-74	1.876710e-66	3.532722e-08
9.402915e-03	-9.140090e-17	-1.281827e-17	7.771561e-18	-3.472074e-73	-3.646968e-74	7.212202e-67	-4.018234e-08
9.398496e-03	-8.880882e-17	-2.185475e-17	-1.090057e-17	-3.517386e-73	-5.980042e-74	3.847192e-67	4.022013e-08
9.394082e-03	-8.079009e-17	-1.729194e-17	-5.404070e-19	-2.928557e-73	-7.005824e-74	6.044805e-67	-4.025794e-08
9.389671e-03	-7.711182e-17	-1.575362e-17	-1.660156e-17	-2.983381e-73	-8.625162e-74	2.975029e-67	1.611831e-08
9.385265e-03	-8.499198e-17	5.555380e-18	-2.138236e-17	-2.629799e-73	-6.697441e-74	-1.333128e-67	-1.613344e-09
9.380863e-03	-8.810998e-17	1.080220e-17	1.902944e-18	-4.551496e-73	-6.470046e-74	-7.971201e-67	-1.130401e-08
9.376465e-03	-6.487704e-17	2.314940e-17	-8.298483e-18	-4.170480e-73	-1.036418e-73	-1.548301e-66	3.879298e-08
9.372071e-03	-5.920141e-17	1.918751e-17	-2.363669e-17	-3.421107e-73	-2.859930e-74	-2.506011e-66	-4.853671e-09
9.367681e-03	-7.239717e-17	2.217321e-17	-4.675822e-17	-2.693893e-73	-1.720508e-73	-2.835757e-66	-3.076873e-08
9.363296e-03	-8.800355e-17	2.434043e-17	-2.404218e-18	-2.268807e-73	-2.732043e-73	-2.172565e-66	2.755571e-08
9.358914e-03	-7.340503e-17	1.742994e-17	-7.082009e-18	-2.482655e-73	-1.955762e-73	-1.752552e-66	-1.297954e-08
9.354537e-03	-5.874282e-17	-5.576639e-18	1.911984e-17	-2.213304e-73	-8.140146e-74	-1.418210e-66	-8.119805e-09
9.350164e-03	-4.822788e-17	7.670138e-18	-1.932523e-18	-2.139300e-73	-1.546385e-73	-1.222307e-66	8.127403e-09
9.345794e-03	-5.041376e-17	1.669914e-18	-3.302371e-17	-1.936487e-73	-1.498559e-73	-9.976673e-67	-0.000000e+00
9.341429e-03	-5.834176e-17	8.804549e-18	3.664603e-18	-2.654709e-73	-1.125149e-73	-6.830744e-67	-2.279930e-08
9.337068e-03	-3.605763e-17	-1.097567e-17	-2.978195e-17	-2.364404e-73	-9.517509e-74	-2.691949e-67	-0.000000e+00
9.332711e-03	-3.526959e-17	-2.844645e-19	-4.241114e-17	-2.348990e-73	-1.507813e-73	1.793638e-67	4.894697e-09
9.328358e-03	-3.649313e-17	-2.257171e-17	-4.112840e-17	-1.813280e-73	-9.165684e-74	4.641628e-67	1.143162e-08
9.324009e-03	-4.040383e-17	-3.294653e-17	-1.598114e-18	-1.521892e-73	-1.100598e-73	6.580290e-67	-1.307690e-08
9.319664e-03	-4.414353e-17	-3.568492e-17	-5.961160e-17	-9.382260e-74	-1.454607e-73	8.761429e-67	1.636137e-08
9.315324e-03	-7.024472e-17	-1.646296e-17	-1.432157e-17	-5.455362e-74	-2.052918e-73	1.515401e-66	-6.550648e-09
9.310987e-03	-7.871487e-17	-3.542922e-17	-1.661913e-17	3.463467e-74	-2.908900e-73	1.970032e-66	-3.770132e-08
9.306654e-03	-4.545351e-17	-2.452679e-17	2.549488e-17	3.670008e-75	-1.660378e-73	2.210601e-66	2.953286e-08
9.302326e-03	-5.325169e-17	-1.768029e-17	-2.041336e-17	7.040849e-75	-1.575043e-73	2.469763e-66	8.211209e-09
9.298001e-03	-8.440851e-17	-1.746655e-17	-1.981833e-17	-8.081758e-75	-1.624707e-73	2.216082e-66	1.643770e-09
9.293680e-03	-7.255622e-17	-1.324321e-17	3.560412e-17	-1.550140e-74	-1.086119e-73	2.231881e-66	1.151709e-08
9.289364e-03	-4.213784e-17	-7.476156e-18	-5.321061e-17	-2.264172e-74	-1.006470e-73	2.688137e-66	-9.880969e-09
9.285051e-03	-5.198630e-17	-1.789697e-17	7.191405e-17	-7.532474e-74	-1.785021e-73	2.736180e-66	-3.131881e-08
9.280742e-03	-5.641444e-17	-1.489085e-17	-3.881647e-18	-1.292292e-73	-1.802476e-73	3.226686e-66	3.299778e-08
9.276438e-03	-4.751936e-17	-1.366550e-17	-3.844994e-17	-5.173341e-74	-1.463884e-73	3.422451e-66	4.623978e-08
9.272137e-03	-4.215382e-17	-6.918109e-18	-2.860369e-17	1.883527e-74	-2.926788e-73	3.449030e-66	-4.462973e-08
9.267841e-03	-6.229690e-17	5.845929e-18	7.218279e-18	-4.068286e-74	-2.306423e-73	3.448624e-66	1.985383e-08
9.263548e-03	-3.957452e-17	-2.035364e-17	-4.043207e-17	-1.184573e-74	-1.379990e-73	3.826922e-66	-4.305651e-08
9.259259e-03	-1.965280e-17	-6.905251e-18	2.328019e-17	-5.135522e-74	-1.856174e-73	3.734711e-66	2.983597e-08
9.254975e-03	5.790823e-18	7.605521e-19	-4.227955e-17	-7.329690e-74	-1.804963e-73	3.682704e-66	-4.147723e-08
9.250694e-03	-5.664431e-18	1.133512e-17	-3.193192e-17	-1.425771e-73	-1.880862e-73	3.608503e-66	2.823063e-08
9.246417e-03	-2.290550e-17	-1.148376e-17	-2.389612e-17	-1.973031e-73	-1.446780e-73	3.240406e-66	-9.972970e-09
9.242144e-03	-2.633090e-17	2.730755e-18	-9.570253e-18	-1.489921e-73	-1.128363e-73	3.081979e-66	-1.663699e-09
9.237875e-03	-2.912328e-17	-7.833954e-18	1.518263e-17	-1.248951e-73	-1.020506e-73	2.998298e-66	4.496139e-08
9.233610e-03	-3.161814e-17	-1.632936e-17	-1.837723e-19	-1.876051e-73	-9.968898e-74	2.841007e-66	-3.333551e-08
9.229349e-03	-1.538112e-17	-2.875827e-17	8.916750e-18	-2.193829e-73	-7.240026e-74	2.238438e-66	3.670293e-08
9.225092e-03	-1.856340e-17	-4.009492e-17	-4.051423e-17	-1.587241e-73	-5.825285e-74	2.194057e-66	-5.677507e-08
9.220839e-03	-1.707819e-17	-2.718622e-17	-4.269405e-17	-1.779178e-73	-7.573787e-74	1.605483e-66	1.002837e-08
9.216590e-03	-2.684307e-17	-2.006885e-17	7.689162e-18	-1.698898e-73	-9.536269e-74	1.363539e-66	3.345875e-08
9.212345e-03	9.044662e-18	-1.500362e-17	-3.837696e-17	-1.908298e-73	-1.463172e-73	2.640126e-66	-2.009375e-08
9.208103e-03	7.498450e-18	-3.347175e-17	2.565656e-17	-1.615350e-73	-1.158610e-73	2.229942e-66	-2.346432e-08
9.203866e-03	-5.539644e-18	-2.763176e-17	-1.286731e-17	-1.302416e-73	-1.391800e-73	5.285733e-66	2.684106e-08
9.199632e-03	8.470290e-19	-2.716126e-17	-2.232257e-17	-1.179448e-73	-1.323008e-73	8.257509e-66	1.679111e-08
9.195402e-03	-1.827681e-17	-3.392415e-17	2.571782e-17	-7.102178e-74	-1.243455e-73	8.393986e-66	-3.361311e-08
9.191176e-03	-2.403780e-17	-3.747112e-17	-1.857049e-17	-7.010641e-74	-3.091429e-74	6.763627e-66	3.364403e-09
9.186955e-03	-1.252463e-17	-3.538908e-17	3.545050e-17	-5.651320e-74	-2.177318e-74	6.383307e-66	-1.346998e-08
9.182736e-03	3.721248e-18	-5.535665e-17	-2.533198e-17	-1.267115e-73	-7.332496e-74	3.930591e-66	5.392944e-08
9.178522e-03	2.229407e-17	-5.241011e-17	-2.225596e-18	-1.125959e-73	-4.512671e-74	5.994094e-66	-3.205002e-08
9.174312e-03	1.025900e-17	-5.762575e-17	-1.231518e-17	1.235324e-71	-2.309975e-74	9.002067e-66	5.065175e-09
9.170105e-03	1.230940e-17	-5.415947e-17	-1.413718e-17	4.784411e-72	1.734280e-72	1.429786e-65	6.759764e-09
9.165903e-03	2.288248e-17	-5.782722e-17	-7.585349e-18	1.381832e-72	3.840714e-73	3.660110e-65	3.382982e-09
9.161704e-03	2.149129e-17	-6.006984e-17	1.418353e-17	2.539041e-72	-7.531406e-72	3.745134e-65	-1.015825e-08
9.157509e-03	3.244223e-17	-4.409672e-17	1.442558e-17	-2.041119e-75	-2.037660e-71	4.709944e-65	-1.355675e-08
9.153318e-03	3.626202e-17	-3.204796e-17	-2.310543e-17	-2.015486e-72	-4.122092e-71	5.212431e-65	3.053062e-08
9.149131e-03	2.329262e-17	-3.269553e-17	-3.976718e-17	-2.757258e-72	-1.206731e-70	5.848657e-65	-4.074476e-08
9.144947e-03	2.043051e-17	-4.788178e-17	4.356511e-17	-3.217077e-72	-7.701419e-71	8.307691e-65	1.189476e-08
9.140768e-03	2.176010e-17	-4.951848e-17	2.723231e-17	-1.889271e-72	-6.698460e-71	1.044684e-64	-2.721290e-08
9.136592e-03	3.991765e-17	-2.784209e-17	-1.393417e-17	1.914474e-72	-1.106481e-70	1.151842e-64	5.617792e-08
9.132420e-03	2.158194e-17	-2.978192e-17	-2.704000e-17	1.290464e-72	-6.490469e-71	9.175938e-65	-2.044700e-08
9.128252e-03	5.099604e-19	-3.131050e-17	-4.551030e-17	4.773156e-73	-8.330260e-71	1.144155e-64	3.069852e-08
9.124088e-03	2.042438e-17	-4.215227e-17	-2.296774e-17	-1.062481e-73	-4.461114e-71	7.384270e-65	-2.389843e-08
9.119927e-03	1.970593e-17	-3.483339e-17	-2.362558e-17	-1.856851e-75	-1.732809e-71	7.786820e-65	-0.000000e+00
9.115770e-03	-2.114765e-17	-2.533885e-17	-3.973472e-17	-2.357553e-74	4.635366e-72	6.897578e-65	-3.420294e-09
9.111617e-03	-2.748398e-17	-2.866525e-17	-1.832640e-18	-1.643325e-72	1.258904e-70	8.562654e-65	1.711706e-08
9.107468e-03	5.189189e-18	-7.294600e-18	-3.208886e-17	-1.754800e-72	1.314591e-70	1.123888e-64	-1.713266e-08
9.103323e-03	1.376810e-17	-5.759556e-18	-2.342392e-17	-3.837274e-72	1.375456e-70	1.451566e-64	-3.429654e-09
9.099181e-03	3.501926e-18	2.360289e-18	1.813972e-18	-3.419578e-72	1.924247e-70	1.524487e-64	2.059666e-08
9.095043e-03	-9.175292e-18	2.656653e-17	-1.111412e-17	-5.797177e-72	3.884492e-70	1.528120e-64	-3.092311e-08
9.090909e-03	-9.233809e-18	3.154693e-17	-1.341429e-17	-6.311442e-72	4.869635e-70	1.955782e-64	-1.031708e-08
9.086779e-03	-2.008958e-17	4.703433e-17	-3.942681e-17	-3.884296e-72	5.751563e-70	1.824700e-64	2.753723e-08
9.082652e-03	-2.211764e-17	3.688308e-17	-2.536383e-17	-4.456587e-72	4.931098e-70	2.021123e-64	-1.033585e-08
9.078529e-03	-2.933764e-17	4.167520e-17	-1.744976e-17	-3.351920e-72	4.363116e-70	1.946897e-64	1.379365e-08
9.074410e-03	-2.584465e-17	4.168231e-17	1.942186e-17	-8.366871e-72	3.414637e-70	1.951663e-64	-1.035463e-08
9.070295e-03	-3.438223e-18	3.473824e-17	-2.571145e-17	2.163220e-71	3.166393e-70	1.950853e-64	1.727338e-08
9.066183e-03	-2.110625e-18	4.507919e-17	1.225928e-17	5.984776e-71	2.439097e-70	1.901189e-64	-6.915621e-09
9.062075e-03	-6.488005e-18	3.553641e-17	-3.408786e-17	3.208049e-71	2.424562e-70	1.892049e-64	1.038284e-08
9.057971e-03	-2.751080e-17	4.197787e-17	-1.451530e-17	2.661007e-71	3.753713e-70	1.962595e-64	-8.660209e-09
9.053871e-03	-1.883813e-17	3.838810e-17	-7.167783e-17	3.456402e-71	4.316951e-70	1.970815e-64	-1.386889e-08
9.049774e-03	-9.442718e-19	2.574724e-17	2.282002e-17	2.263589e-71	4.387427e-70	1.933523e-64	1.908699e-08
9.045681e-03	-1.125587e-17	4.103490e-17	-1.917845e-17	-2.146298e-72	9.299586e-70	1.773986e-64	1.389401e-08
9.041591e-03	-8.533776e-18	5.784029e-17	-6.263497e-17	1.795498e-71	8.949803e-70	1.857993e-64	-2.607484e-08
9.037506e-03	7.368563e-19	4.223961e-17	-7.504305e-18	1.389322e-71	7.387469e-70	1.902103e-64	-1.739895e-09
9.033424e-03	-1.454084e-18	3.444211e-17	-1.686856e-17	1.071226e-71	1.105481e-69	2.154751e-64	-1.393174e-08
9.029345e-03	1.594310e-17	1.622817e-17	8.504482e-18	6.387823e-72	6.204137e-70	2.118691e-64	-2.091650e-08
9.025271e-03	3.944255e-17	1.976359e-17	1.355774e-17	9.384950e-72	5.464030e-70	2.324058e-64	2.442462e-08
9.021200e-03	6.303397e-17	3.335082e-17	-2.804953e-17	1.223637e-71	5.091573e-70	2.002679e-64	8.730952e-09
9.017133e-03	5.918360e-17	3.281789e-17	1.583706e-18	8.094779e-72	4.362751e-70	2.043735e-64	1.747766e-09
9.013069e-03	4.000361e-17	3.252730e-17	5.752370e-18	2.748518e-72	4.296047e-70	1.957275e-64	-2.099211e-08
9.009009e-03	3.312140e-17	3.930566e-17	-4.618701e-18	-5.201614e-73	3.211102e-70	1.961428e-64	4.552390e-08
9.004953e-03	3.068704e-17	2.724740e-17	-3.180182e-17	-9.036710e-73	2.782566e-70	2.037473e-64	-4.205993e-08
9.000900e-03	3.930845e-17	2.874338e-17	1.173175e-18	-1.217198e-72	3.744445e-70	2.070629e-64	4.209782e-08
8.996851e-03	3.331458e-17	4.767048e-17	-5.937091e-18	-5.588912e-72	2.798967e-70	2.011890e-64	-2.457917e-08
8.992806e-03	1.582679e-17	4.117985e-17	4.500117e-17	-1.094395e-71	3.407514e-70	2.064129e-64	-8.786174e-09
8.988764e-03	1.299451e-17	3.174532e-17	1.218088e-17	-8.084850e-72	4.171921e-70	2.016509e-64	3.517631e-09
8.984726e-03	2.137654e-17	3.548839e-17	1.464452e-17	-4.330131e-72	2.981163e-70	2.029407e-64	1.232278e-08
8.980692e-03	1.433616e-17	2.725118e-17	1.087617e-17	-1.731907e-71	1.172467e-70	1.820040e-64	-1.585781e-08
8.976661e-03	2.078268e-17	3.378001e-17	2.076030e-17	4.743578e-72	1.301127e-70	1.714591e-64	3.703479e-08
8.972633e-03	1.360364e-17	3.602922e-17	-2.246901e-17	3.626329e-72	2.410200e-70	1.637265e-64	-6.707550e-08
8.968610e-03	2.762270e-17	3.874389e-17	4.955048e-17	2.842280e-72	1.830559e-70	1.588480e-64	5.300187e-09
8.964590e-03	3.394670e-17	5.231811e-17	3.627876e-18	2.007176e-71	1.350214e-70	1.515901e-64	1.945145e-08
8.960573e-03	5.049454e-17	1.880783e-17	-1.630437e-18	8.472450e-71	1.007788e-70	1.671127e-64	1.769899e-08
8.956561e-03	3.783967e-17	2.300632e-17	-3.120839e-17	7.659732e-71	3.502319e-70	1.674343e-64	1.417189e-08
8.952551e-03	1.148971e-17	1.589918e-17	-2.693470e-17	1.052118e-70	4.303744e-70	1.778318e-64	-1.950380e-08
8.948546e-03	-1.068498e-17	1.414258e-17	-9.987535e-19	9.791688e-71	2.610238e-70	1.686259e-64	1.774660e-09
8.944544e-03	-5.675590e-18	1.795232e-17	4.844215e-18	1.086973e-70	4.257698e-70	1.872620e-64	1.243374e-08
8.940545e-03	-2.240847e-17	2.996694e-17	-2.360959e-17	1.367970e-70	4.173635e-70	2.447915e-64	1.244487e-08
8.936550e-03	-2.559750e-17	6.168164e-18	-3.535339e-17	9.178816e-71	3.889381e-70	2.005723e-64	1.067657e-08
8.932559e-03	-1.919420e-17	5.627529e-18	-4.045118e-17	9.121093e-71	3.843477e-70	2.197666e-64	-6.233564e-08
8.928571e-03	-1.475748e-17	4.626685e-18	8.254743e-18	8.731359e-71	2.924421e-70	2.194081e-64	7.130438e-09
8.924587e-03	-6.484079e-18	2.455312e-17	-5.872601e-17	7.136182e-71	1.615433e-70	2.185789e-64	1.962622e-08
8.920607e-03	-1.599151e-18	3.391897e-17	-1.114119e-17	9.637888e-71	2.896188e-70	2.084301e-64	-2.857271e-08
8.916630e-03	1.035513e-17	8.939153e-18	-1.707435e-17	9.814844e-71	1.541851e-70	2.317907e-64	2.144865e-08
8.912656e-03	2.381433e-17	2.974159e-17	-3.791638e-17	6.834662e-71	1.606571e-70	2.041448e-64	3.220167e-08
8.908686e-03	4.204794e-17	2.652195e-17	2.217627e-17	8.209056e-71	1.042644e-70	1.913501e-64	-3.402095e-08
8.904720e-03	5.898386e-18	4.364596e-17	-6.789477e-18	4.576292e-71	5.545103e-71	1.834275e-64	1.792172e-08
8.900757e-03	4.848634e-17	3.633568e-17	1.946732e-17	3.122888e-71	1.967281e-71	1.738567e-64	-3.228783e-08
8.896797e-03	3.316680e-17	3.078685e-17	-8.309664e-18	5.431079e-71	3.605638e-71	1.469828e-64	-1.615829e-08
8.892841e-03	4.970297e-17	3.197936e-17	-3.125253e-17	7.824959e-71	1.099161e-70	1.438307e-64	5.390889e-08
8.888889e-03	3.215058e-17	2.951963e-17	1.547888e-17	1.100106e-70	1.783739e-70	1.230629e-64	7.194245e-09
8.884940e-03	2.906742e-18	3.182029e-17	-1.610257e-17	7.980146e-71	1.350738e-70	1.129877e-64	1.800160e-08
8.880995e-03	1.002439e-17	3.080413e-17	-2.119886e-17	7.116639e-71	9.000124e-71	9.527487e-65	-7.207041e-09
8.877053e-03	2.092789e-17	2.790551e-17	4.412703e-19	9.390070e-71	1.367435e-70	1.093347e-64	-2.164033e-08
8.873114e-03	1.367538e-17	2.024548e-17	-1.149197e-17	8.945115e-71	7.263750e-71	1.055648e-64	-2.165954e-08
8.869180e-03	1.740231e-17	1.570426e-17	1.144917e-18	1.151634e-70	5.910316e-71	8.369109e-65	-2.529189e-08
8.865248e-03	2.660132e-18	1.065291e-17	-4.786122e-17	1.051975e-70	6.348075e-71	8.394638e-65	3.616333e-08
8.861320e-03	9.057429e-20	2.994461e-17	1.195211e-17	9.780361e-71	7.147489e-71	1.036967e-64	1.085862e-08
8.857396e-03	-1.388824e-17	1.970067e-17	-1.082467e-17	1.113421e-70	1.043436e-70	1.178687e-64	-7.245495e-09
8.853475e-03	-1.546204e-17	2.510958e-17	1.938418e-18	9.567666e-71	9.295960e-71	1.362604e-64	2.719468e-08
8.849558e-03	2.685664e-17	4.092791e-17	1.387779e-19	4.228623e-71	2.714202e-71	1.314902e-64	-4.717919e-08
8.845644e-03	2.954985e-17	2.810703e-17	-2.726389e-17	2.463962e-72	-5.011555e-71	1.565764e-64	1.816190e-08
8.841733e-03	4.250941e-17	3.113725e-17	-3.295107e-17	5.353097e-72	-1.007439e-70	1.493479e-64	-7.271188e-09
8.837826e-03	4.561729e-17	5.536094e-17	1.615000e-17	-9.680184e-72	-1.628014e-70	1.476569e-64	-2.001345e-08
8.833922e-03	4.909362e-17	2.362599e-17	-4.160301e-17	-9.668721e-72	-2.280632e-70	1.554124e-64	5.463039e-08
8.830022e-03	5.359857e-17	1.676859e-17	2.950114e-18	-1.304556e-71	-2.670490e-70	1.398877e-64	-1.822622e-09
8.826125e-03	6.010849e-17	2.399092e-17	-3.994092e-17	-2.764731e-71	-2.922300e-70	1.315761e-64	1.641809e-08
8.822232e-03	5.196032e-17	1.122772e-17	-2.291732e-18	-5.413797e-71	-3.508162e-70	1.270111e-64	1.095505e-08
8.818342e-03	4.408083e-17	2.112613e-17	2.594767e-17	-5.007887e-71	-2.675992e-70	1.128000e-64	-5.847851e-08
8.814456e-03	3.045150e-17	1.993584e-17	3.016793e-17	-4.218285e-71	-2.506827e-70	1.052082e-64	1.097439e-08
8.810573e-03	2.060678e-17	4.240672e-17	1.353084e-17	-3.152942e-71	-2.075871e-70	1.064803e-64	-9.153389e-09
8.806693e-03	1.408429e-17	1.806802e-17	-3.415210e-17	-3.836721e-71	-1.821641e-70	1.049493e-64	-1.832291e-09
8.802817e-03	2.649881e-17	1.291157e-17	-3.726186e-17	-3.282333e-72	-1.419240e-70	1.192548e-64	2.384077e-08
8.798944e-03	1.002719e-17	4.655971e-17	-9.742166e-18	-1.203135e-71	-1.704686e-70	1.235977e-64	-3.487488e-08
8.795075e-03	3.308323e-18	5.689621e-17	1.847711e-17	-6.224555e-72	-2.240306e-70	1.155396e-64	1.837135e-08
8.791209e-03	1.482955e-17	6.241668e-17	-1.047556e-17	-6.505355e-72	-2.507115e-70	1.019587e-64	-3.677503e-09
8.787346e-03	2.984718e-18	6.203650e-17	-3.487089e-17	-3.669188e-75	-1.777440e-70	9.278700e-65	-0.000000e+00
8.783487e-03	5.849207e-18	5.099799e-17	1.069023e-17	-4.321345e-72	-1.354181e-70	8.522271e-65	-2.026184e-08
8.779631e-03	2.010489e-17	3.260776e-17	1.175543e-17	-3.015888e-71	-1.372923e-70	7.905608e-65	2.949766e-08
8.775779e-03	2.829014e-18	2.445303e-17	5.103773e-17	-2.845740e-71	-1.172638e-70	6.899635e-65	5.535669e-09
8.771930e-03	-1.104936e-17	2.590233e-17	-6.792527e-19	-2.056992e-71	-6.245259e-71	6.511461e-65	-4.063054e-08
8.768084e-03	2.475140e-19	1.182525e-17	1.026414e-17	-2.173877e-71	-6.477988e-71	8.551090e-65	-3.142387e-08
8.764242e-03	8.856732e-18	1.197678e-18	-3.072792e-17	-3.610324e-71	-6.213823e-71	7.029058e-65	6.105278e-08
8.760403e-03	2.975871e-17	9.644361e-18	5.329125e-18	-3.791241e-71	-4.062339e-71	6.432247e-65	-1.296194e-08
8.756567e-03	3.713461e-17	-6.841754e-18	2.000190e-17	-2.791732e-71	-3.047423e-71	5.914494e-65	-2.779993e-08
8.752735e-03	5.488486e-17	5.595404e-18	-4.935156e-17	-3.519053e-71	-3.436521e-71	7.125773e-65	4.822875e-08
8.748906e-03	5.920692e-17	1.758417e-17	3.887949e-18	-3.747679e-71	-4.110893e-71	5.876107e-65	-0.000000e+00
8.745081e-03	6.624559e-17	2.057667e-17	4.319461e-18	-5.116614e-71	-4.417335e-71	3.900397e-65	-3.344761e-08
8.741259e-03	6.202898e-17	2.020051e-17	-2.915962e-18	-5.653284e-71	-3.984902e-71	3.265447e-65	2.603756e-08
8.737440e-03	6.427767e-17	2.867435e-17	2.360200e-17	-6.213073e-71	-2.606654e-71	2.430383e-65	1.489161e-08
8.733624e-03	5.053825e-17	3.163056e-17	2.981800e-17	-5.839810e-71	-1.225591e-71	1.131132e-65	-3.726157e-09
8.729812e-03	3.950924e-17	2.696984e-17	-8.468297e-18	-5.465607e-71	-9.127417e-72	-2.347873e-65	-1.864706e-08
8.726003e-03	3.878163e-17	3.707717e-17	-1.038937e-17	-4.774216e-71	-2.035666e-71	-2.117848e-65	-2.239601e-08
8.722198e-03	4.337155e-17	2.355800e-17	-3.807718e-17	-3.757399e-71	-1.203345e-71	-2.300735e-65	3.549130e-08
8.718396e-03	2.335580e-17	1.528838e-17	3.818560e-17	-1.869355e-71	-1.907932e-71	-2.064283e-65	2.056552e-08
8.714597e-03	2.057008e-17	2.969475e-17	1.913834e-17	-1.253700e-71	-3.153117e-71	-3.442267e-65	-1.496979e-08
8.710801e-03	1.368484e-17	2.766621e-17	-4.051664e-17	-7.051576e-72	-2.412553e-71	-4.029390e-65	-3.745708e-09
8.707009e-03	2.150609e-17	2.110136e-17	-1.611667e-17	-4.561125e-72	-2.877988e-71	-3.910853e-65	-3.748972e-09
8.703220e-03	1.646824e-17	-7.349419e-18	1.440037e-17	-4.157275e-72	-1.615438e-71	-3.727584e-65	1.876118e-09
8.699435e-03	2.285642e-17	-1.001570e-17	-1.332268e-17	-1.869453e-72	-8.252516e-72	-3.736884e-65	-2.253302e-08
8.695652e-03	4.951854e-17	-2.302451e-17	-5.020080e-17	-6.156329e-73	8.285904e-72	-3.749443e-65	1.879386e-08
8.691873e-03	4.800275e-17	-1.727634e-17	4.283174e-18	-5.019345e-73	9.048664e-72	-5.165566e-65	9.405101e-09
8.688097e-03	5.519494e-17	-5.984106e-18	-6.716632e-18	-4.237658e-72	9.674291e-72	-3.784971e-65	1.694390e-08
8.684325e-03	6.481319e-17	-3.857976e-17	4.157482e-17	-2.223049e-72	1.349302e-71	-2.922994e-65	-2.826437e-08
8.680556e-03	6.041895e-17	-2.569205e-17	2.418631e-17	-1.531290e-72	8.239800e-72	-2.958062e-65	-1.131557e-08
8.676790e-03	5.150791e-17	-2.888897e-17	-1.057578e-17	-3.277726e-72	9.297598e-72	-4.900511e-65	-7.550263e-09
8.673027e-03	4.914086e-17	-3.100727e-17	-7.125241e-19	-2.803585e-72	1.055197e-71	-4.180550e-65	4.534089e-08
8.669267e-03	5.726915e-17	-3.343033e-17	2.600798e-18	4.682075e-70	1.108380e-71	-3.381280e-65	-4.538022e-08
8.665511e-03	6.922658e-17	-4.520496e-17	3.113829e-17	3.644046e-70	1.350835e-71	-2.691888e-65	-0.000000e+00
8.661758e-03	8.520354e-17	-3.141561e-17	-1.601333e-18	5.346008e-70	4.017020e-71	-5.409483e-66	2.651772e-08
8.658009e-03	7.280686e-17	-2.965406e-17	1.248567e-17	2.589236e-70	1.681072e-71	-2.937513e-66	-4.549833e-08
8.654262e-03	8.115440e-17	-7.693535e-18	-5.264886e-18	1.650209e-70	1.842460e-71	1.402941e-66	5.692216e-08
8.650519e-03	7.854966e-17	-3.727586e-18	-1.392332e-17	1.944068e-70	2.162040e-71	-8.963314e-66	9.495238e-09
8.646779e-03	7.327094e-17	2.708665e-18	-3.347474e-20	3.073327e-70	2.850405e-71	-1.249392e-65	-2.851036e-08
8.643042e-03	5.413450e-17	4.113948e-18	-1.214605e-17	3.092481e-70	2.369741e-71	-1.908824e-65	-1.141401e-08
8.639309e-03	8.112247e-17	-2.925272e-18	-9.444756e-18	2.747002e-70	3.651186e-71	-1.651163e-65	2.665571e-08
8.635579e-03	8.056269e-17	-1.148276e-17	-2.262594e-18	2.604199e-70	2.287128e-71	-1.917936e-65	-5.716873e-09
8.631852e-03	6.681265e-17	-1.084374e-17	-1.205199e-17	2.595756e-70	7.974588e-72	-2.348371e-65	1.716543e-08
8.628128e-03	6.104680e-17	-1.281704e-17	-1.771851e-17	2.218358e-70	-2.151609e-72	-2.151080e-65	-1.527134e-08
8.624407e-03	5.342177e-17	-1.128439e-17	-4.649059e-18	1.886531e-70	-1.409768e-73	-2.491609e-65	-2.865847e-08
8.620690e-03	6.947427e-17	6.914131e-18	-5.649994e-17	1.651375e-70	9.049316e-72	-2.864781e-65	2.103434e-08
8.616975e-03	5.015973e-17	-2.742272e-18	5.013351e-18	1.451549e-70	2.074008e-71	-3.138422e-65	1.148317e-08
8.613264e-03	7.283094e-17	-3.045000e-18	7.975391e-18	1.676335e-70	3.765737e-71	-3.268288e-65	-5.363431e-08
8.609557e-03	8.159923e-17	-5.846514e-19	-1.328459e-17	1.809390e-70	3.908608e-71	-4.006201e-65	2.300593e-08
8.605852e-03	6.998348e-17	4.340110e-18	-1.095420e-17	2.155896e-70	5.017399e-71	-4.277383e-65	1.535050e-08
8.602151e-03	4.827567e-17	2.071932e-17	4.364998e-18	2.161514e-70	5.940130e-71	-4.123977e-65	-7.681855e-09
8.598452e-03	3.349451e-17	-4.114158e-18	7.570442e-18	1.676502e-70	8.347009e-71	-3.845957e-65	2.306539e-08
8.594757e-03	3.908745e-17	-3.859086e-18	-5.698634e-17	1.390482e-70	8.019491e-71	-4.165646e-65	-3.078031e-08
8.591065e-03	3.813691e-17	-1.891940e-17	-1.253778e-17	1.141574e-70	6.531984e-71	-3.813084e-65	5.006100e-08
8.587377e-03	4.496893e-17	-2.398942e-18	-1.150244e-17	7.613784e-71	9.966200e-71	-3.946669e-65	-3.083324e-08
8.583691e-03	5.378493e-17	-1.167386e-17	-3.049644e-17	5.238498e-71	7.431404e-71	-4.305013e-65	-1.542986e-08
8.580009e-03	6.569473e-17	-1.358957e-17	4.870236e-18	9.066601e-72	1.506300e-70	-4.481814e-65	-0.000000e+00
8.576329e-03	7.293015e-17	-2.135748e-17	-3.416104e-17	-1.775600e-71	1.804867e-70	-4.516618e-65	-7.728181e-09
8.572653e-03	8.394303e-17	-9.646559e-18	-2.989322e-17	-4.019068e-71	1.565661e-70	-4.623730e-65	2.320443e-08
8.568980e-03	7.735936e-17	3.540763e-18	-1.865898e-17	-5.120831e-71	1.418204e-70	-4.420905e-65	-1.161216e-08
8.565310e-03	7.810683e-17	-8.963021e-18	1.209970e-17	-7.114302e-71	1.590429e-70	-4.511158e-65	3.874039e-09
8.561644e-03	8.436067e-17	-1.874441e-17	4.134110e-17	-6.901128e-71	1.338074e-70	-4.065719e-65	-1.938679e-08
8.557980e-03	7.831660e-17	-2.882348e-17	2.386058e-18	-7.345549e-71	1.619509e-70	-4.314807e-65	-7.761356e-09
8.554320e-03	7.500615e-17	-2.528036e-17	-7.111892e-18	-9.279607e-71	1.761861e-70	-4.315349e-65	1.942000e-08
8.550663e-03	6.748278e-17	-2.288342e-17	-1.413800e-17	-8.769247e-71	1.681374e-70	-4.005800e-65	4.276055e-08
8.547009e-03	7.670298e-17	-2.852001e-17	-1.094177e-17	-9.164620e-71	2.261173e-70	-3.944988e-65	-2.723453e-08
8.543358e-03	7.962222e-17	-3.523616e-17	4.137315e-18	-7.196473e-71	2.099257e-70	-3.582609e-65	1.946987e-09
8.539710e-03	5.874414e-17	-4.920463e-17	-2.746054e-17	-4.176717e-71	1.787189e-70	-3.382590e-65	5.845952e-09
8.536065e-03	7.036554e-17	-5.464496e-17	-2.784123e-17	-1.182080e-71	1.429044e-70	-3.732642e-65	-2.730441e-08
8.532423e-03	6.907667e-17	-4.136328e-17	2.328324e-17	-9.916416e-72	1.355385e-70	-4.990269e-65	-3.903961e-09
8.528785e-03	6.974736e-17	-2.971342e-17	-1.940898e-17	-1.583666e-71	1.465714e-70	-5.110742e-65	1.172188e-08
8.525149e-03	8.273415e-17	-4.457977e-17	-1.035901e-17	-1.677364e-71	1.479554e-70	-4.950159e-65	1.368719e-08
8.521517e-03	8.383776e-17	-3.874007e-17	8.926372e-18	-4.542940e-71	2.229579e-70	-4.739085e-65	-6.653732e-08
8.517888e-03	5.955343e-17	-3.068765e-17	-1.219131e-17	-1.675470e-71	1.849648e-70	-5.046509e-65	5.288350e-08
8.514261e-03	7.617150e-17	-1.705927e-17	1.972564e-17	-3.684251e-72	1.335108e-70	-5.396533e-65	1.568253e-08
8.510638e-03	7.914742e-17	-2.841595e-17	-2.448129e-17	4.491265e-72	1.151390e-70	-5.212146e-65	2.354383e-08
8.507018e-03	4.642908e-17	-1.773916e-17	-8.160112e-18	-1.398862e-71	1.499360e-70	-5.513375e-65	-2.356388e-08
8.503401e-03	4.259061e-17	-3.423930e-18	-3.278519e-17	-1.406075e-71	1.604622e-70	-5.847736e-65	-3.930654e-09
8.499788e-03	5.059991e-17	-2.812720e-18	3.131623e-17	-1.641780e-71	1.670994e-70	-6.139968e-65	-2.753798e-08
8.496177e-03	2.550541e-17	-2.065340e-18	-4.961174e-18	6.792315e-73	8.860388e-71	-6.353203e-65	5.709146e-08
8.492569e-03	1.607639e-17	-2.388978e-17	9.676504e-18	-1.340817e-71	1.053405e-70	-5.960926e-65	-1.379241e-08
8.488964e-03	3.708318e-17	-3.474763e-17	-5.292533e-18	8.112336e-72	1.309958e-70	-6.254693e-65	-7.888070e-09
8.485363e-03	2.161058e-17	-3.104828e-17	3.319692e-18	1.014778e-71	1.212055e-70	-5.362005e-65	-3.947384e-09
8.481764e-03	3.416186e-17	-3.533562e-17	-1.668316e-17	3.301996e-71	1.102306e-70	-5.189006e-65	-3.753197e-08
8.478169e-03	1.831269e-17	-5.166525e-17	-1.639483e-17	7.825667e-71	5.411728e-71	-4.825807e-65	3.756381e-08
8.474576e-03	2.733527e-17	-5.175800e-17	4.148429e-17	4.345548e-71	7.772716e-71	-4.356967e-65	-0.000000e+00
8.470987e-03	3.315601e-17	-4.748959e-17	-2.660632e-17	5.537400e-71	7.438916e-71	-4.500296e-65	9.901983e-09
8.467401e-03	3.286165e-17	-4.081142e-17	4.106382e-17	3.092637e-71	7.343291e-71	-3.928488e-65	-5.549809e-08
8.463817e-03	5.684051e-18	-4.125507e-17	-4.076858e-17	-1.168168e-71	8.775936e-71	-3.979448e-65	5.356134e-08
8.460237e-03	3.162393e-17	-2.770787e-17	7.365663e-18	-1.283675e-71	8.754898e-71	-4.106856e-65	-2.779606e-08
8.456660e-03	1.939234e-17	-1.512386e-17	-7.786062e-18	-5.011168e-71	8.572298e-71	-3.677916e-65	-3.974225e-09
8.453085e-03	2.190216e-17	-1.971926e-17	1.707402e-17	8.721610e-72	3.041460e-71	-3.760158e-65	3.579828e-08
8.449514e-03	2.054678e-17	-1.246541e-17	-3.256361e-17	-2.675677e-71	4.227130e-71	-3.370307e-65	3.980950e-09
8.445946e-03	4.338246e-18	-6.308009e-18	-2.406061e-17	-6.066710e-71	4.487277e-71	-3.434592e-65	-3.585883e-08
8.442381e-03	2.709692e-17	8.184469e-18	-5.280932e-17	-7.167705e-71	4.799230e-71	-3.761478e-65	7.975360e-09
8.438819e-03	3.113219e-17	2.416519e-17	2.439597e-17	-6.330417e-71	3.733407e-71	-4.386410e-65	2.394628e-08
8.435259e-03	3.095895e-17	3.395133e-17	-1.334992e-18	-2.286446e-71	2.515242e-71	-3.459395e-65	-5.791903e-08
8.431703e-03	2.880270e-17	3.283101e-17	-9.702017e-18	-1.595122e-71	3.609464e-71	-3.599926e-65	5.996679e-08
8.428150e-03	1.244273e-17	2.261955e-17	-4.025426e-17	-2.206335e-71	3.435672e-71	-3.099718e-65	8.002316e-09
8.424600e-03	3.383617e-18	1.836918e-17	-3.679443e-17	-1.143001e-71	3.490245e-71	-2.098263e-65	-3.003398e-08
8.421053e-03	-1.729843e-17	2.998290e-17	-1.297431e-17	-1.146193e-71	4.293507e-71	-2.338804e-65	-4.007905e-09
8.417508e-03	-1.868446e-17	1.450081e-17	-2.619819e-17	-4.212147e-71	4.963805e-71	-1.409457e-65	8.022562e-09
8.413967e-03	-1.690307e-17	4.094806e-17	-2.693070e-17	-4.701721e-71	4.704804e-71	-1.055788e-65	-5.018323e-08
8.410429e-03	-4.651393e-18	4.897332e-17	-6.267298e-18	-6.492707e-71	4.978418e-71	-1.225835e-65	6.227957e-08
8.406894e-03	5.772350e-18	6.880408e-17	-1.890764e-17	-7.897848e-71	4.767031e-71	-1.390059e-65	-4.423558e-08
8.403361e-03	7.991740e-18	6.176260e-17	-5.438141e-17	-8.159819e-71	4.134473e-71	-1.121653e-65	1.609919e-08
8.399832e-03	1.481957e-17	5.808958e-17	-2.126324e-17	-5.952382e-71	2.732020e-71	-1.190802e-65	-4.028181e-09
8.396306e-03	1.855617e-18	3.977061e-17	5.408000e-17	-5.509235e-71	2.400362e-71	-1.352674e-65	-1.209470e-08
8.392782e-03	-4.024693e-18	5.481707e-17	-2.461031e-17	-5.073574e-71	2.270524e-71	-1.684093e-65	6.455922e-08
8.389262e-03	1.033348e-17	4.571245e-17	-2.144986e-17	-4.071500e-71	1.813008e-71	-1.001723e-65	-2.221086e-08
8.385744e-03	1.351673e-17	4.787201e-17	1.552818e-17	-6.258733e-71	2.013652e-71	-7.788207e-66	-3.031295e-08
8.382230e-03	7.818118e-18	4.055962e-17	-2.161465e-17	-7.317144e-71	2.009361e-71	-6.189281e-66	1.213535e-08
8.378718e-03	3.783955e-17	4.433587e-17	-3.024301e-17	-7.177116e-71	1.557793e-71	-7.745321e-66	1.012127e-08
8.375209e-03	4.497993e-17	5.848129e-17	-1.533611e-17	-6.893170e-71	1.298295e-71	-5.499285e-66	-0.000000e+00
8.371704e-03	4.973666e-17	6.022687e-17	3.485317e-17	-9.522937e-71	1.139448e-71	-3.562443e-66	-3.041472e-08
8.368201e-03	4.109998e-17	8.469638e-17	-5.771425e-17	-1.050622e-70	9.580968e-72	-7.216041e-67	1.623476e-08
8.364701e-03	5.137061e-17	9.284108e-17	2.340433e-17	-1.089154e-70	1.060484e-71	4.026196e-66	1.624835e-08
8.361204e-03	3.063263e-17	9.187520e-17	3.299566e-18	-9.980633e-71	7.377053e-72	7.513116e-66	6.098230e-09
8.357710e-03	1.623875e-17	8.876839e-17	-2.850029e-17	-6.826327e-71	5.186389e-72	7.971161e-66	-3.458554e-08
8.354219e-03	-1.462431e-17	8.231817e-17	-1.035936e-16	-9.707806e-71	4.214581e-72	1.432783e-65	3.257830e-08
8.350731e-03	-1.263693e-17	6.671429e-17	-3.735754e-18	-8.586448e-71	2.534403e-72	1.549794e-65	8.151382e-09
8.347245e-03	-6.101002e-18	7.005543e-17	-3.957338e-17	-9.265982e-71	1.799496e-72	1.232055e-65	-2.855367e-08
8.343763e-03	1.486749e-17	4.871925e-17	7.222955e-18	-1.121607e-70	7.830209e-73	1.170156e-65	2.041250e-08
8.340284e-03	9.626320e-18	6.579739e-17	-4.939944e-17	-1.185745e-70	1.725968e-73	1.310702e-65	-6.128862e-09
8.336807e-03	1.929059e-17	8.783635e-17	-5.031267e-17	-1.187258e-70	-1.007947e-73	1.925267e-65	1.431261e-08
8.333333e-03	-4.673711e-18	9.051454e-17	-2.031046e-17	-1.050435e-70	-2.188836e-73	2.690808e-65	-3.274181e-08
8.329863e-03	1.945034e-17	6.811846e-17	-3.042488e-17	-9.042157e-71	-4.092347e-73	2.647755e-65	-1.228841e-08
8.326395e-03	-2.004611e-18	5.475628e-17	-1.113584e-17	-8.841093e-71	-4.473414e-73	2.444628e-65	4.304528e-08
8.322930e-03	9.161351e-18	7.006986e-17	-9.884671e-18	-8.495992e-71	-5.975678e-73	3.081633e-65	-1.846334e-08
8.319468e-03	2.609744e-17	5.938771e-17	-3.270433e-17	-7.163729e-71	-6.915642e-73	2.853736e-65	2.463828e-08
8.316008e-03	-2.928647e-18	4.479106e-17	-2.227819e-17	-5.901075e-71	-8.302717e-73	3.844362e-65	-1.232939e-08
8.312552e-03	7.334577e-19	6.372578e-17	1.562568e-17	-5.276017e-71	-4.441857e-73	3.899769e-65	-2.879251e-08
8.309098e-03	-1.600736e-17	6.136233e-17	1.557782e-17	-4.650070e-71	-1.416793e-73	3.751392e-65	1.234991e-08
8.305648e-03	-7.003401e-18	7.905754e-17	-2.143807e-17	-4.240654e-71	3.481651e-73	3.513950e-65	-7.210099e-08
8.302200e-03	-2.665302e-18	8.438323e-17	-7.549063e-18	-4.237250e-71	3.252883e-73	3.392431e-65	5.979045e-08
8.298755e-03	-3.177432e-17	5.954348e-17	-4.800414e-17	-4.073152e-71	5.821131e-73	3.353039e-65	2.269797e-08
8.295313e-03	-2.923410e-17	5.591884e-17	-3.664929e-17	-3.452072e-71	9.105856e-73	3.160093e-65	-8.260658e-09
8.291874e-03	-4.074457e-17	4.038737e-17	-3.113295e-17	-2.594888e-71	1.423311e-72	3.180237e-65	-1.653502e-08
8.288438e-03	-7.272159e-18	2.303415e-17	1.990595e-18	-2.489955e-71	9.355236e-73	3.200621e-65	-2.068592e-08
8.285004e-03	-3.808233e-17	2.948794e-17	-3.241764e-17	-2.663106e-71	1.669277e-72	2.988489e-65	5.382798e-08
8.281573e-03	-4.615200e-17	3.597223e-17	-5.963112e-18	-3.024938e-71	2.202809e-72	3.092464e-65	2.072023e-09
8.278146e-03	-4.418520e-17	3.543111e-17	-3.753942e-17	-2.403993e-71	1.923127e-72	2.773960e-65	-2.073739e-08
8.274721e-03	-3.138670e-17	2.078287e-17	2.030658e-17	-1.795609e-71	1.587109e-72	2.067509e-65	-4.150912e-09
8.271299e-03	-1.289657e-17	1.899547e-17	-4.628188e-19	-2.508559e-71	1.040598e-72	1.989801e-65	-4.154347e-09
8.267879e-03	-2.154207e-17	1.997354e-17	6.422272e-18	-3.069106e-71	2.664356e-73	1.657358e-65	4.157784e-09
8.264463e-03	-3.051129e-17	2.560514e-17	6.567148e-18	-3.163765e-71	-4.882943e-74	1.285009e-65	-8.322445e-09
8.261049e-03	-4.200894e-17	3.146267e-17	1.027173e-17	-3.852148e-71	-3.531587e-73	1.031290e-65	-1.665865e-08
8.257638e-03	-5.396789e-17	2.975269e-17	-3.399624e-17	-1.871248e-71	-8.903811e-74	1.681717e-65	1.667241e-08
8.254230e-03	-3.380992e-17	2.954926e-17	-1.994932e-19	-1.447665e-71	-4.850728e-73	1.368579e-65	8.343092e-09
8.250825e-03	-3.535526e-17	2.934384e-17	-4.028231e-17	-1.315078e-71	-7.520970e-73	8.466026e-66	3.339992e-08
8.247423e-03	-4.520355e-17	-7.190432e-18	-7.751944e-17	-1.543488e-71	-1.398250e-72	7.203458e-66	-2.089218e-08
8.244023e-03	-2.306490e-17	1.212140e-17	-2.477890e-17	-1.359891e-71	-1.792428e-72	4.146030e-66	2.090941e-08
8.240626e-03	-2.279339e-17	-1.394938e-17	-9.796715e-18	-1.364780e-71	-3.274166e-72	1.581577e-66	-3.348264e-08
8.237232e-03	-3.425974e-18	-7.157716e-18	-2.785099e-17	-1.298572e-71	-5.189434e-72	1.487491e-65	3.769902e-08
8.233841e-03	-4.531277e-19	-2.660691e-17	4.527628e-18	-2.030863e-71	-5.310473e-72	7.972953e-66	-5.030678e-08
8.230453e-03	6.699332e-18	-3.033118e-17	-3.513249e-17	-2.366945e-71	-4.812414e-72	1.325568e-65	2.936979e-08
8.227067e-03	-2.343201e-18	-2.520127e-17	-3.353132e-18	-2.089278e-71	-1.690208e-72	1.684965e-65	-3.779224e-08
8.223684e-03	-5.446521e-18	-2.473044e-17	-1.257675e-19	-2.106011e-71	-2.295098e-72	1.503319e-65	2.941815e-08
8.220304e-03	-2.282002e-17	-3.679395e-17	-1.627286e-17	-2.088103e-71	-3.326583e-72	1.565143e-65	1.261815e-08
8.216927e-03	-3.309527e-17	-3.231566e-17	-3.255859e-17	-1.174722e-71	-3.437891e-72	7.828132e-67	-1.262852e-08
8.213552e-03	-1.697945e-17	-1.193148e-18	-8.149286e-18	-1.412090e-71	-1.150124e-72	9.526923e-66	2.527781e-08
8.210181e-03	-2.280147e-17	-6.158722e-18	1.736025e-17	-1.063613e-71	-2.412712e-74	1.207844e-65	-2.740679e-08
8.206812e-03	-1.046511e-17	-3.295717e-17	-1.197671e-18	-9.925771e-72	-2.093564e-74	9.354065e-66	-1.054973e-08
8.203445e-03	2.555321e-18	-2.671875e-17	-3.772590e-17	-6.086358e-72	1.480141e-72	9.114144e-66	2.534013e-08
8.200082e-03	-5.874374e-18	-4.063533e-17	-1.270251e-17	-4.965557e-72	3.957674e-72	1.836480e-65	-0.000000e+00
8.196721e-03	-1.387850e-17	-5.111442e-17	-3.218779e-17	-7.403975e-73	8.896609e-72	1.463028e-65	-2.961201e-08
8.193363e-03	-8.795900e-18	-4.837371e-17	-5.280498e-17	-1.387963e-74	9.361868e-72	1.087896e-65	-2.116878e-09
8.190008e-03	2.221119e-18	-2.866397e-17	-1.829483e-17	-1.992839e-72	8.340816e-72	9.752256e-66	8.474450e-09
8.186656e-03	3.112113e-17	-2.023762e-17	-3.442342e-17	-2.334466e-72	8.549047e-72	1.427654e-65	-1.484244e-08
8.183306e-03	3.380333e-17	-6.072728e-18	5.726824e-18	-1.826262e-72	6.060957e-72	9.228496e-66	-8.488337e-09
8.179959e-03	4.591306e-17	1.082836e-17	-1.098080e-17	-1.598466e-72	4.469371e-72	2.053318e-65	1.699057e-08
8.176615e-03	3.012868e-17	-3.415778e-18	-2.820444e-17	7.746109e-73	7.887436e-72	2.672771e-65	-2.125559e-09
8.173273e-03	4.874258e-17	-1.878528e-17	-2.563488e-17	-8.192085e-73	5.679176e-72	3.099424e-65	-3.616405e-08
8.169935e-03	3.705257e-17	-1.751881e-17	-1.994498e-17	-1.197150e-73	5.361895e-72	3.782679e-65	-1.277422e-08
8.166599e-03	4.072403e-17	-1.481365e-17	-6.298130e-18	1.018492e-73	5.823860e-72	3.760873e-65	8.523104e-09
8.163265e-03	4.150460e-17	-1.618619e-18	2.177078e-18	-6.815329e-73	3.750391e-72	3.574676e-65	6.397549e-08
8.159935e-03	5.475885e-17	-1.832691e-17	-2.062586e-17	-1.016309e-73	-5.778649e-73	3.596551e-65	-3.414812e-08
8.156607e-03	7.276484e-17	-4.422278e-17	-3.330195e-17	-9.228139e-74	-1.358266e-72	3.737726e-65	6.407998e-08
8.153282e-03	7.390377e-17	-5.791484e-17	-6.535571e-18	-4.348822e-73	-2.339448e-72	3.728369e-65	-2.137742e-09
8.149959e-03	8.364884e-17	-4.832684e-17	-4.304283e-17	-7.503370e-73	-3.409375e-72	3.547211e-65	-3.423177e-08
8.146640e-03	8.417363e-17	-3.442384e-17	-4.129349e-18	-5.241913e-73	-1.781684e-72	3.559607e-65	-1.498861e-08
8.143322e-03	8.285041e-17	-2.324874e-17	8.238852e-18	-3.235756e-73	-2.712486e-72	3.555450e-65	-1.285784e-08
8.140008e-03	3.330409e-17	-3.298435e-17	-3.771499e-17	-4.222013e-73	-1.995563e-72	3.356719e-65	-4.289439e-09
8.136697e-03	7.027471e-17	-2.302880e-17	-2.014312e-18	-1.053082e-73	-1.345054e-72	3.277030e-65	3.863638e-08
8.133388e-03	5.829975e-17	-2.153461e-17	-5.734806e-17	1.733228e-73	-2.092930e-72	3.176647e-65	2.148213e-08
8.130081e-03	5.434089e-17	-2.954509e-17	-2.961932e-17	4.635298e-73	-2.094424e-72	2.813423e-65	-4.299920e-08
8.126778e-03	6.679433e-17	-3.770366e-17	-3.229188e-17	8.028258e-73	-1.283621e-72	2.557536e-65	3.012392e-08
8.123477e-03	7.516802e-17	-2.617597e-17	1.095044e-19	1.286458e-72	-2.165936e-72	2.436522e-65	-3.230186e-08
8.120179e-03	6.154397e-17	-2.961639e-17	4.865683e-17	1.514171e-72	-2.566921e-72	2.061421e-65	8.620829e-09
8.116883e-03	7.700204e-17	-1.164143e-17	3.168039e-18	1.869056e-72	-1.364821e-72	1.924903e-65	4.313915e-08
8.113590e-03	8.647037e-17	-2.685756e-17	-2.513940e-17	2.447053e-72	-3.739970e-74	1.463385e-65	-4.317418e-09
8.110300e-03	6.584548e-17	-1.892167e-17	-5.017146e-19	2.908679e-72	1.069659e-72	1.189122e-65	-3.024645e-08
8.107013e-03	6.066549e-17	-9.117469e-18	-4.185346e-17	2.634085e-72	1.162504e-73	1.796129e-65	-7.783967e-08
8.103728e-03	7.130579e-17	-6.250750e-18	-3.095099e-17	2.398365e-72	-3.344652e-73	2.097440e-65	8.655866e-08
8.100446e-03	6.735733e-17	1.508012e-17	-1.541139e-17	2.371069e-72	-9.821084e-73	1.831262e-65	-1.299432e-08
8.097166e-03	7.338771e-17	2.609649e-17	2.365851e-17	2.832657e-72	-1.139673e-72	1.127738e-65	-6.502425e-09
8.093889e-03	6.687394e-17	2.919082e-17	-8.230280e-18	3.587380e-72	6.042533e-73	2.587741e-66	4.338461e-08
8.090615e-03	6.776886e-17	1.622083e-17	1.590470e-17	3.642657e-72	5.627490e-73	-1.187409e-66	-1.107203e-07
8.087343e-03	5.422663e-17	1.482963e-17	2.225393e-18	4.206737e-72	4.314767e-72	-2.974298e-66	6.518230e-08
8.084074e-03	6.346491e-17	1.618298e-18	-5.437274e-17	5.445902e-72	9.125946e-72	7.684137e-66	5.001352e-08
8.080808e-03	7.129868e-17	1.218696e-17	-4.840529e-17	6.684619e-72	2.266385e-71	5.202576e-66	-5.658274e-08
8.077544e-03	5.990110e-17	4.438537e-18	-1.576538e-17	6.336309e-72	1.988974e-71	5.565737e-66	2.178018e-08
8.074283e-03	2.348611e-17	8.524472e-18	-4.406198e-18	6.429257e-72	1.328957e-71	7.599472e-66	6.539333e-09
8.071025e-03	2.039662e-17	1.010258e-17	-2.228252e-17	7.673695e-72	1.029257e-71	1.409509e-65	-2.399692e-08
8.067769e-03	1.970039e-17	4.550180e-18	-3.619934e-17	8.308634e-72	1.256120e-71	1.328707e-65	1.528309e-08
8.064516e-03	3.076797e-17	-1.419300e-17	1.534363e-17	9.036678e-72	9.290329e-72	1.300543e-65	-1.092531e-08
8.061266e-03	3.022105e-17	-3.605145e-17	-6.688010e-17	7.562122e-72	6.909560e-72	1.075947e-65	8.747294e-09
8.058018e-03	4.954117e-17	-2.625242e-17	-2.574303e-19	8.062153e-72	1.086451e-71	5.073160e-66	-2.188587e-09
8.054772e-03	3.133291e-17	-3.881192e-17	-1.366095e-17	7.331962e-72	8.518259e-72	7.493626e-67	1.095175e-08
8.051530e-03	3.132441e-17	-3.156937e-17	-8.721322e-18	7.792127e-72	8.348689e-72	1.078522e-66	-3.726596e-08
8.048290e-03	5.482319e-17	-2.642616e-17	3.491273e-17	8.568839e-72	1.037751e-71	-1.158068e-66	-6.581642e-09
8.045052e-03	7.089293e-17	-2.573603e-17	6.500876e-18	1.178922e-71	1.463967e-71	2.952668e-66	4.391293e-08
8.041817e-03	8.363370e-17	-2.607164e-17	-1.056880e-17	1.051010e-71	1.143581e-71	1.990320e-66	-4.394827e-09
8.038585e-03	7.870421e-17	-4.724779e-17	-3.854989e-17	9.685819e-72	1.094108e-71	-6.748893e-67	-6.817461e-08
8.035356e-03	9.023479e-17	-4.727031e-17	7.472321e-18	7.498542e-72	7.498453e-72	-7.339906e-67	5.942563e-08
8.032129e-03	8.773322e-17	-3.216573e-17	2.297424e-17	9.299852e-72	1.665711e-71	3.644496e-68	1.321631e-08
8.028904e-03	9.603697e-17	-1.991659e-17	8.897099e-18	9.142781e-72	9.055777e-72	7.373463e-66	-3.527180e-08
8.025682e-03	8.808695e-17	-2.963266e-17	2.463307e-18	1.012444e-71	8.017476e-72	5.855880e-66	-1.544381e-08
8.022463e-03	1.033251e-16	-1.222491e-17	-2.273355e-17	9.414613e-72	6.427640e-72	1.126665e-65	1.766423e-08
8.019246e-03	9.247130e-17	-2.503276e-17	8.331823e-18	9.761170e-72	5.639668e-72	1.554797e-65	3.756661e-08
8.016032e-03	7.108513e-17	-1.645047e-17	-3.337562e-17	8.948704e-72	2.781471e-72	1.566036e-65	-2.432730e-08
8.012821e-03	5.981145e-17	-1.432041e-17	1.411631e-18	9.181712e-72	5.798169e-72	1.569494e-65	-2.877350e-08
8.009612e-03	6.515586e-17	-2.119009e-17	-5.127517e-17	9.686045e-72	1.120451e-71	1.739352e-65	3.544192e-08
8.006405e-03	6.861088e-17	-1.594600e-17	-4.826868e-17	9.003943e-72	9.485372e-72	1.597282e-65	2.660274e-08
8.003201e-03	5.769245e-17	-2.331784e-17	-1.455596e-17	8.612115e-72	7.505625e-72	1.709077e-65	-3.106138e-08
8.000000e-03	4.476725e-17	-7.140401e-18	-6.243514e-18	7.167298e-72	5.503725e-72	2.010790e-65	1.554312e-08
7.996801e-03	2.519447e-17	1.833881e-18	-3.563935e-17	7.126610e-72	5.188733e-72	1.296480e-65	-6.000001e-08
7.993605e-03	2.738826e-17	6.878926e-18	3.151125e-17	9.281363e-72	6.339595e-72	2.242836e-65	5.782400e-08
7.990412e-03	2.277262e-17	1.080003e-17	-4.917074e-17	1.188905e-71	5.921215e-72	2.526830e-65	2.670934e-08
7.987220e-03	4.121999e-17	1.265232e-17	-2.780436e-17	9.976370e-72	8.671696e-72	2.280408e-65	1.782046e-08
7.984032e-03	3.987868e-17	1.916110e-17	-6.195799e-17	9.764341e-72	7.613224e-72	2.461220e-65	-4.458673e-08
7.980846e-03	4.427887e-17	3.570402e-17	2.927834e-17	9.701460e-72	7.121730e-72	2.639848e-65	-2.231117e-08
7.977663e-03	4.879519e-17	1.376608e-17	-1.630640e-17	9.310993e-72	5.007037e-72	2.260088e-65	-2.232898e-08
7.974482e-03	5.627162e-17	1.065657e-17	-5.092064e-17	1.034069e-71	9.075738e-72	2.037886e-65	3.798955e-08
7.971303e-03	6.863684e-17	1.353779e-17	3.300311e-17	1.005680e-71	1.257792e-71	1.838568e-65	3.354693e-08
7.968127e-03	8.374387e-17	8.003776e-18	7.637527e-19	9.840954e-72	9.159381e-72	1.660635e-65	-5.819437e-08
7.964954e-03	6.566420e-17	1.367155e-17	-6.629896e-18	9.989746e-72	6.310875e-72	1.458125e-65	1.120014e-08
7.961783e-03	5.880541e-17	6.937680e-19	-3.267785e-18	1.049889e-71	6.164914e-72	1.390376e-65	1.120907e-08
7.958615e-03	4.026672e-17	-7.438219e-18	-6.557255e-18	1.083090e-71	3.316404e-72	1.186044e-65	-2.467959e-08
7.955449e-03	4.254885e-17	-5.158277e-18	-2.082807e-17	9.893750e-72	3.041634e-72	1.063348e-65	2.694462e-08
7.952286e-03	2.337064e-17	-2.027029e-17	-3.880902e-17	8.882356e-72	7.180321e-73	1.017625e-65	1.797737e-08
7.949126e-03	1.617778e-17	-3.473407e-17	2.046171e-17	9.439696e-72	1.285204e-72	1.694562e-65	-2.024063e-08
7.945967e-03	4.315817e-17	-3.622697e-17	-8.569534e-18	1.018615e-71	-1.701755e-72	1.813249e-65	2.925971e-08
7.942812e-03	5.119611e-17	-3.232463e-17	-3.103854e-17	8.681372e-72	-1.135726e-72	1.835972e-65	-2.477789e-08
7.939659e-03	3.238437e-17	-2.081988e-17	-3.570962e-17	7.189343e-72	1.177706e-73	1.189456e-65	-1.352595e-08
7.936508e-03	3.908045e-17	-1.620352e-17	-1.753805e-17	7.402005e-72	-1.497496e-73	1.247706e-65	2.707338e-08
7.933360e-03	1.864430e-17	-1.779168e-17	-1.502813e-17	8.965777e-72	-3.058179e-72	9.500105e-66	-9.031625e-09
7.930214e-03	1.540646e-17	-5.328019e-18	-2.505808e-17	9.457600e-72	-3.321781e-72	8.434030e-66	9.038791e-09
7.927071e-03	1.116063e-17	-8.165897e-18	-3.532764e-17	8.738258e-72	-4.033803e-72	1.125850e-65	-5.653725e-08
7.923930e-03	1.806574e-17	-1.158707e-17	-5.185590e-17	4.938522e-72	9.768113e-73	1.963622e-65	2.263283e-08
7.920792e-03	9.256448e-18	1.119392e-18	-1.538700e-17	5.137654e-72	2.121719e-72	1.256835e-65	4.983169e-08
7.917656e-03	-1.185282e-17	-3.161639e-17	-8.890458e-19	5.319588e-72	1.819447e-72	2.322596e-65	-4.760430e-08
7.914523e-03	-1.618716e-17	-2.873092e-17	-2.678305e-17	5.295334e-72	3.979435e-72	2.206336e-65	2.722400e-08
7.911392e-03	-7.060533e-18	-3.690964e-17	-9.147956e-18	3.665846e-72	6.656054e-72	2.041037e-65	-3.405694e-08
7.908264e-03	1.857330e-17	-2.809904e-17	-3.287626e-17	7.457056e-72	2.431716e-72	1.726701e-65	4.317292e-08
7.905138e-03	2.534268e-17	-1.930148e-17	-1.405993e-17	8.441574e-72	9.323618e-73	1.684979e-65	-1.591840e-08
7.902015e-03	2.702601e-17	-3.240037e-17	-1.909687e-18	7.654752e-72	2.082695e-73	1.367989e-65	-1.593098e-08
7.898894e-03	2.957744e-17	-3.922737e-17	-3.797228e-17	6.318634e-72	3.420700e-73	1.021625e-65	1.366592e-08
7.895776e-03	4.289398e-17	-2.944198e-17	2.565222e-18	7.339866e-72	-2.001590e-72	-6.648980e-66	-2.735343e-08
7.892660e-03	3.307952e-17	-2.732599e-17	-1.642349e-17	6.421011e-72	-3.949137e-72	2.425546e-66	2.737503e-08
7.889546e-03	2.556146e-17	-3.128848e-17	-1.734222e-17	5.780751e-72	-1.583306e-72	3.006071e-67	-1.598138e-08
7.886435e-03	2.719792e-17	-1.411778e-17	-1.675526e-17	3.113914e-72	3.188141e-72	6.893150e-67	-2.056370e-08
7.883327e-03	1.668598e-17	-1.008635e-17	-4.318581e-17	2.987687e-72	1.449566e-72	5.338600e-67	2.743989e-08
7.880221e-03	2.871913e-17	7.235476e-18	3.330235e-17	3.390578e-72	1.460831e-72	1.201084e-65	2.288461e-08
7.877117e-03	5.270623e-17	1.404931e-17	-1.323377e-17	2.485228e-72	3.418436e-73	1.236605e-65	-1.374159e-08
7.874016e-03	5.987130e-17	2.348257e-17	-2.801145e-17	2.104973e-72	-3.464354e-72	1.622724e-65	-1.375241e-08
7.870917e-03	6.805465e-17	1.971203e-17	-3.958639e-17	3.117347e-72	-7.391776e-72	1.333767e-65	4.587748e-08
7.867821e-03	4.436695e-17	9.964845e-18	1.118659e-17	3.103906e-72	-5.369643e-72	1.136579e-65	-2.295680e-09
7.864727e-03	5.912442e-17	-1.358499e-18	-4.925259e-18	3.438959e-72	-5.206764e-72	5.281158e-66	-8.730448e-08
7.861635e-03	4.777004e-17	-2.174815e-18	-7.784572e-18	4.044573e-72	-4.944690e-73	-4.944654e-66	-4.598587e-09
7.858546e-03	3.463331e-17	3.899231e-18	2.143685e-17	3.222911e-72	-2.034891e-72	-1.927955e-66	4.141983e-08
7.855460e-03	8.403179e-18	-2.760136e-18	-2.295039e-17	3.414894e-72	-1.133171e-72	-1.249306e-65	2.763492e-08
7.852375e-03	1.166008e-17	-1.766617e-17	-3.565982e-17	4.096286e-72	-3.878140e-72	-2.338719e-65	-6.914159e-09
7.849294e-03	1.061914e-17	-2.555882e-17	-8.127179e-18	3.056154e-72	-2.507909e-72	-1.885841e-65	-1.614571e-08
7.846214e-03	3.146990e-17	-2.370807e-17	2.582136e-17	2.354713e-72	-1.783173e-72	-9.368935e-66	4.616681e-09
7.843137e-03	4.978005e-17	-2.417740e-17	1.626303e-18	1.940474e-72	-2.503708e-73	-2.085906e-65	-3.465228e-08
7.840063e-03	5.735828e-17	-2.137837e-17	6.004312e-18	2.442747e-72	1.397719e-72	-2.325742e-65	5.086321e-08
7.836991e-03	4.232276e-17	-2.368871e-17	-1.306599e-17	2.136312e-72	8.795745e-73	-2.894814e-65	-3.007910e-08
7.833921e-03	3.022017e-17	-2.542059e-17	-9.315465e-18	1.758035e-72	6.104636e-72	-3.113054e-65	2.315591e-09
7.830854e-03	3.636490e-17	-3.298790e-17	-3.726403e-18	1.526917e-72	8.077898e-72	-3.080772e-65	4.634811e-09
7.827789e-03	1.222015e-17	-3.535600e-17	-1.461179e-17	1.239849e-72	3.899392e-72	-3.418907e-65	-0.000000e+00
7.824726e-03	2.995104e-17	-2.798681e-17	-2.588291e-17	1.073819e-72	6.497474e-72	-3.483233e-65	6.034694e-08
7.821666e-03	3.268419e-17	2.939308e-21	-1.215607e-17	1.846591e-72	5.521983e-72	-3.718107e-65	-1.625997e-08
7.818608e-03	4.852502e-17	1.922631e-17	-3.333163e-17	1.541595e-72	8.839858e-72	-3.233917e-65	-4.881807e-08
7.815553e-03	5.433078e-17	3.924735e-17	-1.899089e-17	2.132325e-72	8.696058e-72	-3.576767e-65	2.326488e-08
7.812500e-03	6.555963e-17	4.242801e-17	-1.911340e-17	2.426532e-72	1.531656e-71	-4.009808e-65	9.313226e-09
7.809449e-03	7.253106e-17	4.875325e-17	5.479991e-17	2.483289e-72	1.336083e-71	-4.113121e-65	-1.398075e-08
7.806401e-03	3.710155e-17	4.223367e-17	-2.043938e-17	1.794596e-72	7.138128e-72	-4.304297e-65	6.995838e-09
7.803355e-03	5.453567e-17	5.523405e-17	3.026225e-17	7.888340e-73	5.774672e-72	-4.371665e-65	-2.333767e-09
7.800312e-03	6.382431e-17	3.837859e-17	-3.327498e-17	-1.004371e-72	-8.560291e-74	-4.065821e-65	3.269823e-08
7.797271e-03	7.098419e-17	4.262600e-17	1.129739e-18	-9.088762e-73	-1.808052e-73	-2.947080e-65	-5.142303e-08
7.794232e-03	5.766513e-17	4.916423e-17	6.082374e-18	-1.918267e-73	3.415265e-72	-5.259259e-65	3.742773e-08
7.791196e-03	4.943922e-17	3.325465e-17	-2.227819e-17	-9.790114e-73	-7.259202e-73	-3.575630e-65	-1.638740e-08
7.788162e-03	6.455702e-17	2.674738e-17	-1.344411e-17	-1.711563e-72	-1.923647e-72	-3.540946e-65	3.045745e-08
7.785130e-03	5.690986e-17	4.492427e-17	-2.790736e-17	-1.876680e-72	-2.815046e-72	-5.660057e-65	-9.378824e-09
7.782101e-03	3.548980e-17	4.601160e-17	-4.907966e-17	-1.908522e-72	-4.315871e-72	-7.378780e-65	1.173266e-08
7.779074e-03	8.850548e-19	2.628205e-17	4.282260e-18	-1.084406e-72	-3.358280e-72	-7.831363e-65	-3.052866e-08
7.776050e-03	1.106722e-18	2.204439e-17	-3.252878e-18	-1.573852e-72	-4.388181e-72	-5.606125e-65	2.585204e-08
7.773028e-03	2.891482e-17	9.492416e-18	-2.688713e-17	-6.630694e-73	-4.121689e-73	-4.365537e-65	-2.116812e-08
7.770008e-03	2.026767e-17	2.069466e-17	-4.226003e-17	-5.391606e-73	-6.814585e-73	-4.506739e-65	-1.883074e-08
7.766990e-03	2.650670e-17	1.940014e-17	-4.602221e-17	-6.192360e-73	-1.074425e-74	-5.053274e-65	1.413403e-08
7.763975e-03	1.728258e-17	4.223019e-17	-1.585429e-17	-3.698270e-73	1.497383e-72	-4.865216e-65	-4.950753e-08
7.760962e-03	2.623050e-17	3.570474e-17	-3.630451e-17	-3.541387e-73	3.322336e-72	-4.570641e-65	8.257662e-08
7.757952e-03	3.176128e-17	2.923877e-17	-2.190956e-17	-1.716411e-73	3.024537e-72	-4.676752e-65	-0.000000e+00
7.754944e-03	2.006582e-17	1.333114e-17	-7.419534e-18	1.451395e-74	1.151478e-71	-4.764850e-65	-6.143788e-08
7.751938e-03	2.292609e-17	3.347308e-17	-8.569730e-17	-3.775350e-74	1.777296e-71	-5.338885e-65	3.783725e-08
7.748935e-03	1.209127e-17	4.556870e-17	-2.454109e-17	3.954634e-75	1.441387e-71	-5.796188e-65	-3.313327e-08
7.745933e-03	4.091306e-17	4.631600e-17	-8.148864e-18	4.711873e-73	1.952290e-71	-5.859846e-65	2.842195e-08
7.742935e-03	3.996996e-17	3.709943e-17	-2.243933e-17	3.177150e-73	1.503430e-71	-5.388853e-65	-1.185166e-08
7.739938e-03	2.799365e-17	2.037856e-17	-7.058048e-17	7.622439e-73	8.803525e-72	-5.847976e-65	-2.372167e-08
7.736944e-03	3.077375e-17	4.474857e-18	-2.289835e-17	1.529626e-72	1.111210e-71	-5.934896e-65	2.136603e-08
7.733952e-03	3.239017e-17	7.959534e-18	-7.330562e-19	1.727347e-72	8.332936e-72	-5.942091e-65	3.326176e-08
7.730963e-03	3.849678e-17	-8.007288e-18	-3.116322e-17	2.292919e-72	9.996173e-72	-5.675519e-65	-3.566517e-08
7.727975e-03	2.874117e-17	-2.954013e-18	-1.676719e-18	2.152119e-72	5.309879e-72	-5.361895e-65	-2.617468e-08
7.724990e-03	2.332323e-17	-9.373738e-18	-3.658268e-17	1.926505e-72	4.076621e-72	-5.051050e-65	1.666949e-08
7.722008e-03	2.083974e-17	2.121678e-18	1.801727e-17	2.214230e-72	4.050540e-72	-4.369245e-65	4.289753e-08
7.719027e-03	7.273571e-18	1.374980e-17	-3.058534e-17	3.531242e-72	7.373981e-72	-4.299733e-65	1.908029e-08
7.716049e-03	6.081921e-19	-7.775652e-18	-5.767413e-18	2.740056e-72	1.092833e-71	-4.211391e-65	-5.012444e-08
7.713074e-03	2.711493e-17	7.033821e-18	-4.220149e-17	3.344753e-72	1.149495e-71	-3.726737e-65	3.105336e-08
7.710100e-03	3.186950e-17	1.602241e-17	1.087238e-17	2.728108e-72	6.373773e-72	-2.698683e-65	-7.410745e-08
7.707129e-03	3.233257e-17	3.123394e-17	-1.579791e-17	4.637378e-72	1.378195e-71	-3.537316e-65	3.349369e-08
7.704160e-03	2.207417e-17	3.146774e-17	-4.832506e-17	3.715886e-72	7.048684e-72	-3.768199e-65	-5.985626e-08
7.701194e-03	2.089697e-17	1.782910e-17	-6.775044e-18	4.341290e-72	1.130673e-71	-5.799875e-65	5.990239e-08
7.698229e-03	2.540811e-17	4.605302e-18	3.086073e-17	4.060040e-72	8.820892e-72	-5.955814e-65	4.795882e-08
7.695267e-03	3.335266e-17	9.547774e-18	8.397214e-18	2.809127e-72	4.887919e-72	-5.584527e-65	-1.055906e-07
7.692308e-03	4.422217e-17	4.060776e-18	-2.439570e-17	2.665932e-72	3.529842e-72	-3.603194e-65	9.606538e-08
7.689350e-03	2.958371e-17	-2.259118e-19	6.193302e-18	3.214619e-72	5.023872e-72	-4.308509e-65	-3.845572e-08
7.686395e-03	9.296453e-18	8.937682e-18	1.463673e-17	4.738415e-72	5.294642e-72	-3.659502e-65	4.810661e-09
7.683442e-03	-9.618034e-19	3.657798e-18	-4.897273e-18	3.827515e-72	5.374393e-72	-4.084267e-65	-2.407180e-09
7.680492e-03	-3.737151e-18	1.210016e-18	-1.245931e-17	4.880425e-72	9.049341e-72	-3.465358e-65	-2.409030e-09
7.677543e-03	-1.495279e-17	9.607379e-18	-2.476155e-17	4.098566e-72	7.327164e-72	-3.772387e-65	9.643522e-09
7.674597e-03	5.549947e-18	7.848722e-18	-3.278627e-17	1.797780e-72	1.835057e-72	-2.965882e-65	1.447639e-08
7.671653e-03	8.943985e-18	1.074510e-17	-1.620232e-17	2.486356e-72	1.435526e-72	-9.542992e-66	2.897500e-08
7.668712e-03	-7.012976e-18	-6.584600e-19	4.886635e-18	1.309780e-72	-5.333773e-73	-1.310308e-65	-5.799448e-08
7.665772e-03	-4.868074e-18	3.834439e-18	-9.326741e-17	8.178580e-73	-1.194574e-72	-7.030404e-66	-0.000000e+00
7.662835e-03	-1.213646e-17	-1.748064e-17	1.230299e-17	9.961983e-74	-9.780410e-73	-7.224052e-66	-0.000000e+00
7.659900e-03	3.115166e-18	1.257476e-17	-1.705884e-17	6.667068e-73	-1.696112e-72	-5.999983e-66	1.453199e-08
7.656968e-03	-1.385724e-17	2.040118e-17	-1.418931e-17	-1.223342e-73	-2.115712e-72	-4.699762e-66	9.695418e-09
7.654038e-03	-1.760636e-17	3.640902e-18	-4.291272e-18	-6.560072e-73	-2.685848e-72	-5.011817e-66	4.851422e-09
7.651109e-03	-1.846560e-17	-1.232664e-17	-2.209604e-18	-2.074751e-72	-2.289957e-72	-2.744091e-66	9.710271e-09
7.648184e-03	-1.434055e-17	-7.139109e-18	1.686840e-17	-1.744123e-72	-2.861222e-72	-7.000128e-67	-4.372966e-08
7.645260e-03	-2.433729e-17	-4.217268e-18	-3.603210e-18	-2.591941e-72	-5.540247e-72	2.720850e-66	5.835082e-08
7.642339e-03	-4.154516e-17	1.497460e-17	-3.566863e-17	-2.303577e-72	-4.891800e-72	-4.199132e-67	-2.919772e-08
7.639419e-03	-2.950628e-17	-9.615255e-19	-2.433329e-17	-2.472736e-72	-7.365582e-72	9.583419e-66	2.435003e-08
7.636502e-03	-3.037130e-17	-1.208289e-17	-6.160979e-19	-3.608609e-72	-9.921590e-72	2.042486e-65	1.705804e-08
7.633588e-03	-2.994808e-17	6.301662e-18	-3.495468e-17	-3.189163e-72	-7.441607e-72	3.087947e-65	-6.096812e-08
7.630675e-03	-1.158790e-17	-6.860384e-18	6.548920e-18	-1.982082e-72	-4.252714e-72	3.387502e-65	4.148997e-08
7.627765e-03	-1.037147e-18	-2.027532e-18	-1.953082e-17	-4.939908e-73	-1.837137e-72	2.869316e-65	-2.442449e-09
7.624857e-03	-1.054524e-17	-1.227197e-17	-7.676151e-19	-1.424234e-72	-2.055779e-72	3.567795e-65	-4.399763e-08
7.621951e-03	-3.000970e-17	-2.368968e-17	1.347446e-17	-2.702326e-72	1.025650e-72	2.989352e-65	1.956942e-08
7.619048e-03	-2.618390e-17	-2.540132e-17	-3.282964e-18	-2.839116e-72	8.794365e-73	2.956590e-65	2.203238e-08
7.616146e-03	-1.778457e-17	-1.830669e-17	-4.792119e-17	-2.592589e-72	7.889759e-73	2.845817e-65	9.799629e-09
7.613247e-03	1.650175e-18	-7.343488e-18	-5.616011e-17	-2.118708e-72	4.565741e-73	3.672957e-65	-4.658370e-08
7.610350e-03	-7.210874e-18	-2.183566e-17	1.306430e-18	-1.868386e-72	-1.100799e-72	3.655328e-65	9.814562e-09
7.607455e-03	-5.189962e-18	-3.429762e-17	-2.649248e-17	-1.723301e-72	-5.486310e-72	3.779799e-65	7.366524e-09
7.604563e-03	8.964949e-19	-2.844092e-17	4.241941e-19	-2.791407e-72	-1.014354e-71	4.391403e-65	-2.457377e-09
7.601672e-03	7.114316e-18	-2.901194e-17	2.833183e-17	-1.755671e-72	-3.310752e-72	5.728308e-65	9.836982e-09
7.598784e-03	7.337777e-18	-3.230346e-17	-3.575699e-18	-2.929708e-72	-1.020728e-71	6.484643e-65	2.461115e-08
7.595898e-03	6.998587e-18	-2.540491e-17	-1.442694e-17	-1.789074e-72	-5.163988e-72	4.821542e-65	-1.477792e-08
7.593014e-03	5.034185e-18	-4.581291e-17	6.241752e-18	-1.429098e-72	-6.054761e-72	5.674953e-65	-1.478914e-08
7.590133e-03	1.585451e-17	-2.330160e-17	-3.792404e-17	-1.410355e-72	-3.887806e-72	6.149526e-65	4.933458e-09
7.587253e-03	1.633666e-17	-8.061199e-18	4.708826e-18	-1.530924e-72	-5.301294e-72	5.859804e-65	-3.949763e-08
7.584376e-03	1.492960e-17	-8.224569e-18	-8.311968e-18	-1.259499e-72	-4.239587e-72	4.533521e-65	1.482285e-08
7.581501e-03	-3.527284e-18	1.209777e-17	-4.783934e-17	-1.853909e-72	-7.428490e-72	4.148938e-65	6.428108e-08
7.578628e-03	-9.332107e-18	1.695660e-17	-3.862037e-17	-1.109705e-72	-5.453226e-72	2.669889e-65	-9.896895e-08
7.575758e-03	7.252327e-18	2.317415e-17	-2.180981e-17	-1.197450e-72	-6.946492e-72	4.100545e-65	1.980879e-08
7.572889e-03	1.143637e-17	1.833303e-18	1.741662e-17	-1.404523e-72	-5.761986e-72	3.456869e-65	-2.725773e-08
7.570023e-03	1.613637e-17	-2.073058e-17	2.055600e-17	-1.215735e-72	-5.478896e-72	3.645791e-65	6.199631e-08
7.567159e-03	1.782931e-17	-1.650347e-17	-9.216938e-18	-1.275371e-72	-4.696533e-72	3.834146e-65	-4.963460e-09
7.564297e-03	1.134102e-17	-1.209559e-17	-2.595146e-17	-1.105018e-72	-4.305705e-72	2.929559e-65	3.973773e-08
7.561437e-03	1.278657e-17	-1.890321e-17	2.322395e-17	-9.399356e-73	-5.239485e-72	3.345818e-65	-1.491292e-08
7.558579e-03	1.683485e-17	-2.223694e-17	-3.209848e-18	-4.528160e-73	-5.727172e-72	2.847092e-65	-3.482314e-08
7.555723e-03	-2.631994e-19	-2.704451e-17	-6.682643e-17	-6.564484e-73	-6.793228e-72	3.238416e-65	3.733871e-08
7.552870e-03	3.389896e-18	-1.531843e-17	-1.815713e-17	-9.121509e-73	-4.842612e-72	3.200843e-65	-2.242016e-08
7.550019e-03	1.738247e-17	-8.824300e-18	-1.289476e-17	-7.206265e-73	-5.364647e-72	3.261624e-65	-1.495806e-08
7.547170e-03	4.487662e-17	-3.674637e-19	1.494993e-17	-8.464384e-73	-8.384467e-72	3.304172e-65	2.744382e-08
7.544323e-03	3.527754e-17	-6.344512e-18	-7.184689e-17	-9.037058e-73	-2.840273e-72	3.712125e-65	-3.745165e-08
7.541478e-03	2.345591e-17	-3.473444e-17	1.213053e-17	-1.412514e-72	-8.658762e-72	3.203348e-65	4.497589e-08
7.538636e-03	2.357581e-17	-2.518296e-17	-1.371299e-17	-1.405886e-72	-6.036299e-72	3.213408e-65	-3.500763e-08
7.535795e-03	2.771572e-17	-1.706409e-17	2.937375e-17	-1.522694e-72	-3.216262e-72	3.204204e-65	7.507292e-09
7.532957e-03	3.109202e-17	-4.085844e-18	1.460420e-17	-1.522886e-72	1.677120e-72	3.067558e-65	2.504317e-09
7.530120e-03	1.782766e-17	-3.054574e-17	2.077331e-17	-1.585183e-72	3.843714e-72	3.023308e-65	-4.009926e-08
7.527286e-03	3.034980e-17	-7.214512e-18	1.096318e-17	-1.792727e-72	2.820357e-72	3.215824e-65	8.025892e-08
7.524454e-03	5.587817e-17	-6.131676e-18	-2.172416e-17	-1.606291e-72	6.219659e-73	3.155013e-65	-2.258981e-08
7.521625e-03	6.389294e-17	2.834720e-18	-3.230922e-17	-1.946106e-72	1.855184e-73	2.907941e-65	-2.260682e-08
7.518797e-03	6.393140e-17	1.037185e-17	7.518400e-18	-2.229380e-72	5.828706e-73	2.321714e-65	-3.267886e-08
7.515971e-03	5.425973e-17	1.725275e-17	-3.012246e-17	-1.165512e-72	-8.080916e-74	2.676189e-65	5.785992e-08
7.513148e-03	6.339636e-17	1.016971e-17	5.590146e-18	-1.686205e-72	1.379418e-72	2.872669e-65	5.035079e-09
7.510327e-03	5.810224e-17	3.190514e-17	5.507747e-19	-1.872786e-72	4.952482e-72	2.603172e-65	-4.031090e-08
7.507508e-03	5.478842e-17	3.951370e-17	-1.351133e-17	-1.555696e-72	4.875784e-72	2.779888e-65	1.764927e-08
7.504690e-03	3.582596e-17	3.739151e-17	1.018933e-17	-1.440001e-72	4.528250e-72	2.848748e-65	-4.037148e-08
7.501875e-03	3.510988e-17	3.292442e-17	-2.456368e-17	-2.059484e-72	8.765682e-72	5.302135e-65	2.525111e-09
7.499063e-03	5.411432e-17	2.560263e-17	2.009786e-17	-2.166727e-72	4.342414e-72	6.434954e-65	5.559413e-08
7.496252e-03	7.628951e-17	2.812576e-17	-5.940140e-18	-2.638372e-72	5.850091e-72	6.294952e-65	-8.345374e-08
7.493443e-03	7.249140e-17	2.099830e-17	-9.580552e-18	-2.185809e-72	8.777409e-72	7.573347e-65	3.290036e-08
7.490637e-03	7.187709e-17	3.837205e-17	-9.043601e-18	-1.557948e-72	6.768518e-72	6.828922e-65	4.558849e-08
7.487832e-03	5.338517e-17	2.263145e-17	-1.090707e-17	-1.708179e-72	5.252574e-72	7.647158e-65	-6.589938e-08
7.485030e-03	6.253927e-17	2.933426e-17	-2.765054e-17	-1.351156e-72	4.354062e-72	7.565277e-65	9.131363e-08
7.482230e-03	5.111378e-17	3.954865e-17	-3.698979e-17	-1.541879e-72	5.016855e-72	8.216439e-65	1.015355e-08
7.479432e-03	2.873017e-17	3.245788e-17	-1.008145e-17	-1.675100e-72	4.241572e-72	8.784683e-65	-8.128923e-08
7.476636e-03	2.573135e-17	3.893559e-17	-5.026361e-17	-1.705087e-72	4.443349e-72	7.170460e-65	2.542189e-08
7.473842e-03	1.505838e-17	3.799103e-17	-6.582462e-18	-1.135003e-72	6.652337e-72	8.635641e-65	-5.088179e-09
7.471050e-03	2.355707e-17	2.929847e-17	-4.776127e-17	-1.567099e-72	7.715582e-72	9.195984e-65	-7.637975e-09
7.468260e-03	1.429355e-18	2.637500e-17	1.178040e-17	-2.623098e-73	6.943142e-72	1.039674e-64	-2.293105e-08
7.465472e-03	2.239029e-18	2.398391e-17	-3.645630e-18	-2.502438e-73	3.918465e-72	1.040970e-64	-1.784858e-08
7.462687e-03	1.866537e-17	-1.172591e-20	1.402029e-17	-1.228805e-72	8.190468e-72	1.006119e-64	4.082722e-08
7.459903e-03	2.851800e-17	3.143966e-18	1.671840e-17	-2.136144e-72	6.825931e-72	9.843045e-65	1.787524e-08
7.457122e-03	3.535784e-17	1.388230e-17	-1.135702e-17	-2.048711e-72	9.079495e-72	1.008543e-64	-2.299960e-08
7.454342e-03	1.616379e-17	1.269801e-17	-3.123044e-17	-1.712698e-72	5.997821e-72	9.206438e-65	-1.022967e-08
7.451565e-03	2.370713e-17	2.410027e-17	-1.335737e-17	-1.070745e-72	7.899187e-72	9.022276e-65	5.118648e-09
7.448790e-03	-7.368323e-18	3.013338e-17	2.333542e-18	-9.539827e-73	6.589189e-72	8.977912e-65	-2.048985e-08
7.446016e-03	1.456400e-17	3.138235e-17	5.040456e-18	-9.730674e-73	4.896141e-72	9.193872e-65	4.357337e-08
7.443245e-03	4.626839e-18	6.192700e-17	-1.814743e-17	-5.948600e-73	3.707835e-72	9.268301e-65	1.026019e-08
7.440476e-03	-2.871014e-18	6.294570e-17	-1.029558e-17	-7.677174e-73	4.814560e-72	9.158168e-65	5.133916e-09
7.437709e-03	6.621036e-18	6.514963e-17	1.821893e-17	-1.502158e-74	4.172441e-72	7.573463e-65	-3.339529e-08
7.434944e-03	-2.805451e-18	3.969288e-17	-1.759877e-17	-6.251835e-73	6.051062e-72	8.561774e-65	1.028312e-08
7.432181e-03	-3.811464e-17	3.597047e-17	-1.159100e-17	-2.730777e-73	7.368071e-72	8.456958e-65	1.286345e-08
7.429421e-03	-1.087990e-17	1.352834e-17	1.253582e-17	-1.746480e-73	6.349946e-72	7.887863e-65	-4.891746e-08
7.426662e-03	-9.249954e-18	7.593501e-18	-2.892360e-17	-1.106307e-72	3.324933e-72	8.917747e-65	4.380078e-08
7.423905e-03	4.016892e-19	2.872510e-17	-3.031971e-18	-2.866023e-72	4.481472e-72	9.002664e-65	5.156861e-09
7.421150e-03	3.269718e-18	1.739195e-18	-7.615436e-18	-3.110145e-72	9.385749e-73	8.796943e-65	-1.032138e-08
7.418398e-03	-1.881146e-17	4.652141e-18	-2.711806e-17	-1.511460e-72	-1.061168e-72	7.818995e-65	1.807582e-08
7.415647e-03	-1.632186e-17	8.657703e-18	-3.064545e-17	-5.362960e-73	-1.667915e-73	6.341781e-65	-1.808923e-08
7.412898e-03	-1.325866e-17	7.751936e-18	-1.274336e-17	-1.932032e-73	-2.357526e-72	5.949357e-65	1.034437e-08
7.410152e-03	-9.658129e-18	4.094094e-18	-3.258678e-17	6.784223e-74	-2.075028e-72	5.923398e-65	-1.035204e-08
7.407407e-03	3.963903e-18	2.920273e-17	-1.270360e-17	9.321685e-74	-7.641350e-73	6.234990e-65	-1.553957e-08
7.404665e-03	1.343400e-17	3.435848e-17	-3.910284e-17	2.453748e-73	-1.937442e-72	5.580732e-65	-2.591847e-08
7.401925e-03	2.481702e-17	4.988556e-18	6.631268e-18	2.722345e-74	-2.418963e-72	6.286868e-65	2.334390e-08
7.399186e-03	3.830717e-17	-8.662592e-18	5.887760e-18	-3.212091e-73	-5.188147e-72	7.207388e-65	3.114824e-08
7.396450e-03	5.615779e-17	-2.432417e-17	-9.402201e-18	-1.630366e-72	-3.897936e-72	8.406721e-65	2.337847e-08
7.393715e-03	7.532078e-17	-6.089461e-18	-2.299810e-17	-1.478323e-72	-6.325220e-72	8.000144e-65	-0.000000e+00
7.390983e-03	5.952356e-17	-1.542541e-17	5.637235e-17	-1.102448e-72	-5.973589e-72	8.268401e-65	-2.081161e-08
7.388253e-03	4.960137e-17	-6.189253e-18	-8.777701e-18	-4.095370e-73	-5.868192e-72	9.986539e-65	-1.041350e-08
7.385524e-03	5.987794e-17	3.552472e-18	-6.131163e-17	-3.265190e-73	-4.750054e-72	9.649601e-65	-2.605299e-08
7.382798e-03	2.837304e-17	-6.067494e-18	-1.266429e-17	-4.023660e-73	-8.812433e-72	9.789382e-65	1.042889e-08
7.380074e-03	6.364762e-17	6.332342e-18	-3.304472e-17	-4.425204e-73	-9.604093e-72	9.367455e-65	8.349275e-08
7.377352e-03	3.770020e-17	-3.969137e-18	-2.129013e-17	7.351617e-73	-7.463921e-72	1.015361e-64	-8.355438e-08
7.374631e-03	1.289187e-17	-4.312556e-18	2.899373e-17	2.248703e-73	-6.767019e-72	1.145724e-64	1.045200e-08
7.371913e-03	8.364457e-18	1.111323e-17	-7.090682e-18	-1.979512e-73	-1.021751e-71	1.193274e-64	-1.045971e-08
7.369197e-03	3.412286e-17	2.802228e-17	-3.633270e-17	-6.474642e-73	-7.820324e-72	1.199697e-64	-5.233713e-09
7.366483e-03	2.526008e-17	3.038649e-17	2.337106e-17	7.812478e-74	-8.071238e-72	1.257669e-64	3.666299e-08
7.363770e-03	5.547982e-17	3.084230e-17	-4.427014e-17	-1.037509e-73	-6.892608e-72	1.169210e-64	-2.096572e-08
7.361060e-03	3.671615e-17	2.873100e-17	7.028679e-18	-3.602398e-73	-4.004139e-72	9.952317e-65	-3.147174e-08
7.358352e-03	3.875701e-17	1.630405e-17	1.271498e-17	-2.425791e-73	-9.152918e-72	1.056135e-64	7.348812e-08
7.355645e-03	4.468478e-17	5.186126e-18	4.779814e-17	-2.183750e-73	-8.682908e-72	1.044150e-64	-4.990364e-08
7.352941e-03	5.707357e-17	1.937245e-18	-3.626433e-17	-5.040264e-74	-9.984059e-72	1.113559e-64	2.365596e-08
7.350239e-03	5.987104e-17	1.002223e-17	-2.026916e-18	1.191830e-73	-5.217160e-72	1.136771e-64	-1.052149e-08
7.347539e-03	9.591071e-17	3.846369e-19	-3.109492e-18	1.819803e-73	-6.740207e-72	1.079982e-64	4.738152e-08
7.344840e-03	8.670587e-17	-2.169663e-17	-8.166211e-18	5.230534e-73	-1.615619e-71	1.013593e-64	-6.058754e-08
7.342144e-03	9.881025e-17	-1.953047e-17	2.500489e-17	3.020827e-73	-9.996120e-72	9.934893e-65	1.054470e-08
7.339450e-03	9.349018e-17	-1.881374e-17	-1.328798e-17	-4.554685e-74	-7.660620e-72	8.316415e-65	-1.319056e-08
7.336757e-03	8.892467e-17	-1.843207e-17	-3.026225e-17	4.912606e-74	-1.318810e-71	8.058705e-65	-5.280097e-09
7.334067e-03	8.438904e-17	-1.848401e-17	-1.336205e-18	6.786554e-73	-1.087902e-71	9.249353e-65	2.906184e-08
7.331378e-03	7.270384e-17	-1.919139e-17	3.015817e-17	6.196486e-73	-7.421490e-72	8.825678e-65	2.908316e-08
7.328692e-03	7.147308e-17	-4.359399e-17	1.200103e-17	5.438312e-73	-8.365199e-72	8.400518e-65	-3.175035e-08
7.326007e-03	8.092537e-17	-5.307824e-17	-8.018708e-18	4.081072e-73	-5.784313e-72	7.617054e-65	-3.971703e-08
7.323325e-03	5.732801e-17	-3.542422e-17	-2.975505e-17	2.775599e-73	-5.818627e-72	6.754787e-65	-2.649742e-09
7.320644e-03	9.025374e-17	-4.058069e-17	-1.368988e-17	6.010820e-73	-1.773588e-72	7.801719e-65	7.424712e-08
7.317966e-03	8.652161e-17	-4.585427e-17	-1.093640e-17	6.446045e-73	-4.572094e-72	7.607710e-65	-5.307249e-08
7.315289e-03	9.190063e-17	-4.579663e-17	1.072493e-17	3.772576e-73	-2.178955e-72	7.820798e-65	-3.452237e-08
7.312614e-03	8.235954e-17	-2.423871e-17	2.508065e-19	2.097905e-73	-9.345267e-73	7.730862e-65	1.594506e-08
7.309942e-03	8.066476e-17	-3.170364e-17	8.686492e-19	3.195122e-73	1.499409e-72	8.078437e-65	5.584852e-08
7.307271e-03	7.200474e-17	-4.743679e-17	-6.900947e-19	5.288947e-73	-2.863444e-73	8.749012e-65	-2.129118e-08
7.304602e-03	7.415516e-17	-7.984298e-17	1.203464e-17	7.077583e-73	1.649557e-74	7.185980e-65	-2.397009e-08
7.301935e-03	7.766319e-17	-8.117259e-17	-3.412540e-17	5.417024e-73	4.635808e-73	6.061091e-65	7.995866e-09
7.299270e-03	7.576127e-17	-9.380809e-17	-9.337420e-18	4.347315e-73	6.068642e-72	5.083859e-65	1.066894e-08
7.296607e-03	8.498329e-17	-6.512817e-17	-3.929149e-17	3.138350e-73	6.805944e-72	5.596028e-65	-6.139120e-08
7.293946e-03	1.004267e-16	-6.184676e-17	-2.416036e-17	6.998761e-73	7.302848e-72	6.040146e-65	1.362277e-07
7.291287e-03	1.144182e-16	-4.320949e-17	1.194032e-17	3.410229e-73	5.702557e-72	4.913394e-65	-9.890393e-08
7.288630e-03	1.045654e-16	-5.085140e-17	-4.915359e-17	3.521044e-73	3.961284e-72	4.574835e-65	-0.000000e+00
7.285974e-03	1.024603e-16	-4.502191e-17	2.840827e-17	3.240397e-73	2.060673e-72	5.715637e-65	5.086259e-08
7.283321e-03	1.018022e-16	-2.210818e-17	1.803679e-17	3.862933e-73	4.396769e-72	5.772824e-65	1.607358e-08
7.280670e-03	1.027963e-16	-1.250391e-17	-3.858066e-19	3.468996e-73	6.589429e-72	6.670482e-65	-6.970290e-08
7.278020e-03	1.016096e-16	-7.111041e-18	6.126826e-18	3.298487e-73	2.322781e-72	5.212488e-65	4.829100e-08
7.275373e-03	1.134696e-16	-5.846607e-18	3.042475e-17	1.216597e-73	2.694822e-72	6.551636e-65	-8.054358e-09
7.272727e-03	9.521297e-17	-6.441603e-18	-2.188842e-17	4.498365e-73	1.646763e-72	5.028873e-65	-4.030110e-08
7.270084e-03	9.208899e-17	-7.023436e-18	-4.773308e-17	8.832980e-73	4.536626e-72	4.756474e-65	3.764172e-08
7.267442e-03	9.902792e-17	-2.281962e-17	-2.717444e-17	1.076001e-72	5.395527e-72	4.999451e-65	-2.959714e-08
7.264802e-03	9.145472e-17	-9.497759e-18	6.864355e-18	1.453628e-72	6.398629e-72	5.201872e-65	2.423344e-08
7.262164e-03	9.784594e-17	-6.504991e-19	3.120334e-17	1.128000e-72	5.301738e-72	5.577261e-65	-0.000000e+00
7.259528e-03	1.160131e-16	-2.722907e-18	-2.555959e-17	1.540824e-72	7.219387e-72	5.394669e-65	1.617911e-08
7.256894e-03	1.131821e-16	-5.972230e-18	-2.081939e-17	4.738114e-73	6.044783e-72	4.452266e-65	-1.349238e-08
7.254262e-03	1.031712e-16	1.473973e-17	-2.534431e-17	1.092303e-72	7.014038e-72	3.681382e-65	-2.700435e-09
7.251632e-03	1.062974e-16	7.901916e-18	5.511000e-18	1.569634e-72	9.467000e-72	3.740440e-65	-2.161916e-08
7.249003e-03	1.033901e-16	1.732023e-17	1.014251e-17	1.440150e-72	7.989410e-72	3.721059e-65	2.163484e-08
7.246377e-03	1.003070e-16	-1.165054e-17	-4.523237e-17	2.081206e-72	8.670958e-72	3.407042e-65	1.894421e-08
7.243752e-03	8.484135e-17	-1.055914e-18	-2.511012e-17	2.088919e-72	6.875429e-72	3.480307e-65	-8.124830e-09
7.241130e-03	1.159481e-16	1.452512e-18	-1.434271e-17	2.284115e-72	3.827124e-72	3.438972e-65	3.794334e-08
7.238509e-03	1.029560e-16	6.984501e-19	-4.660348e-17	2.494489e-72	3.666659e-72	3.077263e-65	-4.339523e-08
7.235890e-03	7.369439e-17	7.990820e-18	1.247483e-17	2.236547e-72	4.210851e-72	3.302740e-65	-1.357083e-08
7.233273e-03	8.080527e-17	4.313865e-18	-1.197122e-17	1.689915e-72	5.501822e-72	3.202146e-65	5.160646e-08
7.230658e-03	8.321829e-17	1.150654e-17	-1.687737e-17	1.723589e-72	3.158259e-72	2.669358e-65	-8.697903e-08
7.228045e-03	6.530225e-17	2.668629e-17	-2.776913e-18	3.407337e-72	1.177481e-71	2.578593e-65	2.720060e-08
7.225434e-03	6.632067e-17	2.186892e-17	-2.411794e-17	3.076080e-72	7.516529e-72	2.614306e-65	3.266432e-08
7.222824e-03	7.724954e-17	8.167048e-18	-9.289444e-18	2.129199e-72	3.534019e-72	2.716211e-65	-2.179195e-08
7.220217e-03	6.871036e-17	1.538002e-17	-1.031727e-17	2.930581e-72	6.621703e-72	2.709810e-65	1.635577e-08
7.217611e-03	4.239896e-17	1.967290e-17	7.373659e-18	2.970960e-72	4.287412e-72	2.221743e-65	-1.363965e-08
7.215007e-03	3.017175e-17	-8.895325e-19	-4.933716e-17	3.462736e-72	5.099113e-72	2.288759e-65	5.459799e-09
7.212405e-03	2.364385e-17	1.237933e-17	-7.141436e-18	3.038163e-72	8.340742e-72	2.382911e-65	2.458683e-08
7.209805e-03	9.468465e-18	9.445087e-18	-7.025630e-19	3.151007e-72	1.206832e-71	1.508929e-65	-4.374144e-08
7.207207e-03	3.313864e-17	3.508513e-18	-5.724804e-17	3.763693e-72	1.653594e-71	1.630536e-65	1.094325e-08
7.204611e-03	3.393155e-17	2.645747e-17	2.611409e-17	2.547593e-72	1.044260e-71	1.683434e-65	1.095113e-08
7.202017e-03	4.126457e-17	4.081934e-17	3.161940e-18	2.822232e-72	1.040368e-71	1.714814e-65	5.479513e-08
7.199424e-03	3.085941e-17	3.264740e-17	-3.791834e-17	2.531984e-72	1.089660e-71	1.685312e-65	-3.015903e-08
7.196833e-03	3.434626e-17	3.694304e-17	-3.591189e-17	1.444421e-72	9.655333e-72	1.471545e-65	-3.018075e-08
7.194245e-03	7.926769e-19	1.975473e-17	-2.537467e-17	1.672344e-72	1.794194e-71	8.633114e-66	-3.294815e-08
7.191658e-03	2.093051e-18	1.491617e-17	-3.902045e-17	1.800364e-72	1.552659e-71	1.264134e-65	6.594372e-08
7.189073e-03	1.913752e-17	3.199689e-18	6.229080e-18	1.309357e-72	9.703505e-72	1.377276e-65	-7.698968e-08
7.186489e-03	3.215310e-17	-2.746111e-18	-3.497636e-17	1.930339e-72	1.501640e-71	1.402094e-65	-0.000000e+00
7.183908e-03	2.148701e-17	-1.412995e-17	-2.718312e-17	1.842789e-72	1.831922e-71	1.576503e-65	5.507172e-08
7.181329e-03	1.091844e-17	-1.477022e-17	-5.163174e-18	1.468925e-72	1.134408e-71	1.877819e-65	3.857791e-08
7.178751e-03	-4.648015e-18	-3.701494e-18	-3.862768e-17	1.884315e-72	1.064728e-71	2.001679e-65	-5.515088e-09
7.176175e-03	-1.019921e-18	-2.277993e-17	1.926370e-17	1.430840e-72	4.710523e-72	1.904887e-65	-2.759524e-09
7.173601e-03	4.334001e-17	-1.072086e-17	-2.277312e-17	1.509890e-72	4.598387e-72	1.829839e-65	-3.037655e-08
7.171029e-03	1.768118e-17	-1.270061e-17	-1.991198e-17	1.367813e-72	5.510429e-72	1.858127e-65	1.934440e-08
7.168459e-03	1.995084e-17	-4.253901e-18	-3.907681e-17	1.793437e-72	7.268061e-72	1.891805e-65	-1.023223e-07
7.165890e-03	6.906045e-18	1.381719e-17	2.529466e-17	1.580122e-72	4.323515e-72	2.053263e-65	3.320941e-08
7.163324e-03	1.137985e-17	1.167982e-17	5.651472e-18	2.259284e-72	1.079006e-71	2.264380e-65	3.600264e-08
7.160759e-03	1.511591e-17	7.658423e-18	-1.551456e-17	1.637048e-72	7.808116e-72	2.345132e-65	-2.217135e-08
7.158196e-03	1.470875e-17	2.068531e-18	3.298279e-17	1.430178e-72	5.010070e-72	2.267867e-65	1.386702e-08
7.155635e-03	6.425290e-18	4.489394e-18	-9.312009e-18	2.000624e-72	7.267411e-72	2.435763e-65	-8.326166e-09
7.153076e-03	3.089963e-17	7.835072e-18	-4.811418e-17	1.885687e-72	4.339302e-72	2.289025e-65	-2.499638e-08
7.150518e-03	3.033380e-17	-7.519707e-18	-8.968520e-18	1.433898e-72	4.998972e-72	2.553147e-65	1.945554e-08
7.147963e-03	4.350317e-17	-1.328884e-17	-8.763606e-18	1.537014e-72	2.594446e-72	2.573822e-65	-1.946945e-08
7.145409e-03	6.511708e-17	-1.060570e-17	-4.404761e-17	1.187485e-72	2.943195e-72	2.845013e-65	3.896674e-08
7.142857e-03	4.327951e-17	6.335449e-18	-1.244664e-17	1.074444e-72	5.077518e-72	2.708887e-65	5.570655e-09
7.140307e-03	5.889643e-17	1.353166e-17	-4.705004e-17	1.219903e-72	5.349566e-72	2.475673e-65	6.132098e-08
7.137759e-03	6.752317e-17	4.937075e-18	-4.620382e-17	8.106045e-73	3.088870e-72	2.230885e-65	-4.462893e-08
7.135212e-03	5.645022e-17	1.516619e-18	-1.901420e-18	1.189164e-72	4.680693e-72	2.366818e-65	-5.582599e-09
7.132668e-03	3.820860e-17	3.397671e-18	-6.886385e-17	1.206329e-72	5.233520e-72	2.210500e-65	5.586583e-09
7.130125e-03	2.595424e-17	1.141174e-17	-2.309784e-17	1.028092e-72	2.742304e-72	2.207001e-65	-8.106324e-08
7.127584e-03	2.291933e-17	-6.063428e-18	-6.666217e-17	1.210637e-72	3.321130e-72	2.013608e-65	5.874283e-08
7.125045e-03	2.830932e-17	-2.125598e-17	6.704706e-18	1.363790e-72	1.989352e-72	2.054634e-65	-2.799272e-08
7.122507e-03	3.540742e-17	-1.662495e-17	1.620232e-17	2.846055e-72	5.023906e-72	1.587846e-65	3.081393e-08
7.119972e-03	3.026005e-17	-4.721649e-18	3.580510e-17	3.629118e-72	7.957696e-72	1.509827e-65	2.803262e-09
7.117438e-03	3.194664e-17	-1.472371e-17	-1.953380e-17	1.913634e-72	4.053827e-72	1.585470e-65	7.293671e-08
7.114906e-03	4.717141e-17	-2.342344e-17	-1.636928e-17	2.345761e-72	4.879161e-72	2.414220e-65	-3.368706e-08
7.112376e-03	5.126603e-17	-7.999055e-18	-4.684634e-18	2.976119e-72	6.186451e-72	2.214101e-65	-5.618506e-09
7.109847e-03	5.973400e-17	1.503918e-17	-1.475698e-17	3.094161e-72	9.260483e-72	1.957863e-65	-4.498002e-08
7.107321e-03	6.617805e-17	4.018864e-17	-2.225325e-17	2.999801e-72	7.237736e-72	1.640437e-65	2.813250e-08
7.104796e-03	4.487701e-17	3.056035e-17	-2.567765e-17	3.020329e-72	5.788622e-72	1.680524e-66	-1.689150e-08
7.102273e-03	4.582214e-17	3.352082e-17	-5.230354e-17	2.872341e-72	1.090034e-71	-1.634771e-66	1.126900e-08
7.099752e-03	2.531012e-17	1.900290e-17	-4.078592e-17	2.776269e-72	8.762106e-72	-1.420143e-66	-2.255402e-08
7.097232e-03	2.574398e-17	1.313139e-17	-2.271207e-17	4.680921e-72	2.083120e-71	-3.292028e-66	1.410627e-08
7.094714e-03	5.457079e-17	2.757893e-17	-3.328792e-17	3.952067e-72	1.149771e-71	-7.474728e-66	-2.540931e-08
7.092199e-03	3.760723e-17	1.401520e-17	-2.521631e-17	3.424520e-72	1.608120e-71	-4.940005e-66	-8.475780e-09
7.089685e-03	2.968492e-17	8.401628e-18	-3.284658e-18	3.241812e-72	1.976945e-71	3.722476e-66	5.371802e-08
7.087172e-03	2.193155e-17	7.958840e-19	2.319759e-17	2.954398e-72	1.509347e-71	3.158112e-66	-5.092684e-08
7.084662e-03	7.193363e-18	1.594981e-17	5.597194e-18	2.110394e-72	1.684975e-71	2.815268e-66	1.132510e-08
7.082153e-03	-3.375797e-18	1.359524e-17	-8.854544e-19	1.125004e-72	1.113846e-71	-3.836590e-66	1.699968e-08
7.079646e-03	6.402427e-18	7.245913e-18	-3.745681e-17	1.356156e-72	1.877163e-71	-5.575960e-66	1.134115e-08
7.077141e-03	-9.866110e-18	1.723444e-17	-4.037732e-17	2.508521e-72	2.068716e-71	-6.651550e-66	6.242049e-08
7.074637e-03	-1.158066e-17	1.370596e-17	-9.330644e-18	2.966953e-72	1.955791e-71	-1.079976e-65	-5.394677e-08
7.072136e-03	-2.320202e-17	-1.866911e-17	-3.937280e-17	4.481118e-72	2.829009e-71	-1.141547e-65	3.125444e-08
7.069636e-03	-2.341183e-17	-2.921586e-17	-3.974197e-17	5.326023e-72	3.090876e-71	-9.429311e-66	-3.980651e-08
7.067138e-03	-4.758678e-18	-2.270929e-17	-4.641144e-17	7.014952e-72	3.900388e-71	-1.086507e-65	2.845333e-09
7.064641e-03	-1.781617e-18	-2.250663e-18	4.390341e-18	7.298205e-72	3.527070e-71	-9.185175e-66	-1.993141e-08
7.062147e-03	1.473132e-17	9.905574e-18	-3.782131e-17	6.633685e-72	2.703928e-71	-8.458113e-66	1.709614e-08
7.059654e-03	1.760405e-17	1.039274e-17	-1.074173e-17	8.759092e-72	3.574399e-71	-5.379119e-66	-1.169061e-07
7.057163e-03	7.697607e-18	8.484399e-18	1.046045e-17	1.083179e-71	3.658796e-71	-1.496138e-68	1.512292e-07
7.054674e-03	1.591612e-17	2.411773e-17	-2.707687e-17	9.675554e-72	3.332224e-71	3.016749e-66	-2.855396e-08
7.052186e-03	1.200897e-17	3.655543e-17	1.594102e-17	8.871814e-72	2.971511e-71	2.593561e-66	-2.857411e-08
7.049700e-03	1.479850e-17	2.855736e-17	1.734039e-17	9.377771e-72	3.030855e-71	7.113003e-66	5.146967e-08
7.047216e-03	1.171765e-17	1.751674e-18	-2.430354e-17	8.470042e-72	2.605365e-71	9.212961e-66	1.716865e-08
7.044734e-03	-2.439556e-18	-1.522976e-17	-2.543687e-17	5.210877e-72	1.117338e-71	6.426878e-66	-7.444994e-08
7.042254e-03	-1.478891e-17	-5.402841e-18	8.793625e-18	7.797798e-72	1.604082e-71	9.392135e-66	-0.000000e+00
7.039775e-03	-1.324337e-17	4.286628e-18	-6.122557e-17	8.657906e-72	3.419017e-71	1.008632e-65	3.727744e-08
7.037298e-03	-2.910605e-17	-1.363989e-18	1.317143e-17	1.005234e-71	3.324167e-71	8.394961e-66	-3.156465e-08
7.034822e-03	-3.609686e-17	-4.185318e-20	-3.859109e-17	1.022966e-71	3.817671e-71	9.669257e-66	2.297227e-08
7.032349e-03	-3.026703e-17	1.127296e-17	2.095898e-17	8.740399e-72	3.325247e-71	9.143558e-66	-1.149422e-08
7.029877e-03	-2.158607e-17	1.454525e-17	-2.839390e-18	8.193132e-72	2.816823e-71	9.545443e-66	-1.150230e-08
7.027407e-03	-2.075012e-17	1.630617e-17	-4.597234e-17	7.344474e-72	2.351387e-71	1.144179e-65	3.453117e-08
7.024939e-03	-7.195618e-18	3.145566e-17	-1.611199e-17	7.769006e-72	3.605945e-71	1.398854e-65	-2.879620e-08
7.022472e-03	-1.348376e-17	1.893777e-17	-4.963572e-17	9.853032e-72	5.741493e-71	1.581007e-65	-2.017150e-08
7.020007e-03	-5.653617e-18	4.061151e-18	-9.396594e-18	8.784971e-72	5.001729e-71	1.770857e-65	6.055701e-08
7.017544e-03	2.084514e-19	-1.942228e-18	-2.748236e-17	7.098453e-72	4.342815e-71	1.858086e-65	1.154277e-08
7.015082e-03	2.978703e-17	7.092785e-18	3.605081e-17	5.588192e-72	3.045343e-71	2.016720e-65	-6.064206e-08
7.012623e-03	-3.676778e-18	6.444213e-18	7.410319e-18	5.898387e-72	3.394762e-71	2.000483e-65	-4.912563e-08
7.010165e-03	2.662949e-18	1.403385e-17	-2.708933e-17	5.669919e-72	3.125293e-71	2.047880e-65	6.361894e-08
7.007708e-03	6.969603e-18	7.126659e-18	-3.799858e-18	5.041219e-72	2.702122e-71	1.961498e-65	-4.051317e-08
7.005254e-03	1.857734e-17	7.440735e-18	-2.598656e-17	4.888977e-72	2.320072e-71	1.987907e-65	2.895826e-08
7.002801e-03	1.680596e-17	-8.656834e-18	-2.950331e-17	5.242031e-72	3.135329e-71	1.902653e-65	1.448927e-08
7.000350e-03	1.291379e-17	-8.992006e-19	3.976311e-18	5.221617e-72	3.043499e-71	2.363172e-65	2.609896e-08
6.997901e-03	9.439463e-18	-3.592996e-18	1.661160e-17	4.728498e-72	3.201463e-71	2.146675e-65	-2.031340e-08
6.995453e-03	1.823706e-17	5.887467e-18	7.600257e-19	3.898987e-72	1.411299e-71	1.980019e-65	-6.098286e-08
6.993007e-03	-1.767553e-18	-1.685585e-17	-1.744752e-18	4.579233e-72	2.696734e-71	1.740787e-65	1.104272e-07
6.990563e-03	-2.920611e-18	-1.346702e-17	-5.066694e-17	3.937492e-72	2.921601e-71	2.082375e-65	-2.908010e-08
6.988120e-03	-1.379570e-17	-8.483529e-18	-5.827804e-17	2.770940e-72	3.397279e-71	1.759326e-65	-1.746026e-08
6.985679e-03	2.415153e-18	-3.626770e-17	-7.402899e-18	2.705941e-72	3.610517e-71	1.376344e-65	-2.329662e-08
6.983240e-03	-9.309883e-18	-5.421385e-18	-2.946916e-17	2.296473e-72	3.679182e-71	1.509028e-65	1.748467e-08
6.980803e-03	6.177337e-18	-5.333039e-18	2.282618e-18	2.009145e-72	3.390026e-71	2.144963e-65	-0.000000e+00
6.978367e-03	-1.860742e-17	7.887690e-18	-4.036647e-17	1.605175e-72	4.085219e-71	1.989987e-65	2.626365e-08
6.975933e-03	7.716430e-18	2.040926e-17	-2.304689e-17	1.854168e-72	3.731909e-71	2.112416e-65	-4.380330e-08
6.973501e-03	-1.498706e-17	-5.617144e-18	1.985316e-17	1.626751e-72	3.847217e-71	1.967063e-65	2.630032e-08
6.971070e-03	4.116501e-18	7.129140e-19	-3.182242e-17	1.483429e-72	3.108330e-71	2.071664e-65	-5.848592e-09
6.968641e-03	3.625069e-17	8.147587e-18	1.688455e-17	1.024435e-72	2.553487e-71	2.040698e-65	-1.755801e-08
6.966214e-03	4.383209e-17	1.376787e-17	-6.712906e-17	9.779766e-73	2.646585e-71	1.868647e-65	2.928374e-09
6.963788e-03	1.222061e-17	-2.535349e-18	1.298264e-18	6.816073e-73	1.959155e-71	2.127112e-65	1.465207e-08
6.961364e-03	2.278871e-17	-1.314369e-17	7.242471e-19	6.053949e-73	1.798579e-71	2.167403e-65	2.639210e-08
6.958942e-03	1.883916e-17	-2.537626e-17	6.090031e-18	1.298836e-72	1.462092e-71	2.323831e-65	-1.085764e-07
6.956522e-03	2.438153e-17	-1.573047e-17	-2.273247e-17	8.158604e-73	1.437915e-71	2.245476e-65	1.086520e-07
6.954103e-03	1.855305e-17	-3.623627e-17	3.796876e-17	2.232174e-72	2.429427e-71	2.021831e-65	-2.350866e-08
6.951686e-03	2.417717e-17	-3.146524e-17	-3.097159e-17	2.096962e-72	1.097354e-71	1.684984e-65	-1.176251e-08
6.949270e-03	2.834390e-17	-2.921126e-17	-4.283656e-17	3.830641e-72	2.408911e-71	1.862738e-65	3.825473e-08
6.946857e-03	3.288984e-17	-3.623337e-17	-1.584670e-17	4.352845e-72	3.177050e-71	1.507480e-65	2.944717e-09
6.944444e-03	2.290411e-17	-1.365193e-17	2.612216e-17	3.215698e-72	1.857778e-71	1.684570e-65	-2.357410e-08
6.942034e-03	5.256433e-18	-3.057075e-17	-2.655448e-17	3.562479e-72	2.845902e-71	2.001569e-65	8.846429e-09
6.939625e-03	6.776804e-18	-2.433771e-17	-2.535901e-17	4.342381e-72	4.052069e-71	2.080593e-65	-1.475428e-08
6.937218e-03	2.565734e-17	-6.801294e-18	2.350957e-18	3.852891e-72	2.091492e-71	2.959835e-65	-3.248196e-08
6.934813e-03	3.469380e-17	-1.128078e-17	-6.487913e-17	3.354867e-72	4.851982e-72	3.221065e-65	3.841440e-08
6.932409e-03	4.252133e-17	-4.541003e-18	-4.620057e-19	3.681798e-72	1.174779e-71	3.813592e-65	-5.322606e-08
6.930007e-03	2.911877e-17	1.324731e-17	-8.637229e-18	3.976442e-72	1.511421e-71	3.823901e-65	-1.775432e-08
6.927607e-03	4.729061e-17	2.950814e-17	-3.735754e-17	3.570070e-72	1.204242e-71	2.727824e-65	4.145547e-08
6.925208e-03	4.714427e-17	3.393398e-17	-2.191349e-17	2.915711e-72	8.098803e-72	3.348534e-65	1.481578e-08
6.922811e-03	4.141061e-17	3.574853e-17	-2.110508e-17	2.785144e-72	8.638995e-72	4.086912e-65	-1.779125e-08
6.920415e-03	5.409542e-17	2.290881e-17	2.010714e-17	4.212915e-72	2.164228e-71	3.544591e-65	-0.000000e+00
6.918021e-03	4.380503e-17	2.293108e-17	-1.976826e-17	3.757232e-72	2.396273e-71	3.690615e-65	9.204879e-08
6.915629e-03	3.723034e-17	2.962671e-17	-7.853486e-18	5.051222e-72	2.723951e-71	3.322707e-65	-7.725563e-08
6.913239e-03	3.337340e-17	2.515690e-17	1.790614e-17	5.156475e-72	2.804178e-71	3.186044e-65	-5.352166e-08
6.910850e-03	4.026675e-17	1.867462e-17	-5.718787e-17	6.163369e-72	3.557367e-71	3.500798e-65	2.975482e-08
6.908463e-03	4.349867e-17	1.787595e-17	-4.272624e-17	5.085606e-72	2.545059e-71	3.320977e-65	-1.786523e-08
6.906077e-03	4.841336e-17	2.190830e-17	-4.161968e-17	3.967683e-72	1.732598e-71	4.649637e-65	2.979596e-08
6.903693e-03	3.586602e-17	4.747094e-17	-2.356513e-17	3.585810e-72	1.723990e-71	4.892436e-65	3.279819e-08
6.901311e-03	4.106658e-17	5.692457e-17	-2.899157e-18	2.915396e-72	1.790743e-71	5.710899e-65	-8.354395e-08
6.898931e-03	3.164965e-17	8.173305e-17	-4.194561e-17	1.701841e-72	8.988657e-72	5.325554e-65	3.582926e-08
6.896552e-03	4.406780e-17	7.645517e-17	-2.171115e-17	1.959805e-72	2.189861e-71	5.248199e-65	8.067147e-08
6.894174e-03	6.461998e-17	7.734894e-17	-3.083796e-17	2.105048e-72	1.957351e-71	5.156104e-65	-8.371701e-08
6.891799e-03	3.848093e-17	7.189591e-17	-2.066001e-17	3.384253e-72	3.015766e-71	5.090469e-65	8.377473e-08
6.889425e-03	3.664509e-17	7.945565e-17	-4.983454e-17	3.526359e-72	3.587485e-71	5.097317e-65	-4.790427e-08
6.887052e-03	2.177060e-17	7.553138e-17	-4.974252e-18	3.772143e-72	2.822095e-71	4.185424e-65	-3.595296e-08
6.884682e-03	3.222042e-17	8.595180e-17	-3.879479e-17	5.652085e-72	4.180561e-71	3.900479e-65	6.595917e-08
6.882312e-03	3.288121e-17	8.017217e-17	-3.313105e-17	4.418275e-72	3.587748e-71	3.811316e-65	-6.000417e-09
6.879945e-03	2.876868e-17	7.260934e-17	2.123735e-17	5.171033e-72	3.384856e-71	3.108591e-65	-7.205457e-08
6.877579e-03	2.134082e-17	5.279933e-17	-2.804878e-17	6.903145e-72	3.833010e-71	2.880309e-65	-2.403472e-08
6.875215e-03	-8.012183e-18	4.285457e-17	-1.070324e-17	6.304420e-72	3.628468e-71	2.921264e-65	8.718578e-08
6.872852e-03	1.334235e-17	2.391127e-17	-2.384703e-17	5.595474e-72	2.988555e-71	3.059946e-65	-4.512710e-08
6.870491e-03	8.747406e-18	1.497486e-18	-4.677824e-17	9.166948e-72	3.595024e-71	1.993512e-65	3.010542e-08
6.868132e-03	-8.735940e-18	4.116375e-18	-2.232047e-17	9.578891e-72	4.074345e-71	1.413866e-65	-3.012610e-08
6.865774e-03	-2.768160e-17	-3.596477e-17	-6.781075e-18	1.161199e-71	4.621941e-71	1.410813e-65	1.205872e-08
6.863418e-03	-3.535566e-17	-1.077465e-17	1.314771e-17	1.081376e-71	4.238449e-71	1.130331e-65	1.206700e-08
6.861063e-03	-4.467810e-17	1.455071e-18	-1.320084e-18	8.436588e-72	3.550525e-71	2.557451e-65	-1.509410e-08
6.858711e-03	-7.156790e-17	-1.564095e-17	-2.074180e-17	9.087756e-72	3.462827e-71	1.592764e-65	4.531339e-08
6.856359e-03	-4.216186e-17	-1.340599e-17	8.066464e-18	7.254676e-72	1.375527e-71	6.257886e-66	-7.557412e-08
6.854010e-03	-4.605990e-17	-2.116011e-17	-4.264987e-17	1.060302e-71	3.110376e-71	-5.361894e-66	1.058763e-07
6.851662e-03	-2.163739e-17	1.770669e-17	2.985066e-17	9.211158e-72	1.802818e-71	-4.880339e-66	-3.632534e-08
6.849315e-03	-1.911434e-17	2.271745e-17	2.281595e-17	7.169916e-72	2.359277e-71	1.358634e-65	-6.664209e-08
6.846970e-03	-1.123760e-17	2.895965e-17	2.829551e-17	5.904305e-72	1.813431e-71	1.086716e-65	6.668774e-08
6.844627e-03	-1.940104e-17	8.784168e-18	-2.301544e-17	8.477185e-72	3.255928e-71	3.187983e-66	-3.640004e-08
6.842285e-03	-1.756604e-17	1.100833e-17	-2.040360e-17	8.922838e-72	2.824882e-71	-5.770634e-66	-1.214165e-08
6.839945e-03	-6.184650e-18	1.188409e-17	6.801607e-18	8.913360e-72	3.467090e-71	-6.755011e-66	3.037491e-08
6.837607e-03	3.464112e-19	8.582235e-18	1.398187e-17	6.602004e-72	2.604447e-71	-4.554224e-66	-3.951439e-08
6.835270e-03	8.632168e-18	4.343462e-18	-4.919025e-17	7.012697e-72	2.357613e-71	-2.427931e-65	4.866636e-08
6.832935e-03	1.376951e-17	-1.253194e-17	1.013106e-17	6.123810e-72	2.104232e-71	-1.414139e-65	-3.043727e-09
6.830601e-03	-7.329592e-18	-3.806579e-18	9.179940e-18	7.232389e-72	3.472163e-71	-6.036071e-66	-1.218323e-08
6.828269e-03	-1.114492e-18	3.972667e-18	-1.669129e-17	8.382171e-72	4.671466e-71	-5.709069e-66	4.876620e-08
6.825939e-03	5.851445e-18	5.913067e-18	-8.320167e-18	7.576560e-72	4.039521e-71	-2.010640e-66	-4.574954e-08
6.823610e-03	-1.579049e-17	7.104019e-18	-1.223373e-17	1.004308e-71	6.727305e-71	1.161151e-66	-1.526026e-08
6.821282e-03	-1.399020e-17	1.658340e-17	2.114099e-17	1.110654e-71	6.580057e-71	3.941962e-66	3.664961e-08
6.818957e-03	-2.323206e-17	2.785822e-17	-4.578504e-17	8.541156e-72	4.337085e-71	1.215493e-65	-5.806814e-08
6.816633e-03	-5.270588e-18	3.938934e-17	-1.019326e-17	8.078974e-72	3.381137e-71	1.135315e-65	3.364133e-08
6.814310e-03	-8.585945e-18	2.985685e-17	8.056977e-18	8.710146e-72	2.904904e-71	7.197151e-66	-3.366426e-08
6.811989e-03	-2.180856e-17	3.527791e-17	-2.844730e-17	6.203228e-72	2.258058e-71	7.703735e-66	3.368721e-08
6.809670e-03	-2.472730e-17	4.055163e-17	-6.589889e-17	8.344425e-72	3.375148e-71	7.774426e-66	4.290384e-08
6.807352e-03	-1.430494e-17	5.928658e-17	-2.974380e-17	7.614304e-72	2.807891e-71	5.597536e-66	-4.293306e-08
6.805036e-03	-1.347099e-17	4.935679e-17	-1.111538e-17	6.070382e-72	2.175554e-71	1.246871e-65	3.068735e-09
6.802721e-03	-1.154661e-17	4.982013e-17	-1.272203e-17	5.954685e-72	2.599743e-71	1.026272e-65	1.535412e-08
6.800408e-03	5.287550e-18	4.762768e-17	-4.398391e-17	6.657076e-72	3.532114e-71	2.296164e-65	-3.380204e-08
6.798097e-03	9.961396e-18	5.114871e-17	-1.861616e-17	4.816245e-72	2.918555e-71	2.875733e-65	9.225009e-09
6.795787e-03	-5.215850e-18	5.432849e-17	-2.823262e-17	4.232603e-72	3.462641e-71	2.958361e-65	-0.000000e+00
6.793478e-03	1.547309e-17	5.403787e-17	-1.100086e-17	2.895080e-72	2.851813e-71	2.013361e-65	-1.231674e-08
6.791171e-03	1.652297e-17	6.042551e-17	-8.908889e-18	3.368356e-72	3.673011e-71	1.845589e-65	5.546299e-08
6.788866e-03	1.304871e-18	6.191957e-17	-1.008145e-17	3.883751e-72	3.122140e-71	1.008775e-65	-8.016763e-08
6.786563e-03	8.645170e-18	6.258934e-17	2.081668e-17	5.217334e-72	3.231126e-71	1.426703e-65	3.702557e-08
6.784261e-03	5.590182e-18	6.158125e-17	-1.323167e-17	5.480240e-72	2.661186e-71	9.931504e-66	-3.087558e-08
6.781960e-03	1.428404e-17	3.719331e-17	-1.088214e-17	7.563046e-72	3.908134e-71	4.182814e-66	-3.089653e-08
6.779661e-03	3.979536e-18	5.037558e-17	7.243826e-19	6.612665e-72	3.548795e-71	1.971063e-66	1.236700e-08
6.777364e-03	-7.222614e-18	4.962954e-17	-4.091508e-18	5.766008e-72	2.814493e-71	-2.963235e-66	6.806460e-08
6.775068e-03	-1.463187e-17	4.631016e-17	2.416090e-17	6.207621e-72	3.395569e-71	2.477703e-66	-3.095943e-08
6.772773e-03	-3.412140e-17	4.020892e-17	-3.715832e-17	5.628318e-72	3.883161e-71	-4.677702e-66	8.364710e-08
6.770481e-03	-4.122193e-17	5.632001e-17	-6.475940e-18	4.150116e-72	3.772094e-71	-6.707318e-66	-3.100139e-09
6.768190e-03	-4.232905e-17	6.997946e-17	-7.035862e-18	1.890443e-72	2.245160e-71	-1.278529e-65	-7.445372e-08
6.765900e-03	-2.522971e-17	7.933508e-17	-7.311859e-18	8.769068e-74	1.334679e-71	-1.715779e-65	-0.000000e+00
6.763612e-03	-4.086738e-17	8.224309e-17	-7.927686e-17	2.110154e-72	2.333009e-71	-2.493162e-65	8.076742e-08
6.761325e-03	-4.436040e-17	6.092464e-17	-4.867634e-17	4.071604e-72	2.974694e-71	-3.125908e-65	-5.595373e-08
6.759040e-03	-3.460966e-17	4.550952e-17	-4.126894e-17	7.324732e-73	8.794298e-72	-3.179027e-65	-3.110643e-08
6.756757e-03	-2.881514e-17	5.409823e-17	-6.237009e-18	1.580951e-72	8.096581e-72	-4.172940e-65	3.112746e-08
6.754475e-03	-3.404071e-17	4.707382e-17	-6.199902e-17	1.929780e-72	1.432374e-71	-5.296175e-65	6.229698e-09
6.752194e-03	-1.790699e-17	4.574975e-17	-4.413353e-17	1.447942e-72	1.513426e-71	-3.195796e-65	-2.493563e-08
6.749916e-03	-2.426481e-17	5.574589e-17	-5.443630e-17	1.435326e-72	2.302292e-71	-1.655941e-65	6.238117e-09
6.747638e-03	-9.817423e-18	6.056755e-17	-4.822396e-18	-7.479352e-74	1.500260e-71	-1.122936e-65	-2.184815e-08
6.745363e-03	-1.691655e-17	5.740265e-17	-2.902626e-17	1.932479e-72	3.111178e-71	-1.819381e-65	6.558868e-08
6.743088e-03	-1.538407e-17	5.062481e-17	8.779869e-18	3.291796e-72	3.624289e-71	-2.558682e-65	-8.751057e-08
6.740816e-03	-2.728511e-18	4.115395e-17	2.888315e-18	3.060137e-72	3.159883e-71	-4.056831e-65	7.193217e-08
6.738544e-03	-7.249562e-18	4.078301e-17	-2.720128e-18	3.518100e-72	3.406707e-71	-3.564609e-65	-3.129594e-08
6.736275e-03	-2.151666e-17	3.008351e-17	-3.336971e-17	2.524043e-72	2.387108e-71	-3.992500e-65	3.758044e-08
6.734007e-03	-3.640485e-17	2.847715e-17	-1.919472e-17	3.276323e-72	3.032312e-71	-5.748218e-65	3.133813e-09
6.731740e-03	-3.306779e-17	3.772369e-17	-6.987683e-18	3.147151e-72	3.032321e-71	-5.281245e-65	2.508739e-08
6.729475e-03	-2.855188e-17	3.568466e-17	-3.462508e-17	4.054817e-72	3.611726e-71	-4.610798e-65	-0.000000e+00
6.727212e-03	-3.901233e-17	3.773458e-17	1.258623e-18	5.544529e-72	4.753260e-71	-4.256330e-65	-2.512118e-08
6.724950e-03	-3.223464e-17	3.693645e-17	4.451517e-17	5.612440e-72	5.351394e-71	-3.581982e-65	-5.970294e-08
6.722689e-03	-1.678576e-17	1.629538e-17	-1.645141e-17	5.414281e-72	5.212451e-71	-2.701807e-65	3.144374e-09
6.720430e-03	-1.389866e-17	2.065283e-17	-4.251929e-17	2.848601e-72	3.294724e-71	-2.371851e-65	1.258595e-08
6.718173e-03	3.487743e-19	5.784782e-18	-2.389473e-17	2.793654e-72	1.431390e-71	-3.067813e-65	6.926926e-08
6.715917e-03	-2.182847e-18	9.356287e-18	-3.404395e-18	1.361840e-72	5.262546e-72	-1.602467e-65	-5.041150e-08
6.713662e-03	-7.049596e-18	2.233208e-17	-2.181415e-17	1.856095e-72	1.254606e-71	-6.132404e-66	-3.152835e-08
6.711409e-03	-9.416899e-19	1.179648e-17	-3.473675e-17	2.627491e-72	2.586099e-71	-8.429179e-66	5.047923e-08
6.709158e-03	2.809862e-18	2.188567e-17	6.639654e-18	2.714885e-72	2.416294e-71	-1.322894e-65	-3.157070e-08
6.706908e-03	2.661422e-19	4.895747e-19	-4.093460e-17	3.027087e-72	2.966085e-71	-1.639120e-65	-6.318376e-09
6.704660e-03	1.328023e-18	-9.646258e-19	-2.729154e-17	2.577761e-72	2.919011e-71	-1.506536e-65	-3.161307e-08
6.702413e-03	-2.877789e-17	-6.678117e-18	-3.550762e-17	2.742310e-72	3.383424e-71	-1.798774e-65	2.530742e-08
6.700168e-03	-4.515067e-17	-4.606806e-18	-6.229487e-17	2.420576e-72	2.581706e-71	-1.368090e-65	1.899329e-08
6.697924e-03	-4.065649e-17	-1.845838e-17	3.543390e-17	2.755441e-72	2.543519e-71	-1.814806e-65	-7.919173e-08
6.695681e-03	-4.741030e-17	4.602794e-18	2.476020e-17	2.148088e-72	2.128989e-71	-1.628708e-65	9.192394e-08
6.693440e-03	-4.558482e-17	1.772815e-18	2.265766e-17	1.983695e-72	1.626572e-71	-1.410052e-65	-4.123488e-08
6.691201e-03	-1.483708e-17	1.575611e-18	-2.764716e-17	3.137898e-72	1.575985e-71	-2.757387e-65	1.428317e-07
6.688963e-03	-1.513139e-17	6.661461e-18	-3.914885e-17	3.347208e-72	1.621828e-71	-3.073955e-65	-9.846101e-08
6.686727e-03	-3.055687e-18	3.147991e-17	1.039641e-17	3.016401e-72	1.165081e-71	-2.657710e-65	4.131772e-08
6.684492e-03	-1.721415e-17	1.430628e-17	-6.571105e-17	3.491290e-72	2.060540e-71	-1.714138e-65	-1.017732e-07
6.682259e-03	-1.046894e-17	2.902691e-17	-2.448738e-17	4.150427e-72	2.853822e-71	-1.808059e-65	1.273015e-08
6.680027e-03	-3.309564e-17	2.216656e-17	-3.308551e-17	6.594272e-72	4.657603e-71	-2.102422e-65	-6.369331e-09
6.677796e-03	9.042351e-18	2.166153e-17	-3.889846e-18	6.126725e-72	3.230703e-71	-4.060480e-65	3.186793e-08
6.675567e-03	3.297799e-17	1.346133e-17	-3.104261e-17	6.818061e-72	3.957425e-71	-3.695423e-65	4.145598e-08
6.673340e-03	2.863939e-17	1.804335e-17	-3.979151e-17	7.144053e-72	3.911813e-71	-3.353726e-65	-4.467471e-08
6.671114e-03	1.978963e-17	1.475907e-17	-4.760237e-17	6.234064e-72	3.250290e-71	-2.875522e-65	3.831817e-08
6.668890e-03	2.156146e-17	2.635764e-17	-5.714010e-17	6.346766e-72	3.763032e-71	-2.258240e-65	-5.432029e-08
6.666667e-03	1.303630e-17	3.542719e-17	-8.118303e-18	6.043174e-72	4.210500e-71	-1.768859e-65	4.476419e-08
6.664445e-03	1.053042e-17	1.319874e-17	1.601048e-17	6.353593e-72	4.189247e-71	-1.483400e-65	-6.399149e-08
6.662225e-03	5.424035e-18	3.180400e-17	-8.382916e-19	6.532856e-72	4.202519e-71	-1.207842e-65	7.363926e-08
6.660007e-03	1.280366e-17	5.173118e-17	3.618291e-17	6.016068e-72	3.683124e-71	-8.726822e-66	-3.203840e-09
6.657790e-03	3.128517e-17	5.331567e-17	2.050064e-17	5.029648e-72	3.241013e-71	-5.105693e-66	-2.885377e-08
6.655574e-03	4.545620e-17	7.996405e-17	-6.277229e-17	5.520997e-72	3.262086e-71	-8.168985e-66	9.624328e-09
6.653360e-03	5.008525e-17	8.862788e-17	-1.281947e-17	3.785149e-72	1.923541e-71	-6.602040e-66	-4.494343e-08
6.651147e-03	1.734745e-17	8.060728e-17	-2.543565e-17	4.762019e-72	2.039160e-71	-5.871755e-66	5.139810e-08
6.648936e-03	3.354392e-17	7.153271e-17	-1.061515e-17	4.719372e-72	2.529048e-71	-5.105843e-66	-5.143229e-08
6.646726e-03	1.605140e-17	6.976089e-17	-3.428505e-17	4.342189e-72	1.700376e-71	-1.560601e-66	9.649967e-09
6.644518e-03	2.283362e-17	6.558173e-17	2.619836e-17	5.452463e-72	2.965788e-71	-3.122107e-66	-2.253156e-08
6.642312e-03	1.826195e-17	4.902600e-17	-8.486169e-18	6.641945e-72	2.837157e-71	-1.383117e-65	3.220933e-08
6.640106e-03	1.541105e-17	5.253660e-17	-4.664245e-17	7.571754e-72	3.820635e-71	-8.188528e-66	-6.446146e-09
6.637902e-03	1.659177e-17	3.970183e-17	-2.372133e-18	7.248824e-72	2.697889e-71	-1.142449e-65	6.450427e-09
6.635700e-03	1.223589e-17	4.062086e-17	1.001274e-17	6.292904e-72	2.622652e-71	-1.898697e-65	2.259148e-08
6.633499e-03	8.079778e-18	5.176884e-17	-1.359413e-17	5.469097e-72	2.515196e-71	-1.824548e-65	-4.844245e-08
6.631300e-03	-4.579397e-18	5.556608e-17	-4.049604e-17	3.222953e-72	1.847196e-71	-1.273846e-65	5.170623e-08
6.629102e-03	1.648269e-17	5.576684e-17	-3.611748e-19	4.069471e-72	2.031650e-71	-1.022236e-65	-1.293513e-08
6.626905e-03	1.933159e-17	6.395597e-17	1.542169e-17	3.037379e-72	1.210749e-71	-1.081172e-65	3.235927e-09
6.624710e-03	1.171354e-17	7.793570e-17	-6.509279e-19	2.460730e-72	8.646344e-72	-1.910327e-66	6.476143e-09
6.622517e-03	1.310241e-17	5.640207e-17	-1.526343e-17	3.260856e-72	1.058840e-71	3.697556e-66	-5.184347e-08
6.620324e-03	-2.545901e-18	3.317882e-17	-5.292059e-17	3.134652e-72	1.023608e-71	1.155997e-65	3.242363e-09
6.618134e-03	-2.017037e-17	1.877956e-17	-7.856129e-18	3.128697e-72	1.473625e-71	1.089527e-65	-6.489020e-09
6.615944e-03	-6.424915e-18	4.773544e-17	-3.784935e-17	1.918590e-72	1.325620e-71	1.811854e-65	8.116644e-08
6.613757e-03	-1.631213e-18	4.834519e-17	-3.552385e-17	2.129654e-72	1.167433e-71	1.684737e-65	-4.223448e-08
6.611570e-03	-3.005460e-17	6.254175e-17	-3.566920e-17	2.227348e-72	2.864622e-71	1.471186e-65	1.950573e-08
6.609385e-03	-2.295956e-17	5.902961e-17	-3.419574e-17	1.718917e-72	2.327175e-71	1.485273e-65	6.506210e-09
6.607202e-03	-1.549968e-17	5.867035e-17	-2.519372e-17	2.955530e-72	3.285203e-71	7.322196e-66	-4.231832e-08
6.605020e-03	-1.805982e-17	5.282659e-17	-1.218643e-17	3.490060e-72	2.555892e-71	1.458811e-65	5.863332e-08
6.602839e-03	6.207392e-18	4.735605e-17	-7.368116e-17	3.393800e-72	2.069407e-71	5.998974e-66	6.519117e-09
6.600660e-03	-5.391136e-18	4.944195e-17	-4.748501e-18	3.071440e-72	2.251766e-71	8.808828e-66	-3.587882e-08
6.598482e-03	8.182391e-18	3.088585e-17	-1.577873e-17	3.307094e-72	2.993516e-71	1.362174e-65	2.611091e-08
6.596306e-03	-6.350012e-18	4.147862e-17	-2.762185e-17	1.915177e-72	2.318461e-71	1.677038e-65	-3.266018e-09
6.594131e-03	-1.994072e-17	3.267186e-17	-4.614514e-17	2.713506e-72	4.230566e-71	1.408329e-65	-0.000000e+00
6.591958e-03	-1.204290e-18	2.239401e-17	-4.456322e-17	1.812625e-72	2.788933e-71	2.216670e-65	-6.213624e-08
6.589786e-03	1.626435e-17	2.034347e-17	-5.502326e-17	1.973121e-72	3.492571e-71	2.545116e-65	5.235975e-08
6.587615e-03	3.972101e-17	3.404882e-17	-1.758169e-18	1.574357e-72	3.814499e-71	2.371030e-65	1.309857e-08
6.585446e-03	3.749848e-17	3.860194e-17	-2.368555e-17	1.269739e-72	4.397537e-71	2.413767e-65	-5.242878e-08
6.583278e-03	3.796316e-17	3.693503e-17	-4.615313e-18	9.949848e-73	4.440163e-71	2.605777e-65	5.902123e-08
6.581112e-03	2.052075e-17	2.666850e-17	-8.766046e-18	1.050575e-72	5.150441e-71	2.877776e-65	-7.546567e-08
6.578947e-03	1.530267e-17	5.980374e-18	2.461830e-17	9.266583e-73	5.124068e-71	2.896001e-65	2.954948e-08
6.576784e-03	-1.075531e-17	-3.992439e-18	-1.742370e-17	1.231971e-72	5.837316e-71	3.326389e-65	-9.856309e-09
6.574622e-03	-1.656961e-17	-2.451555e-17	-9.553041e-18	1.050089e-72	6.299189e-71	3.562024e-65	-3.287597e-09
6.572461e-03	-2.683566e-17	-2.781426e-17	-2.225217e-17	1.069309e-72	6.051577e-71	3.784110e-65	-1.973856e-08
6.570302e-03	-3.896877e-17	-3.186770e-17	-1.121743e-18	1.046246e-72	8.606387e-71	4.081991e-65	3.291922e-08
6.568144e-03	-1.913416e-17	-2.862432e-17	-6.971420e-19	8.427429e-73	9.157129e-71	4.408152e-65	6.588170e-09
6.565988e-03	-1.923959e-17	-3.584701e-18	-4.672457e-17	9.204474e-73	1.110836e-70	4.770594e-65	3.955499e-08
6.563833e-03	-4.131438e-17	-2.592541e-17	-4.755853e-18	2.708823e-73	9.948519e-71	5.041789e-65	-1.121461e-07
6.561680e-03	-3.463833e-17	-3.369249e-17	9.856482e-18	-1.629146e-73	9.728144e-71	5.436378e-65	5.280926e-08
6.559528e-03	-7.384918e-18	-1.855046e-17	7.864396e-18	-1.681985e-73	7.763516e-71	5.932181e-65	3.302745e-08
6.557377e-03	2.164035e-18	-1.134363e-17	-2.501288e-17	-7.196390e-73	8.484639e-71	5.885088e-65	-6.609824e-09
6.555228e-03	2.579538e-17	-2.676706e-17	1.376720e-17	-9.641567e-73	8.624611e-71	5.519058e-65	1.984248e-08
6.553080e-03	2.039616e-17	-2.617483e-17	-4.542184e-17	-1.277924e-72	8.576631e-71	5.132169e-65	2.647398e-08
6.550934e-03	1.845319e-17	-2.098877e-17	-2.260019e-17	-1.375415e-72	8.853958e-71	5.111032e-65	-4.635983e-08
6.548788e-03	9.281487e-18	-2.987845e-17	-1.954600e-17	-1.551685e-72	9.897315e-71	5.415256e-65	6.627172e-08
6.546645e-03	-3.447077e-18	-5.448014e-17	2.805875e-17	-1.707958e-72	9.649434e-71	5.943817e-65	-5.968362e-08
6.544503e-03	-9.127987e-18	-4.136817e-17	-1.932265e-17	-1.803706e-72	1.030358e-70	5.715347e-65	1.990757e-08
6.542362e-03	-3.377955e-17	-4.895021e-17	-2.740124e-17	-2.033353e-72	9.935519e-71	6.356091e-65	-5.312159e-08
6.540222e-03	-3.208338e-17	-7.047306e-17	-3.466411e-17	-1.763531e-72	9.437288e-71	6.268188e-65	8.637907e-08
6.538084e-03	-1.809648e-17	-5.268459e-17	4.193152e-19	-2.311402e-72	1.078843e-70	7.641568e-65	-1.329778e-08
6.535948e-03	-2.148203e-17	-5.118276e-17	-3.109045e-17	-2.229774e-72	1.095767e-70	8.363938e-65	-1.995971e-08
6.533812e-03	-3.193764e-17	-8.705152e-17	-2.864503e-17	-2.493293e-72	1.153113e-70	7.816156e-65	6.657587e-09
6.531679e-03	-1.019916e-17	-7.365548e-17	-3.112189e-17	-2.075371e-72	9.395031e-71	8.180972e-65	-1.498936e-07
6.529546e-03	-3.408092e-18	-6.263003e-17	-4.071532e-17	-1.876362e-72	8.550063e-71	7.207609e-65	1.099938e-07
6.527415e-03	-5.837427e-18	-4.058856e-17	-4.324916e-17	-2.228389e-72	8.667128e-71	6.595445e-65	1.334129e-08
6.525285e-03	-6.902515e-18	-4.035563e-17	-6.003221e-17	-2.556387e-72	9.286375e-71	6.283636e-65	1.001250e-08
6.523157e-03	-1.613400e-17	-3.871312e-17	-8.126570e-18	-2.592157e-72	9.026756e-71	6.778131e-65	-4.341581e-08
6.521030e-03	-2.901850e-17	-4.101941e-17	-3.982302e-17	-3.365273e-72	1.014105e-70	6.483612e-65	4.010227e-08
6.518905e-03	-2.908428e-17	-1.182357e-17	3.638176e-18	-3.750526e-72	1.173073e-70	6.877494e-65	-5.016054e-08
6.516781e-03	-4.288203e-17	-1.642814e-17	-1.732325e-17	-4.124249e-72	1.238223e-70	6.607239e-65	4.350081e-08
6.514658e-03	-3.378190e-17	-3.645587e-19	-3.376646e-17	-3.605576e-72	9.625438e-71	7.228579e-65	-3.013557e-08
6.512537e-03	-4.177240e-17	7.828221e-18	-2.100642e-17	-4.284771e-72	1.022554e-70	7.685174e-65	2.345405e-08
6.510417e-03	-2.812647e-17	1.409768e-17	-4.571830e-17	-4.401284e-72	9.330761e-71	6.926285e-65	-2.346933e-08
6.508298e-03	-1.407098e-17	-6.899096e-18	4.098284e-18	-4.580349e-72	8.690819e-71	6.257435e-65	3.690439e-08
6.506181e-03	-1.028224e-18	6.182931e-18	1.033733e-17	-5.147025e-72	8.896752e-71	6.549301e-65	-0.000000e+00
6.504065e-03	1.829908e-17	-1.043150e-17	-1.964032e-18	-4.282604e-72	8.537797e-71	6.489363e-65	-5.038969e-08
6.501951e-03	-6.795100e-18	-1.198638e-17	3.726837e-17	-4.125804e-72	8.879708e-71	5.688779e-65	1.344599e-08
6.499838e-03	9.245471e-18	-1.541608e-17	-2.022254e-17	-4.635919e-72	8.761589e-71	6.789221e-65	-1.009105e-08
6.497726e-03	2.187755e-17	-1.669921e-18	8.208766e-19	-4.195935e-72	8.649791e-71	6.426410e-65	4.375632e-08
6.495615e-03	2.386315e-17	5.160497e-18	-2.122963e-17	-4.346496e-72	9.086132e-71	6.312724e-65	-6.399311e-08
6.493506e-03	2.043138e-17	2.442310e-18	-4.518629e-17	-3.982127e-72	7.549122e-71	5.740654e-65	6.403468e-08
6.491399e-03	3.619636e-18	-9.211120e-18	-9.807151e-18	-4.128576e-72	8.230020e-71	7.006609e-65	3.372435e-09
6.489293e-03	2.096671e-17	-6.527416e-18	1.682682e-17	-3.432378e-72	5.789884e-71	7.397614e-65	-3.712087e-08
6.487188e-03	8.017203e-19	1.308772e-17	3.138765e-18	-3.316540e-72	7.681346e-71	9.217249e-65	1.688407e-08
6.485084e-03	-8.728969e-18	2.228237e-17	-1.434061e-17	-2.212879e-72	6.388725e-71	1.114393e-64	2.365304e-08
6.482982e-03	-1.315652e-17	1.408803e-17	-1.193720e-17	-2.129438e-72	7.551194e-71	1.143985e-64	-4.395557e-08
6.480881e-03	1.271221e-17	8.220527e-18	-3.984660e-17	-2.659690e-72	6.180326e-71	1.042662e-64	6.766780e-09
6.478782e-03	2.468115e-17	-6.476009e-18	2.421091e-18	-3.319648e-72	7.190784e-71	9.522063e-65	4.739816e-08
6.476684e-03	8.434105e-18	4.844722e-18	-2.904781e-17	-2.637056e-72	8.117945e-71	1.078985e-64	-4.742888e-08
6.474587e-03	-4.919124e-18	-2.712328e-17	1.137206e-17	-1.974202e-72	4.974028e-71	1.008228e-64	2.711977e-08
6.472492e-03	-1.197847e-17	-1.000359e-17	-3.039981e-17	-1.984491e-72	4.748379e-71	9.408020e-65	-4.749033e-08
6.470398e-03	-4.783611e-18	-6.575856e-18	2.960705e-17	-6.557522e-73	5.832830e-71	1.134847e-64	-1.697181e-08
6.468305e-03	-1.391474e-17	-9.873348e-18	-5.296463e-18	-7.634909e-73	6.537573e-71	1.105523e-64	2.037935e-08
6.466214e-03	-3.110607e-17	-9.566934e-18	-1.812257e-17	-1.448168e-72	6.671006e-71	1.102081e-64	-3.398756e-09
6.464124e-03	-4.636027e-17	-2.753988e-18	-4.783500e-18	-2.016542e-72	6.972487e-71	1.101708e-64	-3.060859e-08
6.462036e-03	-3.142525e-17	-6.939555e-20	-4.639728e-17	-1.544883e-72	5.218256e-71	1.089301e-64	5.785361e-08
6.459948e-03	-3.302779e-17	5.789151e-19	-2.543430e-17	-1.734527e-72	5.811942e-71	1.054902e-64	-2.043212e-08
6.457862e-03	-1.950110e-17	1.238567e-17	-1.786894e-17	-1.220474e-72	5.551755e-71	1.117678e-64	3.407553e-08
6.455778e-03	-4.905433e-17	1.977649e-17	-1.845603e-17	-9.941476e-73	6.884079e-71	1.182894e-64	8.865360e-08
6.453695e-03	-3.485439e-17	1.526514e-17	9.990245e-19	-5.000973e-73	7.409547e-71	1.375157e-64	-8.529889e-08
6.451613e-03	-1.378585e-17	4.617484e-17	-1.617606e-17	-4.362773e-73	6.400274e-71	1.367066e-64	3.072742e-08
6.449532e-03	-2.168855e-17	4.988773e-17	-3.707443e-17	2.461281e-73	6.447616e-71	1.492101e-64	2.049817e-08
6.447453e-03	-3.484354e-17	4.402050e-17	-5.740268e-17	9.811125e-73	6.474653e-71	1.637369e-64	-4.785990e-08
6.445375e-03	-4.812400e-17	5.134937e-17	-4.133663e-17	1.739352e-72	7.991855e-71	1.701989e-64	6.841538e-09
6.443299e-03	-4.574058e-17	3.260917e-17	-2.024273e-18	4.348237e-72	6.622948e-71	1.818903e-64	-6.503651e-08
6.441224e-03	-6.261813e-17	2.696440e-17	-1.599401e-18	5.084960e-72	4.963746e-71	1.835980e-64	3.082662e-08
6.439150e-03	-5.222032e-17	1.514066e-17	-3.141571e-17	4.658817e-72	4.136483e-71	1.800570e-64	3.427387e-09
6.437078e-03	-4.552879e-17	2.397988e-17	-2.678894e-17	3.588592e-72	4.066924e-71	1.744213e-64	4.801432e-08
6.435006e-03	-6.283674e-17	-8.739013e-18	2.115353e-17	3.545298e-72	4.591536e-71	1.817124e-64	2.745442e-08
6.432937e-03	-6.349380e-17	-2.416204e-17	2.098013e-17	2.236235e-72	4.142360e-71	1.714370e-64	-9.958631e-08
6.430868e-03	-4.042330e-17	-3.911569e-17	-8.194197e-18	2.077059e-72	5.381326e-71	1.613171e-64	1.374488e-08
6.428801e-03	-4.316232e-17	-4.043141e-17	-3.954729e-17	1.415686e-72	5.813534e-71	1.404678e-64	-3.438430e-08
6.426735e-03	-2.606577e-17	-3.824536e-17	-1.333569e-19	1.463068e-72	5.587732e-71	1.427563e-64	6.193154e-08
6.424671e-03	-1.903685e-17	-1.553896e-17	5.386316e-18	8.102670e-73	5.161503e-71	1.407329e-64	-6.885706e-09
6.422608e-03	-2.911522e-17	-5.811474e-18	-2.429968e-18	1.134714e-72	5.105122e-71	1.457089e-64	-1.378026e-08
6.420546e-03	-3.843819e-17	3.458325e-18	-4.026944e-17	8.037956e-73	5.053703e-71	1.490404e-64	2.068367e-08
6.418485e-03	-4.942080e-17	2.581198e-17	-2.140466e-17	1.599023e-72	5.092372e-71	1.704742e-64	-5.519187e-08
6.416426e-03	-5.179280e-17	6.398193e-18	-2.499333e-17	8.879258e-73	3.205571e-71	1.520286e-64	3.451706e-08
6.414368e-03	-3.321860e-17	-9.189636e-19	-6.377331e-17	2.875926e-72	3.849849e-71	1.434408e-64	-6.907842e-09
6.412312e-03	-3.300245e-17	-9.256986e-18	2.857415e-17	3.239131e-72	3.815134e-71	1.544318e-64	3.456137e-08
6.410256e-03	-6.201472e-17	-1.375632e-17	-1.266504e-17	3.094492e-72	4.374239e-71	1.525379e-64	-8.645884e-08
6.408202e-03	-4.433489e-17	-2.029036e-18	6.203805e-18	3.310166e-72	4.842426e-71	1.524416e-64	6.575085e-08
6.406150e-03	-3.378224e-17	-5.488703e-18	2.593954e-17	2.985035e-72	4.896163e-71	1.495031e-64	1.385116e-08
6.404099e-03	-1.081614e-17	-1.701545e-17	1.412932e-17	2.741871e-72	5.547481e-71	1.546574e-64	5.197511e-08
6.402049e-03	-2.444819e-17	-1.111843e-17	-2.744754e-17	3.116508e-72	5.906409e-71	1.581534e-64	-1.733613e-08
6.400000e-03	-1.234297e-17	-1.306565e-18	-3.510843e-17	3.212857e-72	5.439156e-71	1.666758e-64	-9.020562e-08
6.397953e-03	-6.842023e-19	-1.323893e-18	1.007935e-17	3.543645e-72	5.205928e-71	1.763083e-64	4.860335e-08
6.395907e-03	-1.321918e-17	4.443126e-18	-1.407735e-17	4.201027e-72	5.778329e-71	1.988576e-64	-1.042167e-08
6.393862e-03	-3.873935e-17	-3.976352e-18	-2.039818e-17	3.722976e-72	5.700293e-71	1.802112e-64	1.042833e-08
6.391818e-03	-5.757856e-17	-4.545373e-18	-1.166168e-17	4.753640e-72	6.291921e-71	2.062656e-64	4.869668e-08
6.389776e-03	-5.309501e-17	-5.233824e-18	-1.499641e-17	4.437762e-72	8.631623e-71	2.021349e-64		-4.176670e-08
6.387736e-03	-5.263073e-17	-1.936296e-17	-2.807033e-17	4.471530e-72	8.281029e-71	1.904040e-64	1.393113e-08
6.385696e-03	-5.622953e-17	-3.130735e-17	-2.580232e-17	4.740315e-72	8.812336e-71	1.852023e-64	-0.000000e+00
6.383658e-03	-7.710689e-17	-2.861091e-17	-4.036356e-17	4.380283e-72	1.036044e-70	1.714491e-64	2.789787e-08
6.381621e-03	-7.846277e-17	-4.048884e-17	4.009624e-17	4.675383e-72	1.032220e-70	1.754390e-64	-4.885244e-08
6.379585e-03	-5.631656e-17	-5.180760e-17	-2.249069e-17	4.807601e-72	9.613079e-71	1.899652e-64	3.491687e-08
6.377551e-03	-5.834809e-17	-4.395399e-17	-3.343842e-17	4.110084e-72	9.294197e-71	1.906896e-64	-6.987830e-08
6.375518e-03	-4.693427e-17	-6.107740e-17	-3.072412e-17	5.224176e-72	1.060110e-70	2.162555e-64	1.398457e-08
6.373486e-03	-4.714976e-17	-3.592547e-17	6.358033e-18	5.399492e-72	9.948707e-71	2.202408e-64	-9.095769e-08
6.371456e-03	-4.756099e-17	-4.951515e-17	1.617053e-17	6.422265e-72	8.084555e-71	2.298690e-64	1.610277e-07
6.369427e-03	-4.692892e-17	-4.838157e-17	-1.872539e-17	7.350231e-72	8.673795e-71	2.318113e-64	-1.366105e-07
6.367399e-03	-4.126351e-17	-5.464167e-17	-4.571403e-18	7.423261e-72	1.051165e-70	2.313950e-64	1.437077e-07
6.365372e-03	-2.731473e-17	-5.257807e-17	-2.014448e-18	8.507659e-72	9.892407e-71	2.371670e-64	-6.313135e-08
6.363347e-03	4.461676e-18	-3.606572e-17	-1.168119e-17	7.968877e-72	8.491937e-71	2.406074e-64	2.807624e-08
6.361323e-03	2.569628e-18	-2.774248e-17	-1.897029e-17	7.449791e-72	7.892446e-71	2.385127e-64	-0.000000e+00
6.359300e-03	2.056874e-17	-3.273846e-17	-4.426879e-17	8.482702e-72	8.935878e-71	2.946503e-64	-3.513998e-08
6.357279e-03	-2.714744e-18	-3.607868e-17	2.339478e-17	8.395735e-72	9.958598e-71	2.927980e-64	2.812986e-08
6.355259e-03	-1.770095e-17	-2.024580e-17	-3.220040e-17	8.249022e-72	9.657932e-71	2.906683e-64	-1.055541e-08
6.353240e-03	-7.316108e-18	-8.812170e-18	-6.308322e-17	7.574016e-72	8.879461e-71	2.799731e-64	6.689340e-08
6.351223e-03	1.430377e-17	-1.534040e-17	1.652758e-17	6.813312e-72	8.104811e-71	2.655936e-64	-4.227531e-08
6.349206e-03	2.377671e-17	-1.534843e-17	-9.949791e-18	6.014413e-72	7.296870e-71	2.695932e-64	-2.820144e-08
6.347191e-03	1.127892e-17	-2.110401e-17	6.973453e-18	5.693115e-72	6.306107e-71	2.795713e-64	3.880161e-08
6.345178e-03	1.770032e-17	-3.324316e-17	-2.376788e-17	4.640606e-72	7.173473e-71	2.625419e-64	-7.412282e-08
6.343165e-03	-2.273010e-17	-5.303753e-17	-4.099368e-18	5.215569e-72	9.117000e-71	2.607379e-64	9.182935e-08
6.341154e-03	-1.000806e-17	-6.497031e-17	-3.188747e-17	5.734151e-72	8.108722e-71	2.583724e-64	-2.827311e-08
6.339144e-03	-2.535720e-17	-6.977013e-17	-8.581054e-18	5.645393e-72	7.887620e-71	2.596584e-64	-4.950932e-08
6.337136e-03	-5.191352e-17	-6.811921e-17	-1.335209e-17	4.987098e-72	7.831739e-71	2.425658e-64	3.538622e-08
6.335128e-03	-5.886461e-17	-5.374160e-17	1.762913e-18	5.629828e-72	7.490165e-71	2.436725e-64	-0.000000e+00
6.333122e-03	-5.360412e-17	-4.502899e-17	-1.509599e-17	5.755246e-72	7.603134e-71	2.430780e-64	-0.000000e+00
6.331117e-03	-3.339858e-17	-4.367762e-17	-1.670972e-17	5.321670e-72	8.350930e-71	2.229163e-64	-1.418141e-08
6.329114e-03	-1.672613e-17	-5.262013e-17	-2.015694e-17	4.807695e-72	8.931603e-71	2.200948e-64	2.128559e-08
6.327112e-03	1.017247e-17	-4.462221e-17	-3.706697e-17	4.744640e-72	8.091888e-71	2.237069e-64	-5.679750e-08
6.325111e-03	-1.266725e-17	-1.814051e-17	-1.856154e-18	4.507195e-72	9.041354e-71	2.218277e-64	1.420836e-08
6.323111e-03	-3.293935e-17	-9.725756e-18	-5.495739e-17	3.693280e-72	9.601995e-71	2.116871e-64	1.421735e-08
6.321113e-03	-5.159383e-17	-9.316622e-18	1.866996e-18	4.084588e-72	1.083617e-70	2.239913e-64	2.133951e-08
6.319115e-03	-1.426203e-17	3.931406e-18	-1.440905e-17	3.566297e-72	1.031953e-70	2.200674e-64	-1.779417e-08
6.317119e-03	-2.025840e-17	-4.661318e-18	-1.806579e-17	3.914495e-72	9.019309e-71	2.240026e-64	-6.766057e-08
6.315125e-03	-3.948130e-17	-2.186540e-17	3.097583e-18	3.658290e-72	9.564160e-71	2.130033e-64	1.354066e-07
6.313131e-03	-4.532403e-17	-1.155930e-17	-8.215068e-18	3.686497e-72	1.011154e-70	2.052000e-64	-7.131166e-08
6.311139e-03	-7.109345e-17	-1.215086e-17	-5.941970e-17	3.843087e-72	1.039821e-70	1.902028e-64	7.135669e-09
6.309148e-03	-8.039900e-17	8.647797e-18	1.680080e-17	3.053502e-72	1.072969e-70	1.850830e-64	-2.499061e-08
6.307159e-03	-8.696825e-17	1.382808e-17	-4.923809e-17	3.646097e-72	1.247422e-70	1.911306e-64	-1.000255e-07
6.305170e-03	-8.272509e-17	2.465121e-18	-3.152396e-17	3.951194e-72	1.328404e-70	1.819956e-64	1.966026e-07
6.303183e-03	-8.076265e-17	5.693717e-18	1.087572e-17	3.434972e-72	1.326742e-70	1.805432e-64	-2.503793e-08
6.301197e-03	-7.751568e-17	1.555607e-17	2.984795e-17	3.439540e-72	1.164609e-70	1.813393e-64	-0.000000e+00
6.299213e-03	-6.651375e-17	2.050782e-18	-8.696657e-18	3.102077e-72	1.115111e-70	1.959296e-64	-6.446443e-08
6.297229e-03	-6.366435e-17	-3.388409e-18	-6.834539e-18	3.316160e-72	1.231745e-70	2.006206e-64	4.300337e-08
6.295247e-03	-6.683658e-17	5.137206e-18	2.029728e-17	3.590601e-72	1.166702e-70	2.063959e-64	-2.510110e-08
6.293266e-03	-6.225052e-17	7.054304e-18	-3.608977e-17	4.310882e-72	1.194082e-70	2.065857e-64	5.023380e-08
6.291287e-03	-5.576470e-17	8.215990e-18	-3.132477e-17	3.626955e-72	1.163998e-70	2.231495e-64	-1.436155e-07
6.289308e-03	-4.168203e-17	1.229346e-17	7.068863e-18	4.137597e-72	1.256410e-70	2.151718e-64	5.748234e-08
6.287331e-03	-5.178252e-17	-1.588280e-18	1.721496e-17	4.265407e-72	1.347387e-70	2.136607e-64	2.516434e-08
6.285355e-03	-5.269610e-17	1.788051e-18	-1.925807e-17	4.102214e-72	1.452274e-70	2.242282e-64	-0.000000e+00
6.283380e-03	-7.069133e-17	2.027884e-18	1.995813e-18	3.969426e-72	1.577685e-70	2.162457e-64	2.159657e-08
6.281407e-03	-5.808079e-17	1.607603e-17	-2.436277e-17	3.753629e-72	1.580082e-70	2.187868e-64	1.080507e-08
6.279435e-03	-8.752737e-17	2.624493e-17	-2.478052e-17	3.817271e-72	1.754944e-70	2.180224e-64	9.009882e-08
6.277464e-03	-8.105262e-17	3.822358e-17	1.794897e-18	4.186793e-72	1.670196e-70	2.262082e-64	-8.654919e-08
6.275494e-03	-8.956815e-17	1.886116e-17	-3.631129e-18	3.508634e-72	1.600311e-70	2.259587e-64	1.082544e-08
6.273526e-03	-8.696792e-17	2.275987e-17	1.656905e-17	3.641868e-72	1.560489e-70	2.267956e-64	-6.499341e-08
6.271558e-03	-9.511026e-17	-6.317774e-18	-2.696750e-17	3.708831e-72	1.512284e-70	2.554603e-64	4.335613e-08
6.269592e-03	-1.112169e-16	-3.735133e-18	-3.240947e-17	3.748296e-72	1.720711e-70	2.664016e-64	-1.084583e-08
6.267628e-03	-8.426471e-17	3.772429e-19	-2.991626e-17	4.333471e-72	1.771819e-70	2.748719e-64	2.532281e-08
6.265664e-03	-8.564945e-17	2.755373e-18	-4.534987e-17	5.081273e-72	1.742658e-70	2.932010e-64	4.343774e-08
6.263702e-03	-7.152202e-17	-1.085552e-18	2.239813e-17	5.411299e-72	1.824463e-70	3.045689e-64	-1.014182e-07
6.261741e-03	-6.284164e-17	3.112468e-18	-6.258015e-17	6.288407e-72	1.968610e-70	3.236533e-64	7.248698e-08
6.259781e-03	-6.985741e-17	-4.312162e-20	-7.424074e-18	5.947909e-72	1.822134e-70	2.901204e-64	-7.978562e-08
6.257822e-03	-5.027986e-17	-7.577810e-18	-1.438899e-17	6.036585e-72	1.600492e-70	2.952052e-64	3.628890e-08
6.255865e-03	-6.115440e-17	-9.724981e-18	-1.787633e-17	6.078974e-72	1.494574e-70	2.877653e-64	-1.089348e-08
6.253909e-03	-6.297334e-17	-1.904877e-17	-1.474535e-17	5.708149e-72	1.405095e-70	2.766842e-64	1.090030e-08
6.251954e-03	-5.364148e-17	-3.081637e-17	-2.521448e-17	6.159994e-72	1.246894e-70	2.895152e-64	7.271411e-08
6.250000e-03	-4.813812e-17	-4.205793e-17	-8.777376e-17	6.625074e-72	1.219268e-70	3.234377e-64	-2.182787e-08
6.248047e-03	-3.885090e-17	-3.109163e-17	-5.624163e-18	6.738695e-72	1.213579e-70	3.119219e-64	-4.368303e-08
6.246096e-03	-6.263235e-17	-3.695124e-17	-3.929149e-17	5.989348e-72	1.266995e-70	2.722952e-64	1.821264e-08
6.244146e-03	-6.574366e-17	-5.451603e-17	-4.489275e-19	6.498328e-72	1.430805e-70	2.636378e-64	3.644803e-09
6.242197e-03	-6.265273e-17	-5.811232e-17	-3.420875e-17	6.560698e-72	1.423919e-70	2.619159e-64	-3.647079e-08
6.240250e-03	-6.680479e-17	-5.538392e-17	9.996344e-18	6.899537e-72	1.459228e-70	2.582555e-64	1.459743e-08
6.238303e-03	-5.982405e-17	-5.217768e-17	1.841294e-17	7.775681e-72	1.586975e-70	2.740356e-64	-0.000000e+00
6.236358e-03	-4.922323e-17	-6.396465e-17	-3.884927e-17	7.146105e-72	1.637870e-70	2.553707e-64	1.461565e-08
6.234414e-03	-3.512207e-17	-6.716763e-17	-1.464893e-18	6.396766e-72	1.690545e-70	2.597555e-64	-4.387430e-08
6.232471e-03	-3.764395e-17	-4.575001e-17	-4.746203e-17	6.281868e-72	1.635109e-70	2.783040e-64	1.097541e-08
6.230530e-03	-1.921436e-17	-4.691598e-17	-2.508485e-17	5.861752e-72	1.388120e-70	2.622728e-64	-1.830376e-08
6.228589e-03	-1.930839e-17	-4.943143e-17	-1.249164e-17	5.991229e-72	1.243587e-70	2.675953e-64	4.761943e-08
6.226650e-03	-1.906460e-17	-6.115875e-17	-6.477491e-17	4.568292e-72	1.066742e-70	2.717564e-64	-3.298783e-08
6.224712e-03	-1.315055e-17	-5.918417e-17	-2.218833e-17	4.816913e-72	9.952724e-71	2.241501e-64	-2.567318e-08
6.222775e-03	-2.873885e-17	-5.249346e-17	3.047625e-17	5.540971e-72	9.332010e-71	2.170319e-64	7.706750e-08
6.220840e-03	-2.115384e-17	-6.180427e-17	5.449200e-18	4.420555e-72	6.891848e-71	2.276552e-64	-1.101649e-08
6.218905e-03	-4.185650e-18	-4.143464e-17	-1.164108e-17	4.586283e-72	6.622264e-71	2.335645e-64	1.837225e-08
6.216972e-03	-1.672126e-17	-3.516890e-17	4.645949e-17	6.520139e-72	8.364416e-71	2.377997e-64	-8.088817e-08
6.215040e-03	-1.643372e-17	-2.449349e-17	-5.066523e-17	6.872573e-72	8.256874e-71	2.460695e-64	2.207413e-08
6.213110e-03	-7.901549e-18	-3.312238e-17	1.187039e-17	6.907859e-72	9.062029e-71	2.526726e-64	-3.681308e-08
6.211180e-03	-1.213920e-18	-5.021210e-17	-4.221321e-17	6.211713e-72	7.954935e-71	2.539215e-64	1.105079e-07
6.209252e-03	1.739201e-17	-2.654206e-17	1.443724e-17	5.455188e-72	7.686720e-71	2.476270e-64	-7.371768e-08
6.207325e-03	3.996555e-18	-2.774186e-17	-1.960590e-17	5.327583e-72	7.550675e-71	2.651947e-64	4.425808e-08
6.205399e-03	1.504661e-17	-2.761487e-17	-5.524146e-18	5.194590e-72	6.800422e-71	2.550528e-64	-1.845231e-08
6.203474e-03	1.868227e-17	-1.088517e-17	-3.007726e-17	4.652202e-72	7.129613e-71	2.486653e-64	1.846377e-08
6.201550e-03	-4.015450e-18	-3.372932e-17	-1.833183e-17	4.843946e-72	6.705575e-71	2.501783e-64	-7.759593e-08
6.199628e-03	1.554261e-17	-3.439743e-17	-7.216450e-18	2.865217e-72	5.329832e-71	2.423661e-64	4.067070e-08
6.197707e-03	-5.150633e-18	-2.837544e-17	-1.889155e-17	3.194383e-72	5.873018e-71	2.288347e-64	-7.399257e-09
6.195787e-03	-6.538135e-18	-3.286155e-17	-2.187324e-17	3.490109e-72	6.848028e-71	2.157733e-64	1.110577e-08
6.193868e-03	-2.604960e-17	-2.298621e-17	-1.311654e-17	2.863613e-72	7.640453e-71	2.398132e-64	4.074638e-08
6.191950e-03	-3.500972e-17	-5.406311e-18	-6.539924e-18	3.692602e-72	7.850061e-71	2.283651e-64	3.706511e-08
6.190034e-03	-2.055639e-17	-2.855633e-17	-7.778337e-18	2.980208e-72	7.351511e-71	2.032676e-64	-1.372258e-07
6.188119e-03	-1.743913e-17	-3.080587e-17	-1.024436e-17	2.232692e-72	8.007115e-71	2.020868e-64	5.195543e-08
6.186205e-03	-3.218494e-17	-2.763868e-17	-4.349284e-17	2.303372e-72	8.933496e-71	2.138468e-64	9.283498e-08
6.184292e-03	-3.851957e-17	-1.623281e-17	-4.629224e-17	2.124782e-72	9.563976e-71	2.161972e-64	-5.201975e-08
6.182380e-03	-2.413585e-17	-2.941595e-17	-9.090087e-18	1.291556e-72	7.717270e-71	2.034295e-64	-5.205193e-08
6.180470e-03	-3.153861e-17	-3.964413e-17	-4.707606e-18	1.458372e-72	6.582343e-71	2.239672e-64	2.232176e-08
6.178560e-03	-2.489633e-17	-4.224377e-17	-4.083573e-17	1.408821e-72	5.955751e-71	2.158490e-64	-1.489037e-08
6.176652e-03	-3.283851e-17	-3.871667e-17	-3.226870e-17	1.747879e-72	6.210092e-71	2.092914e-64	-7.077298e-08
6.174745e-03	-2.969997e-17	-1.499510e-17	-8.463011e-18	9.938957e-73	5.699146e-71	2.101678e-64	1.080887e-07
6.172840e-03	-6.911651e-18	-1.524033e-17	1.328812e-17	6.651491e-73	5.184714e-71	2.083909e-64	2.237698e-08
6.170935e-03	-4.729215e-18	-1.648194e-17	2.256638e-17	7.520528e-73	5.011486e-71	2.200675e-64	-6.717239e-08
6.169031e-03	-2.061737e-18	3.124897e-18	-7.520501e-18	1.022121e-72	6.285230e-71	2.173831e-64	2.240461e-08
6.167129e-03	-4.847921e-18	6.281821e-18	7.916031e-19	7.286207e-73	6.859568e-71	2.116953e-64	-3.736406e-08
6.165228e-03	-7.394943e-19	1.863361e-17	8.135853e-18	4.815669e-73	8.131154e-71	2.078345e-64	8.225164e-08
6.163328e-03	-3.143454e-18	6.876215e-18	-4.224106e-17	4.154009e-73	8.669573e-71	1.974102e-64	-3.741016e-09
6.161429e-03	-2.023678e-17	8.421127e-18	1.886593e-17	8.099206e-73	9.102842e-71	1.987507e-64	-8.609642e-08
6.159532e-03	-4.560421e-17	2.789344e-18	-1.493976e-17	8.487910e-73	9.087522e-71	1.866729e-64	1.910271e-07
6.157635e-03	-4.199328e-17	-1.861485e-18	-3.369090e-18	1.369903e-72	7.972097e-71	1.840816e-64	-1.948927e-07
6.155740e-03	-4.078273e-17	-1.245965e-17	3.813790e-17	1.638010e-72	7.270690e-71	1.839926e-64	1.125073e-08
6.153846e-03	-1.948571e-17	-1.176577e-17	6.720969e-17	1.538041e-72	6.912983e-71	1.790631e-64	3.002043e-08
6.151953e-03	-1.401272e-17	-2.357907e-17	-2.126066e-17	6.252359e-73	5.653736e-71	1.772603e-64	-5.256809e-08
6.150062e-03	-9.820620e-18	-7.581387e-18	-2.780165e-17	7.780585e-73	5.956536e-71	1.751912e-64	4.508609e-08
6.148171e-03	3.081195e-17	-1.585772e-18	2.057924e-17	1.631014e-73	4.762017e-71	1.725283e-64	-2.255691e-08
6.146281e-03	1.830657e-17	-1.038328e-17	1.329666e-17	2.535845e-73	5.045846e-71	1.586227e-64	-7.523593e-09
6.144393e-03	3.176732e-17	-2.839564e-17	7.142859e-19	4.805948e-73	5.376235e-71	1.452020e-64	3.387698e-08
6.142506e-03	2.773534e-17	-2.111884e-17	4.119487e-17	7.315027e-73	6.806236e-71	1.419845e-64	-2.636496e-08
6.140620e-03	2.984285e-17	2.077645e-18	9.942134e-18	6.192197e-73	5.358731e-71	1.420666e-64	-3.014989e-08
6.138735e-03	4.220320e-17	1.291354e-17	-1.322401e-17	8.379218e-74	3.952332e-71	1.365408e-64	1.508420e-08
6.136852e-03	4.399506e-17	-1.209084e-17	-5.661399e-17	-1.392197e-73	3.366083e-71	1.367963e-64	-1.509346e-08
6.134969e-03	3.223236e-17	1.005363e-17	2.893634e-17	1.032579e-74	3.245798e-71	1.356831e-64	8.684069e-08
6.133088e-03	1.797722e-17	4.895205e-18	3.678047e-17	4.346536e-73	3.559059e-71	1.343818e-64	-5.666998e-08
6.131208e-03	3.800642e-17	-5.570616e-19	-2.279501e-17	3.500190e-73	3.727125e-71	1.311410e-64	1.134095e-07
6.129329e-03	4.760694e-17	2.487360e-18	-3.578572e-17	6.179447e-73	3.670635e-71	1.243741e-64	-7.943532e-08
6.127451e-03	4.605776e-17	4.552017e-18	1.575563e-17	4.068570e-73	3.099255e-71	1.231006e-64	4.163448e-08
6.125574e-03	4.085565e-17	2.799270e-17	-4.458239e-17	-6.442041e-74	1.790965e-71	1.254131e-64	-4.923455e-08
6.123699e-03	4.149177e-17	2.292692e-17	-1.791238e-18	-2.560577e-73	9.897313e-72	1.196900e-64	3.410634e-08
6.121824e-03	4.146665e-17	6.421568e-18	-2.687520e-17	-2.634031e-73	1.039092e-71	1.308059e-64	-7.583828e-08
6.119951e-03	4.136260e-17	1.759398e-17	1.055146e-17	-2.679803e-73	9.468898e-72	1.136393e-64	7.588471e-09
6.118079e-03	2.664744e-17	4.742458e-17	-1.821080e-17	-8.123489e-73	2.202762e-72	1.044442e-64	2.277935e-08
6.116208e-03	2.602897e-17	3.245528e-17	-1.084202e-18	-4.684978e-73	-1.356529e-72	8.497688e-65	-3.418993e-08
6.114338e-03	1.792720e-17	1.812374e-17	-3.139307e-17	-3.556207e-73	6.732298e-72	7.703515e-65	8.362651e-08
6.112469e-03	2.801428e-17	-5.191320e-18	1.148052e-17	-7.137806e-73	2.269005e-72	8.666238e-65	-1.103024e-07
6.110602e-03	2.338855e-17	-1.309075e-17	-3.929149e-17	-6.027693e-73	5.195425e-72	7.974857e-65	6.850539e-08
6.108735e-03	4.027969e-17	4.840017e-19	-9.796783e-18	-9.525049e-74	1.646669e-71	8.713518e-65	-1.142454e-08
6.106870e-03	1.808848e-17	-7.253008e-18	-1.553445e-17	6.331349e-73	2.689289e-71	1.051208e-64	3.810507e-09
6.105006e-03	1.600981e-17	-1.633919e-18	-2.152792e-17	1.021928e-72	2.757795e-71	9.407761e-65	-0.000000e+00
6.103143e-03	-2.308365e-19	-1.732853e-17	-2.072561e-17	1.265570e-72	3.099708e-71	1.029063e-64	1.526065e-08
6.101281e-03	3.887872e-18	2.074198e-17	-2.066056e-17	1.465008e-72	2.720905e-71	9.313549e-65	2.290495e-08
6.099421e-03	1.290769e-18	3.209154e-17	-4.662855e-17	1.317674e-72	2.581942e-71	9.464428e-65	2.291893e-08
6.097561e-03	1.420135e-18	5.421185e-17	-5.561957e-17	1.473859e-72	3.200020e-71	7.195183e-65	-3.822151e-08
6.095703e-03	-2.722428e-18	6.575196e-17	-2.889182e-17	1.153254e-72	4.044465e-71	7.320117e-65	7.648965e-08
6.093845e-03	-5.902111e-18	5.852590e-17	-3.383463e-17	1.246182e-72	4.838022e-71	7.439150e-65	-9.567035e-08
6.091989e-03	-1.801497e-18	2.322693e-17	1.042196e-17	1.065959e-72	6.162753e-71	6.467738e-65	4.594976e-08
6.090134e-03	-1.243381e-17	1.642717e-17	-1.353803e-17	1.204746e-72	6.322460e-71	7.443590e-65	-3.448332e-08
6.088280e-03	4.325808e-18	1.529085e-17	2.413651e-17	1.082683e-72	5.769473e-71	7.207689e-65	7.667627e-09
6.086427e-03	1.164357e-17	1.674102e-17	-3.621669e-17	7.076155e-73	6.155155e-71	4.706467e-65	-0.000000e+00
6.084576e-03	2.067101e-17	5.735505e-18	-5.097399e-17	3.191335e-73	4.837357e-71	4.086781e-65	2.303090e-08
6.082725e-03	6.045625e-18	-2.876221e-18	5.201623e-17	5.605084e-73	6.803155e-71	4.006061e-65	-2.688573e-08
6.080876e-03	-1.578427e-17	-5.735998e-18	-1.936819e-17	8.884136e-73	7.262346e-71	4.908561e-65	1.076084e-07
6.079027e-03	-5.805229e-18	-1.471764e-19	-1.333485e-17	4.662956e-73	6.484415e-71	4.184710e-65	-9.613732e-08
6.077180e-03	-2.278594e-18	1.119835e-18	-1.796631e-17	7.824727e-73	6.861417e-71	3.654411e-65	-1.539132e-08
6.075334e-03	1.351126e-17	8.450281e-18	-1.493380e-17	1.403529e-72	5.879154e-71	3.782459e-65	-1.540068e-08
6.073489e-03	1.547681e-17	1.617346e-17	-4.037189e-17	1.636448e-72	7.068623e-71	4.191491e-65	1.386903e-07
6.071645e-03	3.851520e-17	2.992706e-17	-2.720433e-18	1.629391e-72	6.902407e-71	4.639627e-65	-1.079358e-07
6.069803e-03	4.739838e-17	1.980047e-17	-1.055904e-17	1.704274e-72	6.350266e-71	4.046696e-65	3.857190e-09
6.067961e-03	3.391518e-17	-4.289861e-19	3.369917e-17	1.620399e-72	4.880517e-71	3.129133e-65	-1.157860e-08
6.066121e-03	1.605640e-17	-5.788353e-18	2.101184e-18	1.517616e-72	4.814031e-71	2.786069e-65	7.723748e-09
6.064281e-03	1.716665e-17	-1.111228e-18	-2.816961e-17	9.030526e-73	5.420974e-71	2.572596e-65	3.864217e-09
6.062443e-03	1.252014e-17	6.703151e-18	-2.052755e-17	4.321318e-73	4.101380e-71	2.594800e-65	-6.186497e-08
6.060606e-03	1.759995e-17	-3.548486e-18	7.080057e-17	6.356372e-73	4.240351e-71	3.179743e-65	1.624940e-07
6.058770e-03	-4.099330e-18	-5.613756e-18	1.111368e-17	7.049175e-73	4.755730e-71	2.996291e-65	-4.258375e-08
6.056935e-03	5.775300e-18	-2.579125e-17	1.334063e-17	1.293356e-72	5.780228e-71	3.775044e-65	-8.134552e-08
6.055101e-03	-9.558991e-18	-4.737441e-17	-2.290265e-17	1.276806e-72	6.818037e-71	3.799136e-65	-1.937971e-08
6.053269e-03	-8.897089e-18	-4.844199e-17	8.964184e-18	1.124388e-72	7.147681e-71	3.698431e-65	7.756580e-09
6.051437e-03	-1.583118e-17	-3.911882e-17	3.892943e-17	9.631742e-73	6.993060e-71	3.082125e-65	-1.940319e-08
6.049607e-03	-8.500354e-18	-4.062307e-17	-2.133588e-17	1.094247e-72	6.595886e-71	3.947049e-65	5.824480e-08
6.047777e-03	-4.729326e-17	-5.318385e-17	-5.014913e-17	1.036250e-72	8.686788e-71	5.048961e-65	7.770672e-09
6.045949e-03	-3.618167e-17	-6.775473e-17	-1.438265e-17	1.431576e-72	8.785597e-71	4.017085e-65	-6.220298e-08
6.044122e-03	-3.464210e-17	-5.696848e-17	-1.098297e-17	1.207520e-72	6.742278e-71	4.125933e-65	4.279041e-08
6.042296e-03	-5.176659e-17	-6.810991e-17	-5.423044e-18	1.159797e-72	8.050394e-71	4.975387e-65	-2.724672e-08
6.040471e-03	-7.392375e-17	-8.176410e-17	3.304743e-17	1.272621e-72	9.739987e-71	5.247350e-65	5.452637e-08
6.038647e-03	-4.697163e-17	-7.013518e-17	1.511042e-17	7.895292e-73	9.393067e-71	5.649811e-65	-2.727966e-08
6.036825e-03	-5.850395e-17	-4.095134e-17	-1.876266e-17	1.069190e-72	9.719726e-71	6.550577e-65	-0.000000e+00
6.035003e-03	-7.117807e-17	-3.353688e-17	-2.962135e-17	1.486941e-72	9.657248e-71	6.629818e-65	-1.170541e-08
6.033183e-03	-5.544344e-17	-2.603390e-17	6.995950e-18	8.818839e-73	8.993601e-71	5.848170e-65	4.294573e-08
6.031363e-03	-5.577311e-17	-3.799593e-17	1.812166e-17	9.022791e-73	1.127989e-70	6.035226e-65	-1.171954e-08
6.029545e-03	-2.997759e-17	-6.753943e-18	-3.049508e-17	8.728136e-73	9.207173e-71	6.385726e-65	3.127095e-08
6.027728e-03	-3.541356e-17	-2.342464e-18	-3.019357e-17	5.982694e-73	9.786486e-71	6.040785e-65	-6.257962e-08
6.025911e-03	-4.499365e-17	1.554469e-17	-4.279929e-17	6.984569e-73	1.000688e-70	6.024391e-65	1.565434e-08
6.024096e-03	-3.173468e-17	1.979180e-17	2.504507e-19	8.147219e-73	9.694549e-71	5.985091e-65	-0.000000e+00
6.022282e-03	-4.048435e-17	6.474007e-18	-5.442695e-19	1.107207e-72	1.156930e-70	6.367834e-65	-7.836605e-08
6.020470e-03	-5.217259e-17	1.107341e-17	-5.220603e-18	1.416787e-72	1.193985e-70	6.464156e-65	9.801656e-08
6.018658e-03	-4.778398e-17	1.926641e-17	-3.476948e-17	1.852826e-72	1.227260e-70	7.166998e-65	-9.022954e-08
6.016847e-03	-2.156960e-17	2.702981e-17	7.626278e-18	3.087137e-72	1.157364e-70	7.017739e-65	3.140308e-08
6.015038e-03	-3.159968e-17	2.130009e-17	-3.372235e-17	2.828640e-72	9.713301e-71	6.612556e-65	4.320522e-08
6.013229e-03	-3.113549e-17	1.394927e-17	-9.207045e-18	3.181816e-72	9.958531e-71	7.604417e-65	-1.965055e-08
6.011422e-03	-2.464135e-17	8.179322e-18	-1.648638e-17	3.324724e-72	9.559885e-71	6.383243e-65	-5.898710e-08
6.009615e-03	-3.700932e-17	-9.760773e-18	8.654102e-18	2.245723e-72	1.030192e-70	6.412886e-65	7.082708e-08
6.007810e-03	-4.083063e-17	2.370808e-18	-1.022403e-17	2.367178e-72	1.028426e-70	8.537622e-65	-0.000000e+00
6.006006e-03	-4.548431e-17	-1.397091e-17	-2.033096e-17	2.416339e-72	1.121629e-70	8.066905e-65	1.969784e-08
6.004203e-03	-4.455140e-17	-2.058077e-17	-3.063522e-17	2.500743e-72	1.280037e-70	7.132905e-65	7.489677e-08
6.002401e-03	-3.745334e-17	-1.644324e-17	-3.073279e-17	2.672830e-72	1.260498e-70	6.978206e-65	-4.338733e-08
6.000600e-03	-3.644778e-17	-1.471513e-17	-3.164109e-18	2.567631e-72	1.204991e-70	5.378825e-65	-3.157336e-08
5.998800e-03	-2.988404e-17	-2.257562e-17	1.592693e-17	3.074332e-72	1.216458e-70	5.639703e-65	-7.898078e-09
5.997001e-03	-3.564221e-17	-3.835657e-17	-6.098908e-17	3.517207e-72	1.215091e-70	6.856887e-65	1.580563e-08
5.995204e-03	-2.428087e-17	-4.546019e-17	-8.126949e-17	3.406813e-72	1.285326e-70	7.596604e-65	3.953778e-09
5.993407e-03	-3.998649e-17	-6.360896e-17	-1.598331e-17	3.178450e-72	1.278480e-70	7.777083e-65	1.582460e-08
5.991612e-03	-4.141985e-17	-7.326904e-17	2.356622e-17	3.163077e-72	1.280058e-70	7.258443e-65	-1.979260e-08
5.989817e-03	-1.946145e-17	-8.631692e-17	6.759781e-18	3.475349e-72	1.250663e-70	5.390977e-65	3.564803e-08
5.988024e-03	-3.116429e-17	-8.288412e-17	-3.257553e-17	2.718009e-72	1.221391e-70	7.097240e-65	-1.585306e-08
5.986232e-03	-1.894193e-17	-6.951378e-17	-1.509928e-17	3.743334e-72	1.349643e-70	7.400751e-65	-8.327842e-08
5.984440e-03	-1.971826e-17	-8.189283e-17	-2.743702e-17	3.836628e-72	1.248864e-70	5.926269e-65	-2.777609e-08
5.982650e-03	-4.582853e-18	-9.461784e-17	-1.351431e-17	3.726764e-72	1.182698e-70	6.238819e-65	3.573349e-08
5.980861e-03	5.668766e-18	-7.399164e-17	2.676461e-17	3.883307e-72	1.247230e-70	6.573407e-65	7.945528e-09
5.979073e-03	-1.588285e-17	-5.958684e-17	-2.273829e-17	3.980489e-72	1.338774e-70	6.912881e-65	-3.975140e-08
5.977286e-03	-1.482879e-17	-5.233051e-17	1.910364e-18	3.728373e-72	1.345554e-70	4.810840e-65	7.159531e-08
5.975500e-03	8.513394e-18	-3.625238e-17	1.606462e-17	3.702217e-72	1.296870e-70	5.824906e-65	-1.591958e-08
5.973716e-03	1.995268e-17	-4.225908e-17	-1.894318e-17	2.836064e-72	1.148283e-70	5.399692e-65	4.778728e-08
5.971932e-03	1.814649e-17	-4.451011e-17	-5.656500e-17	2.186851e-72	1.036906e-70	4.073065e-65	-1.593861e-08
5.970149e-03	1.012717e-17	-6.462985e-17	-2.851662e-17	2.274903e-72	9.456513e-71	3.499475e-65	-8.771472e-08
5.968368e-03	4.136870e-18	-6.689978e-17	3.161534e-18	3.373895e-72	9.406053e-71	2.798021e-65	-2.393648e-08
5.966587e-03	1.247138e-17	-4.419636e-17	-2.109939e-17	3.269322e-72	1.046225e-70	2.716213e-65	1.037867e-07
5.964808e-03	1.051807e-17	-5.017149e-17	-5.161372e-17	3.311842e-72	8.572599e-71	3.647555e-65	-3.594759e-08
5.963029e-03	2.685889e-17	-5.513833e-17	-2.320409e-17	2.910256e-72	7.001191e-71	3.813007e-65	-7.593464e-08
5.961252e-03	3.826583e-17	-6.938277e-17	-2.819563e-17	3.170615e-72	6.150510e-71	4.613981e-65	7.997887e-08
5.959476e-03	1.926331e-17	-3.760547e-17	3.417785e-17	3.436063e-72	8.873441e-71	4.174776e-65	8.002655e-09
5.957700e-03	1.815726e-17	-3.998091e-17	-3.229959e-17	3.583126e-72	7.962526e-71	4.794982e-65	5.605198e-08
5.955926e-03	1.475104e-18	-2.177605e-17	1.595946e-17	3.826046e-72	9.298952e-71	3.937216e-65	-9.614636e-08
5.954153e-03	8.738366e-18	-2.488469e-17	-9.614186e-18	3.419051e-72	8.523960e-71	4.729149e-65	-2.004242e-08
5.952381e-03	1.285892e-17	-1.742480e-17	-1.175709e-17	3.382765e-72	1.031062e-70	6.805810e-65	-4.010872e-09
5.950610e-03	1.807699e-17	-1.090417e-17	4.910081e-19	3.805153e-72	1.017202e-70	6.503311e-65	7.223867e-08
5.948840e-03	1.166473e-18	-1.194086e-17	-1.998645e-17	3.482689e-72	1.143085e-70	5.074543e-65	-4.818777e-08
5.947071e-03	-4.267788e-18	-2.588824e-17	-1.502447e-17	3.389129e-72	1.202938e-70	6.309965e-65	1.607215e-07
5.945303e-03	-1.091897e-17	-2.571259e-17	3.641564e-18	3.331275e-72	1.109091e-70	8.281200e-65	-1.768988e-07
5.943536e-03	-1.451087e-17	-3.850675e-17	4.328677e-17	3.394988e-72	1.203083e-70	8.689168e-65	4.022818e-08
5.941771e-03	-2.299892e-17	-3.268731e-17	9.475385e-18	2.831393e-72	1.278354e-70	6.862617e-65	-3.220167e-08
5.940006e-03	-1.322385e-17	-1.711553e-17	-3.125186e-17	2.567864e-72	9.474434e-71	6.929879e-65	2.013801e-08
5.938242e-03	-2.297266e-17	3.339651e-20	2.222730e-17	2.825770e-72	9.487445e-71	7.191902e-65	2.014997e-08
5.936480e-03	-2.610148e-17	-2.584305e-18	-5.368969e-17	2.676387e-72	8.362438e-71	6.298318e-65	-5.645342e-08
5.934718e-03	-1.429718e-17	-2.652891e-17	6.245005e-18	2.655974e-72	7.835103e-71	7.651598e-65	1.210434e-07
5.932958e-03	-1.995228e-17	-2.702188e-17	5.480642e-18	2.058365e-72	8.535151e-71	1.002790e-64	-9.285505e-08
5.931198e-03	-3.958144e-17	-7.758493e-19	-2.140649e-17	2.335360e-72	1.057277e-70	9.772090e-65	-4.443529e-08
5.929440e-03	-6.152562e-17	-1.231285e-17	-1.771153e-17	3.216914e-72	1.208031e-70	8.770438e-65	5.658755e-08
5.927682e-03	-6.606791e-17	-8.233011e-18	-2.986977e-19	3.589867e-72	1.279259e-70	8.724864e-65	-0.000000e+00
5.925926e-03	-5.424243e-17	5.081967e-18	1.463890e-17	3.598512e-72	1.386264e-70	9.426032e-65	-8.093526e-09
5.924171e-03	-2.486386e-17	1.414398e-18	-5.723720e-17	3.204807e-72	1.380474e-70	9.044372e-65	6.883574e-08
5.922416e-03	-3.673929e-17	-1.538497e-17	4.160301e-17	2.869454e-72	1.307572e-70	8.553217e-65	-4.051561e-09
5.920663e-03	-3.000703e-17	-1.979103e-18	-4.573707e-17	3.813269e-72	1.312363e-70	9.876622e-65	-1.013490e-07
5.918911e-03	-2.823886e-17	1.055464e-17	1.168492e-17	3.663077e-72	1.438900e-70	8.225261e-65	4.461997e-08
5.917160e-03	-3.207629e-17	1.664105e-17	6.385951e-18	4.176345e-72	1.376376e-70	7.952271e-65	4.870515e-08
5.915410e-03	-9.386252e-18	1.041307e-17	-1.712653e-17	4.210302e-72	1.275400e-70	6.040662e-65	-4.873397e-08
5.913661e-03	-2.468721e-17	9.499054e-18	5.569072e-18	3.844588e-72	1.111050e-70	5.710792e-65	4.063567e-08
5.911913e-03	-3.300425e-17	1.001925e-17	4.079040e-18	4.127093e-72	9.085547e-71	3.720206e-65	-6.098955e-08
5.910165e-03	-2.350287e-17	2.378484e-17	-5.739970e-17	4.345698e-72	9.545874e-71	5.083071e-65	1.505299e-07
5.908419e-03	-2.916661e-17	2.773004e-17	1.353735e-17	3.849905e-72	9.493937e-71	4.763598e-65	-0.000000e+00
5.906675e-03	-1.434037e-17	4.973910e-17	-6.537353e-17	4.135098e-72	9.652944e-71	4.773270e-65	-1.303419e-07
5.904931e-03	-1.551769e-17	3.098536e-17	-1.997643e-17	3.918313e-72	1.083598e-70	5.141641e-65	7.336064e-08
5.903188e-03	-8.269142e-19	1.003341e-17	-2.611118e-17	3.750725e-72	1.245501e-70	6.578370e-65	-1.223399e-07
5.901446e-03	2.911375e-18	1.876312e-17	-5.246861e-19	3.713247e-72	1.275490e-70	4.928274e-65	1.387338e-07
5.899705e-03	-1.198736e-17	2.316181e-17	-2.116498e-17	3.039872e-72	1.126791e-70	7.212035e-65	-9.390472e-08
5.897965e-03	7.525171e-18	2.904113e-17	-2.707036e-17	3.549715e-72	1.111135e-70	7.599238e-65	-1.225567e-08
5.896226e-03	1.135916e-17	3.663193e-17	-2.916883e-17	2.609679e-72	9.950015e-71	5.018102e-65	4.087633e-08
5.894489e-03	2.595788e-17	3.181849e-17	-1.865383e-17	2.465733e-72	9.273760e-71	3.971876e-65	-8.180087e-08
5.892752e-03	3.436596e-17	4.020219e-17	-2.555559e-17	2.383144e-72	9.292226e-71	3.979742e-65	4.910946e-08
5.891016e-03	6.325053e-18	4.129931e-17	-9.645063e-18	2.153115e-72	8.986773e-71	4.149412e-65	-3.685380e-08
5.889282e-03	2.734258e-18	5.527306e-17	-3.443426e-17	2.263315e-72	1.077606e-70	6.683665e-65	1.024320e-07
5.887548e-03	-1.692698e-17	4.691807e-17	6.839622e-18	1.632694e-72	1.213845e-70	5.988516e-65	-4.099693e-08
5.885815e-03	-1.417229e-17	2.507417e-17	-7.745540e-18	1.479334e-72	1.171770e-70	2.648997e-65	-1.230632e-08
5.884084e-03	-1.347779e-17	4.682211e-17	-4.121147e-17	1.454491e-72	1.303877e-70	2.930885e-65	2.873165e-08
5.882353e-03	-2.313459e-17	3.565724e-17	-1.246164e-17	1.398513e-72	1.179680e-70	1.359923e-65	8.213874e-09
5.880623e-03	-1.345686e-17	4.509136e-17	-1.245531e-17	1.138132e-72	1.075885e-70	4.065985e-65	-4.109353e-09
5.878895e-03	-4.192680e-17	3.964309e-17	-3.511717e-17	9.250730e-73	1.114330e-70	2.955026e-65	-5.345301e-08
5.877167e-03	-6.087254e-17	2.160441e-17	-1.845881e-17	8.737887e-73	1.125331e-70	2.623765e-65	-6.171282e-08
5.875441e-03	-4.772157e-17	1.232230e-17	8.847090e-18	7.626319e-73	1.122613e-70	1.656268e-65	2.181801e-07
5.873715e-03	-4.858062e-17	-8.151864e-18	8.772280e-18	5.598728e-73	1.233068e-70	8.228587e-65	-1.647610e-07
5.871991e-03	-2.047391e-17	-7.049954e-18	-2.226314e-17	3.413153e-73	1.201906e-70	7.049746e-65	-4.121445e-09
5.870267e-03	-4.201500e-18	2.570934e-19	-3.429982e-17	1.239107e-73	1.111045e-70	9.027582e-65	7.010571e-08
5.868545e-03	-2.889776e-17	-1.475697e-17	2.610488e-18	-9.271379e-74	1.048334e-70	1.090933e-64	-7.427316e-08
5.866823e-03	-7.585733e-18	-2.131636e-17	-3.677397e-17	-8.929778e-74	1.072394e-70	1.027032e-64	1.238613e-08
5.865103e-03	-1.408700e-17	-1.892951e-17	-1.516148e-17	9.175884e-75	1.102422e-70	1.160376e-64	-0.000000e+00
5.863383e-03	-5.074119e-18	-6.810799e-18	2.870967e-18	-1.519015e-73	1.055393e-70	1.402922e-64	7.027042e-08
5.861665e-03	1.313775e-18	-2.222957e-17	-3.796334e-18	-1.744759e-73	1.041780e-70	1.343687e-64	-5.790370e-08
5.859947e-03	-5.322124e-18	-2.227796e-17	4.342230e-19	-3.170212e-73	1.071227e-70	1.285784e-64	1.655361e-08
5.858231e-03	-2.162634e-17	-4.142857e-18	-2.576173e-17	-5.785892e-73	9.577032e-71	1.078064e-64	1.035207e-07
5.856515e-03	-2.510897e-17	-4.232473e-18	-1.410005e-17	-1.172268e-72	1.091401e-70	9.475506e-65	-3.728929e-08
5.854801e-03	-1.963300e-17	-3.549589e-18	-3.564857e-17	-9.483628e-73	1.001822e-70	9.790788e-65	-1.243704e-07
5.853088e-03	-7.835345e-18	-5.361672e-18	-9.959481e-18	-1.072265e-72	1.075079e-70	9.782362e-65	1.161471e-07
5.851375e-03	-4.110254e-18	-3.332503e-18	-5.359930e-17	-4.864139e-73	1.006535e-70	1.096091e-64	-7.886021e-08
5.849664e-03	-1.084972e-17	-1.501366e-17	-1.451882e-18	3.349747e-73	1.119414e-70	1.108278e-64	5.398856e-08
5.847953e-03	-3.790469e-17	-8.100196e-18	-2.000732e-17	3.619336e-73	1.250843e-70	1.168039e-64	-7.479713e-08
5.846244e-03	-8.161079e-18	-1.662814e-17	1.616383e-17	2.872092e-73	1.169278e-70	1.156859e-64	4.989392e-08
5.844535e-03	-1.582873e-18	-7.935596e-18	-7.256104e-17	4.815647e-73	1.249137e-70	1.154545e-64	6.656412e-08
5.842828e-03	-1.327270e-17	-4.844812e-18	-2.473726e-17	3.108569e-73	1.358080e-70	1.051263e-64	-7.492841e-08
5.841121e-03	-2.158211e-17	-9.279729e-18	-1.256157e-17	4.042707e-73	1.217091e-70	1.052332e-64	-8.330244e-09
5.839416e-03	-1.544054e-17	3.116684e-20	-5.561957e-18	-3.099483e-74	1.160572e-70	9.765765e-65	-1.667022e-08
5.837712e-03	-2.661384e-18	-9.929898e-18	-1.616979e-17	-2.787653e-73	1.159781e-70	8.877130e-65	4.169989e-09
5.836008e-03	6.626833e-19	-1.420769e-18	-3.395125e-17	-4.405515e-73	1.191513e-70	9.928942e-65	2.503454e-08
5.834306e-03	1.347319e-17	-1.052225e-18	-6.675026e-18	2.196065e-73	1.070684e-70	9.848000e-65	9.602176e-08
5.832604e-03	1.182047e-17	-1.973226e-17	-3.723476e-17	-8.087411e-75	1.027687e-70	8.062960e-65	-1.044324e-07
5.830904e-03	1.832301e-17	-2.174323e-17	1.997582e-17	-4.305993e-73	1.070094e-70	8.218935e-65	-5.433652e-08
5.829204e-03	2.455789e-17	-1.267333e-17	3.254904e-17	6.879390e-75	1.084932e-70	6.504579e-65	1.087364e-07
5.827506e-03	1.827968e-17	-3.792190e-17	-4.685664e-17	6.160869e-74	9.950607e-71	5.848093e-65	-4.603069e-08
5.825808e-03	2.618009e-17	-4.336887e-17	-6.043411e-18	-6.580623e-74	1.034456e-70	3.228609e-65	-1.256114e-08
5.824112e-03	2.326312e-17	-2.167153e-17	-5.033883e-18	-4.839266e-73	1.184488e-70	2.793630e-65	-9.635819e-08
5.822416e-03	2.495518e-17	-2.260041e-17	-1.049025e-17	-5.215840e-73	1.291147e-70	1.504126e-65	1.634851e-07
5.820722e-03	2.736438e-18	-1.482301e-17	-5.668487e-17	-9.109382e-73	1.125581e-70	1.257156e-65	-3.774931e-08
5.819028e-03	-1.062234e-17	-4.746170e-17	-9.664578e-18	-1.180844e-72	1.097037e-70	1.287096e-65	2.098405e-08
5.817336e-03	-9.114134e-18	-4.176228e-17	-3.748236e-17	-1.520520e-72	9.827264e-71	2.825129e-65	-1.679701e-08
5.815644e-03	-1.135956e-17	-3.449381e-17	-4.438121e-17	-1.790952e-72	9.848735e-71	1.559087e-65	8.403391e-09
5.813953e-03	-1.129780e-17	-3.178503e-17	-4.629035e-17	-1.302455e-72	8.606896e-71	2.122722e-65	-1.681656e-08
5.812264e-03	1.438963e-17	-2.090162e-17	-2.695327e-17	-9.694485e-73	6.387589e-71	9.061897e-66	-0.000000e+00
5.810575e-03	1.121099e-17	-1.054124e-17	-2.071734e-17	-7.381804e-73	5.990831e-71	1.278058e-66	-7.576253e-08
5.808888e-03	-2.824193e-18	-5.553162e-18	-5.983712e-18	5.092365e-73	6.702062e-71	9.914940e-66	1.347672e-07
5.807201e-03	-1.723557e-18	-8.134010e-18	-1.243580e-18	7.768112e-73	7.077086e-71	-3.429580e-66	-6.320883e-08
5.805515e-03	-2.062588e-18	1.722184e-17	-1.571876e-17	1.532597e-72	8.726169e-71	9.060772e-66	-4.638006e-08
5.803831e-03	4.518411e-18	3.429290e-18	2.896446e-17	1.942303e-72	8.451331e-71	3.586515e-66	6.750108e-08
5.802147e-03	-1.804928e-18	1.125961e-17	3.627578e-17	1.946956e-72	8.991461e-71	1.566507e-65	-0.000000e+00
5.800464e-03	-2.807282e-18	1.194789e-17	2.008051e-17	2.134135e-72	8.712522e-71	2.646867e-65	-6.757946e-08
5.798782e-03	7.536444e-18	1.220931e-17	1.405709e-17	2.136297e-72	9.569578e-71	1.241279e-65	5.071400e-08
5.797101e-03	-3.683406e-18	1.342989e-17	-1.836476e-17	1.860952e-72	9.698869e-71	1.909224e-65	-0.000000e+00
5.795422e-03	-1.474163e-17	3.665047e-17	-1.039967e-17	1.954729e-72	9.975895e-71	1.327457e-65	-4.231069e-08
5.793743e-03	-2.765272e-17	2.312162e-17	-8.553271e-18	2.638511e-72	1.041780e-70	-1.190806e-66	3.810169e-08
5.792065e-03	-3.230204e-18	1.251666e-17	-1.491320e-17	2.338384e-72	8.977498e-71	1.609334e-66	2.117987e-08
5.790388e-03	-3.963408e-18	-9.905360e-18	6.375109e-19	1.980393e-72	9.839604e-71	-4.756716e-66	-8.476857e-08
5.788712e-03	1.556420e-17	3.752660e-18	9.668915e-18	1.466757e-72	1.061405e-70	2.593757e-66	8.481766e-08
5.787037e-03	2.779146e-17	2.011089e-17	-1.998185e-17	1.500046e-72	1.000578e-70	2.650346e-65	-5.940674e-08
5.785363e-03	2.571958e-17	1.203250e-17	-6.036838e-18	1.127713e-72	9.275796e-71	1.819424e-65	5.094953e-08
5.783690e-03	2.187221e-17	5.802096e-18	-2.242239e-17	6.925571e-73	9.083441e-71	1.041693e-65	1.699300e-08
5.782018e-03	1.204809e-17	-2.203061e-17	-1.408602e-17	9.131671e-73	1.000311e-70	2.241817e-66	4.250709e-08
5.780347e-03	-1.211583e-19	-3.306811e-17	-2.643285e-18	5.737614e-73	9.063231e-71	7.571740e-66	4.253167e-09
5.778677e-03	5.866330e-18	-4.196093e-17	-3.682493e-17	5.520620e-73	9.316698e-71	-1.114417e-65	-1.659694e-07
5.777008e-03	-5.439698e-18	-1.945953e-17	1.894101e-17	5.886441e-73	1.170136e-70	-1.754638e-65	5.961319e-08
5.775339e-03	1.407116e-18	-3.661178e-17	-1.922738e-17	7.740584e-73	1.113212e-70	-1.976642e-65	8.095036e-08
5.773672e-03	-4.847152e-18	-3.856515e-17	-3.472808e-17	9.637170e-73	1.034635e-70	-7.032775e-66	-7.673411e-08
5.772006e-03	1.296518e-17	-5.361700e-17	-4.314529e-17	1.246476e-72	8.700492e-71	2.105895e-66	-2.132734e-08
5.770340e-03	3.573703e-17	-5.506107e-17	-2.290269e-17	1.825696e-72	1.026782e-70	1.728715e-66	5.121516e-08
5.768676e-03	4.168712e-17	-4.609401e-17	-1.729248e-17	2.238779e-72	1.171491e-70	1.908031e-66	-8.540787e-09
5.767013e-03	1.975611e-17	-5.252309e-17	1.887488e-17	1.950049e-72	1.337283e-70	2.033566e-67	1.068214e-07
5.765350e-03	-8.641516e-18	-5.219429e-17	-2.188896e-17	2.539755e-72	1.432397e-70	-6.032774e-66	-4.702854e-08
5.763689e-03	4.743483e-18	-4.943256e-17	-2.256442e-17	2.146628e-72	1.407502e-70	-6.814061e-66	-7.700017e-08
5.762028e-03	4.224659e-18	-4.711319e-17	4.093839e-17	2.197295e-72	1.483254e-70	-1.377795e-65	-5.136304e-08
5.760369e-03	1.134016e-17	-5.153881e-17	-1.564937e-17	2.292133e-72	1.410695e-70	-1.644684e-65	1.284816e-07
5.758710e-03	-8.760826e-18	-3.859046e-17	-1.734723e-20	2.062301e-72	1.367001e-70	-4.423754e-65	-6.856299e-08
5.757052e-03	1.033076e-17	-3.848775e-17	2.111863e-17	2.063339e-72	1.404586e-70	-5.706905e-65	-6.002717e-08
5.755396e-03	1.973162e-17	-2.544543e-17	1.763653e-17	8.797157e-73	1.186280e-70	-8.063960e-65	6.864198e-08
5.753740e-03	7.624860e-18	-7.753655e-18	-2.581372e-17	1.225315e-72	1.243043e-70	-9.410913e-65	-0.000000e+00
5.752085e-03	5.923754e-18	-7.997982e-19	-2.337323e-17	1.628894e-72	1.350237e-70	-1.055690e-64	8.590127e-09
5.750431e-03	6.285327e-18	2.791276e-17	-3.758278e-17	1.581961e-72	1.327357e-70	-8.989853e-65	1.117359e-07
5.748778e-03	4.242030e-17	2.329834e-17	-2.414301e-17	1.494753e-72	1.054044e-70	-8.397580e-65	-1.548002e-07
5.747126e-03	2.933173e-17	3.554075e-17	-4.865032e-17	1.581746e-72	1.026659e-70	-1.043413e-64	-0.000000e+00
5.745475e-03	3.147201e-17	5.204349e-17	1.581851e-18	1.980420e-72	9.890032e-71	-1.002300e-64	-4.735447e-08
5.743825e-03	2.772503e-17	3.851730e-17	1.582935e-18	1.935819e-72	1.173903e-70	-8.149338e-65	7.322623e-08
5.742176e-03	2.541016e-17	4.481010e-17	-2.121567e-17	2.382459e-72	1.181911e-70	-7.636207e-65	-2.585940e-08
5.740528e-03	2.910373e-17	2.951621e-17	-3.252173e-17	2.353510e-72	1.182453e-70	-6.921017e-65	-2.156187e-08
5.738881e-03	6.344938e-17	4.054388e-17	-3.838835e-17	2.438689e-72	9.833341e-71	-5.391889e-65	1.251307e-07
5.737235e-03	6.904512e-17	4.733555e-17	-2.465476e-17	1.813247e-72	1.036641e-70	-3.888854e-65	-4.317327e-08
5.735589e-03	7.582006e-17	6.212170e-17	-8.490048e-18	2.587500e-72	1.007823e-70	-2.020125e-65	2.159902e-08
5.733945e-03	8.133796e-17	5.209965e-17	1.800541e-17	2.282989e-72	1.018509e-70	-1.706401e-65	4.322283e-09
5.732302e-03	8.369278e-17	5.551175e-17	1.023975e-17	2.379141e-72	9.479934e-71	-4.252676e-65	-6.487142e-08
5.730659e-03	8.357560e-17	5.155252e-17	-2.293630e-17	2.653386e-72	8.781578e-71	-6.650888e-65	6.058137e-08
5.729017e-03	8.573835e-17	6.548300e-17	-1.788825e-17	2.831034e-72	7.355623e-71	-7.094867e-65	-6.494581e-08
5.727377e-03	8.359390e-17	5.569150e-17	-3.689865e-17	2.501615e-72	5.576204e-71	-5.498350e-65	-0.000000e+00
5.725737e-03	8.883768e-17	6.902551e-17	-5.771764e-17	2.150783e-72	5.223041e-71	-4.781179e-65	1.733873e-08
5.724098e-03	7.758104e-17	5.868199e-17	-1.143183e-17	1.969630e-72	4.710686e-71	-5.854348e-65	4.337166e-08
5.722461e-03	6.148327e-17	5.345390e-17	-4.739265e-17	1.957822e-72	4.537181e-71	-5.626546e-65	-9.981192e-08
5.720824e-03	4.523111e-17	5.882981e-17	-5.788040e-17	1.634748e-72	4.839974e-71	-7.356563e-65	4.342132e-09
5.719188e-03	5.915421e-17	4.856896e-17	-1.934976e-17	1.693557e-72	6.582270e-71	-6.595805e-65	1.477170e-07
5.717553e-03	5.907673e-17	5.468326e-17	-6.128724e-18	1.628130e-72	6.210588e-71	-7.510034e-65	-6.085943e-08
5.715919e-03	6.343904e-17	5.169082e-17	-3.841545e-17	1.461064e-72	6.017946e-71	-6.395647e-65	-9.134134e-08
5.714286e-03	4.551657e-17	6.797946e-17	-1.148861e-17	1.357191e-72	6.950802e-71	-7.184280e-65	7.833734e-08
5.712654e-03	4.429704e-17	5.771393e-17	-3.461749e-17	2.078233e-72	6.680329e-71	-7.513203e-65	-0.000000e+00
5.711022e-03	6.701868e-17	7.436036e-17	-3.645765e-17	3.139097e-72	5.120693e-71	-9.814323e-65	-6.535574e-08
5.709392e-03	7.707523e-17	8.576746e-17	1.006273e-17	2.850205e-72	6.161222e-71	-9.236644e-65	7.847169e-08
5.707763e-03	8.040545e-17	9.254494e-17	2.089908e-17	3.030502e-72	7.062346e-71	-1.028788e-64	-1.744811e-08
5.706134e-03	7.960481e-17	9.293278e-17	-4.328406e-17	1.791493e-72	6.803099e-71	-1.047629e-64	5.237421e-08
5.704507e-03	7.324499e-17	7.534015e-17	-3.524524e-17	2.407119e-72	7.688471e-71	-1.168007e-64	-7.860615e-08
5.702880e-03	8.617428e-17	8.409952e-17	-1.996884e-17	3.150568e-72	9.295370e-71	-1.148597e-64	2.621700e-08
5.701254e-03	8.543996e-17	7.211024e-17	-4.270374e-17	2.558073e-72	9.298016e-71	-1.032269e-64	-3.497594e-08
5.699630e-03	8.245989e-17	6.473157e-17	-4.904931e-17	3.095751e-72	1.023209e-70	-1.156076e-64	4.374485e-08
5.698006e-03	8.518911e-17	5.405999e-17	-1.758684e-17	3.379659e-72	9.350443e-71	-1.229152e-64	-7.878562e-08
5.696383e-03	6.767263e-17	5.062870e-17	-3.783866e-17	2.870691e-72	9.025422e-71	-1.193412e-64	6.569210e-08
5.694761e-03	6.868899e-17	3.335303e-17	-1.136366e-17	3.291464e-72	9.516630e-71	-8.326041e-65	-2.190984e-08
5.693140e-03	6.215578e-17	3.214763e-17	-3.374525e-17	3.008415e-72	1.013746e-70	-9.321540e-65	8.768928e-08
5.691520e-03	5.003652e-17	4.793968e-17	3.050555e-17	3.232321e-72	9.630370e-71	-9.496978e-65	-1.316088e-07
5.689900e-03	3.349805e-17	5.490884e-17	-1.684850e-18	2.605456e-72	8.958511e-71	-9.226992e-65	-6.584187e-08
5.688282e-03	3.609230e-17	5.124392e-17	-4.069341e-17	2.329244e-72	7.757486e-71	-8.561539e-65	2.020300e-07
5.686665e-03	4.431431e-17	4.373661e-17	-3.516176e-17	2.076667e-72	8.718756e-71	-6.639184e-65	-9.667799e-08
5.685048e-03	6.387548e-17	3.364892e-17	-2.345346e-17	2.153003e-72	9.320013e-71	-4.959509e-65	2.638172e-08
5.683433e-03	3.235813e-17	4.644382e-17	-4.295826e-17	2.196193e-72	9.263384e-71	-4.118905e-65	5.719290e-08
5.681818e-03	6.152995e-17	5.072483e-17	-4.414980e-17	2.021741e-72	8.358436e-71	-3.375806e-65	-8.363713e-08
5.680204e-03	7.219080e-17	4.301799e-17	-2.105521e-17	1.855547e-72	7.938543e-71	-3.932728e-65	4.404456e-09
5.678592e-03	6.265455e-17	4.179159e-17	4.943962e-18	1.407558e-72	7.595127e-71	-3.365697e-65	1.762783e-08
5.676980e-03	7.538001e-17	4.845678e-17	-5.708433e-17	1.255681e-72	6.320494e-71	-1.372947e-65	4.409461e-08
5.675369e-03	6.313659e-17	4.782719e-17	-1.199073e-17	1.103740e-72	7.352969e-71	-2.190220e-65	-5.735554e-08
5.673759e-03	7.496828e-17	5.873239e-17	1.508722e-17	8.293618e-73	6.429558e-71	-2.355648e-65	4.414469e-09
5.672150e-03	6.543320e-17	6.262631e-17	-1.514414e-17	6.956312e-73	6.806189e-71	-2.825711e-65	6.183763e-08
5.670542e-03	6.921311e-17	5.290682e-17	-2.364103e-17	5.486173e-73	7.287068e-71	-3.336410e-65	-1.060675e-07
5.668934e-03	7.388341e-17	5.062454e-17	-4.378984e-17	5.387895e-73	7.232492e-71	-3.058487e-65	7.075178e-08
5.667328e-03	9.165912e-17	4.041635e-17	-5.900662e-17	6.412819e-73	8.680524e-71	-4.338617e-65	-7.964088e-08
5.665722e-03	9.586327e-17	4.997424e-17	-6.178218e-17	9.611289e-73	8.545350e-71	-3.647575e-65	1.062480e-07
5.664118e-03	8.794668e-17	5.515749e-17	-1.159514e-17	5.766779e-73	7.869778e-71	-3.799234e-65	-4.429510e-08
5.662514e-03	6.455556e-17	7.224778e-17	-3.190156e-17	5.889058e-73	8.832276e-71	-2.454973e-65	-3.545615e-08
5.660911e-03	1.038792e-16	9.098267e-17	-2.418638e-17	5.800659e-73	7.628513e-71	-2.097532e-65	5.321435e-08
5.659310e-03	1.074600e-16	9.158494e-17	-2.909457e-17	6.766968e-73	8.431463e-71	-1.387054e-65	-6.211855e-08
5.657709e-03	8.809266e-17	8.205094e-17	-1.013187e-17	5.554007e-73	9.257922e-71	-9.610866e-66	8.879102e-09
5.656109e-03	7.857610e-17	7.722117e-17	-5.296761e-17	4.167259e-73	8.510030e-71	-1.028766e-65	6.218888e-08
5.654509e-03	6.161841e-17	5.308094e-17	1.176885e-17	2.778733e-73	9.849355e-71	-5.584369e-66	-1.333373e-08
5.652911e-03	5.394399e-17	4.770894e-17	-5.990217e-18	5.434497e-73	1.010820e-70	-9.976252e-66	-2.223545e-08
5.651314e-03	2.715526e-17	4.201108e-17	-2.469650e-17	4.523357e-73	1.108291e-70	-1.261685e-65	8.899207e-09
5.649718e-03	4.247460e-17	5.804837e-17	-4.387224e-18	1.305901e-73	8.728006e-71	-4.662565e-65	-8.013814e-08
5.648122e-03	6.012725e-17	6.598279e-17	-5.720793e-18	-4.268880e-74	7.929874e-71	-4.514853e-65	3.118244e-08
5.646527e-03	4.289099e-17	6.932893e-17	-5.324137e-17	-1.874347e-73	9.287305e-71	-2.303051e-65	6.685726e-08
5.644934e-03	2.458828e-17	6.964312e-17	-2.334341e-17	-3.257351e-73	1.043902e-70	-4.640296e-65	-3.121767e-08
5.643341e-03	1.331110e-17	6.576186e-17	-1.776465e-17	-4.353508e-73	1.101812e-70	-4.276770e-65	-1.338656e-08
5.641749e-03	2.234589e-17	5.160474e-17	-4.608212e-17	-3.662878e-73	1.211089e-70	-4.866303e-65	7.589997e-08
5.640158e-03	2.935937e-17	4.035582e-17	-5.208399e-17	-4.281508e-73	1.288851e-70	-4.562910e-65	2.233612e-08
5.638568e-03	9.934870e-18	3.932261e-17	-2.351906e-17	-2.721517e-73	1.321417e-70	-3.854773e-65	-5.810666e-08
5.636979e-03	1.189793e-17	4.222132e-17	3.720982e-18	-5.627736e-73	1.193510e-70	-3.069382e-65	-4.025038e-08
5.635390e-03	4.837268e-18	3.083496e-17	-4.028462e-17	-6.906867e-73	1.116727e-70	-2.620384e-65	2.684871e-08
5.633803e-03	1.047028e-17	2.317602e-17	-5.205797e-17	-5.725892e-73	9.749464e-71	-1.850741e-65	4.477307e-08
5.632216e-03	1.752334e-17	2.539072e-17	-4.810280e-17	-4.622774e-73	1.035270e-70	-5.406733e-66	-2.687898e-08
5.630631e-03	3.518634e-18	2.831777e-17	-2.228279e-17	-6.061149e-73	1.276656e-70	4.711941e-66	-2.689412e-08
5.629046e-03	1.386975e-17	2.660225e-17	-2.235598e-17	-7.624389e-73	1.112073e-70	2.171962e-65	-3.587902e-08
5.627462e-03	1.518043e-17	3.940185e-17	-2.331170e-17	-7.003657e-73	9.776481e-71	1.772196e-65	6.282364e-08
5.625879e-03	5.369019e-18	6.772590e-17	9.438522e-18	-8.104635e-73	1.047711e-70	1.484883e-65	-8.081871e-08
5.624297e-03	-5.513398e-18	3.861583e-17	2.403134e-18	-1.117539e-72	1.083093e-70	2.563658e-65	6.289437e-08
5.622716e-03	6.409862e-18	5.168375e-17	-3.960265e-17	-1.238463e-72	9.505883e-71	3.662120e-65	-4.045484e-08
5.621135e-03	1.536865e-17	7.110586e-17	-4.427556e-17	-1.617873e-72	8.630685e-71	2.307424e-65	1.349253e-08
5.619556e-03	1.946329e-17	6.993528e-17	-4.995353e-17	-1.688154e-72	8.704668e-71	2.210990e-65	4.950042e-08
5.617978e-03	3.103497e-17	6.764927e-17	-4.201826e-17	-1.742864e-72	9.352455e-71	1.763830e-65	4.502567e-09
5.616400e-03	3.914142e-17	7.194425e-17	-2.468783e-17	-1.628297e-72	1.014359e-70	2.024239e-65	-5.406117e-08
5.614823e-03	2.559797e-17	7.195528e-17	-6.749904e-18	-1.810698e-72	1.115345e-70	3.887855e-65	-0.000000e+00
5.613247e-03	1.594278e-17	6.160315e-17	-4.926777e-17	-1.763128e-72	1.254542e-70	6.167320e-65	7.216254e-08
5.611672e-03	3.395954e-17	7.517467e-17	-1.638229e-18	-1.320631e-72	1.218863e-70	7.450963e-65	-1.128173e-07
5.610098e-03	-5.263977e-18	6.915097e-17	-6.126664e-17	-1.816868e-72	1.134971e-70	5.196586e-65	7.675880e-08
5.608525e-03	-3.839810e-18	6.791510e-17	-2.674076e-17	-1.760021e-72	1.078820e-70	5.525325e-65	7.228412e-08
5.606953e-03	-1.391301e-17	6.450183e-17	-1.242875e-17	-1.995328e-72	1.134264e-70	5.370022e-65	-1.853319e-07
5.605381e-03	6.291550e-18	4.952468e-17	-2.247443e-17	-1.781889e-72	1.144132e-70	3.536878e-65	1.582989e-07
5.603811e-03	-4.992016e-18	5.679732e-17	-2.957161e-18	-1.847809e-72	1.088617e-70	2.973920e-65	-3.620289e-08
5.602241e-03	-4.269934e-18	7.536895e-17	-5.316277e-17	-1.604318e-72	9.777201e-71	2.203274e-65	-4.527898e-08
5.600672e-03	-3.358593e-17	7.489429e-17	2.721127e-18	-1.296628e-72	1.076488e-70	3.219642e-65	4.530435e-09
5.599104e-03	-3.105530e-17	9.566325e-17	-1.706372e-17	-1.358038e-72	1.180177e-70	3.546994e-65	-4.079675e-08
5.597537e-03	-2.606238e-17	9.453719e-17	-1.069511e-17	-1.521518e-72	1.127988e-70	5.096560e-65	5.896165e-08
5.595971e-03	-1.556179e-18	9.214310e-17	1.085828e-17	-1.743743e-72	1.100469e-70	5.288812e-65	-2.722830e-08
5.594406e-03	-2.028567e-17	1.085090e-16	-5.101171e-17	-1.654941e-72	1.083124e-70	6.562389e-65	5.902767e-08
5.592841e-03	-2.181718e-17	9.267434e-17	-1.699107e-17	-1.703035e-72	1.184283e-70	9.185738e-65	-1.817252e-08
5.591278e-03	-1.409868e-17	8.427838e-17	-1.001857e-17	-9.973559e-73	1.092575e-70	9.293147e-65	-6.363941e-08
5.589715e-03	-2.915485e-17	6.809066e-17	-8.304447e-18	-9.731009e-73	1.136876e-70	9.509282e-65	-3.638571e-08
5.588153e-03	-2.144875e-17	5.738785e-17	-1.027011e-17	-3.939330e-73	1.158016e-70	9.768301e-65	1.183197e-07
5.586592e-03	-3.170773e-17	5.980647e-17	4.604607e-18	-2.277910e-73	1.055771e-70	9.358343e-65	-3.642640e-08
5.585032e-03	-4.585879e-17	7.005345e-17	-4.232400e-17	-2.896985e-73	1.185792e-70	7.499344e-65	1.002286e-07
5.583473e-03	-2.735911e-17	5.888304e-17	-2.608970e-17	-3.760020e-73	1.029680e-70	8.626231e-65	-9.116778e-08
5.581915e-03	-9.901733e-18	5.792854e-17	4.725766e-18	8.255712e-74	1.070993e-70	1.015972e-64	8.209682e-08
5.580357e-03	-3.284915e-17	3.129006e-17	-1.816095e-17	-3.788767e-74	9.806870e-71	1.052754e-64	-1.232140e-07
5.578801e-03	-3.769846e-17	3.016719e-17	-1.853118e-17	1.951884e-73	1.014487e-70	1.051953e-64	6.849041e-08
5.577245e-03	-2.397905e-17	3.382303e-17	1.586201e-17	1.481450e-73	8.619607e-71	1.046924e-64	9.137150e-09
5.575690e-03	-9.124082e-18	1.187360e-17	-1.942836e-17	-6.726668e-73	8.822376e-71	9.394719e-65	-4.571124e-08
5.574136e-03	-3.887298e-17	-4.359612e-18	-1.798420e-17	-4.410654e-73	1.013878e-70	6.558236e-65	5.031040e-08
5.572583e-03	-1.853722e-17	9.923734e-18	-3.198830e-17	7.578708e-74	9.532521e-71	7.873351e-65	-4.576222e-09
5.571031e-03	-2.097590e-17	2.371167e-17	-2.581919e-17	4.534611e-73	8.988186e-71	6.734867e-65	-7.326037e-08
5.569479e-03	-2.523654e-17	2.005884e-17	-2.597369e-17	7.669738e-73	8.717645e-71	2.378345e-65	5.039457e-08
5.567929e-03	-4.532557e-17	4.283610e-17	2.911408e-17	9.658901e-73	8.977045e-71	4.690820e-65	-1.008453e-07
5.566379e-03	-5.090821e-17	5.611402e-17	-4.523291e-17	1.347256e-72	8.739363e-71	4.960522e-65	8.714214e-08
5.564830e-03	-5.277407e-17	8.078392e-17	-1.405560e-17	1.262250e-72	6.620199e-71	5.033711e-65	-5.506778e-08
5.563282e-03	-4.267921e-17	7.001174e-17	-1.006573e-17	1.009955e-72	8.237032e-71	5.033891e-65	-0.000000e+00
5.561735e-03	-4.293182e-17	6.723134e-17	-1.636169e-17	9.665656e-73	8.881547e-71	6.215297e-65	1.010700e-07
5.560189e-03	-6.584537e-17	5.491039e-17	-4.458456e-17	9.134565e-73	8.956177e-71	8.502039e-65	-8.273963e-08
5.558644e-03	-4.281246e-17	2.343933e-17	-1.826169e-17	1.070378e-72	8.633885e-71	7.751627e-65	1.379761e-08
5.557099e-03	-3.777654e-17	3.346031e-17	1.034329e-18	1.146088e-72	1.027414e-70	1.064076e-64	9.203519e-09
5.555556e-03	-2.657941e-17	4.324399e-17	-3.585348e-17	8.659172e-73	8.948278e-71	1.033546e-64	-3.683454e-08
5.554013e-03	-3.359417e-17	4.497599e-17	-5.357002e-17	1.692053e-72	9.689323e-71	1.053284e-64	7.831688e-08
5.552471e-03	-2.571586e-17	4.498981e-17	-1.677478e-17	1.270224e-72	8.904870e-71	9.952240e-65	-5.070378e-08
5.550930e-03	-2.483025e-17	6.643281e-17	-2.824347e-17	1.956118e-72	1.012494e-70	9.942681e-65	-1.383598e-08
5.549390e-03	-1.574158e-17	6.028085e-17	3.265617e-18	2.212182e-72	1.072394e-70	1.138653e-64	9.229109e-09
5.547850e-03	-2.364220e-17	5.816987e-17	1.450988e-17	2.072070e-72	9.912427e-71	9.603096e-65	2.770269e-08
5.546312e-03	-8.154803e-18	7.979221e-17	2.301870e-17	2.412384e-72	9.791087e-71	1.053472e-64	-9.239355e-09
5.544774e-03	-1.333317e-17	5.951983e-17	2.227277e-17	1.840735e-72	8.824503e-71	9.378306e-65	1.848896e-08
5.543237e-03	-1.718737e-17	6.791056e-17	-3.472876e-17	2.403656e-72	9.712547e-71	8.820379e-65	-7.399685e-08
5.541701e-03	-2.764498e-17	6.424170e-17	1.396452e-17	2.674129e-72	1.117868e-70	8.554369e-65	5.552841e-08
5.540166e-03	-4.222777e-17	6.806628e-17	-1.214523e-17	3.691273e-72	1.317472e-70	8.073179e-65	8.796871e-08
5.538632e-03	-4.526412e-17	5.173091e-17	-1.059591e-17	4.176236e-72	1.321084e-70	8.564996e-65	-4.169248e-08
5.537099e-03	-2.908768e-17	6.496047e-17	1.231871e-17	5.082846e-72	1.458938e-70	7.850743e-65	-5.098570e-08
5.535566e-03	-2.859516e-17	2.755276e-17	2.640249e-17	5.351763e-72	1.388624e-70	8.782622e-65	4.637630e-09
5.534034e-03	-2.339919e-17	1.640196e-17	-4.647284e-17	4.228006e-72	1.285665e-70	8.592838e-65	1.856079e-08
5.532503e-03	-2.277004e-17	1.881778e-17	-1.037954e-17	4.131135e-72	1.320506e-70	8.670896e-65	-5.571319e-08
5.530973e-03	-3.863916e-17	2.663270e-17	-3.890659e-17	4.929177e-72	1.364490e-70	9.164235e-65	-6.038936e-08
5.529444e-03	-4.942340e-17	1.341630e-17	-2.886661e-17	6.215337e-72	1.415384e-70	5.486445e-65	1.440850e-07
5.527916e-03	-4.107821e-17	3.327138e-17	-1.775435e-17	5.559888e-72	1.153004e-70	6.261190e-65	-8.370855e-08
5.526389e-03	-4.127439e-17	5.492854e-17	-1.665768e-17	4.918017e-72	1.169760e-70	6.939887e-65	4.653046e-08
5.524862e-03	-4.167967e-17	5.094525e-17	-1.509752e-17	4.844594e-72	1.194818e-70	8.281231e-65	-4.655618e-09
5.523336e-03	-6.110825e-17	5.490865e-17	-7.467985e-18	4.709583e-72	1.156727e-70	6.709680e-65	6.055648e-08
5.521811e-03	-5.505465e-17	6.456181e-17	1.356506e-17	4.583328e-72	1.005546e-70	7.176353e-65	-3.262535e-08
5.520287e-03	-5.300345e-17	6.972112e-17	-4.160951e-17	3.691515e-72	1.203304e-70	7.247800e-65	-4.663338e-09
5.518764e-03	-5.074020e-17	7.324842e-17	8.883953e-18	4.819852e-72	1.190055e-70	8.093924e-65	-9.331825e-09
5.517241e-03	-4.139265e-17	1.003667e-16	-4.050579e-17	5.881108e-72	1.211573e-70	9.932587e-65	-0.000000e+00
5.515720e-03	-4.647006e-17	9.208142e-17	-2.550586e-18	5.597194e-72	1.129669e-70	8.740410e-65	-3.736851e-08
5.514199e-03	-6.458919e-17	6.536718e-17	5.629178e-18	5.472870e-72	1.028852e-70	8.405826e-65	2.804184e-08
5.512679e-03	-5.954562e-17	7.233482e-17	2.020953e-17	5.711107e-72	9.541594e-71	8.582515e-65	-7.014327e-08
5.511160e-03	-5.008293e-17	8.417710e-17	-4.419208e-17	6.296997e-72	1.039407e-70	1.002432e-64	2.011882e-07
5.509642e-03	-5.838679e-17	9.405466e-17	-3.784164e-17	4.620375e-72	1.059824e-70	1.185544e-64	-3.745100e-08
5.508124e-03	-5.345277e-17	9.340942e-17	-3.329290e-17	3.956820e-72	1.063865e-70	1.253407e-64	-7.494328e-08
5.506608e-03	-7.539820e-17	9.647152e-17	-2.535637e-17	4.016147e-72	1.222219e-70	1.402026e-64	9.373070e-09
5.505092e-03	-7.735205e-17	1.239173e-16	-2.768619e-17	3.901292e-72	1.265734e-70	1.514664e-64	2.813470e-08
5.503577e-03	-7.332508e-17	1.105210e-16	-1.746433e-17	4.163439e-72	1.228417e-70	1.635202e-64	-1.313675e-07
5.502063e-03	-7.313488e-17	9.640394e-17	8.556524e-18	3.528628e-72	1.047442e-70	1.609282e-64	1.032742e-07
5.500550e-03	-6.595208e-17	8.780423e-17	4.806919e-17	4.840134e-72	1.098636e-70	1.778219e-64	-4.696864e-08
5.499038e-03	-5.657324e-17	8.326984e-17	-4.548228e-17	4.971562e-72	1.065190e-70	1.864044e-64	-3.759558e-08
5.497526e-03	-3.279570e-17	8.109898e-17	-1.670539e-17	5.165500e-72	9.662454e-71	2.007732e-64	1.222528e-07
5.496015e-03	-4.378439e-17	8.269897e-17	-2.460922e-17	5.697631e-72	8.883829e-71	2.042400e-64	-1.035016e-07
5.494505e-03	-2.925190e-17	7.705006e-17	-4.794776e-17	5.787807e-72	6.634617e-71	2.017936e-64	-9.414407e-09
5.492996e-03	-3.248552e-17	6.237823e-17	-2.875304e-17	5.356569e-72	7.927241e-71	1.893619e-64	5.651748e-08
5.491488e-03	-1.555563e-17	6.489772e-17	-3.030562e-17	7.087556e-72	7.162671e-71	1.950273e-64	4.241140e-08
5.489981e-03	-2.447376e-17	6.163112e-17	-4.127341e-17	6.794094e-72	6.288429e-71	2.090383e-64	-6.129456e-08
5.488474e-03	-2.942710e-17	6.156007e-17	-1.167469e-17	8.555573e-72	6.734924e-71	2.060402e-64	3.774044e-08
5.486968e-03	-2.318741e-17	6.098315e-17	4.597017e-18	9.121038e-72	7.153222e-71	1.848034e-64	9.440289e-09
5.485464e-03	-4.210501e-18	7.079866e-17	1.710437e-17	8.401302e-72	8.408228e-71	1.798929e-64	-7.556375e-08
5.483959e-03	-3.645112e-19	4.284329e-17	3.754375e-17	6.821570e-72	1.094195e-70	1.862856e-64	2.835195e-08
5.482456e-03	2.464167e-17	5.836229e-17	-8.641091e-18	7.819124e-72	1.033194e-70	1.796929e-64	3.782334e-08
5.480954e-03	2.736066e-17	5.807822e-17	1.327063e-18	7.565283e-72	9.082699e-71	1.868735e-64	-1.371848e-07
5.479452e-03	4.374808e-17	7.343135e-17	-1.441338e-17	6.833735e-72	9.937003e-71	1.778543e-64	7.099654e-08
5.477951e-03	1.105716e-17	7.235026e-17	-3.167388e-17	6.574475e-72	1.073914e-70	1.765989e-64	9.471393e-08
5.476451e-03	2.624985e-17	7.868151e-17	-5.176849e-17	6.345346e-72	9.448411e-71	1.956311e-64	-1.421487e-07
5.474952e-03	3.259919e-17	6.276780e-17	-2.168079e-17	5.329680e-72	9.864239e-71	1.983404e-64	7.585418e-08
5.473454e-03	4.282495e-17	5.262009e-17	-5.094232e-17	5.504882e-72	8.864451e-71	1.836834e-64	-1.897393e-08
5.471956e-03	2.631945e-17	5.552194e-17	-1.713148e-17	5.255764e-72	9.719908e-71	1.785290e-64	2.847647e-08
5.470460e-03	3.254774e-17	7.043337e-17	-9.816909e-18	3.804326e-72	8.613458e-71	1.814287e-64	-4.748676e-09
5.468964e-03	2.507100e-17	7.579429e-17	-7.431555e-17	3.353001e-72	8.657025e-71	1.926350e-64	-4.751275e-09
5.467469e-03	2.061087e-17	8.075119e-17	-2.543538e-17	3.225050e-72	9.069164e-71	1.829187e-64	5.229261e-08
5.465974e-03	-1.372407e-18	5.977833e-17	-4.753251e-17	3.613495e-72	9.092665e-71	1.883889e-64	-3.805178e-08
5.464481e-03	-9.390899e-18	7.284854e-17	1.167604e-17	2.705403e-72	9.578626e-71	1.863658e-64	2.379537e-08
5.462988e-03	-2.185517e-17	7.618550e-17	9.293781e-18	3.107864e-72	1.121140e-70	2.095009e-64	7.618679e-08
5.461496e-03	-3.259859e-17	5.935444e-17	-1.863635e-17	3.184947e-72	1.062174e-70	2.109888e-64	-8.575696e-08
5.460005e-03	-3.501641e-17	6.316786e-17	2.504507e-19	3.490698e-72	1.182050e-70	2.221002e-64	9.533756e-08
5.458515e-03	-2.074969e-17	3.884617e-17	-1.436243e-17	2.894991e-72	1.129227e-70	2.289644e-64	-1.096981e-07
5.457026e-03	-2.780460e-17	5.649890e-17	-1.593777e-17	3.311858e-72	1.068086e-70	2.291073e-64	5.249293e-08
5.455537e-03	-1.871098e-17	6.099191e-17	-1.398187e-17	3.375143e-72	1.211099e-70	2.373583e-64	-5.729627e-08
5.454050e-03	-2.571195e-17	5.629655e-17	-2.300243e-17	2.753079e-72	1.170390e-70	2.376028e-64	-1.910918e-08
5.452563e-03	-2.062259e-17	5.661027e-17	-3.442423e-17	2.532361e-72	1.060988e-70	2.395700e-64	-4.779901e-08
5.451077e-03	-1.047851e-17	6.527533e-17	-4.420075e-17	2.275815e-72	1.000381e-70	2.020982e-64	1.147802e-07
5.449591e-03	1.916683e-18	5.992706e-17	-3.092145e-17	1.684061e-72	8.521894e-71	2.140739e-64	-1.435534e-07
5.448107e-03	6.889019e-18	4.776783e-17	3.902044e-18	2.068762e-72	8.629535e-71	2.297812e-64	1.436317e-07
5.446623e-03	-1.084783e-17	6.075176e-17	1.159663e-17	1.573862e-72	8.736313e-71	2.227957e-64	-4.790331e-08
5.445140e-03	-2.087100e-17	6.276301e-17	-1.535176e-17	1.400712e-72	9.879521e-71	2.183140e-64	6.230823e-08
5.443658e-03	-1.895693e-17	6.598067e-17	-1.759606e-17	1.118109e-72	9.601847e-71	2.225303e-64	-7.672882e-08
5.442177e-03	-5.692601e-18	6.764102e-17	-2.615963e-17	1.228933e-72	8.181729e-71	2.312726e-64	1.919265e-08
5.440696e-03	-5.644649e-18	7.296452e-17	2.585063e-17	1.509433e-72	8.727242e-71	2.417966e-64	9.601547e-09
5.439217e-03	7.060481e-18	8.069606e-17	-6.590458e-18	1.610486e-72	9.264086e-71	2.462866e-64	-2.882031e-08
5.437738e-03	1.075689e-17	8.119319e-17	-3.156546e-17	2.401650e-72	9.537954e-71	2.611411e-64	-4.805999e-09
5.436260e-03	1.576438e-17	7.479176e-17	-7.413964e-17	1.697502e-72	9.600843e-71	2.452980e-64	-0.000000e+00
5.434783e-03	1.808913e-17	6.974575e-17	6.598454e-18	1.740881e-72	9.223787e-71	2.496568e-64	7.697963e-08
5.433306e-03	1.627817e-17	8.729320e-17	1.001803e-17	2.708205e-72	9.214383e-71	2.510023e-64	-5.776611e-08
5.431831e-03	3.606065e-17	7.456572e-17	-8.894795e-18	2.646797e-72	9.197772e-71	2.380734e-64	-9.151270e-08
5.430356e-03	2.572383e-17	7.956568e-17	-4.319461e-17	2.772010e-72	1.050298e-70	2.315393e-64	9.156242e-08
5.428882e-03	1.621591e-17	7.269494e-17	-1.186985e-17	2.529208e-72	1.051589e-70	2.366131e-64	1.060772e-07
5.427408e-03	2.611425e-17	7.567984e-17	-3.313322e-18	3.050693e-72	9.598980e-71	2.565676e-64	-9.648620e-08
5.425936e-03	2.604593e-17	7.119106e-17	-1.748601e-17	2.852075e-72	9.333838e-71	2.636889e-64	-9.653857e-09
5.424464e-03	1.705578e-17	7.767484e-17	-1.389866e-17	2.828252e-72	9.854782e-71	2.680738e-64	5.795458e-08
5.422993e-03	1.363360e-17	5.631643e-17	-4.505077e-17	3.140728e-72	9.825935e-71	2.677397e-64	-6.765035e-08
5.421523e-03	1.368614e-17	4.939211e-17	1.989077e-17	4.242508e-72	1.136781e-70	2.570396e-64	1.933916e-08
5.420054e-03	1.086974e-17	5.628293e-17	-7.725591e-17	5.464245e-72	1.031009e-70	2.651300e-64	-1.934964e-08
5.418586e-03	3.299759e-17	6.808816e-17	-5.715046e-17	4.100259e-72	9.179788e-71	2.657396e-64	6.292043e-08
5.417118e-03	2.386584e-17	7.172115e-17	-1.266782e-17	3.546619e-72	9.840506e-71	2.611331e-64	3.874125e-08
5.415651e-03	5.441139e-17	6.498044e-17	-2.913902e-17	3.894093e-72	9.864028e-71	2.442550e-64	-1.162867e-07
5.414185e-03	2.249001e-17	7.371183e-17	-3.580686e-17	3.661954e-72	1.078342e-70	2.411470e-64	-4.847904e-09
5.412720e-03	1.227047e-17	6.359102e-17	-3.614730e-18	2.734207e-72	1.079409e-70	2.340327e-64	7.760846e-08
5.411255e-03	1.917016e-17	5.016171e-17	-3.409599e-17	2.673090e-72	1.011111e-70	2.355845e-64	2.911893e-08
5.409792e-03	2.469124e-17	6.043378e-17	-3.258570e-17	2.961970e-72	1.048787e-70	2.396672e-64	-9.711562e-08
5.408329e-03	3.800380e-17	6.552175e-17	-7.347530e-17	5.119964e-72	1.220924e-70	2.284746e-64	2.915045e-08
5.406867e-03	2.075862e-17	5.441856e-17	-2.896121e-17	5.992017e-72	1.148632e-70	2.302874e-64	3.888829e-08
5.405405e-03	9.815765e-18	7.079881e-17	-2.787701e-17	6.168132e-72	1.178701e-70	2.210981e-64	-1.945466e-08
5.403945e-03	3.540758e-17	6.282738e-17	-2.718095e-17	6.223271e-72	1.174984e-70	2.109427e-64	-4.866294e-08
5.402485e-03	3.249843e-17	6.065462e-17	-6.361448e-17	5.662305e-72	1.088560e-70	2.259380e-64	3.895140e-08
5.401026e-03	3.631687e-17	5.311857e-17	1.252037e-17	6.348933e-72	8.791407e-71	2.314814e-64	-2.435778e-08
5.399568e-03	4.162962e-17	5.368505e-17	-2.331468e-17	6.526156e-72	1.001677e-70	2.329834e-64	5.361605e-08
5.398111e-03	3.247599e-17	4.342055e-17	9.970323e-18	6.740454e-72	9.596924e-71	2.312350e-64	-1.463046e-08
5.396654e-03	3.292585e-17	4.113719e-17	-3.635438e-17	7.653501e-72	8.515506e-71	2.193121e-64	-6.343287e-08
5.395198e-03	2.160395e-17	4.716992e-17	2.206568e-17	5.723947e-72	8.634111e-71	2.140392e-64	3.905668e-08
5.393743e-03	3.030869e-17	5.310675e-17	-5.515120e-17	5.857342e-72	7.847906e-71	2.142726e-64	-7.815552e-08
5.392289e-03	1.229152e-17	5.296820e-17	-6.287195e-18	6.388247e-72	7.556770e-71	2.167618e-64	9.774710e-08
5.390836e-03	3.086310e-17	6.536081e-17	-8.069717e-17	5.763558e-72	5.431023e-71	2.164399e-64	-7.823985e-08
5.389383e-03	3.140576e-17	6.191403e-17	-3.943243e-17	6.208387e-72	6.601754e-71	2.092608e-64	7.828203e-08
5.387931e-03	5.707779e-17	6.399090e-17	-5.647175e-17	5.841769e-72	7.137011e-71	1.993208e-64	-3.426685e-08
5.386480e-03	7.860132e-17	5.693695e-17	1.692656e-17	5.051666e-72	7.025014e-71	2.019421e-64	5.387692e-08
5.385030e-03	7.993595e-17	7.693906e-17	-4.740566e-17	5.023473e-72	8.525352e-71	1.907305e-64	6.860757e-08
5.383580e-03	7.572508e-17	8.601153e-17	-1.240327e-17	3.775726e-72	6.890167e-71	1.976252e-64	-1.323859e-07
5.382131e-03	5.627644e-17	6.467757e-17	-2.820010e-17	4.052269e-72	7.995340e-71	2.017593e-64	-9.811640e-08
5.380683e-03	5.265871e-17	4.950175e-17	-2.804180e-17	3.923009e-72	8.324739e-71	1.915654e-64	7.853537e-08
5.379236e-03	5.860674e-17	3.424287e-17	-2.253406e-17	3.215182e-72	8.721910e-71	1.723534e-64	5.893323e-08
5.377790e-03	6.383046e-17	4.197905e-17	-1.845746e-17	3.166440e-72	7.093914e-71	1.768553e-64	-1.965498e-08
5.376344e-03	4.179838e-17	6.332850e-17	5.276812e-18	2.916371e-72	7.722983e-71	1.710191e-64	-8.357858e-08
5.374899e-03	2.417610e-17	6.980432e-17	-3.367424e-17	2.659070e-72	7.056349e-71	1.744859e-64	1.082187e-07
5.373455e-03	1.924417e-17	6.229802e-17	-1.224281e-17	2.490046e-72	7.462808e-71	1.829541e-64	-7.874680e-08
5.372012e-03	3.489538e-17	5.225596e-17	-1.261361e-17	2.509151e-72	6.998257e-71	1.629492e-64	3.939456e-08
5.370569e-03	3.007363e-17	4.508124e-17	-4.913171e-17	2.342116e-72	6.899943e-71	1.493723e-64	-7.390449e-08
5.369128e-03	5.857012e-18	5.307376e-17	-1.768334e-18	2.752907e-72	8.839727e-71	1.572395e-64	1.626772e-07
5.367687e-03	-1.700008e-18	4.961493e-17	-2.037650e-17	3.204045e-72	8.177445e-71	1.473788e-64	-1.134420e-07
5.366246e-03	-7.950452e-18	3.770572e-17	-5.156466e-17	2.660558e-72	8.317662e-71	1.614912e-64	3.454435e-08
5.364807e-03	-1.795092e-17	1.843043e-17	-1.600499e-17	2.606632e-72	8.152850e-71	1.410963e-64	-2.962533e-08
5.363368e-03	-7.530292e-18	3.089624e-17	-4.268504e-17	3.010533e-72	8.044202e-71	1.372291e-64	4.446185e-08
5.361930e-03	6.204686e-18	6.298464e-17	-2.530745e-17	3.495054e-72	9.255349e-71	1.440761e-64	5.437141e-08
5.360493e-03	1.697889e-17	7.042968e-17	-4.076492e-17	3.767564e-72	9.164224e-71	1.686749e-64	9.891011e-09
5.359057e-03	1.940516e-17	7.881113e-17	-9.118140e-18	3.948045e-72	9.399508e-71	1.936888e-64	-4.948157e-09
5.357621e-03	3.150926e-17	8.297599e-17	-8.321469e-17	4.103047e-72	9.843138e-71	1.533739e-64	-4.455728e-08
5.356186e-03	4.321305e-17	9.693267e-17	-9.775167e-18	4.158033e-72	8.319882e-71	1.525388e-64	-0.000000e+00
5.354752e-03	2.145860e-17	9.352445e-17	-3.245017e-17	4.410621e-72	9.372041e-71	1.567265e-64	-5.947339e-08
5.353319e-03	5.176719e-17	8.686979e-17	-3.501106e-17	5.234609e-72	1.007200e-70	1.442202e-64	1.190105e-07
5.351887e-03	4.880649e-17	8.638290e-17	-1.409354e-17	4.784378e-72	1.005764e-70	1.473735e-64	-8.930564e-08
5.350455e-03	3.003402e-17	8.765642e-17	-2.161032e-17	5.106829e-72	1.004005e-70	1.190556e-64	4.467672e-08
5.349024e-03	5.186254e-17	7.413761e-17	-2.277692e-17	5.254233e-72	1.098544e-70	1.196270e-64	-1.043015e-07
5.347594e-03	4.810899e-17	5.578091e-17	-5.103556e-17	4.636082e-72	1.033077e-70	1.262993e-64	7.951030e-08
5.346164e-03	3.284765e-17	6.415993e-17	-1.482646e-17	4.176362e-72	1.025233e-70	1.681436e-64	2.983231e-08
5.344735e-03	2.180856e-17	6.058204e-17	2.752938e-17	3.320718e-72	1.154935e-70	1.640222e-64	-0.000000e+00
5.343308e-03	-5.285190e-18	6.339875e-17	-3.056583e-17	3.927342e-72	1.196205e-70	1.695438e-64	-1.990948e-08
5.341880e-03	7.611540e-18	4.900870e-17	-1.416185e-17	4.193634e-72	1.220969e-70	1.719497e-64	-1.992012e-08
5.340454e-03	9.001171e-18	5.660886e-17	-1.068481e-17	4.099425e-72	1.161077e-70	1.778393e-64	1.494807e-08
5.339028e-03	1.001833e-17	7.018745e-17	-2.179680e-17	5.936132e-72	1.266780e-70	2.259688e-64	2.991211e-08
5.337603e-03	3.153087e-18	6.865988e-17	4.478839e-18	6.668107e-72	1.172018e-70	1.934220e-64	-5.985616e-08
5.336179e-03	8.576380e-18	4.993452e-17	-6.715819e-17	6.972220e-72	1.157619e-70	2.187684e-64	5.489744e-08
5.334756e-03	1.370655e-17	7.048637e-17	-2.940356e-18	7.451011e-72	9.699989e-71	2.163198e-64	-4.993339e-08
5.333333e-03	2.851465e-17	7.357818e-17	1.077968e-17	5.865201e-72	9.355027e-71	2.078992e-64	9.992007e-09
5.331911e-03	3.798312e-18	7.001855e-17	-3.494600e-17	5.095249e-72	9.906600e-71	1.945604e-64	3.998935e-08
5.330490e-03	2.532224e-17	6.191558e-17	-1.517883e-17	5.124371e-72	1.197481e-70	2.038494e-64	-5.001334e-08
5.329070e-03	1.279604e-17	7.546143e-17	-1.364889e-17	4.911636e-72	1.150479e-70	2.052174e-64	-2.001600e-08
5.327651e-03	4.513569e-18	7.166860e-17	-2.568583e-17	4.108307e-72	1.151333e-70	2.238584e-64	2.503334e-08
5.326232e-03	1.696832e-17	6.137196e-17	-3.625762e-17	3.458365e-72	1.163456e-70	2.144251e-64	4.508402e-08
5.324814e-03	2.206512e-17	6.313374e-17	-2.270822e-17	3.493012e-72	1.124928e-70	2.042234e-64	-7.518005e-08
5.323396e-03	2.205605e-17	8.240095e-17	-1.096996e-17	2.605732e-72	1.041522e-70	1.997434e-64	-4.513205e-08
5.321980e-03	2.394333e-17	8.916703e-17	-1.212865e-17	1.248574e-72	1.024652e-70	2.032379e-64	1.505203e-08
5.320564e-03	4.380358e-17	5.937741e-17	-2.700531e-17	8.496369e-73	9.969927e-71	1.769537e-64	8.534022e-08
5.319149e-03	6.980869e-17	5.375818e-17	-1.909497e-17	3.950179e-73	8.199019e-71	1.549566e-64	1.004537e-07
5.317735e-03	3.465349e-17	5.613105e-17	-5.110631e-17	1.803709e-72	9.743235e-71	1.623504e-64	-1.809128e-07
5.316321e-03	4.227242e-17	4.872534e-17	-3.060920e-17	1.495181e-72	9.264912e-71	1.818292e-64	6.033635e-08
5.314908e-03	6.061075e-17	3.588971e-17	4.636048e-18	1.589579e-72	1.008958e-70	1.797482e-64	1.006141e-08
5.313496e-03	5.878375e-17	2.657564e-17	-2.472848e-17	1.745594e-72	9.637257e-71	1.751160e-64	-1.006675e-07
5.312085e-03	4.245846e-17	2.959195e-17	-2.548526e-17	2.284061e-72	9.876640e-71	1.877188e-64	4.028841e-08
5.310674e-03	2.935334e-17	4.777584e-17	-5.249273e-17	2.536886e-72	1.101009e-70	1.907954e-64	5.038727e-08
5.309265e-03	3.616721e-17	4.951842e-17	1.228725e-17	2.244346e-72	1.128330e-70	1.895463e-64	3.528982e-08
5.307856e-03	3.441425e-17	6.519354e-17	1.446759e-17	2.470241e-72	1.128009e-70	1.629767e-64	-3.530856e-08
5.306447e-03	4.105271e-17	5.853144e-17	-1.229946e-17	1.124580e-72	9.878721e-71	1.463505e-64	-0.000000e+00
5.305040e-03	3.894579e-17	5.690831e-17	1.353148e-17	6.998431e-73	9.700124e-71	1.330231e-64	-2.524718e-08
5.303633e-03	2.800097e-17	5.922498e-17	-5.565427e-17	1.052866e-72	1.094997e-70	1.096638e-64	3.031269e-08
5.302227e-03	4.000893e-17	6.257569e-17	2.365187e-18	1.484843e-72	1.074566e-70	9.692274e-65	-1.516439e-08
5.300822e-03	5.322280e-17	4.929657e-17	-6.686925e-17	1.667477e-72	9.902055e-71	9.630267e-65	6.574719e-08
5.299417e-03	6.708900e-17	6.193122e-17	-5.930857e-18	2.451204e-72	1.097882e-70	8.778267e-65	1.012031e-08
5.298013e-03	5.190903e-17	7.290186e-17	-5.720251e-18	2.403583e-72	9.236258e-71	9.820913e-65	-1.366967e-07
5.296610e-03	8.606793e-17	6.514876e-17	-3.590878e-17	3.860935e-73	7.162342e-71	1.067947e-64	8.104835e-08
5.295208e-03	6.869058e-17	7.060019e-17	-4.632579e-17	4.483630e-73	8.741803e-71	1.064912e-64	3.547744e-08
5.293806e-03	4.252502e-17	7.448446e-17	-1.498801e-17	2.879195e-73	9.613457e-71	8.996850e-65	-1.318431e-07
5.292405e-03	4.220253e-17	7.770425e-17	2.515349e-18	5.343655e-73	9.578863e-71	1.122414e-64	7.610361e-08
5.291005e-03	5.334031e-17	5.885320e-17	-2.526625e-17	1.082193e-72	8.931657e-71	1.102033e-64	6.091511e-08
5.289606e-03	5.961880e-17	6.705028e-17	-3.877107e-18	8.308518e-73	8.054500e-71	1.119499e-64	-6.094735e-08
5.288207e-03	4.970803e-17	5.311005e-17	7.654467e-18	1.118843e-72	8.981691e-71	1.052950e-64	5.081633e-08
5.286809e-03	2.093153e-17	4.278646e-17	-2.557477e-17	3.507744e-73	8.473052e-71	1.028135e-64	-1.220237e-07
5.285412e-03	2.231155e-17	5.273234e-17	-5.998308e-17	6.688605e-73	8.211074e-71	1.053601e-64	1.170012e-07
5.284016e-03	2.737629e-17	4.600169e-17	-5.802216e-17	-3.536274e-74	7.951733e-71	1.019886e-64	-1.425115e-07
5.282620e-03	6.437773e-18	4.641755e-17	2.177078e-17	1.862828e-73	7.659205e-71	9.982350e-65	5.601626e-08
5.281225e-03	2.633947e-17	2.720436e-17	-5.190726e-17	-1.744519e-73	8.228618e-71	9.561253e-65	3.566554e-08
5.279831e-03	3.339029e-17	4.996120e-17	-4.902701e-17	4.921531e-74	8.527469e-71	8.572645e-65	7.136877e-08
5.278438e-03	5.093991e-17	7.029176e-17	3.649316e-17	3.825669e-73	8.285506e-71	9.215355e-65	-4.590415e-08
5.277045e-03	3.225821e-17	7.499126e-17	-9.360459e-17	1.230295e-73	7.769682e-71	9.532690e-65	-8.165046e-08
5.275653e-03	3.408187e-17	6.299610e-17	-1.064795e-17	1.069162e-72	6.329665e-71	7.955464e-65	1.072228e-07
5.274262e-03	8.014491e-18	4.989177e-17	2.072669e-17	1.170782e-72	6.529937e-71	9.978599e-65	-5.108541e-09
5.272871e-03	-3.289814e-18	6.444849e-17	-1.841843e-17	1.900166e-72	6.476691e-71	9.950119e-65	-7.155730e-08
5.271481e-03	1.743206e-17	6.932081e-17	-3.079134e-17	3.661733e-72	6.946816e-71	8.879921e-65	-5.113931e-08
5.270092e-03	3.948065e-17	6.902987e-17	-2.906507e-17	3.150958e-72	7.192042e-71	9.571398e-65	7.163278e-08
5.268704e-03	3.556025e-17	6.980124e-17	-3.684986e-17	3.878273e-72	9.574386e-71	1.003255e-64	-6.143189e-08
5.267316e-03	2.142807e-17	7.049092e-17	-4.058386e-17	4.332535e-72	9.446310e-71	9.698659e-65	4.609819e-08
5.265929e-03	2.310628e-17	6.264566e-17	-3.452100e-18	3.128557e-72	8.192526e-71	9.182555e-65	1.076191e-07
5.264543e-03	7.893765e-18	5.721002e-17	1.805191e-17	1.664847e-72	7.430445e-71	1.044489e-64	-1.128032e-07
5.263158e-03	-1.033388e-18	6.588843e-17	-1.038774e-17	2.838295e-72	7.396234e-71	1.148805e-64	1.231228e-07
5.261773e-03	2.182553e-17	5.333707e-17	-3.897612e-17	2.915900e-72	8.218057e-71	1.075459e-64	-2.053128e-08
5.260389e-03	1.842683e-17	5.316891e-17	-6.744822e-18	2.706743e-72	7.675631e-71	1.190503e-64	-6.162624e-08
5.259006e-03	1.165256e-17	3.745725e-17	1.101116e-17	3.142955e-72	1.031940e-70	1.219617e-64	-0.000000e+00
5.257624e-03	3.230748e-18	6.736355e-17	-3.420875e-17	3.143906e-72	9.679525e-71	1.086904e-64	4.112740e-08
5.256242e-03	1.770988e-17	7.392321e-17	-1.751203e-17	3.494632e-72	8.310425e-71	1.036660e-64	-2.571814e-08
5.254861e-03	1.089613e-17	7.483878e-17	2.550599e-17	3.540140e-72	6.613814e-71	1.358775e-64	1.543900e-08
5.253480e-03	1.283836e-17	9.749997e-17	-5.258475e-17	3.294599e-72	7.939008e-71	1.388488e-64	1.029807e-08
5.252101e-03	1.192761e-17	8.642482e-17	-4.762981e-17	3.727825e-72	9.517843e-71	1.355515e-64	-3.606219e-08
5.250722e-03	2.623386e-18	7.323359e-17	-1.088973e-17	4.424496e-72	9.096731e-71	1.302006e-64	-8.762561e-08
5.249344e-03	1.392754e-17	8.482597e-17	-3.301612e-17	5.728499e-72	8.401165e-71	1.350198e-64	7.735732e-08
5.247966e-03	1.570339e-17	8.473154e-17	1.921640e-17	6.168892e-72	7.817493e-71	1.439524e-64	-9.803738e-08
5.246590e-03	3.244756e-17	8.964666e-17	-1.464323e-17	6.650955e-72	6.315440e-71	1.597506e-64	2.065028e-07
5.245214e-03	1.663492e-17	9.812471e-17	-3.473784e-17	7.799920e-72	5.799983e-71	1.518133e-64	-1.342973e-07
5.243838e-03	3.703770e-17	8.667010e-17	1.723272e-17	6.715698e-72	5.793500e-71	1.609003e-64	3.617592e-08
5.242464e-03	3.719543e-17	1.054710e-16	2.206243e-17	5.305042e-72	6.911549e-71	1.818693e-64	-1.551210e-08
5.241090e-03	6.500680e-17	1.148699e-16	-1.376069e-17	5.474457e-72	5.993736e-71	1.791919e-64	3.621387e-08
5.239717e-03	6.078088e-17	1.119301e-16	-2.804614e-17	5.310961e-72	5.471758e-71	1.571203e-64	-8.799408e-08
5.238345e-03	6.568756e-17	1.131629e-16	-4.764852e-17	4.555914e-72	4.541502e-71	1.488817e-64	-2.071534e-08
5.236973e-03	5.394125e-17	1.132096e-16	1.377804e-17	5.115554e-72	4.866441e-71	1.566788e-64	1.450833e-07
5.235602e-03	7.180530e-17	1.267267e-16	-3.486903e-17	5.423342e-72	2.948250e-71	1.627468e-64	-7.257967e-08
5.234232e-03	6.007098e-17	1.393357e-16	-2.504073e-17	6.265857e-72	1.576040e-71	1.614263e-64	-7.261767e-08
5.232862e-03	5.739869e-17	1.517746e-16	1.296557e-17	7.116861e-72	2.586547e-71	1.543612e-64	8.822476e-08
5.231494e-03	8.188509e-17	1.495610e-16	-3.139416e-17	6.903532e-72	1.940989e-71	1.459492e-64	1.557722e-08
5.230126e-03	6.698083e-17	1.342092e-16	-4.252891e-17	6.686677e-72	2.649301e-71	1.325726e-64	-0.000000e+00
5.228758e-03	8.810400e-17	1.185784e-16	-9.492868e-18	7.177729e-72	2.755128e-71	1.453904e-64	-6.237411e-08
5.227392e-03	6.535290e-17	1.240903e-16	3.384879e-18	8.325383e-72	3.730917e-71	1.372196e-64	2.600280e-08
5.226026e-03	6.698255e-17	1.014695e-16	-5.092091e-18	7.099479e-72	2.437482e-71	1.568932e-64	2.601640e-08
5.224660e-03	7.368996e-17	1.242748e-16	-5.697089e-17	6.534572e-72	2.027824e-71	1.482922e-64	-1.041200e-08
5.223296e-03	6.869354e-17	1.059281e-16	8.556524e-18	6.795551e-72	2.605448e-71	9.293654e-65	3.646103e-08
5.221932e-03	7.461296e-17	8.643020e-17	1.006140e-17	7.092316e-72	1.931284e-71	9.478786e-65	-4.169152e-08
5.220569e-03	9.148983e-17	7.441457e-17	-9.254004e-19	5.936211e-72	9.292367e-72	9.653843e-65	-5.214162e-08
5.219207e-03	1.087258e-16	9.544537e-17	-2.519469e-17	7.391345e-72	4.299412e-72	1.113095e-64	3.651819e-08
5.217845e-03	9.569183e-17	7.728627e-17	-5.232563e-17	6.197819e-72	2.353621e-72	1.041145e-64	3.131765e-08
5.216484e-03	8.169417e-17	8.092173e-17	1.580116e-17	5.344154e-72	9.875908e-72	1.005942e-64	-5.744565e-08
5.215124e-03	8.668499e-17	7.784081e-17	-6.336511e-17	7.235813e-72	2.362577e-71	1.088397e-64	3.657539e-08
5.213764e-03	9.484397e-17	8.333190e-17	-6.406767e-17	7.488421e-72	2.944332e-71	1.069940e-64	2.091112e-08
5.212406e-03	7.272320e-17	9.152757e-17	-2.309825e-17	8.142952e-72	1.864496e-71	1.176302e-64	-1.203017e-07
5.211047e-03	7.292188e-17	7.716258e-17	-5.612915e-17	7.234488e-72	2.717822e-71	1.117482e-64	1.098979e-07
5.209690e-03	5.650403e-17	8.372830e-17	-3.697685e-17	6.893334e-72	3.024771e-71	1.057478e-64	8.377538e-08
5.208333e-03	6.009732e-17	9.306259e-17	-6.827519e-17	6.345457e-72	2.889950e-71	1.018557e-64	-7.334165e-08
5.206977e-03	5.271826e-17	8.229363e-17	-6.162605e-18	5.394408e-72	2.390724e-71	1.127110e-64	4.193135e-08
5.205622e-03	4.742441e-17	6.898312e-17	-6.665675e-18	5.692192e-72	2.146093e-71	1.101615e-64	-6.817392e-08
5.204267e-03	4.534959e-17	9.095313e-17	-1.676258e-17	5.377159e-72	1.400578e-71	1.086609e-64	-5.246878e-09
5.202914e-03	3.373197e-17	8.772199e-17	-1.332701e-17	5.966059e-72	3.052214e-71	1.000285e-64	1.312402e-07
5.201560e-03	4.687917e-17	9.608704e-17	-4.861996e-17	6.027103e-72	1.500509e-71	1.019862e-64	-2.626170e-08
5.200208e-03	6.367742e-17	1.050686e-16	-3.167605e-17	5.919974e-72	1.478804e-71	1.040185e-64	-3.153044e-08
5.198856e-03	4.805305e-17	1.086973e-16	-2.803367e-17	5.310501e-72	2.010749e-71	9.938594e-65	-1.051561e-07
5.197505e-03	5.300233e-17	1.104895e-16	2.751597e-17	4.767189e-72	1.504264e-71	1.159241e-64	-7.364756e-08
5.196155e-03	3.802804e-17	1.027617e-16	-3.002806e-17	6.237022e-72	2.231994e-71	1.190002e-64	1.052655e-07
5.194805e-03	4.000033e-17	1.167405e-16	-3.221924e-17	6.070584e-72	2.208017e-71	1.192094e-64	2.106404e-08
5.193456e-03	3.513223e-17	1.244106e-16	1.079865e-17	5.964404e-72	1.012569e-71	1.185197e-64	7.903119e-08
5.192108e-03	2.350352e-17	1.209861e-16	-8.491471e-18	5.230153e-72	8.910839e-72	1.243516e-64	-8.961520e-08
5.190760e-03	3.212250e-17	1.138343e-16	-5.286163e-18	4.757963e-72	2.896059e-72	1.174987e-64	-4.746798e-08
5.189414e-03	3.679845e-17	1.073207e-16	-4.503342e-17	6.438987e-72	5.177286e-72	1.198705e-64	5.276958e-09
5.188067e-03	6.664016e-17	9.723780e-17	1.579547e-18	6.765928e-72	9.011823e-73	1.149403e-64	8.447515e-08
5.186722e-03	8.354461e-17	1.008158e-16	-3.953001e-17	5.260178e-72	-4.499340e-73	1.022057e-64	-7.923654e-08
5.185377e-03	5.950767e-17	9.156801e-17	-3.199264e-17	5.862232e-72	7.861168e-72	9.741702e-65	-1.585553e-08
5.184033e-03	6.615371e-17	1.072182e-16	-2.302412e-17	4.461656e-72	1.276913e-71	9.370742e-65	-0.000000e+00
5.182690e-03	4.417980e-17	1.159571e-16	-1.811146e-17	5.483488e-72	1.218214e-71	8.072208e-65	7.935988e-08
5.181347e-03	6.077503e-17	1.126973e-16	-7.027934e-18	4.319029e-72	-8.385860e-73	6.553575e-65	-7.940102e-08
5.180005e-03	6.797101e-17	1.111820e-16	-5.020940e-17	4.301704e-72	-2.866481e-72	6.377162e-65	2.118458e-07
5.178664e-03	3.666049e-17	1.089027e-16	-2.707903e-17	4.385268e-72	6.628782e-72	6.835016e-65	-9.537999e-08
5.177323e-03	3.182965e-17	1.041790e-16	-2.379343e-17	4.095839e-72	-7.461349e-73	7.685087e-65	-2.650816e-08
5.175983e-03	4.641500e-17	8.896859e-17	-3.552510e-17	2.925082e-72	-8.143548e-73	7.637581e-65	1.591313e-08
5.174644e-03	9.832663e-18	8.473724e-17	-6.420049e-17	3.578901e-72	1.229924e-71	7.973892e-65	4.776411e-08
5.173306e-03	1.770996e-17	9.082482e-17	-2.407762e-17	3.288971e-72	1.785793e-71	9.463427e-65	-2.654935e-07
5.171968e-03	8.791731e-18	9.536308e-17	-2.259477e-17	4.061607e-72	1.701032e-71	9.712728e-65	9.562712e-08
5.170631e-03	1.280926e-17	8.343846e-17	-4.943962e-18	4.850803e-72	1.673277e-71	9.373189e-65	4.252292e-08
5.169294e-03	2.629392e-17	1.082886e-16	-2.951957e-17	4.317142e-72	2.524882e-71	8.861085e-65	2.659057e-08
5.167959e-03	3.183042e-17	1.014581e-16	-1.211488e-17	4.146586e-72	2.407399e-71	1.027379e-64	-1.170590e-07
5.166624e-03	3.516371e-17	9.135598e-17	-1.495765e-17	3.457338e-72	2.482956e-71	1.018040e-64	6.388337e-08
5.165289e-03	4.989652e-17	9.431529e-17	-6.020792e-17	3.783634e-72	3.715937e-71	9.924856e-65	7.456911e-08
5.163956e-03	4.057449e-17	1.089673e-16	-4.149892e-17	4.208076e-72	2.822917e-71	1.092265e-64	-6.394940e-08
5.162623e-03	4.803977e-17	1.045045e-16	-5.837778e-17	4.226352e-72	3.685409e-71	1.103849e-64	1.013055e-07
5.161290e-03	2.422275e-17	9.877529e-17	2.931683e-18	4.669658e-72	3.639152e-71	1.048234e-64	-5.334622e-08
5.159959e-03	3.084956e-17	8.439978e-17	-5.876376e-19	5.731295e-72	3.275852e-71	1.194153e-64	-8.006063e-08
5.158628e-03	3.615816e-17	8.327563e-17	-3.783107e-17	4.821766e-72	3.636015e-71	1.196287e-64	2.670065e-08
5.157298e-03	3.430449e-17	9.263486e-17	-3.465544e-17	5.125466e-72	2.809589e-71	1.129269e-64	8.014327e-08
5.155968e-03	1.384556e-17	9.126945e-17	-3.358208e-17	4.547054e-72	3.539020e-71	1.091788e-64	-1.069128e-08
5.154639e-03	3.517597e-18	8.618168e-17	-2.597315e-17	5.825948e-72	5.011017e-71	1.236475e-64	-8.022596e-08
5.153311e-03	-2.531892e-18	1.020767e-16	-5.567595e-17	7.070455e-72	5.334312e-71	1.170335e-64	1.284277e-07
5.151984e-03	-1.471828e-17	1.000697e-16	-8.190714e-17	7.426530e-72	5.079828e-71	9.988399e-65	-6.424695e-08
5.150657e-03	-1.978038e-18	7.746640e-17	-2.936887e-17	8.822257e-72	5.316300e-71	1.222912e-64	1.607001e-08
5.149331e-03	-3.129126e-18	6.919111e-17	-9.740825e-17	8.113134e-72	5.168019e-71	1.204915e-64	-4.287544e-08
5.148005e-03	5.106030e-19	6.440190e-17	-7.168745e-18	8.469378e-72	4.562606e-71	7.558395e-65	-6.434629e-08
5.146680e-03	2.528975e-17	7.261383e-17	8.187895e-18	7.584689e-72	5.243887e-71	6.858050e-65	1.448537e-07
5.145356e-03	1.675016e-17	8.043275e-17	-1.218210e-17	6.438645e-72	5.104534e-71	6.657920e-65	-2.147085e-08
5.144033e-03	4.776413e-19	1.043083e-16	-1.811485e-17	5.876396e-72	5.621773e-71	6.018626e-65	-1.611143e-08
5.142710e-03	-3.779643e-18	6.816411e-17	1.695692e-18	5.445755e-72	4.397484e-71	6.574537e-65	-4.298591e-08
5.141388e-03	6.867645e-19	6.031976e-17	-1.466926e-17	4.750346e-72	4.485815e-71	5.244931e-65	-8.064003e-08
5.140067e-03	-1.896684e-18	7.336293e-17	-2.174801e-17	5.112580e-72	5.310727e-71	5.801423e-65	8.068149e-08
5.138746e-03	6.884521e-18	7.478100e-17	-2.758210e-18	4.435661e-72	4.247415e-71	5.166760e-65	3.228919e-08
5.137426e-03	1.751434e-17	6.474923e-17	-1.609173e-17	4.168563e-72	3.489352e-71	6.250497e-65	-1.076859e-07
5.136107e-03	9.193333e-18	7.466923e-17	1.710004e-17	4.468910e-72	2.249940e-71	5.957565e-65	1.723860e-07
5.134788e-03	2.294136e-17	7.596127e-17	1.843144e-19	4.030337e-72	2.669711e-71	7.438568e-65	-8.623729e-08
5.133470e-03	-5.508457e-18	6.879240e-17	5.321264e-18	4.868498e-72	2.300825e-71	6.451543e-65	3.774819e-08
5.132153e-03	-1.115008e-17	7.832909e-17	-9.228729e-18	3.761936e-72	1.924718e-71	5.717814e-65	-9.172124e-08
5.130836e-03	-7.771227e-18	8.764651e-17	-3.903562e-17	3.968515e-72	3.170707e-71	5.473331e-65	5.398137e-08
5.129520e-03	-5.408890e-18	1.023294e-16	-2.664969e-17	4.547513e-72	3.660470e-71	7.674469e-65	-1.080181e-08
5.128205e-03	-9.080454e-18	9.246222e-17	-4.178081e-17	4.623176e-72	2.785251e-71	6.284549e-65	2.161471e-08
5.126891e-03	7.252858e-18	9.115063e-17	-2.928213e-17	3.729866e-72	2.045481e-71	6.714790e-65	-6.487739e-08
5.125577e-03	5.765055e-19	9.140200e-17	-2.433383e-17	3.904500e-72	1.954578e-71	8.385246e-65	1.406398e-07
5.124263e-03	1.351008e-17	9.347211e-17	-4.378767e-17	4.665101e-72	2.896761e-71	9.816242e-65	-1.082399e-07
5.122951e-03	2.253504e-17	8.150893e-17	1.358288e-17	6.066336e-72	2.051976e-71	8.988303e-65	-0.000000e+00
5.121639e-03	1.083329e-17	9.897236e-17	-3.908224e-17	6.935950e-72	2.463011e-71	9.282553e-65	-2.708771e-08
5.120328e-03	4.897213e-18	9.122124e-17	-3.894454e-17	5.581835e-72	3.118479e-71	8.886981e-65	3.252190e-08
5.119017e-03	7.977506e-18	7.371925e-17	4.185224e-17	5.556893e-72	2.095871e-71	8.117146e-65	5.423093e-08
5.117707e-03	5.884562e-18	7.028430e-17	-3.988065e-17	5.756626e-72	2.611454e-72	9.081961e-65	-1.627761e-07
5.116398e-03	1.245884e-17	6.626188e-17	-1.169963e-17	5.884622e-72	7.657300e-72	1.286481e-64	1.900026e-07
5.115090e-03	2.239008e-17	5.053004e-17	-1.461762e-17	6.904417e-72	1.004181e-71	1.244699e-64	-1.086285e-08
5.113782e-03	1.446440e-17	6.443890e-17	-8.731639e-18	5.452804e-72	9.430945e-72	1.416350e-64	-7.607884e-08
5.112474e-03	1.083944e-17	5.743226e-17	-3.344113e-17	5.435727e-72	6.552545e-72	1.343370e-64	-0.000000e+00
5.111168e-03	8.999793e-18	5.445016e-17	3.654303e-18	5.289134e-72	1.689619e-72	1.409858e-64	1.087952e-08
5.109862e-03	2.059230e-17	5.933621e-17	-1.712823e-17	5.307599e-72	-2.098658e-73	1.514433e-64	5.986797e-08
5.108557e-03	1.205552e-17	6.157112e-17	2.128289e-18	6.282896e-72	-7.050692e-72	1.733744e-64	-4.900792e-08
5.107252e-03	1.711974e-17	7.861176e-17	1.993631e-17	5.264191e-72	-5.676014e-75	1.683225e-64	-4.358485e-08
5.105948e-03	1.075458e-17	6.988042e-17	1.299742e-17	2.965060e-72	-6.329420e-72	1.657338e-64	2.180356e-08
5.104645e-03	2.937967e-17	8.353718e-17	-2.156478e-17	3.162046e-72	2.910560e-72	1.623907e-64	1.090735e-08
5.103343e-03	3.296561e-17	8.947280e-17	-6.171062e-17	1.686893e-72	1.439109e-72	1.493368e-64	3.273874e-08
5.102041e-03	2.397672e-17	7.763382e-17	-5.403664e-18	2.426697e-72	7.523652e-72	1.494415e-64	-2.183697e-08
5.100740e-03	2.465564e-17	6.572724e-17	-4.257879e-17	1.908598e-72	6.372797e-72	1.667120e-64	-5.462028e-08
5.099439e-03	3.930040e-17	4.535504e-17	-4.929217e-17	2.722321e-72	6.120541e-72	1.574953e-64	7.104258e-08
5.098139e-03	3.630794e-17	6.614813e-17	6.790358e-18	2.127485e-72	1.254851e-72	1.550887e-64	-1.148196e-07
5.096840e-03	3.550959e-17	7.015315e-17	8.196568e-19	1.995894e-72	-8.770172e-72	1.364733e-64	9.846700e-08
5.095541e-03	2.462884e-17	5.554538e-17	-2.554380e-17	1.737086e-72	-1.045052e-71	1.258831e-64	8.757084e-08
5.094244e-03	-1.265774e-17	4.872951e-17	-1.692873e-17	1.821730e-72	-1.088055e-71	1.274073e-64	-3.285580e-08
5.092946e-03	-1.008994e-17	5.492695e-17	2.990961e-17	1.895268e-72	-1.699754e-71	1.216577e-64	-9.861762e-08
5.091650e-03	7.289907e-18	7.440934e-17	8.306615e-18	2.760007e-72	-2.908302e-71	1.211253e-64	3.288928e-08
5.090354e-03	-7.662034e-18	6.782179e-17	-1.701764e-17	1.998021e-72	-3.127580e-71	1.223038e-64	8.774942e-08
5.089059e-03	-1.315663e-17	6.594954e-17	9.701441e-18	2.714233e-72	-3.023511e-71	1.196808e-64	-1.426654e-07
5.087764e-03	7.981783e-18	8.581177e-17	-2.500170e-17	2.707151e-72	-1.631260e-71	1.543058e-64	1.317582e-07
5.086470e-03	1.137659e-17	8.231343e-17	-2.308646e-17	4.174004e-72	-1.310055e-71	1.383336e-64	-1.098543e-08
5.085177e-03	1.441075e-17	1.041524e-16	1.259843e-17	4.114211e-72	-1.180348e-71	1.312937e-64	3.297307e-08
5.083884e-03	3.417995e-17	6.782854e-17	-1.049182e-17	4.670235e-72	-2.518015e-71	1.284074e-64	2.749153e-08
5.082592e-03	4.695717e-17	6.714848e-17	-1.085049e-17	5.292804e-72	-2.092473e-71	1.233958e-64	-1.375275e-07
5.081301e-03	4.175832e-17	3.215763e-17	2.448320e-17	6.141117e-72	-2.910543e-71	1.222017e-64	2.917066e-07
5.080010e-03	5.852001e-17	3.539151e-17	3.191891e-18	6.956167e-72	-2.696990e-71	1.177089e-64	-2.092544e-07
5.078720e-03	2.991331e-17	3.817759e-17	2.216977e-17	7.717672e-72	-2.331256e-71	1.136975e-64	-1.652848e-08
5.077431e-03	2.033567e-17	4.511358e-17	3.781697e-18	9.132101e-72	-3.242111e-71	1.197920e-64	-0.000000e+00
5.076142e-03	5.546700e-17	4.542899e-17	-1.360457e-17	8.382077e-72	-3.643732e-71	1.268196e-64	-2.206036e-08
5.074854e-03	4.999212e-17	3.855143e-17	-2.165369e-17	8.187278e-72	-3.154011e-71	9.338232e-65	2.207156e-08
5.073567e-03	3.014532e-17	3.907254e-17	-1.168567e-17	7.417584e-72	-2.320199e-71	1.016727e-64	-9.937244e-08
5.072280e-03	3.856012e-17	5.595467e-17	4.256578e-18	7.039155e-72	-1.284165e-71	1.017844e-64	1.104698e-08
5.070994e-03	5.950664e-17	6.118620e-17	-2.390286e-17	7.004497e-72	-8.654635e-72	1.017939e-64	1.105259e-08
5.069708e-03	6.082477e-17	4.849528e-17	-2.806783e-17	6.186770e-72	-2.740008e-71	1.038936e-64	8.846555e-08
5.068424e-03	6.178411e-17	4.200156e-17	-2.691857e-17	5.362532e-72	-3.337371e-71	1.111437e-64	-4.425521e-08
5.067140e-03	3.898665e-17	5.058198e-17	-2.870100e-17	4.718693e-72	-1.320705e-71	9.012002e-65	-2.213882e-08
5.065856e-03	1.771118e-17	5.203278e-17	-4.062289e-17	5.158978e-72	-1.787855e-72	9.428273e-65	8.860015e-08
5.064573e-03	4.020754e-17	5.750897e-17	4.776927e-18	5.613827e-72	-1.632192e-71	9.658504e-65	-1.108063e-08
5.063291e-03	6.701103e-18	6.555973e-17	-4.222696e-17	6.079758e-72	-1.333573e-71	9.365561e-65	1.662936e-08
5.062010e-03	1.358633e-17	7.222784e-17	-5.329071e-17	4.012082e-72	-1.396690e-71	8.401153e-65	-3.882150e-08
5.060729e-03	-4.066204e-19	8.385157e-17	1.429412e-17	3.758507e-72	-8.400129e-72	8.555073e-65	-1.220722e-07
5.059449e-03	-4.980671e-18	6.068343e-17	-4.810388e-17	3.686262e-72	-5.604690e-72	6.944397e-65	5.551545e-08
5.058169e-03	8.193131e-18	6.000976e-17	-1.361677e-17	3.036866e-72	-7.431191e-72	5.937026e-65	-3.332612e-08
5.056890e-03	1.593834e-17	4.721533e-17	-1.125836e-17	3.357457e-72	-4.439509e-72	5.757842e-65	5.557164e-08
5.055612e-03	1.897302e-17	5.767007e-17	-1.452831e-17	3.121328e-72	-2.162731e-72	6.242881e-65	1.334394e-07
5.054334e-03	3.185110e-18	6.237369e-17	8.760354e-18	3.141024e-72	-2.204896e-72	5.828550e-65	-2.503253e-07
5.053057e-03	2.035510e-17	5.949480e-17	-2.417446e-17	3.017167e-72	-1.851615e-71	5.094765e-65	1.447055e-07
5.051781e-03	4.116862e-17	6.309461e-17	-4.602221e-17	4.020385e-72	-3.401737e-71	5.335575e-65	-5.568410e-09
5.050505e-03	1.645840e-17	6.329263e-17	-7.047314e-20	3.845169e-72	-3.203051e-71	6.130256e-65	3.342734e-08
5.049230e-03	2.022905e-17	3.624945e-17	-1.709136e-17	4.147450e-72	-2.318307e-71	6.561552e-65	-3.344423e-08
5.047956e-03	2.881730e-17	4.717521e-17	-5.713551e-17	4.562322e-72	-2.502874e-71	6.297900e-65	-2.230741e-08
5.046682e-03	2.367599e-17	3.617100e-17	-5.294810e-17	4.063445e-72	-2.341007e-71	5.285423e-65	-0.000000e+00
5.045409e-03	2.372273e-17	2.397254e-17	-2.571294e-17	4.433795e-72	-3.133787e-71	6.379000e-65	1.842220e-07
5.044136e-03	2.556014e-17	1.695115e-17	-1.802378e-17	4.487755e-72	-2.350068e-71	6.123311e-65	-1.619737e-07
5.042864e-03	3.649876e-17	2.209026e-17	-3.404503e-17	4.711543e-72	-2.388974e-71	6.639733e-65	1.173505e-07
5.041593e-03	2.994124e-17	2.570563e-17	-2.320409e-17	3.686757e-72	-1.647107e-71	5.100130e-65	-1.845009e-07
5.040323e-03	3.412616e-17	3.375487e-17	-3.276812e-17	3.218118e-72	-1.654240e-71	5.356190e-65	1.454377e-07
5.039053e-03	3.008211e-17	3.352954e-17	-3.668608e-17	2.683016e-72	-2.100094e-71	5.955103e-65	-3.357946e-08
5.037783e-03	3.394127e-17	3.878176e-17	-2.171982e-17	2.133462e-72	-2.239697e-71	5.280631e-65	-1.119879e-08
5.036515e-03	1.562132e-17	4.159613e-17	-2.011141e-17	2.229383e-72	-2.746747e-71	3.273257e-65	-3.921552e-08
5.035247e-03	8.477059e-18	4.069161e-17	-7.930153e-17	3.128575e-72	-2.371330e-71	3.413363e-65	1.121008e-08
5.033979e-03	1.931892e-17	4.446571e-17	3.825391e-17	3.597003e-72	-2.434824e-71	4.890590e-65	8.972580e-08
5.032713e-03	2.237850e-17	5.583255e-17	-2.553730e-17	3.279753e-72	-1.146056e-71	4.209729e-65	-1.627099e-07
5.031447e-03	2.690347e-17	4.749340e-17	-1.924757e-17	3.371279e-72	-2.013117e-71	4.945553e-65	2.245404e-08
5.030181e-03	3.642695e-17	6.540256e-17	1.465408e-17	4.561252e-72	-1.809561e-71	5.203899e-65	2.246534e-08
5.028916e-03	3.777363e-17	5.506980e-17	-1.290201e-19	4.443151e-72	-2.249709e-71	4.437056e-65	-1.123832e-08
5.027652e-03	1.542587e-17	3.968678e-17	-6.902898e-17	5.230519e-72	-2.466816e-71	4.335901e-65	-3.373192e-08
5.026389e-03	1.643846e-18	4.493726e-17	3.695828e-17	4.760059e-72	-2.229548e-71	5.000885e-65	1.124963e-07
5.025126e-03	3.052440e-17	3.242580e-17	-3.641076e-17	4.813002e-72	-2.215735e-71	4.944285e-65	-4.502112e-08
5.023863e-03	2.799598e-17	3.044621e-17	-7.002049e-18	4.223185e-72	-1.064331e-71	5.352993e-65	7.882656e-08
5.022602e-03	3.632356e-17	2.898291e-17	-2.712240e-17	3.941229e-72	-2.142476e-71	6.282892e-65	-7.323287e-08
5.021341e-03	3.993577e-17	8.376082e-18	-6.671746e-17	3.829150e-72	-3.370742e-71	5.150926e-65	6.199740e-08
5.020080e-03	1.938377e-17	7.574581e-19	-1.837940e-17	3.374877e-72	-2.052406e-71	4.802623e-65	-1.466129e-07
5.018821e-03	2.713678e-17	1.040991e-17	-4.197487e-17	2.763877e-72	-2.674774e-71	5.202506e-65	9.026863e-08
5.017561e-03	1.965210e-17	-3.464685e-18	-1.129305e-17	3.232225e-72	-2.214674e-71	5.119522e-65	-1.975617e-07
5.016303e-03	2.694054e-18	2.678638e-18	-4.000055e-17	2.938014e-72	-2.472372e-71	5.625644e-65	1.863660e-07
5.015045e-03	1.807847e-17	-7.878608e-18	-2.541804e-17	3.558525e-72	-3.417082e-71	5.174574e-65	-6.780344e-08
5.013788e-03	2.673886e-17	-4.394721e-18	-5.522492e-17	3.338009e-72	-3.657059e-71	7.669469e-65	3.391873e-08
5.012531e-03	1.214485e-17	-5.753846e-19	-1.836422e-17	3.781573e-72	-2.785138e-71	7.129969e-65	-7.352742e-08
5.011275e-03	5.727271e-18	9.897281e-18	-8.326673e-19	3.937626e-72	-2.414770e-71	8.770100e-65	7.356428e-08
5.010020e-03	8.134527e-18	7.686114e-18	-4.111566e-17	3.224681e-72	-1.996080e-71	8.439543e-65	-2.264651e-08
5.008765e-03	1.451959e-17	2.664647e-17	-4.153687e-17	2.394934e-72	-3.138377e-71	9.414043e-65	7.363803e-08
5.007511e-03	1.836942e-17	1.294485e-17	-2.751271e-17	2.763489e-72	-2.295710e-71	9.373563e-65	-9.634413e-08
5.006258e-03	-1.495472e-18	-2.021248e-17	1.334870e-17	2.198582e-72	-2.587321e-71	8.874906e-65	-6.237154e-08
5.005005e-03	9.424487e-18	-2.771726e-17	-2.067004e-17	1.966803e-72	-2.127382e-71	8.451243e-65	1.304785e-07
5.003753e-03	1.246865e-19	-1.468281e-17	8.087064e-18	1.735210e-72	-1.350570e-71	9.545756e-65	3.405491e-08
5.002501e-03	1.476806e-17	4.812459e-18	7.311859e-18	1.868432e-72	-2.105822e-71	9.877446e-65	7.382257e-08
5.001250e-03	-2.523027e-18	5.151619e-18	5.380679e-17	1.620342e-72	-1.698539e-71	9.453201e-65	-1.477190e-07