# Finite Temperature Data for Kitaev Ladder
# chi_max = 150, h = 0.5000
# Columns: T | Sigmax | Sigmay | Sigmaz | S1 | S2 | Wp | Cv
# 
2.000000e+01	-4.477284e-02	-4.477304e-02	-4.467490e-02	3.271826e-05	3.266949e-05	-2.564763e-07	5.019360e-01
1.000000e+01	-6.309657e-02	-6.309724e-02	-6.288370e-02	1.569766e-04	1.566273e-04	-9.085714e-07	1.819656e+00
6.666667e+00	-7.879769e-02	-7.879918e-02	-7.843416e-02	4.552082e-04	4.538419e-04	-5.862987e-07	3.637484e+00
5.000000e+00	-9.208978e-02	-9.209244e-02	-9.154654e-02	1.004131e-03	1.000313e-03	5.060252e-06	5.652139e+00
4.000000e+00	-1.032471e-01	-1.032512e-01	-1.025015e-01	1.863106e-03	1.854508e-03	2.356099e-05	7.621299e+00
3.333333e+00	-1.125637e-01	-1.125696e-01	-1.115988e-01	3.068202e-03	3.051554e-03	6.471192e-05	9.382126e+00
2.857143e+00	-1.203251e-01	-1.203328e-01	-1.191288e-01	4.632221e-03	4.603389e-03	1.390710e-04	1.084684e+01
2.500000e+00	-1.267914e-01	-1.268010e-01	-1.253558e-01	6.548323e-03	6.502494e-03	2.565220e-04	1.198642e+01
2.222222e+00	-1.321898e-01	-1.322014e-01	-1.305101e-01	8.795129e-03	8.727052e-03	4.252281e-04	1.281143e+01
2.000000e+00	-1.367130e-01	-1.367266e-01	-1.347871e-01	1.134186e-02	1.124611e-02	6.510774e-04	1.335520e+01
1.818182e+00	-1.405215e-01	-1.405370e-01	-1.383490e-01	1.415274e-02	1.402398e-02	9.375527e-04	1.366134e+01
1.666667e+00	-1.437469e-01	-1.437643e-01	-1.413290e-01	1.719037e-02	1.702354e-02	1.285898e-03	1.377551e+01
1.538462e+00	-1.464963e-01	-1.465154e-01	-1.438352e-01	2.041810e-02	2.020861e-02	1.695458e-03	1.374058e+01
1.428571e+00	-1.488562e-01	-1.488770e-01	-1.459551e-01	2.380155e-02	2.354540e-02	2.164084e-03	1.359425e+01
1.333333e+00	-1.508967e-01	-1.509191e-01	-1.477591e-01	2.730948e-02	2.700333e-02	2.688540e-03	1.336826e+01
1.250000e+00	-1.526741e-01	-1.526980e-01	-1.493041e-01	3.091416e-02	3.055536e-02	3.264871e-03	1.308838e+01
1.176471e+00	-1.542339e-01	-1.542592e-01	-1.506358e-01	3.459143e-02	3.417802e-02	3.888717e-03	1.277504e+01
1.111111e+00	-1.556129e-01	-1.556395e-01	-1.517910e-01	3.832057e-02	3.785128e-02	4.555554e-03	1.244400e+01
1.052632e+00	-1.568408e-01	-1.568686e-01	-1.527995e-01	4.208403e-02	4.155820e-02	5.260883e-03	1.210715e+01
1.000000e+00	-1.579418e-01	-1.579707e-01	-1.536855e-01	4.586709e-02	4.528467e-02	6.000366e-03	1.177324e+01
9.523810e-01	-1.589355e-01	-1.589656e-01	-1.544685e-01	4.965757e-02	4.901902e-02	6.769914e-03	1.144853e+01
9.090909e-01	-1.598382e-01	-1.598692e-01	-1.551646e-01	5.344547e-02	5.275173e-02	7.565743e-03	1.113730e+01
8.695652e-01	-1.606629e-01	-1.606950e-01	-1.557868e-01	5.722266e-02	5.647507e-02	8.384405e-03	1.084235e+01
8.333333e-01	-1.614207e-01	-1.614536e-01	-1.563458e-01	6.098260e-02	6.018285e-02	9.222794e-03	1.056533e+01
8.000000e-01	-1.621206e-01	-1.621543e-01	-1.568504e-01	6.472009e-02	6.387018e-02	1.007815e-02	1.030704e+01
7.692308e-01	-1.627699e-01	-1.628045e-01	-1.573079e-01	6.843108e-02	6.753324e-02	1.094802e-02	1.006765e+01
7.407407e-01	-1.633752e-01	-1.634105e-01	-1.577244e-01	7.211242e-02	7.116908e-02	1.183029e-02	9.846908e+00
7.142857e-01	-1.639415e-01	-1.639775e-01	-1.581048e-01	7.576177e-02	7.477552e-02	1.272308e-02	9.644229e+00
6.896552e-01	-1.644733e-01	-1.645099e-01	-1.584534e-01	7.937739e-02	7.835095e-02	1.362480e-02	9.458833e+00
6.666667e-01	-1.649743e-01	-1.650116e-01	-1.587738e-01	8.295810e-02	8.189425e-02	1.453409e-02	9.289812e+00
6.451613e-01	-1.654479e-01	-1.654858e-01	-1.590688e-01	8.650312e-02	8.540472e-02	1.544976e-02	9.136185e+00
6.250000e-01	-1.658965e-01	-1.659350e-01	-1.593410e-01	9.001201e-02	8.888195e-02	1.637084e-02	8.996947e+00
6.060606e-01	-1.663227e-01	-1.663617e-01	-1.595926e-01	9.348462e-02	9.232581e-02	1.729650e-02	8.871091e+00
5.882353e-01	-1.667284e-01	-1.667679e-01	-1.598254e-01	9.692102e-02	9.573636e-02	1.822603e-02	8.757638e+00
5.714286e-01	-1.671154e-01	-1.671554e-01	-1.600410e-01	1.003214e-01	9.911380e-02	1.915888e-02	8.655644e+00
5.555556e-01	-1.674851e-01	-1.675255e-01	-1.602407e-01	1.036863e-01	1.024585e-01	2.009457e-02	8.564215e+00
5.405405e-01	-1.678389e-01	-1.678797e-01	-1.604258e-01	1.070160e-01	1.057708e-01	2.103273e-02	8.482509e+00
5.263158e-01	-1.681779e-01	-1.682192e-01	-1.605972e-01	1.103111e-01	1.090514e-01	2.197304e-02	8.409738e+00
5.128205e-01	-1.685032e-01	-1.685449e-01	-1.607559e-01	1.135723e-01	1.123006e-01	2.291526e-02	8.345174e+00
5.000000e-01	-1.688156e-01	-1.688577e-01	-1.609026e-01	1.168001e-01	1.155192e-01	2.385921e-02	8.288141e+00
4.878049e-01	-1.691160e-01	-1.691585e-01	-1.610381e-01	1.199954e-01	1.187077e-01	2.480475e-02	8.238017e+00
4.761905e-01	-1.694051e-01	-1.694479e-01	-1.611631e-01	1.231588e-01	1.218667e-01	2.575177e-02	8.194232e+00
4.651163e-01	-1.696835e-01	-1.697266e-01	-1.612780e-01	1.262909e-01	1.249970e-01	2.670020e-02	8.156264e+00
4.545455e-01	-1.699518e-01	-1.699952e-01	-1.613834e-01	1.293925e-01	1.280990e-01	2.764999e-02	8.123636e+00
4.444444e-01	-1.702105e-01	-1.702542e-01	-1.614799e-01	1.324643e-01	1.311734e-01	2.860113e-02	8.095912e+00
4.347826e-01	-1.704601e-01	-1.705041e-01	-1.615677e-01	1.355070e-01	1.342209e-01	2.955359e-02	8.072697e+00
4.255319e-01	-1.707010e-01	-1.707453e-01	-1.616473e-01	1.385213e-01	1.372421e-01	3.050739e-02	8.053629e+00
4.166667e-01	-1.709336e-01	-1.709782e-01	-1.617190e-01	1.415078e-01	1.402374e-01	3.146255e-02	8.038382e+00
4.081633e-01	-1.711583e-01	-1.712031e-01	-1.617833e-01	1.444671e-01	1.432075e-01	3.241908e-02	8.026655e+00
4.000000e-01	-1.713754e-01	-1.714205e-01	-1.618403e-01	1.474000e-01	1.461529e-01	3.337703e-02	8.018180e+00
3.921569e-01	-1.715852e-01	-1.716305e-01	-1.618905e-01	1.503069e-01	1.490742e-01	3.433641e-02	8.012709e+00
3.846154e-01	-1.717880e-01	-1.718335e-01	-1.619340e-01	1.531886e-01	1.519719e-01	3.529728e-02	8.010020e+00
3.773585e-01	-1.719841e-01	-1.720298e-01	-1.619711e-01	1.560455e-01	1.548464e-01	3.625968e-02	8.009910e+00
3.703704e-01	-1.721736e-01	-1.722195e-01	-1.620021e-01	1.588781e-01	1.576983e-01	3.722363e-02	8.012193e+00
3.636364e-01	-1.723569e-01	-1.724030e-01	-1.620272e-01	1.616872e-01	1.605279e-01	3.818919e-02	8.016703e+00
3.571429e-01	-1.725341e-01	-1.725804e-01	-1.620466e-01	1.644730e-01	1.633358e-01	3.915638e-02	8.023287e+00
3.508772e-01	-1.727055e-01	-1.727520e-01	-1.620605e-01	1.672361e-01	1.661223e-01	4.012526e-02	8.031806e+00
3.448276e-01	-1.728713e-01	-1.729179e-01	-1.620692e-01	1.699771e-01	1.688879e-01	4.109584e-02	8.042133e+00
3.389831e-01	-1.730315e-01	-1.730783e-01	-1.620727e-01	1.726963e-01	1.716329e-01	4.206818e-02	8.054152e+00
3.333333e-01	-1.731865e-01	-1.732334e-01	-1.620714e-01	1.753941e-01	1.743578e-01	4.304229e-02	8.067758e+00
3.278689e-01	-1.733363e-01	-1.733834e-01	-1.620652e-01	1.780710e-01	1.770628e-01	4.401820e-02	8.082855e+00
3.225806e-01	-1.734812e-01	-1.735284e-01	-1.620546e-01	1.807274e-01	1.797483e-01	4.499594e-02	8.099353e+00
3.174603e-01	-1.736212e-01	-1.736686e-01	-1.620395e-01	1.833636e-01	1.824146e-01	4.597554e-02	8.117172e+00
3.125000e-01	-1.737565e-01	-1.738040e-01	-1.620201e-01	1.859801e-01	1.850621e-01	4.695700e-02	8.136236e+00
3.076923e-01	-1.738873e-01	-1.739349e-01	-1.619966e-01	1.885771e-01	1.876910e-01	4.794034e-02	8.156477e+00
3.030303e-01	-1.740136e-01	-1.740613e-01	-1.619691e-01	1.911551e-01	1.903017e-01	4.892558e-02	8.177831e+00
2.985075e-01	-1.741356e-01	-1.741834e-01	-1.619379e-01	1.937143e-01	1.928944e-01	4.991273e-02	8.200238e+00
2.941176e-01	-1.742534e-01	-1.743014e-01	-1.619028e-01	1.962550e-01	1.954694e-01	5.090178e-02	8.223645e+00
2.898551e-01	-1.743672e-01	-1.744152e-01	-1.618643e-01	1.987776e-01	1.980269e-01	5.189275e-02	8.248001e+00
2.857143e-01	-1.744769e-01	-1.745251e-01	-1.618222e-01	2.012823e-01	2.005672e-01	5.288564e-02	8.273257e+00
2.816901e-01	-1.745829e-01	-1.746311e-01	-1.617768e-01	2.037694e-01	2.030905e-01	5.388043e-02	8.299369e+00
2.777778e-01	-1.746850e-01	-1.747333e-01	-1.617283e-01	2.062392e-01	2.055971e-01	5.487713e-02	8.326296e+00
2.739726e-01	-1.747835e-01	-1.748319e-01	-1.616765e-01	2.086919e-01	2.080871e-01	5.587572e-02	8.353998e+00
2.702703e-01	-1.748784e-01	-1.749269e-01	-1.616218e-01	2.111277e-01	2.105608e-01	5.687620e-02	8.382439e+00
2.666667e-01	-1.749699e-01	-1.750184e-01	-1.615642e-01	2.135470e-01	2.130184e-01	5.787854e-02	8.411583e+00
2.631579e-01	-1.750579e-01	-1.751066e-01	-1.615038e-01	2.159499e-01	2.154601e-01	5.888275e-02	8.441398e+00
2.597403e-01	-1.751427e-01	-1.751914e-01	-1.614407e-01	2.183367e-01	2.178860e-01	5.988878e-02	8.471851e+00
2.564103e-01	-1.752242e-01	-1.752730e-01	-1.613749e-01	2.207075e-01	2.202963e-01	6.089664e-02	8.502912e+00
2.531646e-01	-1.753026e-01	-1.753514e-01	-1.613067e-01	2.230625e-01	2.226913e-01	6.190628e-02	8.534554e+00
2.500000e-01	-1.753779e-01	-1.754268e-01	-1.612360e-01	2.254020e-01	2.250710e-01	6.291769e-02	8.566747e+00
2.469136e-01	-1.754502e-01	-1.754991e-01	-1.611630e-01	2.277262e-01	2.274356e-01	6.393084e-02	8.599467e+00
2.439024e-01	-1.755196e-01	-1.755686e-01	-1.610877e-01	2.300351e-01	2.297854e-01	6.494570e-02	8.632686e+00
2.409639e-01	-1.755862e-01	-1.756352e-01	-1.610103e-01	2.323291e-01	2.321203e-01	6.596224e-02	8.666381e+00
2.380952e-01	-1.756499e-01	-1.756990e-01	-1.609307e-01	2.346082e-01	2.344407e-01	6.698043e-02	8.700528e+00
2.352941e-01	-1.757110e-01	-1.757601e-01	-1.608491e-01	2.368726e-01	2.367466e-01	6.800023e-02	8.735104e+00
2.325581e-01	-1.757694e-01	-1.758186e-01	-1.607656e-01	2.391225e-01	2.390382e-01	6.902161e-02	8.770086e+00
2.298851e-01	-1.758252e-01	-1.758744e-01	-1.606801e-01	2.413581e-01	2.413155e-01	7.004453e-02	8.805453e+00
2.272727e-01	-1.758785e-01	-1.759277e-01	-1.605929e-01	2.435794e-01	2.435788e-01	7.106895e-02	8.841183e+00
2.247191e-01	-1.759293e-01	-1.759786e-01	-1.605039e-01	2.457867e-01	2.458281e-01	7.209483e-02	8.877256e+00
2.222222e-01	-1.759777e-01	-1.760270e-01	-1.604132e-01	2.479800e-01	2.480635e-01	7.312214e-02	8.913653e+00
2.197802e-01	-1.760238e-01	-1.760731e-01	-1.603209e-01	2.501594e-01	2.502853e-01	7.415083e-02	8.950352e+00
2.173913e-01	-1.760675e-01	-1.761169e-01	-1.602271e-01	2.523252e-01	2.524934e-01	7.518085e-02	8.987336e+00
2.150538e-01	-1.761090e-01	-1.761584e-01	-1.601318e-01	2.544775e-01	2.546880e-01	7.621216e-02	9.024586e+00
2.127660e-01	-1.761484e-01	-1.761978e-01	-1.600350e-01	2.566163e-01	2.568692e-01	7.724473e-02	9.062082e+00
2.105263e-01	-1.761855e-01	-1.762349e-01	-1.599368e-01	2.587418e-01	2.590372e-01	7.827849e-02	9.099808e+00
2.083333e-01	-1.762206e-01	-1.762700e-01	-1.598373e-01	2.608541e-01	2.611919e-01	7.931341e-02	9.137745e+00
2.061856e-01	-1.762536e-01	-1.763031e-01	-1.597365e-01	2.629532e-01	2.633336e-01	8.034944e-02	9.175877e+00
2.040816e-01	-1.762846e-01	-1.763341e-01	-1.596345e-01	2.650394e-01	2.654622e-01	8.138653e-02	9.214186e+00
2.020202e-01	-1.763137e-01	-1.763632e-01	-1.595313e-01	2.671128e-01	2.675780e-01	8.242463e-02	9.252656e+00
2.000000e-01	-1.763408e-01	-1.763903e-01	-1.594270e-01	2.691733e-01	2.696809e-01	8.346369e-02	9.291271e+00
1.980198e-01	-1.763661e-01	-1.764156e-01	-1.593216e-01	2.712211e-01	2.717711e-01	8.450366e-02	9.330015e+00
1.960784e-01	-1.763896e-01	-1.764391e-01	-1.592152e-01	2.732564e-01	2.738487e-01	8.554449e-02	9.368872e+00
1.941748e-01	-1.764112e-01	-1.764608e-01	-1.591078e-01	2.752792e-01	2.759137e-01	8.658614e-02	9.407827e+00
1.923077e-01	-1.764312e-01	-1.764807e-01	-1.589994e-01	2.772896e-01	2.779663e-01	8.762855e-02	9.446864e+00
1.904762e-01	-1.764494e-01	-1.764989e-01	-1.588901e-01	2.792877e-01	2.800064e-01	8.867166e-02	9.485970e+00
1.886792e-01	-1.764659e-01	-1.765154e-01	-1.587800e-01	2.812735e-01	2.820343e-01	8.971543e-02	9.525129e+00
1.869159e-01	-1.764808e-01	-1.765303e-01	-1.586690e-01	2.832472e-01	2.840499e-01	9.075981e-02	9.564328e+00
1.851852e-01	-1.764942e-01	-1.765437e-01	-1.585572e-01	2.852089e-01	2.860534e-01	9.180474e-02	9.603552e+00
1.834862e-01	-1.765059e-01	-1.765554e-01	-1.584447e-01	2.871586e-01	2.880447e-01	9.285017e-02	9.642788e+00
1.818182e-01	-1.765161e-01	-1.765656e-01	-1.583315e-01	2.890964e-01	2.900241e-01	9.389605e-02	9.682023e+00
1.801802e-01	-1.765249e-01	-1.765744e-01	-1.582176e-01	2.910224e-01	2.919916e-01	9.494233e-02	9.721242e+00
1.785714e-01	-1.765322e-01	-1.765816e-01	-1.581031e-01	2.929367e-01	2.939471e-01	9.598895e-02	9.760435e+00
1.769912e-01	-1.765380e-01	-1.765875e-01	-1.579879e-01	2.948393e-01	2.958909e-01	9.703586e-02	9.799587e+00
1.754386e-01	-1.765425e-01	-1.765919e-01	-1.578722e-01	2.967304e-01	2.978230e-01	9.808302e-02	9.838687e+00
1.739130e-01	-1.765456e-01	-1.765950e-01	-1.577559e-01	2.986099e-01	2.997434e-01	9.913035e-02	9.877723e+00
1.724138e-01	-1.765473e-01	-1.765967e-01	-1.576391e-01	3.004780e-01	3.016522e-01	1.001778e-01	9.916683e+00
1.709402e-01	-1.765478e-01	-1.765972e-01	-1.575218e-01	3.023348e-01	3.035495e-01	1.012254e-01	9.955555e+00
1.694915e-01	-1.765470e-01	-1.765963e-01	-1.574041e-01	3.041802e-01	3.054353e-01	1.022730e-01	9.994329e+00
1.680672e-01	-1.765449e-01	-1.765943e-01	-1.572859e-01	3.060144e-01	3.073097e-01	1.033205e-01	1.003299e+01
1.666667e-01	-1.765416e-01	-1.765910e-01	-1.571673e-01	3.078375e-01	3.091728e-01	1.043680e-01	1.007153e+01
1.652893e-01	-1.765371e-01	-1.765865e-01	-1.570484e-01	3.096495e-01	3.110247e-01	1.054154e-01	1.010995e+01
1.639344e-01	-1.765315e-01	-1.765808e-01	-1.569291e-01	3.114504e-01	3.128653e-01	1.064626e-01	1.014822e+01
1.626016e-01	-1.765247e-01	-1.765740e-01	-1.568095e-01	3.132404e-01	3.146948e-01	1.075095e-01	1.018634e+01
1.612903e-01	-1.765168e-01	-1.765661e-01	-1.566896e-01	3.150195e-01	3.165132e-01	1.085562e-01	1.022429e+01
1.600000e-01	-1.765078e-01	-1.765571e-01	-1.565694e-01	3.167877e-01	3.183206e-01	1.096025e-01	1.026208e+01
1.587302e-01	-1.764978e-01	-1.765470e-01	-1.564490e-01	3.185452e-01	3.201170e-01	1.106485e-01	1.029969e+01
1.574803e-01	-1.764867e-01	-1.765359e-01	-1.563283e-01	3.202919e-01	3.219025e-01	1.116940e-01	1.033711e+01
1.562500e-01	-1.764746e-01	-1.765237e-01	-1.562075e-01	3.220280e-01	3.236772e-01	1.127391e-01	1.037433e+01
1.550388e-01	-1.764615e-01	-1.765106e-01	-1.560864e-01	3.237536e-01	3.254411e-01	1.137836e-01	1.041135e+01
1.538462e-01	-1.764474e-01	-1.764965e-01	-1.559652e-01	3.254686e-01	3.271942e-01	1.148276e-01	1.044815e+01
1.526718e-01	-1.764323e-01	-1.764814e-01	-1.558439e-01	3.271731e-01	3.289367e-01	1.158709e-01	1.048473e+01
1.515152e-01	-1.764164e-01	-1.764654e-01	-1.557224e-01	3.288672e-01	3.306686e-01	1.169136e-01	1.052107e+01
1.503759e-01	-1.763995e-01	-1.764485e-01	-1.556008e-01	3.305510e-01	3.323899e-01	1.179555e-01	1.055718e+01
1.492537e-01	-1.763817e-01	-1.764307e-01	-1.554792e-01	3.322244e-01	3.341007e-01	1.189966e-01	1.059305e+01
1.481481e-01	-1.763631e-01	-1.764121e-01	-1.553575e-01	3.338876e-01	3.358011e-01	1.200370e-01	1.062866e+01
1.470588e-01	-1.763436e-01	-1.763926e-01	-1.552357e-01	3.355407e-01	3.374910e-01	1.210765e-01	1.066402e+01
1.459854e-01	-1.763233e-01	-1.763722e-01	-1.551139e-01	3.371836e-01	3.391707e-01	1.221151e-01	1.069910e+01
1.449275e-01	-1.763022e-01	-1.763511e-01	-1.549921e-01	3.388164e-01	3.408400e-01	1.231527e-01	1.073392e+01
1.438849e-01	-1.762803e-01	-1.763291e-01	-1.548704e-01	3.404392e-01	3.424992e-01	1.241893e-01	1.076846e+01
1.428571e-01	-1.762576e-01	-1.763064e-01	-1.547486e-01	3.420521e-01	3.441481e-01	1.252249e-01	1.080271e+01
1.418440e-01	-1.762341e-01	-1.762829e-01	-1.546268e-01	3.436550e-01	3.457870e-01	1.262594e-01	1.083667e+01
1.408451e-01	-1.762100e-01	-1.762587e-01	-1.545052e-01	3.452481e-01	3.474157e-01	1.272928e-01	1.087033e+01
1.398601e-01	-1.761851e-01	-1.762338e-01	-1.543836e-01	3.468314e-01	3.490345e-01	1.283250e-01	1.090370e+01
1.388889e-01	-1.761594e-01	-1.762081e-01	-1.542620e-01	3.484049e-01	3.506433e-01	1.293559e-01	1.093675e+01
1.379310e-01	-1.761332e-01	-1.761818e-01	-1.541406e-01	3.499688e-01	3.522422e-01	1.303857e-01	1.096949e+01
1.369863e-01	-1.761062e-01	-1.761548e-01	-1.540193e-01	3.515230e-01	3.538313e-01	1.314141e-01	1.100192e+01
1.360544e-01	-1.760786e-01	-1.761271e-01	-1.538981e-01	3.530676e-01	3.554105e-01	1.324412e-01	1.103403e+01
1.351351e-01	-1.760503e-01	-1.760988e-01	-1.537770e-01	3.546027e-01	3.569800e-01	1.334669e-01	1.106581e+01
1.342282e-01	-1.760214e-01	-1.760699e-01	-1.536561e-01	3.561283e-01	3.585398e-01	1.344912e-01	1.109725e+01
1.333333e-01	-1.759919e-01	-1.760403e-01	-1.535353e-01	3.576445e-01	3.600900e-01	1.355140e-01	1.112837e+01
1.324503e-01	-1.759618e-01	-1.760102e-01	-1.534147e-01	3.591513e-01	3.616306e-01	1.365354e-01	1.115914e+01
1.315789e-01	-1.759311e-01	-1.759795e-01	-1.532943e-01	3.606488e-01	3.631616e-01	1.375552e-01	1.118958e+01
1.307190e-01	-1.758998e-01	-1.759482e-01	-1.531741e-01	3.621370e-01	3.646831e-01	1.385734e-01	1.121967e+01
1.298701e-01	-1.758680e-01	-1.759163e-01	-1.530541e-01	3.636159e-01	3.661953e-01	1.395901e-01	1.124941e+01
1.290323e-01	-1.758357e-01	-1.758839e-01	-1.529343e-01	3.650857e-01	3.676980e-01	1.406051e-01	1.127879e+01
1.282051e-01	-1.758028e-01	-1.758510e-01	-1.528148e-01	3.665464e-01	3.691914e-01	1.416184e-01	1.130783e+01
1.273885e-01	-1.757694e-01	-1.758176e-01	-1.526954e-01	3.679980e-01	3.706755e-01	1.426300e-01	1.133650e+01
1.265823e-01	-1.757355e-01	-1.757837e-01	-1.525764e-01	3.694405e-01	3.721504e-01	1.436398e-01	1.136481e+01
1.257862e-01	-1.757011e-01	-1.757492e-01	-1.524576e-01	3.708741e-01	3.736161e-01	1.446479e-01	1.139276e+01
1.250000e-01	-1.756663e-01	-1.757143e-01	-1.523390e-01	3.722988e-01	3.750727e-01	1.456542e-01	1.142035e+01
1.242236e-01	-1.756309e-01	-1.756790e-01	-1.522207e-01	3.737146e-01	3.765202e-01	1.466586e-01	1.144756e+01
1.234568e-01	-1.755952e-01	-1.756431e-01	-1.521027e-01	3.751215e-01	3.779586e-01	1.476611e-01	1.147441e+01
1.226994e-01	-1.755589e-01	-1.756069e-01	-1.519850e-01	3.765197e-01	3.793881e-01	1.486617e-01	1.150089e+01
1.219512e-01	-1.755223e-01	-1.755702e-01	-1.518676e-01	3.779092e-01	3.808087e-01	1.496604e-01	1.152699e+01
1.212121e-01	-1.754852e-01	-1.755331e-01	-1.517505e-01	3.792900e-01	3.822204e-01	1.506571e-01	1.155272e+01
1.204819e-01	-1.754477e-01	-1.754956e-01	-1.516337e-01	3.806621e-01	3.836232e-01	1.516518e-01	1.157807e+01
1.197605e-01	-1.754098e-01	-1.754576e-01	-1.515173e-01	3.820257e-01	3.850173e-01	1.526445e-01	1.160304e+01
1.190476e-01	-1.753716e-01	-1.754193e-01	-1.514011e-01	3.833807e-01	3.864026e-01	1.536351e-01	1.162763e+01
1.183432e-01	-1.753329e-01	-1.753806e-01	-1.512853e-01	3.847273e-01	3.877793e-01	1.546236e-01	1.165184e+01
1.176471e-01	-1.752939e-01	-1.753416e-01	-1.511699e-01	3.860654e-01	3.891474e-01	1.556100e-01	1.167567e+01
1.169591e-01	-1.752546e-01	-1.753022e-01	-1.510548e-01	3.873952e-01	3.905068e-01	1.565943e-01	1.169912e+01
1.162791e-01	-1.752148e-01	-1.752624e-01	-1.509400e-01	3.887166e-01	3.918577e-01	1.575764e-01	1.172219e+01
1.156069e-01	-1.751748e-01	-1.752223e-01	-1.508256e-01	3.900297e-01	3.932002e-01	1.585563e-01	1.174488e+01
1.149425e-01	-1.751344e-01	-1.751819e-01	-1.507116e-01	3.913345e-01	3.945342e-01	1.595339e-01	1.176718e+01
1.142857e-01	-1.750937e-01	-1.751412e-01	-1.505980e-01	3.926312e-01	3.958598e-01	1.605094e-01	1.178909e+01
1.136364e-01	-1.750527e-01	-1.751001e-01	-1.504847e-01	3.939197e-01	3.971771e-01	1.614826e-01	1.181062e+01
1.129944e-01	-1.750114e-01	-1.750588e-01	-1.503718e-01	3.952001e-01	3.984861e-01	1.624534e-01	1.183177e+01
1.123596e-01	-1.749698e-01	-1.750171e-01	-1.502593e-01	3.964725e-01	3.997869e-01	1.634220e-01	1.185253e+01
1.117318e-01	-1.749279e-01	-1.749752e-01	-1.501472e-01	3.977369e-01	4.010795e-01	1.643882e-01	1.187291e+01
1.111111e-01	-1.748857e-01	-1.749330e-01	-1.500355e-01	3.989933e-01	4.023639e-01	1.653521e-01	1.189291e+01
1.104972e-01	-1.748433e-01	-1.748905e-01	-1.499242e-01	4.002417e-01	4.036403e-01	1.663136e-01	1.191252e+01
1.098901e-01	-1.748006e-01	-1.748478e-01	-1.498133e-01	4.014824e-01	4.049086e-01	1.672727e-01	1.193175e+01
1.092896e-01	-1.747576e-01	-1.748048e-01	-1.497028e-01	4.027152e-01	4.061689e-01	1.682294e-01	1.195059e+01
1.086957e-01	-1.747145e-01	-1.747615e-01	-1.495928e-01	4.039402e-01	4.074212e-01	1.691836e-01	1.196905e+01
1.081081e-01	-1.746710e-01	-1.747181e-01	-1.494831e-01	4.051575e-01	4.086657e-01	1.701354e-01	1.198714e+01
1.075269e-01	-1.746274e-01	-1.746744e-01	-1.493739e-01	4.063671e-01	4.099023e-01	1.710847e-01	1.200484e+01
1.069519e-01	-1.745835e-01	-1.746305e-01	-1.492651e-01	4.075691e-01	4.111311e-01	1.720314e-01	1.202216e+01
1.063830e-01	-1.745394e-01	-1.745863e-01	-1.491567e-01	4.087635e-01	4.123521e-01	1.729757e-01	1.203910e+01
1.058201e-01	-1.744951e-01	-1.745420e-01	-1.490488e-01	4.099504e-01	4.135654e-01	1.739175e-01	1.205566e+01
1.052632e-01	-1.744506e-01	-1.744974e-01	-1.489413e-01	4.111297e-01	4.147711e-01	1.748567e-01	1.207184e+01
1.047120e-01	-1.744059e-01	-1.744527e-01	-1.488343e-01	4.123016e-01	4.159691e-01	1.757933e-01	1.208765e+01
1.041667e-01	-1.743610e-01	-1.744078e-01	-1.487277e-01	4.134661e-01	4.171596e-01	1.767274e-01	1.210309e+01
1.036269e-01	-1.743160e-01	-1.743627e-01	-1.486215e-01	4.146233e-01	4.183425e-01	1.776588e-01	1.211815e+01
1.030928e-01	-1.742707e-01	-1.743174e-01	-1.485158e-01	4.157731e-01	4.195180e-01	1.785877e-01	1.213284e+01
1.025641e-01	-1.742253e-01	-1.742720e-01	-1.484105e-01	4.169156e-01	4.206860e-01	1.795139e-01	1.214716e+01
1.020408e-01	-1.741798e-01	-1.742264e-01	-1.483057e-01	4.180509e-01	4.218467e-01	1.804375e-01	1.216111e+01
1.015228e-01	-1.741341e-01	-1.741806e-01	-1.482014e-01	4.191791e-01	4.230000e-01	1.813584e-01	1.217469e+01
1.010101e-01	-1.740882e-01	-1.741347e-01	-1.480975e-01	4.203001e-01	4.241460e-01	1.822767e-01	1.218791e+01
1.005025e-01	-1.740422e-01	-1.740886e-01	-1.479940e-01	4.214140e-01	4.252848e-01	1.831923e-01	1.220076e+01
1.000000e-01	-1.739960e-01	-1.740425e-01	-1.478910e-01	4.225208e-01	4.264163e-01	1.841052e-01	1.221325e+01
9.950249e-02	-1.739498e-01	-1.739961e-01	-1.477885e-01	4.236207e-01	4.275407e-01	1.850154e-01	1.222538e+01
9.900990e-02	-1.739033e-01	-1.739497e-01	-1.476865e-01	4.247136e-01	4.286580e-01	1.859229e-01	1.223714e+01
9.852217e-02	-1.738568e-01	-1.739031e-01	-1.475849e-01	4.257996e-01	4.297683e-01	1.868277e-01	1.224856e+01
9.803922e-02	-1.738102e-01	-1.738564e-01	-1.474838e-01	4.268787e-01	4.308715e-01	1.877298e-01	1.225961e+01
9.756098e-02	-1.737634e-01	-1.738096e-01	-1.473831e-01	4.279509e-01	4.319677e-01	1.886291e-01	1.227032e+01
9.708738e-02	-1.737165e-01	-1.737627e-01	-1.472830e-01	4.290164e-01	4.330570e-01	1.895256e-01	1.228067e+01
9.661836e-02	-1.736696e-01	-1.737157e-01	-1.471833e-01	4.300751e-01	4.341394e-01	1.904194e-01	1.229067e+01
9.615385e-02	-1.736225e-01	-1.736686e-01	-1.470840e-01	4.311272e-01	4.352150e-01	1.913104e-01	1.230033e+01
9.569378e-02	-1.735753e-01	-1.736214e-01	-1.469853e-01	4.321726e-01	4.362837e-01	1.921987e-01	1.230964e+01
9.523810e-02	-1.735281e-01	-1.735741e-01	-1.468870e-01	4.332113e-01	4.373458e-01	1.930841e-01	1.231860e+01
9.478673e-02	-1.734808e-01	-1.735267e-01	-1.467892e-01	4.342435e-01	4.384011e-01	1.939668e-01	1.232723e+01
9.433962e-02	-1.734334e-01	-1.734793e-01	-1.466919e-01	4.352692e-01	4.394497e-01	1.948467e-01	1.233552e+01
9.389671e-02	-1.733859e-01	-1.734318e-01	-1.465950e-01	4.362883e-01	4.404917e-01	1.957238e-01	1.234347e+01
9.345794e-02	-1.733383e-01	-1.733842e-01	-1.464987e-01	4.373010e-01	4.415271e-01	1.965980e-01	1.235109e+01
9.302326e-02	-1.732907e-01	-1.733365e-01	-1.464028e-01	4.383073e-01	4.425560e-01	1.974694e-01	1.235838e+01
9.259259e-02	-1.732431e-01	-1.732888e-01	-1.463074e-01	4.393073e-01	4.435784e-01	1.983381e-01	1.236534e+01
9.216590e-02	-1.731953e-01	-1.732411e-01	-1.462124e-01	4.403009e-01	4.445944e-01	1.992038e-01	1.237198e+01
9.174312e-02	-1.731475e-01	-1.731932e-01	-1.461180e-01	4.412882e-01	4.456039e-01	2.000668e-01	1.237828e+01
9.132420e-02	-1.730997e-01	-1.731454e-01	-1.460240e-01	4.422693e-01	4.466071e-01	2.009269e-01	1.238427e+01
9.090909e-02	-1.730518e-01	-1.730974e-01	-1.459305e-01	4.432442e-01	4.476039e-01	2.017842e-01	1.238994e+01
9.049774e-02	-1.730039e-01	-1.730495e-01	-1.458375e-01	4.442130e-01	4.485945e-01	2.026386e-01	1.239530e+01
9.009009e-02	-1.729560e-01	-1.730015e-01	-1.457450e-01	4.451756e-01	4.495788e-01	2.034902e-01	1.240033e+01
8.968610e-02	-1.729080e-01	-1.729535e-01	-1.456529e-01	4.461321e-01	4.505570e-01	2.043389e-01	1.240506e+01
8.928571e-02	-1.728600e-01	-1.729054e-01	-1.455613e-01	4.470826e-01	4.515289e-01	2.051848e-01	1.240948e+01
8.888889e-02	-1.728119e-01	-1.728573e-01	-1.454702e-01	4.480271e-01	4.524948e-01	2.060278e-01	1.241360e+01
8.849558e-02	-1.727638e-01	-1.728092e-01	-1.453796e-01	4.489657e-01	4.534546e-01	2.068680e-01	1.241741e+01
8.810573e-02	-1.727157e-01	-1.727611e-01	-1.452895e-01	4.498983e-01	4.544083e-01	2.077053e-01	1.242092e+01
8.771930e-02	-1.726676e-01	-1.727129e-01	-1.451998e-01	4.508251e-01	4.553561e-01	2.085397e-01	1.242413e+01
8.733624e-02	-1.726195e-01	-1.726648e-01	-1.451106e-01	4.517460e-01	4.562979e-01	2.093713e-01	1.242704e+01
8.695652e-02	-1.725714e-01	-1.726166e-01	-1.450219e-01	4.526611e-01	4.572338e-01	2.102000e-01	1.242967e+01
8.658009e-02	-1.725232e-01	-1.725684e-01	-1.449337e-01	4.535704e-01	4.581638e-01	2.110259e-01	1.243200e+01
8.620690e-02	-1.724751e-01	-1.725202e-01	-1.448459e-01	4.544740e-01	4.590880e-01	2.118488e-01	1.243405e+01
8.583691e-02	-1.724269e-01	-1.724720e-01	-1.447587e-01	4.553720e-01	4.600064e-01	2.126690e-01	1.243582e+01
8.547009e-02	-1.723788e-01	-1.724238e-01	-1.446719e-01	4.562643e-01	4.609191e-01	2.134862e-01	1.243730e+01
8.510638e-02	-1.723306e-01	-1.723756e-01	-1.445855e-01	4.571509e-01	4.618260e-01	2.143006e-01	1.243850e+01
8.474576e-02	-1.722825e-01	-1.723275e-01	-1.444997e-01	4.580320e-01	4.627272e-01	2.151121e-01	1.243943e+01
8.438819e-02	-1.722344e-01	-1.722793e-01	-1.444143e-01	4.589076e-01	4.636229e-01	2.159208e-01	1.244008e+01
8.403361e-02	-1.721862e-01	-1.722311e-01	-1.443294e-01	4.597777e-01	4.645129e-01	2.167266e-01	1.244047e+01
8.368201e-02	-1.721381e-01	-1.721830e-01	-1.442449e-01	4.606423e-01	4.653974e-01	2.175295e-01	1.244058e+01
8.333333e-02	-1.720901e-01	-1.721349e-01	-1.441610e-01	4.615015e-01	4.662763e-01	2.183296e-01	1.244043e+01
8.298755e-02	-1.720420e-01	-1.720868e-01	-1.440775e-01	4.623553e-01	4.671498e-01	2.191268e-01	1.244002e+01
8.264463e-02	-1.719939e-01	-1.720387e-01	-1.439944e-01	4.632038e-01	4.680178e-01	2.199212e-01	1.243935e+01
8.230453e-02	-1.719459e-01	-1.719906e-01	-1.439119e-01	4.640470e-01	4.688805e-01	2.207127e-01	1.243843e+01
8.196721e-02	-1.718979e-01	-1.719426e-01	-1.438298e-01	4.648849e-01	4.697377e-01	2.215014e-01	1.243725e+01
8.163265e-02	-1.718499e-01	-1.718946e-01	-1.437481e-01	4.657175e-01	4.705896e-01	2.222872e-01	1.243582e+01
8.130081e-02	-1.718020e-01	-1.718466e-01	-1.436670e-01	4.665449e-01	4.714363e-01	2.230701e-01	1.243414e+01
8.097166e-02	-1.717541e-01	-1.717987e-01	-1.435862e-01	4.673672e-01	4.722777e-01	2.238503e-01	1.243221e+01
8.064516e-02	-1.717062e-01	-1.717508e-01	-1.435060e-01	4.681844e-01	4.731138e-01	2.246276e-01	1.243005e+01
8.032129e-02	-1.716584e-01	-1.717029e-01	-1.434262e-01	4.689964e-01	4.739448e-01	2.254020e-01	1.242764e+01
8.000000e-02	-1.716106e-01	-1.716551e-01	-1.433469e-01	4.698034e-01	4.747706e-01	2.261737e-01	1.242500e+01
7.968127e-02	-1.715628e-01	-1.716073e-01	-1.432680e-01	4.706054e-01	4.755914e-01	2.269425e-01	1.242212e+01
7.936508e-02	-1.715151e-01	-1.715595e-01	-1.431896e-01	4.714024e-01	4.764070e-01	2.277085e-01	1.241902e+01
7.905138e-02	-1.714675e-01	-1.715118e-01	-1.431116e-01	4.721944e-01	4.772176e-01	2.284716e-01	1.241568e+01
7.874016e-02	-1.714199e-01	-1.714642e-01	-1.430341e-01	4.729815e-01	4.780233e-01	2.292320e-01	1.241212e+01
7.843137e-02	-1.713723e-01	-1.714165e-01	-1.429570e-01	4.737637e-01	4.788239e-01	2.299895e-01	1.240834e+01
7.812500e-02	-1.713248e-01	-1.713690e-01	-1.428804e-01	4.745411e-01	4.796196e-01	2.307443e-01	1.240433e+01
7.782101e-02	-1.712773e-01	-1.713215e-01	-1.428042e-01	4.753136e-01	4.804104e-01	2.314962e-01	1.240011e+01
7.751938e-02	-1.712299e-01	-1.712740e-01	-1.427285e-01	4.760814e-01	4.811964e-01	2.322454e-01	1.239567e+01
7.722008e-02	-1.711825e-01	-1.712266e-01	-1.426532e-01	4.768444e-01	4.819775e-01	2.329917e-01	1.239103e+01
7.692308e-02	-1.711352e-01	-1.711793e-01	-1.425784e-01	4.776027e-01	4.827538e-01	2.337353e-01	1.238617e+01
7.662835e-02	-1.710880e-01	-1.711320e-01	-1.425040e-01	4.783563e-01	4.835254e-01	2.344761e-01	1.238111e+01
7.633588e-02	-1.710408e-01	-1.710848e-01	-1.424300e-01	4.791052e-01	4.842923e-01	2.352142e-01	1.237584e+01
7.604563e-02	-1.709936e-01	-1.710376e-01	-1.423565e-01	4.798496e-01	4.850544e-01	2.359494e-01	1.237037e+01
7.575758e-02	-1.709466e-01	-1.709905e-01	-1.422834e-01	4.805893e-01	4.858119e-01	2.366820e-01	1.236471e+01
7.547170e-02	-1.708996e-01	-1.709435e-01	-1.422108e-01	4.813245e-01	4.865648e-01	2.374117e-01	1.235885e+01
7.518797e-02	-1.708527e-01	-1.708965e-01	-1.421386e-01	4.820552e-01	4.873131e-01	2.381387e-01	1.235279e+01
7.490637e-02	-1.708058e-01	-1.708496e-01	-1.420668e-01	4.827814e-01	4.880568e-01	2.388630e-01	1.234655e+01
7.462687e-02	-1.707590e-01	-1.708028e-01	-1.419955e-01	4.835031e-01	4.887960e-01	2.395846e-01	1.234012e+01
7.434944e-02	-1.707123e-01	-1.707560e-01	-1.419245e-01	4.842204e-01	4.895307e-01	2.403034e-01	1.233350e+01
7.407407e-02	-1.706656e-01	-1.707093e-01	-1.418541e-01	4.849333e-01	4.902610e-01	2.410195e-01	1.232670e+01
7.380074e-02	-1.706190e-01	-1.706627e-01	-1.417840e-01	4.856418e-01	4.909868e-01	2.417329e-01	1.231972e+01
7.352941e-02	-1.705725e-01	-1.706162e-01	-1.417143e-01	4.863460e-01	4.917082e-01	2.424436e-01	1.231257e+01
7.326007e-02	-1.705261e-01	-1.705697e-01	-1.416451e-01	4.870459e-01	4.924253e-01	2.431516e-01	1.230524e+01
7.299270e-02	-1.704797e-01	-1.705233e-01	-1.415763e-01	4.877415e-01	4.931380e-01	2.438569e-01	1.229774e+01
7.272727e-02	-1.704334e-01	-1.704770e-01	-1.415079e-01	4.884329e-01	4.938464e-01	2.445595e-01	1.229006e+01
7.246377e-02	-1.703872e-01	-1.704307e-01	-1.414400e-01	4.891201e-01	4.945505e-01	2.452594e-01	1.228223e+01
7.220217e-02	-1.703410e-01	-1.703845e-01	-1.413724e-01	4.898030e-01	4.952504e-01	2.459567e-01	1.227422e+01
7.194245e-02	-1.702950e-01	-1.703385e-01	-1.413052e-01	4.904819e-01	4.959461e-01	2.466513e-01	1.226606e+01
7.168459e-02	-1.702490e-01	-1.702924e-01	-1.412385e-01	4.911566e-01	4.966377e-01	2.473433e-01	1.225774e+01
7.142857e-02	-1.702031e-01	-1.702465e-01	-1.411722e-01	4.918272e-01	4.973250e-01	2.480326e-01	1.224926e+01
7.117438e-02	-1.701573e-01	-1.702007e-01	-1.411063e-01	4.924938e-01	4.980083e-01	2.487193e-01	1.224062e+01
7.092199e-02	-1.701116e-01	-1.701549e-01	-1.410407e-01	4.931563e-01	4.986874e-01	2.494034e-01	1.223184e+01
7.067138e-02	-1.700659e-01	-1.701092e-01	-1.409756e-01	4.938148e-01	4.993625e-01	2.500848e-01	1.222290e+01
7.042254e-02	-1.700204e-01	-1.700636e-01	-1.409109e-01	4.944693e-01	5.000336e-01	2.507637e-01	1.221382e+01
7.017544e-02	-1.699749e-01	-1.700181e-01	-1.408466e-01	4.951199e-01	5.007006e-01	2.514399e-01	1.220459e+01
6.993007e-02	-1.699295e-01	-1.699727e-01	-1.407827e-01	4.957666e-01	5.013637e-01	2.521135e-01	1.219522e+01
6.968641e-02	-1.698842e-01	-1.699274e-01	-1.407192e-01	4.964093e-01	5.020229e-01	2.527846e-01	1.218571e+01
6.944444e-02	-1.698390e-01	-1.698821e-01	-1.406560e-01	4.970482e-01	5.026781e-01	2.534531e-01	1.217607e+01
6.920415e-02	-1.697939e-01	-1.698370e-01	-1.405933e-01	4.976833e-01	5.033295e-01	2.541190e-01	1.216628e+01
6.896552e-02	-1.697488e-01	-1.697919e-01	-1.405309e-01	4.983145e-01	5.039769e-01	2.547823e-01	1.215637e+01
6.872852e-02	-1.697039e-01	-1.697469e-01	-1.404690e-01	4.989420e-01	5.046206e-01	2.554431e-01	1.214632e+01
6.849315e-02	-1.696590e-01	-1.697020e-01	-1.404074e-01	4.995657e-01	5.052605e-01	2.561013e-01	1.213615e+01
6.825939e-02	-1.696143e-01	-1.696572e-01	-1.403462e-01	5.001857e-01	5.058965e-01	2.567571e-01	1.212585e+01
6.802721e-02	-1.695696e-01	-1.696125e-01	-1.402854e-01	5.008020e-01	5.065289e-01	2.574103e-01	1.211542e+01
6.779661e-02	-1.695250e-01	-1.695679e-01	-1.402250e-01	5.014146e-01	5.071575e-01	2.580609e-01	1.210488e+01
6.756757e-02	-1.694805e-01	-1.695234e-01	-1.401649e-01	5.020236e-01	5.077824e-01	2.587091e-01	1.209421e+01
6.734007e-02	-1.694361e-01	-1.694790e-01	-1.401052e-01	5.026289e-01	5.084037e-01	2.593548e-01	1.208343e+01
6.711409e-02	-1.693918e-01	-1.694346e-01	-1.400459e-01	5.032307e-01	5.090213e-01	2.599980e-01	1.207253e+01
6.688963e-02	-1.693476e-01	-1.693904e-01	-1.399870e-01	5.038288e-01	5.096353e-01	2.606387e-01	1.206152e+01
6.666667e-02	-1.693035e-01	-1.693462e-01	-1.399284e-01	5.044235e-01	5.102457e-01	2.612769e-01	1.205040e+01
6.644518e-02	-1.692595e-01	-1.693022e-01	-1.398702e-01	5.050146e-01	5.108526e-01	2.619127e-01	1.203917e+01
6.622517e-02	-1.692155e-01	-1.692582e-01	-1.398124e-01	5.056022e-01	5.114559e-01	2.625460e-01	1.202784e+01
6.600660e-02	-1.691717e-01	-1.692144e-01	-1.397549e-01	5.061863e-01	5.120558e-01	2.631769e-01	1.201640e+01
6.578947e-02	-1.691280e-01	-1.691706e-01	-1.396978e-01	5.067670e-01	5.126521e-01	2.638053e-01	1.200486e+01
6.557377e-02	-1.690844e-01	-1.691270e-01	-1.396411e-01	5.073443e-01	5.132450e-01	2.644314e-01	1.199321e+01
6.535948e-02	-1.690408e-01	-1.690834e-01	-1.395847e-01	5.079182e-01	5.138344e-01	2.650550e-01	1.198147e+01
6.514658e-02	-1.689974e-01	-1.690399e-01	-1.395287e-01	5.084887e-01	5.144205e-01	2.656762e-01	1.196964e+01
6.493506e-02	-1.689540e-01	-1.689965e-01	-1.394730e-01	5.090559e-01	5.150031e-01	2.662950e-01	1.195770e+01
6.472492e-02	-1.689108e-01	-1.689533e-01	-1.394177e-01	5.096198e-01	5.155825e-01	2.669114e-01	1.194568e+01
6.451613e-02	-1.688677e-01	-1.689101e-01	-1.393627e-01	5.101803e-01	5.161584e-01	2.675254e-01	1.193357e+01
6.430868e-02	-1.688246e-01	-1.688670e-01	-1.393081e-01	5.107376e-01	5.167311e-01	2.681371e-01	1.192137e+01
6.410256e-02	-1.687817e-01	-1.688241e-01	-1.392538e-01	5.112916e-01	5.173005e-01	2.687465e-01	1.190908e+01
6.389776e-02	-1.687388e-01	-1.687812e-01	-1.391999e-01	5.118424e-01	5.178666e-01	2.693534e-01	1.189671e+01
6.369427e-02	-1.686961e-01	-1.687384e-01	-1.391463e-01	5.123900e-01	5.184295e-01	2.699581e-01	1.188425e+01
6.349206e-02	-1.686534e-01	-1.686957e-01	-1.390930e-01	5.129344e-01	5.189892e-01	2.705604e-01	1.187171e+01
6.329114e-02	-1.686109e-01	-1.686532e-01	-1.390401e-01	5.134757e-01	5.195457e-01	2.711604e-01	1.185910e+01
6.309148e-02	-1.685685e-01	-1.686107e-01	-1.389875e-01	5.140138e-01	5.200990e-01	2.717580e-01	1.184641e+01
6.289308e-02	-1.685261e-01	-1.685683e-01	-1.389353e-01	5.145488e-01	5.206492e-01	2.723534e-01	1.183364e+01
6.269592e-02	-1.684839e-01	-1.685261e-01	-1.388834e-01	5.150808e-01	5.211963e-01	2.729465e-01	1.182080e+01
6.250000e-02	-1.684417e-01	-1.684839e-01	-1.388318e-01	5.156096e-01	5.217402e-01	2.735373e-01	1.180789e+01
6.230530e-02	-1.683997e-01	-1.684418e-01	-1.387806e-01	5.161354e-01	5.222811e-01	2.741259e-01	1.179491e+01
6.211180e-02	-1.683578e-01	-1.683999e-01	-1.387296e-01	5.166582e-01	5.228190e-01	2.747121e-01	1.178186e+01
6.191950e-02	-1.683159e-01	-1.683580e-01	-1.386790e-01	5.171780e-01	5.233538e-01	2.752962e-01	1.176875e+01
6.172840e-02	-1.682742e-01	-1.683163e-01	-1.386288e-01	5.176948e-01	5.238856e-01	2.758779e-01	1.175557e+01
6.153846e-02	-1.682326e-01	-1.682746e-01	-1.385788e-01	5.182087e-01	5.244144e-01	2.764575e-01	1.174232e+01
6.134969e-02	-1.681910e-01	-1.682330e-01	-1.385292e-01	5.187196e-01	5.249403e-01	2.770348e-01	1.172902e+01
6.116208e-02	-1.681496e-01	-1.681916e-01	-1.384799e-01	5.192276e-01	5.254632e-01	2.776099e-01	1.171566e+01
6.097561e-02	-1.681083e-01	-1.681502e-01	-1.384309e-01	5.197327e-01	5.259832e-01	2.781828e-01	1.170223e+01
6.079027e-02	-1.680671e-01	-1.681090e-01	-1.383822e-01	5.202349e-01	5.265004e-01	2.787536e-01	1.168876e+01
6.060606e-02	-1.680260e-01	-1.680679e-01	-1.383338e-01	5.207343e-01	5.270146e-01	2.793221e-01	1.167522e+01
6.042296e-02	-1.679850e-01	-1.680268e-01	-1.382857e-01	5.212308e-01	5.275260e-01	2.798884e-01	1.166164e+01
6.024096e-02	-1.679440e-01	-1.679859e-01	-1.382380e-01	5.217245e-01	5.280345e-01	2.804526e-01	1.164800e+01
6.006006e-02	-1.679032e-01	-1.679450e-01	-1.381905e-01	5.222155e-01	5.285402e-01	2.810147e-01	1.163432e+01
5.988024e-02	-1.678625e-01	-1.679043e-01	-1.381434e-01	5.227036e-01	5.290432e-01	2.815746e-01	1.162058e+01
5.970149e-02	-1.678219e-01	-1.678637e-01	-1.380965e-01	5.231891e-01	5.295433e-01	2.821323e-01	1.160680e+01
5.952381e-02	-1.677814e-01	-1.678232e-01	-1.380500e-01	5.236717e-01	5.300407e-01	2.826879e-01	1.159297e+01
5.934718e-02	-1.677410e-01	-1.677827e-01	-1.380038e-01	5.241517e-01	5.305354e-01	2.832415e-01	1.157910e+01
5.917160e-02	-1.677007e-01	-1.677424e-01	-1.379578e-01	5.246290e-01	5.310274e-01	2.837929e-01	1.156519e+01
5.899705e-02	-1.676605e-01	-1.677022e-01	-1.379122e-01	5.251036e-01	5.315166e-01	2.843422e-01	1.155124e+01
5.882353e-02	-1.676204e-01	-1.676621e-01	-1.378668e-01	5.255755e-01	5.320032e-01	2.848894e-01	1.153724e+01
5.865103e-02	-1.675805e-01	-1.676221e-01	-1.378217e-01	5.260449e-01	5.324872e-01	2.854345e-01	1.152321e+01
5.847953e-02	-1.675406e-01	-1.675822e-01	-1.377770e-01	5.265115e-01	5.329685e-01	2.859776e-01	1.150914e+01
5.830904e-02	-1.675008e-01	-1.675424e-01	-1.377325e-01	5.269757e-01	5.334472e-01	2.865186e-01	1.149504e+01
5.813953e-02	-1.674611e-01	-1.675027e-01	-1.376883e-01	5.274372e-01	5.339233e-01	2.870576e-01	1.148090e+01
5.797101e-02	-1.674215e-01	-1.674631e-01	-1.376444e-01	5.278961e-01	5.343968e-01	2.875945e-01	1.146673e+01
5.780347e-02	-1.673821e-01	-1.674236e-01	-1.376007e-01	5.283526e-01	5.348678e-01	2.881294e-01	1.145253e+01
5.763689e-02	-1.673427e-01	-1.673842e-01	-1.375574e-01	5.288065e-01	5.353362e-01	2.886623e-01	1.143830e+01
5.747126e-02	-1.673034e-01	-1.673449e-01	-1.375143e-01	5.292578e-01	5.358021e-01	2.891931e-01	1.142405e+01
5.730659e-02	-1.672643e-01	-1.673057e-01	-1.374715e-01	5.297068e-01	5.362655e-01	2.897220e-01	1.140976e+01
5.714286e-02	-1.672252e-01	-1.672666e-01	-1.374290e-01	5.301532e-01	5.367264e-01	2.902488e-01	1.139545e+01
5.698006e-02	-1.671863e-01	-1.672276e-01	-1.373868e-01	5.305972e-01	5.371849e-01	2.907737e-01	1.138111e+01
5.681818e-02	-1.671474e-01	-1.671888e-01	-1.373448e-01	5.310387e-01	5.376409e-01	2.912966e-01	1.136675e+01
5.665722e-02	-1.671086e-01	-1.671500e-01	-1.373031e-01	5.314779e-01	5.380944e-01	2.918176e-01	1.135237e+01
5.649718e-02	-1.670700e-01	-1.671113e-01	-1.372617e-01	5.319146e-01	5.385456e-01	2.923365e-01	1.133797e+01
5.633803e-02	-1.670314e-01	-1.670727e-01	-1.372205e-01	5.323489e-01	5.389943e-01	2.928536e-01	1.132354e+01
5.617978e-02	-1.669930e-01	-1.670343e-01	-1.371796e-01	5.327809e-01	5.394407e-01	2.933687e-01	1.130910e+01
5.602241e-02	-1.669546e-01	-1.669959e-01	-1.371390e-01	5.332106e-01	5.398847e-01	2.938819e-01	1.129465e+01
5.586592e-02	-1.669164e-01	-1.669576e-01	-1.370986e-01	5.336379e-01	5.403264e-01	2.943931e-01	1.128017e+01
5.571031e-02	-1.668782e-01	-1.669194e-01	-1.370585e-01	5.340629e-01	5.407658e-01	2.949024e-01	1.126568e+01
5.555556e-02	-1.668402e-01	-1.668814e-01	-1.370186e-01	5.344856e-01	5.412028e-01	2.954099e-01	1.125118e+01
5.540166e-02	-1.668023e-01	-1.668434e-01	-1.369790e-01	5.349060e-01	5.416375e-01	2.959154e-01	1.123666e+01
5.524862e-02	-1.667644e-01	-1.668056e-01	-1.369397e-01	5.353241e-01	5.420700e-01	2.964191e-01	1.122214e+01
5.509642e-02	-1.667267e-01	-1.667678e-01	-1.369006e-01	5.357400e-01	5.425002e-01	2.969209e-01	1.120760e+01
5.494505e-02	-1.666890e-01	-1.667301e-01	-1.368618e-01	5.361537e-01	5.429282e-01	2.974208e-01	1.119305e+01
5.479452e-02	-1.666515e-01	-1.666926e-01	-1.368232e-01	5.365651e-01	5.433539e-01	2.979189e-01	1.117850e+01
5.464481e-02	-1.666140e-01	-1.666551e-01	-1.367848e-01	5.369744e-01	5.437774e-01	2.984151e-01	1.116394e+01
5.449591e-02	-1.665767e-01	-1.666178e-01	-1.367467e-01	5.373814e-01	5.441988e-01	2.989095e-01	1.114937e+01
5.434783e-02	-1.665395e-01	-1.665805e-01	-1.367089e-01	5.377863e-01	5.446179e-01	2.994021e-01	1.113479e+01
5.420054e-02	-1.665023e-01	-1.665433e-01	-1.366713e-01	5.381891e-01	5.450349e-01	2.998928e-01	1.112022e+01
5.405405e-02	-1.664653e-01	-1.665063e-01	-1.366340e-01	5.385897e-01	5.454497e-01	3.003818e-01	1.110563e+01
5.390836e-02	-1.664283e-01	-1.664693e-01	-1.365968e-01	5.389881e-01	5.458624e-01	3.008689e-01	1.109105e+01
5.376344e-02	-1.663915e-01	-1.664325e-01	-1.365600e-01	5.393845e-01	5.462730e-01	3.013543e-01	1.107647e+01
5.361930e-02	-1.663548e-01	-1.663957e-01	-1.365233e-01	5.397788e-01	5.466815e-01	3.018378e-01	1.106188e+01
5.347594e-02	-1.663181e-01	-1.663590e-01	-1.364869e-01	5.401710e-01	5.470879e-01	3.023196e-01	1.104730e+01
5.333333e-02	-1.662816e-01	-1.663225e-01	-1.364508e-01	5.405611e-01	5.474922e-01	3.027996e-01	1.103272e+01
5.319149e-02	-1.662451e-01	-1.662860e-01	-1.364148e-01	5.409492e-01	5.478945e-01	3.032779e-01	1.101814e+01
5.305040e-02	-1.662088e-01	-1.662496e-01	-1.363791e-01	5.413352e-01	5.482947e-01	3.037544e-01	1.100356e+01
5.291005e-02	-1.661725e-01	-1.662134e-01	-1.363437e-01	5.417192e-01	5.486929e-01	3.042292e-01	1.098899e+01
5.277045e-02	-1.661364e-01	-1.661772e-01	-1.363084e-01	5.421012e-01	5.490891e-01	3.047022e-01	1.097443e+01
5.263158e-02	-1.661003e-01	-1.661411e-01	-1.362734e-01	5.424813e-01	5.494832e-01	3.051735e-01	1.095987e+01
5.249344e-02	-1.660644e-01	-1.661052e-01	-1.362386e-01	5.428593e-01	5.498754e-01	3.056431e-01	1.094531e+01
5.235602e-02	-1.660285e-01	-1.660693e-01	-1.362041e-01	5.432354e-01	5.502657e-01	3.061110e-01	1.093077e+01
5.221932e-02	-1.659927e-01	-1.660335e-01	-1.361697e-01	5.436095e-01	5.506539e-01	3.065772e-01	1.091623e+01
5.208333e-02	-1.659571e-01	-1.659978e-01	-1.361356e-01	5.439817e-01	5.510402e-01	3.070417e-01	1.090171e+01
5.194805e-02	-1.659215e-01	-1.659622e-01	-1.361017e-01	5.443520e-01	5.514246e-01	3.075045e-01	1.088719e+01
5.181347e-02	-1.658860e-01	-1.659267e-01	-1.360680e-01	5.447203e-01	5.518071e-01	3.079657e-01	1.087268e+01
5.167959e-02	-1.658507e-01	-1.658913e-01	-1.360346e-01	5.450868e-01	5.521877e-01	3.084252e-01	1.085819e+01
5.154639e-02	-1.658154e-01	-1.658560e-01	-1.360013e-01	5.454514e-01	5.525664e-01	3.088830e-01	1.084371e+01
5.141388e-02	-1.657802e-01	-1.658208e-01	-1.359683e-01	5.458141e-01	5.529432e-01	3.093392e-01	1.082925e+01
5.128205e-02	-1.657451e-01	-1.657857e-01	-1.359354e-01	5.461749e-01	5.533181e-01	3.097938e-01	1.081479e+01
5.115090e-02	-1.657101e-01	-1.657507e-01	-1.359028e-01	5.465340e-01	5.536912e-01	3.102467e-01	1.080036e+01
5.102041e-02	-1.656752e-01	-1.657158e-01	-1.358704e-01	5.468911e-01	5.540625e-01	3.106980e-01	1.078593e+01
5.089059e-02	-1.656404e-01	-1.656810e-01	-1.358382e-01	5.472465e-01	5.544320e-01	3.111477e-01	1.077153e+01
5.076142e-02	-1.656057e-01	-1.656463e-01	-1.358063e-01	5.476001e-01	5.547996e-01	3.115958e-01	1.075714e+01
5.063291e-02	-1.655711e-01	-1.656116e-01	-1.357745e-01	5.479518e-01	5.551654e-01	3.120423e-01	1.074277e+01
5.050505e-02	-1.655365e-01	-1.655771e-01	-1.357429e-01	5.483018e-01	5.555295e-01	3.124872e-01	1.072842e+01
5.037783e-02	-1.655021e-01	-1.655426e-01	-1.357115e-01	5.486500e-01	5.558918e-01	3.129305e-01	1.071409e+01
5.025126e-02	-1.654678e-01	-1.655083e-01	-1.356804e-01	5.489965e-01	5.562523e-01	3.133722e-01	1.069977e+01
5.012531e-02	-1.654335e-01	-1.654740e-01	-1.356494e-01	5.493412e-01	5.566111e-01	3.138124e-01	1.068548e+01
5.000000e-02	-1.653994e-01	-1.654399e-01	-1.356186e-01	5.496842e-01	5.569681e-01	3.142510e-01	1.067121e+01
4.987531e-02	-1.653653e-01	-1.654058e-01	-1.355880e-01	5.500255e-01	5.573235e-01	3.146881e-01	1.065696e+01
4.975124e-02	-1.653313e-01	-1.653718e-01	-1.355577e-01	5.503651e-01	5.576771e-01	3.151236e-01	1.064274e+01
4.962779e-02	-1.652975e-01	-1.653379e-01	-1.355275e-01	5.507029e-01	5.580290e-01	3.155576e-01	1.062853e+01
4.950495e-02	-1.652637e-01	-1.653041e-01	-1.354975e-01	5.510391e-01	5.583792e-01	3.159900e-01	1.061436e+01
4.938272e-02	-1.652300e-01	-1.652704e-01	-1.354677e-01	5.513737e-01	5.587278e-01	3.164210e-01	1.060020e+01
4.926108e-02	-1.651964e-01	-1.652368e-01	-1.354381e-01	5.517065e-01	5.590747e-01	3.168504e-01	1.058607e+01
4.914005e-02	-1.651629e-01	-1.652033e-01	-1.354086e-01	5.520377e-01	5.594199e-01	3.172783e-01	1.057196e+01
4.901961e-02	-1.651295e-01	-1.651699e-01	-1.353794e-01	5.523673e-01	5.597635e-01	3.177048e-01	1.055789e+01
4.889976e-02	-1.650961e-01	-1.651365e-01	-1.353504e-01	5.526953e-01	5.601055e-01	3.181297e-01	1.054383e+01
4.878049e-02	-1.650629e-01	-1.651033e-01	-1.353215e-01	5.530216e-01	5.604459e-01	3.185532e-01	1.052981e+01
4.866180e-02	-1.650298e-01	-1.650701e-01	-1.352928e-01	5.533463e-01	5.607846e-01	3.189752e-01	1.051581e+01
4.854369e-02	-1.649967e-01	-1.650370e-01	-1.352644e-01	5.536695e-01	5.611218e-01	3.193957e-01	1.050184e+01
4.842615e-02	-1.649637e-01	-1.650041e-01	-1.352360e-01	5.539911e-01	5.614574e-01	3.198148e-01	1.048790e+01
4.830918e-02	-1.649309e-01	-1.649712e-01	-1.352079e-01	5.543111e-01	5.617914e-01	3.202324e-01	1.047399e+01
4.819277e-02	-1.648981e-01	-1.649384e-01	-1.351800e-01	5.546295e-01	5.621238e-01	3.206486e-01	1.046011e+01
4.807692e-02	-1.648654e-01	-1.649057e-01	-1.351522e-01	5.549464e-01	5.624547e-01	3.210633e-01	1.044626e+01
4.796163e-02	-1.648328e-01	-1.648730e-01	-1.351246e-01	5.552617e-01	5.627841e-01	3.214766e-01	1.043244e+01
4.784689e-02	-1.648002e-01	-1.648405e-01	-1.350972e-01	5.555756e-01	5.631119e-01	3.218885e-01	1.041865e+01
4.773270e-02	-1.647678e-01	-1.648080e-01	-1.350699e-01	5.558879e-01	5.634382e-01	3.222990e-01	1.040489e+01
4.761905e-02	-1.647354e-01	-1.647757e-01	-1.350429e-01	5.561987e-01	5.637630e-01	3.227081e-01	1.039117e+01
4.750594e-02	-1.647032e-01	-1.647434e-01	-1.350160e-01	5.565080e-01	5.640863e-01	3.231157e-01	1.037748e+01
4.739336e-02	-1.646710e-01	-1.647112e-01	-1.349893e-01	5.568158e-01	5.644082e-01	3.235220e-01	1.036382e+01
4.728132e-02	-1.646389e-01	-1.646791e-01	-1.349627e-01	5.571221e-01	5.647285e-01	3.239269e-01	1.035019e+01
4.716981e-02	-1.646069e-01	-1.646471e-01	-1.349363e-01	5.574270e-01	5.650474e-01	3.243304e-01	1.033660e+01
4.705882e-02	-1.645750e-01	-1.646152e-01	-1.349101e-01	5.577304e-01	5.653648e-01	3.247326e-01	1.032304e+01
4.694836e-02	-1.645432e-01	-1.645833e-01	-1.348840e-01	5.580324e-01	5.656808e-01	3.251334e-01	1.030952e+01
4.683841e-02	-1.645114e-01	-1.645516e-01	-1.348582e-01	5.583330e-01	5.659953e-01	3.255328e-01	1.029603e+01
4.672897e-02	-1.644798e-01	-1.645199e-01	-1.348324e-01	5.586321e-01	5.663085e-01	3.259309e-01	1.028258e+01
4.662005e-02	-1.644482e-01	-1.644883e-01	-1.348069e-01	5.589298e-01	5.666201e-01	3.263276e-01	1.026917e+01
4.651163e-02	-1.644167e-01	-1.644568e-01	-1.347815e-01	5.592261e-01	5.669304e-01	3.267230e-01	1.025579e+01
4.640371e-02	-1.643853e-01	-1.644254e-01	-1.347562e-01	5.595210e-01	5.672393e-01	3.271170e-01	1.024245e+01
4.629630e-02	-1.643540e-01	-1.643941e-01	-1.347312e-01	5.598145e-01	5.675468e-01	3.275098e-01	1.022914e+01
4.618938e-02	-1.643227e-01	-1.643628e-01	-1.347062e-01	5.601066e-01	5.678530e-01	3.279012e-01	1.021588e+01
4.608295e-02	-1.642916e-01	-1.643317e-01	-1.346815e-01	5.603974e-01	5.681577e-01	3.282913e-01	1.020265e+01
4.597701e-02	-1.642605e-01	-1.643006e-01	-1.346569e-01	5.606868e-01	5.684611e-01	3.286801e-01	1.018946e+01
4.587156e-02	-1.642295e-01	-1.642696e-01	-1.346324e-01	5.609749e-01	5.687632e-01	3.290676e-01	1.017631e+01
4.576659e-02	-1.641986e-01	-1.642387e-01	-1.346081e-01	5.612616e-01	5.690639e-01	3.294539e-01	1.016320e+01
4.566210e-02	-1.641678e-01	-1.642079e-01	-1.345840e-01	5.615470e-01	5.693632e-01	3.298388e-01	1.015012e+01
4.555809e-02	-1.641371e-01	-1.641771e-01	-1.345600e-01	5.618310e-01	5.696613e-01	3.302225e-01	1.013709e+01
4.545455e-02	-1.641064e-01	-1.641464e-01	-1.345362e-01	5.621138e-01	5.699580e-01	3.306049e-01	1.012410e+01
4.535147e-02	-1.640758e-01	-1.641159e-01	-1.345125e-01	5.623952e-01	5.702535e-01	3.309860e-01	1.011115e+01
4.524887e-02	-1.640453e-01	-1.640853e-01	-1.344889e-01	5.626754e-01	5.705476e-01	3.313659e-01	1.009823e+01
4.514673e-02	-1.640149e-01	-1.640549e-01	-1.344656e-01	5.629542e-01	5.708404e-01	3.317445e-01	1.008536e+01
4.504505e-02	-1.639846e-01	-1.640246e-01	-1.344423e-01	5.632318e-01	5.711320e-01	3.321219e-01	1.007254e+01
4.494382e-02	-1.639543e-01	-1.639943e-01	-1.344192e-01	5.635081e-01	5.714223e-01	3.324980e-01	1.005975e+01
4.484305e-02	-1.639242e-01	-1.639641e-01	-1.343963e-01	5.637832e-01	5.717113e-01	3.328729e-01	1.004700e+01
4.474273e-02	-1.638941e-01	-1.639340e-01	-1.343735e-01	5.640570e-01	5.719991e-01	3.332466e-01	1.003430e+01
4.464286e-02	-1.638641e-01	-1.639040e-01	-1.343508e-01	5.643295e-01	5.722856e-01	3.336191e-01	1.002164e+01
4.454343e-02	-1.638341e-01	-1.638741e-01	-1.343283e-01	5.646008e-01	5.725709e-01	3.339904e-01	1.000902e+01
4.444444e-02	-1.638043e-01	-1.638442e-01	-1.343059e-01	5.648709e-01	5.728550e-01	3.343604e-01	9.996446e+00
4.434590e-02	-1.637745e-01	-1.638144e-01	-1.342837e-01	5.651398e-01	5.731379e-01	3.347292e-01	9.983914e+00
4.424779e-02	-1.637448e-01	-1.637847e-01	-1.342616e-01	5.654074e-01	5.734195e-01	3.350969e-01	9.971426e+00
4.415011e-02	-1.637152e-01	-1.637551e-01	-1.342396e-01	5.656739e-01	5.736999e-01	3.354634e-01	9.958982e+00
4.405286e-02	-1.636857e-01	-1.637256e-01	-1.342178e-01	5.659391e-01	5.739792e-01	3.358286e-01	9.946582e+00
4.395604e-02	-1.636562e-01	-1.636961e-01	-1.341961e-01	5.662032e-01	5.742572e-01	3.361927e-01	9.934225e+00
4.385965e-02	-1.636268e-01	-1.636667e-01	-1.341745e-01	5.664660e-01	5.745341e-01	3.365557e-01	9.921914e+00
4.376368e-02	-1.635975e-01	-1.636374e-01	-1.341531e-01	5.667277e-01	5.748098e-01	3.369174e-01	9.909646e+00
4.366812e-02	-1.635683e-01	-1.636082e-01	-1.341318e-01	5.669883e-01	5.750843e-01	3.372781e-01	9.897424e+00
4.357298e-02	-1.635391e-01	-1.635790e-01	-1.341107e-01	5.672477e-01	5.753577e-01	3.376375e-01	9.885247e+00
4.347826e-02	-1.635101e-01	-1.635499e-01	-1.340896e-01	5.675059e-01	5.756299e-01	3.379958e-01	9.873114e+00
4.338395e-02	-1.634811e-01	-1.635209e-01	-1.340688e-01	5.677630e-01	5.759010e-01	3.383530e-01	9.861028e+00
4.329004e-02	-1.634521e-01	-1.634920e-01	-1.340480e-01	5.680189e-01	5.761709e-01	3.387090e-01	9.848986e+00
4.319654e-02	-1.634233e-01	-1.634631e-01	-1.340274e-01	5.682738e-01	5.764397e-01	3.390639e-01	9.836991e+00
4.310345e-02	-1.633945e-01	-1.634344e-01	-1.340069e-01	5.685275e-01	5.767074e-01	3.394177e-01	9.825041e+00
4.301075e-02	-1.633658e-01	-1.634056e-01	-1.339865e-01	5.687801e-01	5.769740e-01	3.397703e-01	9.813138e+00
4.291845e-02	-1.633372e-01	-1.633770e-01	-1.339662e-01	5.690316e-01	5.772395e-01	3.401219e-01	9.801280e+00
4.282655e-02	-1.633086e-01	-1.633485e-01	-1.339461e-01	5.692819e-01	5.775038e-01	3.404723e-01	9.789469e+00
4.273504e-02	-1.632802e-01	-1.633200e-01	-1.339261e-01	5.695312e-01	5.777671e-01	3.408217e-01	9.777705e+00
4.264392e-02	-1.632518e-01	-1.632916e-01	-1.339062e-01	5.697795e-01	5.780293e-01	3.411699e-01	9.765987e+00
4.255319e-02	-1.632234e-01	-1.632632e-01	-1.338865e-01	5.700266e-01	5.782905e-01	3.415170e-01	9.754316e+00
4.246285e-02	-1.631952e-01	-1.632350e-01	-1.338669e-01	5.702727e-01	5.785505e-01	3.418631e-01	9.742691e+00
4.237288e-02	-1.631670e-01	-1.632068e-01	-1.338474e-01	5.705177e-01	5.788095e-01	3.422081e-01	9.731114e+00
4.228330e-02	-1.631389e-01	-1.631787e-01	-1.338280e-01	5.707616e-01	5.790675e-01	3.425520e-01	9.719584e+00
4.219409e-02	-1.631109e-01	-1.631507e-01	-1.338087e-01	5.710045e-01	5.793243e-01	3.428948e-01	9.708101e+00
4.210526e-02	-1.630829e-01	-1.631227e-01	-1.337896e-01	5.712464e-01	5.795802e-01	3.432366e-01	9.696665e+00
4.201681e-02	-1.630550e-01	-1.630948e-01	-1.337705e-01	5.714872e-01	5.798350e-01	3.435773e-01	9.685277e+00
4.192872e-02	-1.630272e-01	-1.630670e-01	-1.337516e-01	5.717270e-01	5.800888e-01	3.439170e-01	9.673937e+00
4.184100e-02	-1.629995e-01	-1.630392e-01	-1.337328e-01	5.719658e-01	5.803415e-01	3.442556e-01	9.662644e+00
4.175365e-02	-1.629718e-01	-1.630115e-01	-1.337141e-01	5.722035e-01	5.805933e-01	3.445932e-01	9.651398e+00
4.166667e-02	-1.629442e-01	-1.629839e-01	-1.336956e-01	5.724402e-01	5.808440e-01	3.449297e-01	9.640201e+00
4.158004e-02	-1.629167e-01	-1.629564e-01	-1.336771e-01	5.726760e-01	5.810937e-01	3.452652e-01	9.629051e+00
4.149378e-02	-1.628892e-01	-1.629289e-01	-1.336588e-01	5.729107e-01	5.813425e-01	3.455997e-01	9.617949e+00
4.140787e-02	-1.628618e-01	-1.629015e-01	-1.336406e-01	5.731445e-01	5.815902e-01	3.459331e-01	9.606895e+00
4.132231e-02	-1.628345e-01	-1.628742e-01	-1.336224e-01	5.733773e-01	5.818370e-01	3.462655e-01	9.595889e+00
4.123711e-02	-1.628072e-01	-1.628470e-01	-1.336044e-01	5.736090e-01	5.820828e-01	3.465969e-01	9.584932e+00
4.115226e-02	-1.627801e-01	-1.628198e-01	-1.335866e-01	5.738399e-01	5.823276e-01	3.469273e-01	9.574022e+00
4.106776e-02	-1.627530e-01	-1.627927e-01	-1.335688e-01	5.740697e-01	5.825714e-01	3.472568e-01	9.563161e+00
4.098361e-02	-1.627259e-01	-1.627656e-01	-1.335511e-01	5.742986e-01	5.828143e-01	3.475852e-01	9.552348e+00
4.089980e-02	-1.626989e-01	-1.627386e-01	-1.335335e-01	5.745265e-01	5.830562e-01	3.479126e-01	9.541583e+00
4.081633e-02	-1.626720e-01	-1.627117e-01	-1.335161e-01	5.747535e-01	5.832972e-01	3.482390e-01	9.530867e+00
4.073320e-02	-1.626452e-01	-1.626849e-01	-1.334987e-01	5.749796e-01	5.835372e-01	3.485644e-01	9.520199e+00
4.065041e-02	-1.626184e-01	-1.626581e-01	-1.334815e-01	5.752047e-01	5.837764e-01	3.488889e-01	9.509580e+00
4.056795e-02	-1.625917e-01	-1.626314e-01	-1.334643e-01	5.754289e-01	5.840145e-01	3.492124e-01	9.499009e+00
4.048583e-02	-1.625651e-01	-1.626048e-01	-1.334473e-01	5.756522e-01	5.842518e-01	3.495349e-01	9.488487e+00
4.040404e-02	-1.625385e-01	-1.625782e-01	-1.334304e-01	5.758745e-01	5.844881e-01	3.498565e-01	9.478013e+00
4.032258e-02	-1.625120e-01	-1.625517e-01	-1.334135e-01	5.760959e-01	5.847235e-01	3.501771e-01	9.467588e+00
4.024145e-02	-1.624856e-01	-1.625253e-01	-1.333968e-01	5.763165e-01	5.849580e-01	3.504967e-01	9.457211e+00
4.016064e-02	-1.624593e-01	-1.624989e-01	-1.333802e-01	5.765361e-01	5.851917e-01	3.508154e-01	9.446884e+00
4.008016e-02	-1.624330e-01	-1.624726e-01	-1.333637e-01	5.767548e-01	5.854244e-01	3.511331e-01	9.436604e+00
4.000000e-02	-1.624067e-01	-1.624464e-01	-1.333472e-01	5.769727e-01	5.856562e-01	3.514500e-01	9.426374e+00
3.992016e-02	-1.623806e-01	-1.624202e-01	-1.333309e-01	5.771896e-01	5.858872e-01	3.517658e-01	9.416192e+00
3.984064e-02	-1.623545e-01	-1.623941e-01	-1.333147e-01	5.774057e-01	5.861172e-01	3.520808e-01	9.406059e+00
3.976143e-02	-1.623284e-01	-1.623681e-01	-1.332986e-01	5.776209e-01	5.863464e-01	3.523948e-01	9.395975e+00
3.968254e-02	-1.623025e-01	-1.623421e-01	-1.332825e-01	5.778352e-01	5.865747e-01	3.527078e-01	9.385940e+00
3.960396e-02	-1.622766e-01	-1.623162e-01	-1.332666e-01	5.780487e-01	5.868022e-01	3.530200e-01	9.375953e+00
3.952569e-02	-1.622507e-01	-1.622903e-01	-1.332508e-01	5.782613e-01	5.870288e-01	3.533313e-01	9.366016e+00
3.944773e-02	-1.622250e-01	-1.622646e-01	-1.332350e-01	5.784731e-01	5.872545e-01	3.536416e-01	9.356127e+00
3.937008e-02	-1.621992e-01	-1.622388e-01	-1.332194e-01	5.786840e-01	5.874795e-01	3.539510e-01	9.346287e+00
3.929273e-02	-1.621736e-01	-1.622132e-01	-1.332038e-01	5.788941e-01	5.877035e-01	3.542596e-01	9.336496e+00
3.921569e-02	-1.621480e-01	-1.621876e-01	-1.331884e-01	5.791034e-01	5.879267e-01	3.545672e-01	9.326754e+00
3.913894e-02	-1.621225e-01	-1.621621e-01	-1.331730e-01	5.793118e-01	5.881491e-01	3.548740e-01	9.317061e+00
3.906250e-02	-1.620970e-01	-1.621366e-01	-1.331577e-01	5.795194e-01	5.883707e-01	3.551798e-01	9.307417e+00
3.898635e-02	-1.620717e-01	-1.621112e-01	-1.331425e-01	5.797261e-01	5.885914e-01	3.554848e-01	9.297821e+00
3.891051e-02	-1.620463e-01	-1.620859e-01	-1.331275e-01	5.799321e-01	5.888114e-01	3.557889e-01	9.288275e+00
3.883495e-02	-1.620211e-01	-1.620606e-01	-1.331125e-01	5.801372e-01	5.890305e-01	3.560921e-01	9.278778e+00
3.875969e-02	-1.619959e-01	-1.620354e-01	-1.330975e-01	5.803415e-01	5.892488e-01	3.563944e-01	9.269329e+00
3.868472e-02	-1.619707e-01	-1.620103e-01	-1.330827e-01	5.805451e-01	5.894663e-01	3.566959e-01	9.259930e+00
3.861004e-02	-1.619456e-01	-1.619852e-01	-1.330680e-01	5.807478e-01	5.896830e-01	3.569965e-01	9.250580e+00
3.853565e-02	-1.619206e-01	-1.619602e-01	-1.330533e-01	5.809498e-01	5.898989e-01	3.572963e-01	9.241279e+00
3.846154e-02	-1.618957e-01	-1.619352e-01	-1.330388e-01	5.811509e-01	5.901141e-01	3.575952e-01	9.232027e+00
3.838772e-02	-1.618708e-01	-1.619103e-01	-1.330243e-01	5.813513e-01	5.903284e-01	3.578932e-01	9.222823e+00
3.831418e-02	-1.618459e-01	-1.618855e-01	-1.330099e-01	5.815509e-01	5.905420e-01	3.581904e-01	9.213669e+00
3.824092e-02	-1.618212e-01	-1.618607e-01	-1.329956e-01	5.817497e-01	5.907548e-01	3.584868e-01	9.204565e+00
3.816794e-02	-1.617965e-01	-1.618360e-01	-1.329814e-01	5.819478e-01	5.909668e-01	3.587823e-01	9.195509e+00
3.809524e-02	-1.617718e-01	-1.618113e-01	-1.329673e-01	5.821451e-01	5.911780e-01	3.590770e-01	9.186502e+00
3.802281e-02	-1.617472e-01	-1.617867e-01	-1.329533e-01	5.823416e-01	5.913885e-01	3.593708e-01	9.177545e+00
3.795066e-02	-1.617227e-01	-1.617622e-01	-1.329393e-01	5.825374e-01	5.915983e-01	3.596638e-01	9.168636e+00
3.787879e-02	-1.616982e-01	-1.617377e-01	-1.329254e-01	5.827324e-01	5.918073e-01	3.599560e-01	9.159777e+00
3.780718e-02	-1.616738e-01	-1.617133e-01	-1.329116e-01	5.829267e-01	5.920155e-01	3.602474e-01	9.150967e+00
3.773585e-02	-1.616495e-01	-1.616889e-01	-1.328979e-01	5.831202e-01	5.922230e-01	3.605380e-01	9.142206e+00
3.766478e-02	-1.616252e-01	-1.616647e-01	-1.328843e-01	5.833130e-01	5.924298e-01	3.608277e-01	9.133495e+00
3.759398e-02	-1.616009e-01	-1.616404e-01	-1.328707e-01	5.835051e-01	5.926358e-01	3.611166e-01	9.124832e+00
3.752345e-02	-1.615768e-01	-1.616162e-01	-1.328573e-01	5.836965e-01	5.928411e-01	3.614048e-01	9.116219e+00
3.745318e-02	-1.615526e-01	-1.615921e-01	-1.328439e-01	5.838871e-01	5.930457e-01	3.616921e-01	9.107655e+00
3.738318e-02	-1.615286e-01	-1.615681e-01	-1.328306e-01	5.840770e-01	5.932496e-01	3.619786e-01	9.099141e+00
3.731343e-02	-1.615046e-01	-1.615440e-01	-1.328173e-01	5.842662e-01	5.934527e-01	3.622644e-01	9.090675e+00
3.724395e-02	-1.614806e-01	-1.615201e-01	-1.328042e-01	5.844547e-01	5.936551e-01	3.625493e-01	9.082259e+00
3.717472e-02	-1.614568e-01	-1.614962e-01	-1.327911e-01	5.846425e-01	5.938569e-01	3.628335e-01	9.073892e+00
3.710575e-02	-1.614329e-01	-1.614724e-01	-1.327781e-01	5.848295e-01	5.940579e-01	3.631169e-01	9.065575e+00
3.703704e-02	-1.614092e-01	-1.614486e-01	-1.327652e-01	5.850159e-01	5.942582e-01	3.633995e-01	9.057306e+00
3.696858e-02	-1.613855e-01	-1.614249e-01	-1.327523e-01	5.852016e-01	5.944578e-01	3.636813e-01	9.049087e+00
3.690037e-02	-1.613618e-01	-1.614012e-01	-1.327395e-01	5.853866e-01	5.946567e-01	3.639624e-01	9.040918e+00
3.683241e-02	-1.613382e-01	-1.613776e-01	-1.327268e-01	5.855709e-01	5.948550e-01	3.642426e-01	9.032798e+00
3.676471e-02	-1.613147e-01	-1.613541e-01	-1.327142e-01	5.857545e-01	5.950525e-01	3.645222e-01	9.024727e+00
3.669725e-02	-1.612912e-01	-1.613306e-01	-1.327017e-01	5.859374e-01	5.952494e-01	3.648009e-01	9.016705e+00
3.663004e-02	-1.612677e-01	-1.613072e-01	-1.326892e-01	5.861197e-01	5.954456e-01	3.650789e-01	9.008732e+00
3.656307e-02	-1.612444e-01	-1.612838e-01	-1.326768e-01	5.863013e-01	5.956411e-01	3.653561e-01	9.000809e+00
3.649635e-02	-1.612211e-01	-1.612605e-01	-1.326645e-01	5.864822e-01	5.958360e-01	3.656326e-01	8.992936e+00
3.642987e-02	-1.611978e-01	-1.612372e-01	-1.326522e-01	5.866625e-01	5.960301e-01	3.659084e-01	8.985111e+00
3.636364e-02	-1.611746e-01	-1.612140e-01	-1.326400e-01	5.868421e-01	5.962237e-01	3.661834e-01	8.977336e+00
3.629764e-02	-1.611514e-01	-1.611908e-01	-1.326279e-01	5.870210e-01	5.964165e-01	3.664576e-01	8.969609e+00
3.623188e-02	-1.611283e-01	-1.611677e-01	-1.326158e-01	5.871993e-01	5.966088e-01	3.667311e-01	8.961933e+00
3.616637e-02	-1.611053e-01	-1.611447e-01	-1.326039e-01	5.873770e-01	5.968003e-01	3.670039e-01	8.954305e+00
3.610108e-02	-1.610823e-01	-1.611217e-01	-1.325920e-01	5.875540e-01	5.969912e-01	3.672760e-01	8.946726e+00
3.603604e-02	-1.610594e-01	-1.610987e-01	-1.325801e-01	5.877304e-01	5.971815e-01	3.675473e-01	8.939196e+00
3.597122e-02	-1.610365e-01	-1.610758e-01	-1.325684e-01	5.879061e-01	5.973711e-01	3.678179e-01	8.931716e+00
3.590664e-02	-1.610137e-01	-1.610530e-01	-1.325567e-01	5.880812e-01	5.975601e-01	3.680877e-01	8.924284e+00
3.584229e-02	-1.609909e-01	-1.610302e-01	-1.325450e-01	5.882557e-01	5.977485e-01	3.683569e-01	8.916901e+00
3.577818e-02	-1.609682e-01	-1.610075e-01	-1.325335e-01	5.884295e-01	5.979362e-01	3.686253e-01	8.909566e+00
3.571429e-02	-1.609455e-01	-1.609848e-01	-1.325220e-01	5.886027e-01	5.981234e-01	3.688931e-01	8.902281e+00
3.565062e-02	-1.609229e-01	-1.609622e-01	-1.325105e-01	5.887753e-01	5.983098e-01	3.691601e-01	8.895043e+00
3.558719e-02	-1.609004e-01	-1.609397e-01	-1.324992e-01	5.889473e-01	5.984957e-01	3.694264e-01	8.887855e+00
3.552398e-02	-1.608778e-01	-1.609172e-01	-1.324879e-01	5.891187e-01	5.986810e-01	3.696920e-01	8.880714e+00
3.546099e-02	-1.608554e-01	-1.608947e-01	-1.324766e-01	5.892894e-01	5.988656e-01	3.699569e-01	8.873621e+00
3.539823e-02	-1.608330e-01	-1.608723e-01	-1.324655e-01	5.894596e-01	5.990496e-01	3.702211e-01	8.866577e+00
3.533569e-02	-1.608106e-01	-1.608499e-01	-1.324543e-01	5.896292e-01	5.992331e-01	3.704846e-01	8.859580e+00
3.527337e-02	-1.607884e-01	-1.608276e-01	-1.324433e-01	5.897981e-01	5.994159e-01	3.707474e-01	8.852630e+00
3.521127e-02	-1.607661e-01	-1.608054e-01	-1.324323e-01	5.899665e-01	5.995981e-01	3.710096e-01	8.845728e+00
3.514938e-02	-1.607439e-01	-1.607832e-01	-1.324214e-01	5.901342e-01	5.997798e-01	3.712710e-01	8.838873e+00
3.508772e-02	-1.607218e-01	-1.607610e-01	-1.324105e-01	5.903014e-01	5.999608e-01	3.715318e-01	8.832065e+00
3.502627e-02	-1.606997e-01	-1.607389e-01	-1.323998e-01	5.904680e-01	6.001413e-01	3.717918e-01	8.825303e+00
3.496503e-02	-1.606776e-01	-1.607169e-01	-1.323890e-01	5.906340e-01	6.003211e-01	3.720513e-01	8.818588e+00
3.490401e-02	-1.606557e-01	-1.606949e-01	-1.323784e-01	5.907995e-01	6.005004e-01	3.723100e-01	8.811918e+00
3.484321e-02	-1.606337e-01	-1.606730e-01	-1.323677e-01	5.909643e-01	6.006791e-01	3.725681e-01	8.805295e+00
3.478261e-02	-1.606118e-01	-1.606511e-01	-1.323572e-01	5.911286e-01	6.008572e-01	3.728254e-01	8.798716e+00
3.472222e-02	-1.605900e-01	-1.606292e-01	-1.323467e-01	5.912923e-01	6.010348e-01	3.730822e-01	8.792183e+00
3.466205e-02	-1.605682e-01	-1.606074e-01	-1.323363e-01	5.914555e-01	6.012118e-01	3.733382e-01	8.785694e+00
3.460208e-02	-1.605465e-01	-1.605857e-01	-1.323259e-01	5.916180e-01	6.013882e-01	3.735937e-01	8.779250e+00
3.454231e-02	-1.605248e-01	-1.605640e-01	-1.323156e-01	5.917801e-01	6.015641e-01	3.738484e-01	8.772850e+00
3.448276e-02	-1.605032e-01	-1.605424e-01	-1.323054e-01	5.919415e-01	6.017393e-01	3.741025e-01	8.766493e+00
3.442341e-02	-1.604816e-01	-1.605208e-01	-1.322952e-01	5.921024e-01	6.019141e-01	3.743560e-01	8.760179e+00
3.436426e-02	-1.604601e-01	-1.604992e-01	-1.322850e-01	5.922628e-01	6.020883e-01	3.746087e-01	8.753909e+00
3.430532e-02	-1.604386e-01	-1.604777e-01	-1.322749e-01	5.924226e-01	6.022619e-01	3.748609e-01	8.747681e+00
3.424658e-02	-1.604171e-01	-1.604563e-01	-1.322649e-01	5.925819e-01	6.024350e-01	3.751124e-01	8.741495e+00
3.418803e-02	-1.603957e-01	-1.604349e-01	-1.322550e-01	5.927406e-01	6.026075e-01	3.753633e-01	8.735350e+00
3.412969e-02	-1.603744e-01	-1.604136e-01	-1.322451e-01	5.928988e-01	6.027795e-01	3.756135e-01	8.729248e+00
3.407155e-02	-1.603531e-01	-1.603923e-01	-1.322352e-01	5.930564e-01	6.029509e-01	3.758631e-01	8.723186e+00
3.401361e-02	-1.603319e-01	-1.603710e-01	-1.322254e-01	5.932135e-01	6.031218e-01	3.761121e-01	8.717165e+00
3.395586e-02	-1.603107e-01	-1.603498e-01	-1.322157e-01	5.933701e-01	6.032922e-01	3.763604e-01	8.711185e+00
3.389831e-02	-1.602895e-01	-1.603287e-01	-1.322060e-01	5.935262e-01	6.034620e-01	3.766081e-01	8.705244e+00
3.384095e-02	-1.602684e-01	-1.603076e-01	-1.321963e-01	5.936817e-01	6.036313e-01	3.768552e-01	8.699344e+00
3.378378e-02	-1.602474e-01	-1.602865e-01	-1.321868e-01	5.938367e-01	6.038001e-01	3.771016e-01	8.693483e+00
3.372681e-02	-1.602264e-01	-1.602655e-01	-1.321772e-01	5.939912e-01	6.039684e-01	3.773475e-01	8.687661e+00
3.367003e-02	-1.602054e-01	-1.602445e-01	-1.321678e-01	5.941451e-01	6.041361e-01	3.775927e-01	8.681878e+00
3.361345e-02	-1.601845e-01	-1.602236e-01	-1.321584e-01	5.942986e-01	6.043033e-01	3.778373e-01	8.676135e+00
3.355705e-02	-1.601637e-01	-1.602028e-01	-1.321490e-01	5.944515e-01	6.044700e-01	3.780813e-01	8.670430e+00
3.350084e-02	-1.601429e-01	-1.601819e-01	-1.321397e-01	5.946040e-01	6.046362e-01	3.783247e-01	8.664763e+00
3.344482e-02	-1.601221e-01	-1.601612e-01	-1.321304e-01	5.947559e-01	6.048019e-01	3.785675e-01	8.659135e+00
3.338898e-02	-1.601014e-01	-1.601404e-01	-1.321212e-01	5.949073e-01	6.049670e-01	3.788097e-01	8.653545e+00
3.333333e-02	-1.600807e-01	-1.601198e-01	-1.321121e-01	5.950582e-01	6.051317e-01	3.790512e-01	8.647993e+00
3.327787e-02	-1.600601e-01	-1.600991e-01	-1.321029e-01	5.952086e-01	6.052959e-01	3.792922e-01	8.642479e+00
3.322259e-02	-1.600395e-01	-1.600785e-01	-1.320939e-01	5.953586e-01	6.054595e-01	3.795326e-01	8.637003e+00
3.316750e-02	-1.600190e-01	-1.600580e-01	-1.320849e-01	5.955080e-01	6.056227e-01	3.797724e-01	8.631565e+00
3.311258e-02	-1.599985e-01	-1.600375e-01	-1.320759e-01	5.956569e-01	6.057853e-01	3.800115e-01	8.626164e+00
3.305785e-02	-1.599780e-01	-1.600171e-01	-1.320670e-01	5.958054e-01	6.059475e-01	3.802501e-01	8.620802e+00
3.300330e-02	-1.599576e-01	-1.599967e-01	-1.320582e-01	5.959534e-01	6.061092e-01	3.804882e-01	8.615477e+00
3.294893e-02	-1.599373e-01	-1.599763e-01	-1.320494e-01	5.961008e-01	6.062704e-01	3.807256e-01	8.610190e+00
3.289474e-02	-1.599170e-01	-1.599560e-01	-1.320406e-01	5.962478e-01	6.064311e-01	3.809624e-01	8.604940e+00
3.284072e-02	-1.598967e-01	-1.599357e-01	-1.320319e-01	5.963944e-01	6.065913e-01	3.811987e-01	8.599728e+00
3.278689e-02	-1.598765e-01	-1.599155e-01	-1.320232e-01	5.965404e-01	6.067510e-01	3.814344e-01	8.594555e+00
3.273322e-02	-1.598563e-01	-1.598953e-01	-1.320146e-01	5.966860e-01	6.069103e-01	3.816695e-01	8.589418e+00
3.267974e-02	-1.598362e-01	-1.598752e-01	-1.320060e-01	5.968311e-01	6.070691e-01	3.819040e-01	8.584320e+00
3.262643e-02	-1.598161e-01	-1.598551e-01	-1.319975e-01	5.969757e-01	6.072274e-01	3.821380e-01	8.579260e+00
3.257329e-02	-1.597961e-01	-1.598351e-01	-1.319891e-01	5.971199e-01	6.073852e-01	3.823714e-01	8.574237e+00
3.252033e-02	-1.597761e-01	-1.598151e-01	-1.319806e-01	5.972636e-01	6.075426e-01	3.826042e-01	8.569252e+00
3.246753e-02	-1.597562e-01	-1.597951e-01	-1.319723e-01	5.974068e-01	6.076995e-01	3.828365e-01	8.564305e+00
3.241491e-02	-1.597363e-01	-1.597752e-01	-1.319639e-01	5.975496e-01	6.078559e-01	3.830682e-01	8.559396e+00
3.236246e-02	-1.597164e-01	-1.597553e-01	-1.319556e-01	5.976920e-01	6.080119e-01	3.832993e-01	8.554525e+00
3.231018e-02	-1.596966e-01	-1.597355e-01	-1.319474e-01	5.978338e-01	6.081674e-01	3.835299e-01	8.549692e+00
3.225806e-02	-1.596768e-01	-1.597157e-01	-1.319392e-01	5.979752e-01	6.083225e-01	3.837599e-01	8.544897e+00
3.220612e-02	-1.596571e-01	-1.596960e-01	-1.319310e-01	5.981162e-01	6.084771e-01	3.839894e-01	8.540140e+00
3.215434e-02	-1.596374e-01	-1.596763e-01	-1.319229e-01	5.982567e-01	6.086312e-01	3.842183e-01	8.535421e+00
3.210273e-02	-1.596178e-01	-1.596567e-01	-1.319149e-01	5.983968e-01	6.087849e-01	3.844467e-01	8.530739e+00
3.205128e-02	-1.595982e-01	-1.596371e-01	-1.319068e-01	5.985364e-01	6.089382e-01	3.846745e-01	8.526096e+00
3.200000e-02	-1.595786e-01	-1.596175e-01	-1.318989e-01	5.986756e-01	6.090910e-01	3.849018e-01	8.521490e+00
3.194888e-02	-1.595591e-01	-1.595980e-01	-1.318909e-01	5.988144e-01	6.092434e-01	3.851285e-01	8.516923e+00
3.189793e-02	-1.595396e-01	-1.595785e-01	-1.318830e-01	5.989527e-01	6.093953e-01	3.853547e-01	8.512393e+00
3.184713e-02	-1.595202e-01	-1.595591e-01	-1.318752e-01	5.990906e-01	6.095467e-01	3.855804e-01	8.507901e+00
3.179650e-02	-1.595008e-01	-1.595397e-01	-1.318674e-01	5.992280e-01	6.096978e-01	3.858055e-01	8.503447e+00
3.174603e-02	-1.594815e-01	-1.595203e-01	-1.318596e-01	5.993651e-01	6.098484e-01	3.860301e-01	8.499031e+00
3.169572e-02	-1.594622e-01	-1.595010e-01	-1.318519e-01	5.995017e-01	6.099986e-01	3.862542e-01	8.494652e+00
3.164557e-02	-1.594429e-01	-1.594818e-01	-1.318442e-01	5.996378e-01	6.101483e-01	3.864777e-01	8.490310e+00
3.159558e-02	-1.594237e-01	-1.594625e-01	-1.318366e-01	5.997736e-01	6.102976e-01	3.867007e-01	8.486007e+00
3.154574e-02	-1.594045e-01	-1.594434e-01	-1.318290e-01	5.999089e-01	6.104465e-01	3.869232e-01	8.481740e+00
3.149606e-02	-1.593854e-01	-1.594242e-01	-1.318214e-01	6.000438e-01	6.105949e-01	3.871451e-01	8.477511e+00
3.144654e-02	-1.593663e-01	-1.594051e-01	-1.318139e-01	6.001783e-01	6.107429e-01	3.873665e-01	8.473319e+00
3.139717e-02	-1.593472e-01	-1.593861e-01	-1.318064e-01	6.003123e-01	6.108905e-01	3.875874e-01	8.469165e+00
3.134796e-02	-1.593282e-01	-1.593670e-01	-1.317990e-01	6.004460e-01	6.110377e-01	3.878078e-01	8.465047e+00
3.129890e-02	-1.593093e-01	-1.593481e-01	-1.317916e-01	6.005792e-01	6.111845e-01	3.880277e-01	8.460966e+00
3.125000e-02	-1.592903e-01	-1.593291e-01	-1.317843e-01	6.007121e-01	6.113308e-01	3.882470e-01	8.456922e+00
3.120125e-02	-1.592715e-01	-1.593102e-01	-1.317769e-01	6.008445e-01	6.114768e-01	3.884659e-01	8.452915e+00
3.115265e-02	-1.592526e-01	-1.592914e-01	-1.317697e-01	6.009765e-01	6.116223e-01	3.886842e-01	8.448945e+00
3.110420e-02	-1.592338e-01	-1.592726e-01	-1.317624e-01	6.011081e-01	6.117674e-01	3.889020e-01	8.445010e+00
3.105590e-02	-1.592151e-01	-1.592538e-01	-1.317552e-01	6.012393e-01	6.119121e-01	3.891193e-01	8.441112e+00
3.100775e-02	-1.591963e-01	-1.592351e-01	-1.317481e-01	6.013701e-01	6.120564e-01	3.893362e-01	8.437251e+00
3.095975e-02	-1.591776e-01	-1.592164e-01	-1.317409e-01	6.015005e-01	6.122003e-01	3.895525e-01	8.433425e+00
3.091190e-02	-1.591590e-01	-1.591978e-01	-1.317339e-01	6.016306e-01	6.123438e-01	3.897683e-01	8.429635e+00
3.086420e-02	-1.591404e-01	-1.591791e-01	-1.317268e-01	6.017602e-01	6.124869e-01	3.899836e-01	8.425881e+00
3.081664e-02	-1.591218e-01	-1.591606e-01	-1.317198e-01	6.018894e-01	6.126296e-01	3.901984e-01	8.422163e+00
3.076923e-02	-1.591033e-01	-1.591420e-01	-1.317128e-01	6.020182e-01	6.127719e-01	3.904127e-01	8.418480e+00
3.072197e-02	-1.590848e-01	-1.591236e-01	-1.317059e-01	6.021467e-01	6.129138e-01	3.906265e-01	8.414832e+00
3.067485e-02	-1.590664e-01	-1.591051e-01	-1.316990e-01	6.022748e-01	6.130553e-01	3.908398e-01	8.411219e+00
3.062787e-02	-1.590480e-01	-1.590867e-01	-1.316921e-01	6.024024e-01	6.131964e-01	3.910527e-01	8.407642e+00
3.058104e-02	-1.590296e-01	-1.590683e-01	-1.316853e-01	6.025297e-01	6.133371e-01	3.912650e-01	8.404099e+00
3.053435e-02	-1.590113e-01	-1.590500e-01	-1.316785e-01	6.026566e-01	6.134774e-01	3.914769e-01	8.400591e+00
3.048780e-02	-1.589930e-01	-1.590317e-01	-1.316718e-01	6.027832e-01	6.136174e-01	3.916883e-01	8.397118e+00
3.044140e-02	-1.589748e-01	-1.590135e-01	-1.316650e-01	6.029093e-01	6.137569e-01	3.918991e-01	8.393678e+00
3.039514e-02	-1.589566e-01	-1.589952e-01	-1.316584e-01	6.030351e-01	6.138961e-01	3.921096e-01	8.390273e+00
3.034901e-02	-1.589384e-01	-1.589771e-01	-1.316517e-01	6.031605e-01	6.140349e-01	3.923195e-01	8.386902e+00
3.030303e-02	-1.589203e-01	-1.589589e-01	-1.316451e-01	6.032855e-01	6.141733e-01	3.925289e-01	8.383565e+00
3.025719e-02	-1.589022e-01	-1.589408e-01	-1.316385e-01	6.034102e-01	6.143113e-01	3.927379e-01	8.380262e+00
3.021148e-02	-1.588841e-01	-1.589228e-01	-1.316320e-01	6.035345e-01	6.144490e-01	3.929464e-01	8.376992e+00
3.016591e-02	-1.588661e-01	-1.589047e-01	-1.316255e-01	6.036584e-01	6.145863e-01	3.931544e-01	8.373755e+00
3.012048e-02	-1.588481e-01	-1.588868e-01	-1.316190e-01	6.037819e-01	6.147232e-01	3.933620e-01	8.370552e+00
3.007519e-02	-1.588302e-01	-1.588688e-01	-1.316125e-01	6.039051e-01	6.148597e-01	3.935691e-01	8.367382e+00
3.003003e-02	-1.588123e-01	-1.588509e-01	-1.316061e-01	6.040279e-01	6.149959e-01	3.937757e-01	8.364244e+00
2.998501e-02	-1.587944e-01	-1.588330e-01	-1.315998e-01	6.041504e-01	6.151317e-01	3.939819e-01	8.361139e+00
2.994012e-02	-1.587766e-01	-1.588152e-01	-1.315934e-01	6.042725e-01	6.152671e-01	3.941875e-01	8.358067e+00
2.989537e-02	-1.587588e-01	-1.587974e-01	-1.315871e-01	6.043943e-01	6.154022e-01	3.943928e-01	8.355027e+00
2.985075e-02	-1.587410e-01	-1.587797e-01	-1.315808e-01	6.045156e-01	6.155369e-01	3.945975e-01	8.352019e+00
2.980626e-02	-1.587233e-01	-1.587619e-01	-1.315746e-01	6.046367e-01	6.156712e-01	3.948018e-01	8.349043e+00
2.976190e-02	-1.587056e-01	-1.587443e-01	-1.315684e-01	6.047574e-01	6.158052e-01	3.950057e-01	8.346099e+00
2.971768e-02	-1.586880e-01	-1.587266e-01	-1.315622e-01	6.048777e-01	6.159388e-01	3.952091e-01	8.343186e+00
2.967359e-02	-1.586704e-01	-1.587090e-01	-1.315561e-01	6.049977e-01	6.160721e-01	3.954120e-01	8.340305e+00
2.962963e-02	-1.586528e-01	-1.586914e-01	-1.315499e-01	6.051173e-01	6.162050e-01	3.956145e-01	8.337455e+00
2.958580e-02	-1.586353e-01	-1.586739e-01	-1.315439e-01	6.052366e-01	6.163375e-01	3.958165e-01	8.334636e+00
2.954210e-02	-1.586178e-01	-1.586564e-01	-1.315378e-01	6.053555e-01	6.164697e-01	3.960181e-01	8.331848e+00
2.949853e-02	-1.586004e-01	-1.586389e-01	-1.315318e-01	6.054741e-01	6.166016e-01	3.962192e-01	8.329091e+00
2.945508e-02	-1.585829e-01	-1.586215e-01	-1.315258e-01	6.055924e-01	6.167331e-01	3.964199e-01	8.326365e+00
2.941176e-02	-1.585656e-01	-1.586041e-01	-1.315198e-01	6.057103e-01	6.168642e-01	3.966201e-01	8.323669e+00
2.936858e-02	-1.585482e-01	-1.585868e-01	-1.315139e-01	6.058278e-01	6.169950e-01	3.968199e-01	8.321003e+00
2.932551e-02	-1.585309e-01	-1.585695e-01	-1.315080e-01	6.059451e-01	6.171255e-01	3.970192e-01	8.318367e+00
2.928258e-02	-1.585136e-01	-1.585522e-01	-1.315021e-01	6.060620e-01	6.172556e-01	3.972181e-01	8.315760e+00
2.923977e-02	-1.584964e-01	-1.585349e-01	-1.314963e-01	6.061785e-01	6.173853e-01	3.974166e-01	8.313184e+00
2.919708e-02	-1.584792e-01	-1.585177e-01	-1.314905e-01	6.062947e-01	6.175148e-01	3.976146e-01	8.310637e+00
2.915452e-02	-1.584620e-01	-1.585006e-01	-1.314847e-01	6.064106e-01	6.176438e-01	3.978122e-01	8.308119e+00
2.911208e-02	-1.584449e-01	-1.584834e-01	-1.314790e-01	6.065262e-01	6.177726e-01	3.980093e-01	8.305631e+00
2.906977e-02	-1.584278e-01	-1.584663e-01	-1.314733e-01	6.066414e-01	6.179010e-01	3.982061e-01	8.303171e+00
2.902758e-02	-1.584107e-01	-1.584493e-01	-1.314676e-01	6.067563e-01	6.180291e-01	3.984023e-01	8.300741e+00
2.898551e-02	-1.583937e-01	-1.584322e-01	-1.314619e-01	6.068709e-01	6.181568e-01	3.985982e-01	8.298339e+00
2.894356e-02	-1.583767e-01	-1.584152e-01	-1.314563e-01	6.069852e-01	6.182842e-01	3.987936e-01	8.295965e+00
2.890173e-02	-1.583598e-01	-1.583983e-01	-1.314507e-01	6.070991e-01	6.184113e-01	3.989886e-01	8.293619e+00
2.886003e-02	-1.583429e-01	-1.583814e-01	-1.314451e-01	6.072127e-01	6.185380e-01	3.991832e-01	8.291302e+00
2.881844e-02	-1.583260e-01	-1.583645e-01	-1.314395e-01	6.073260e-01	6.186644e-01	3.993773e-01	8.289013e+00
2.877698e-02	-1.583091e-01	-1.583476e-01	-1.314340e-01	6.074390e-01	6.187905e-01	3.995710e-01	8.286751e+00
2.873563e-02	-1.582923e-01	-1.583308e-01	-1.314285e-01	6.075516e-01	6.189163e-01	3.997643e-01	8.284517e+00
2.869440e-02	-1.582755e-01	-1.583140e-01	-1.314231e-01	6.076639e-01	6.190417e-01	3.999572e-01	8.282310e+00
2.865330e-02	-1.582588e-01	-1.582973e-01	-1.314176e-01	6.077759e-01	6.191668e-01	4.001496e-01	8.280130e+00
2.861230e-02	-1.582421e-01	-1.582806e-01	-1.314122e-01	6.078876e-01	6.192916e-01	4.003417e-01	8.277978e+00
2.857143e-02	-1.582254e-01	-1.582639e-01	-1.314069e-01	6.079990e-01	6.194160e-01	4.005333e-01	8.275852e+00
2.853067e-02	-1.582088e-01	-1.582472e-01	-1.314015e-01	6.081101e-01	6.195402e-01	4.007245e-01	8.273753e+00
2.849003e-02	-1.581922e-01	-1.582306e-01	-1.313962e-01	6.082209e-01	6.196640e-01	4.009153e-01	8.271681e+00
2.844950e-02	-1.581756e-01	-1.582140e-01	-1.313909e-01	6.083313e-01	6.197875e-01	4.011056e-01	8.269635e+00
2.840909e-02	-1.581591e-01	-1.581975e-01	-1.313856e-01	6.084415e-01	6.199107e-01	4.012956e-01	8.267614e+00
2.836879e-02	-1.581425e-01	-1.581810e-01	-1.313804e-01	6.085513e-01	6.200336e-01	4.014851e-01	8.265620e+00
2.832861e-02	-1.581261e-01	-1.581645e-01	-1.313752e-01	6.086608e-01	6.201561e-01	4.016743e-01	8.263652e+00
2.828854e-02	-1.581096e-01	-1.581481e-01	-1.313700e-01	6.087701e-01	6.202784e-01	4.018630e-01	8.261710e+00
2.824859e-02	-1.580932e-01	-1.581317e-01	-1.313648e-01	6.088790e-01	6.204003e-01	4.020513e-01	8.259792e+00
2.820874e-02	-1.580769e-01	-1.581153e-01	-1.313597e-01	6.089876e-01	6.205219e-01	4.022392e-01	8.257901e+00
2.816901e-02	-1.580605e-01	-1.580990e-01	-1.313545e-01	6.090959e-01	6.206433e-01	4.024267e-01	8.256034e+00
2.812940e-02	-1.580442e-01	-1.580826e-01	-1.313495e-01	6.092039e-01	6.207643e-01	4.026139e-01	8.254192e+00
2.808989e-02	-1.580280e-01	-1.580664e-01	-1.313444e-01	6.093117e-01	6.208850e-01	4.028006e-01	8.252375e+00
2.805049e-02	-1.580117e-01	-1.580501e-01	-1.313394e-01	6.094191e-01	6.210054e-01	4.029869e-01	8.250582e+00
2.801120e-02	-1.579955e-01	-1.580339e-01	-1.313343e-01	6.095262e-01	6.211255e-01	4.031728e-01	8.248814e+00
2.797203e-02	-1.579794e-01	-1.580178e-01	-1.313294e-01	6.096331e-01	6.212453e-01	4.033583e-01	8.247071e+00
2.793296e-02	-1.579632e-01	-1.580016e-01	-1.313244e-01	6.097396e-01	6.213647e-01	4.035434e-01	8.245351e+00
2.789400e-02	-1.579471e-01	-1.579855e-01	-1.313195e-01	6.098459e-01	6.214839e-01	4.037281e-01	8.243655e+00
2.785515e-02	-1.579310e-01	-1.579694e-01	-1.313145e-01	6.099518e-01	6.216028e-01	4.039124e-01	8.241983e+00
2.781641e-02	-1.579150e-01	-1.579534e-01	-1.313097e-01	6.100575e-01	6.217214e-01	4.040963e-01	8.240335e+00
2.777778e-02	-1.578990e-01	-1.579374e-01	-1.313048e-01	6.101629e-01	6.218397e-01	4.042799e-01	8.238710e+00
2.773925e-02	-1.578830e-01	-1.579214e-01	-1.313000e-01	6.102680e-01	6.219577e-01	4.044630e-01	8.237108e+00
2.770083e-02	-1.578671e-01	-1.579055e-01	-1.312951e-01	6.103728e-01	6.220754e-01	4.046458e-01	8.235529e+00
2.766252e-02	-1.578512e-01	-1.578895e-01	-1.312904e-01	6.104773e-01	6.221928e-01	4.048281e-01	8.233973e+00
2.762431e-02	-1.578353e-01	-1.578737e-01	-1.312856e-01	6.105815e-01	6.223099e-01	4.050101e-01	8.232440e+00
2.758621e-02	-1.578195e-01	-1.578578e-01	-1.312808e-01	6.106855e-01	6.224267e-01	4.051917e-01	8.230930e+00
2.754821e-02	-1.578036e-01	-1.578420e-01	-1.312761e-01	6.107892e-01	6.225432e-01	4.053729e-01	8.229442e+00
2.751032e-02	-1.577879e-01	-1.578262e-01	-1.312714e-01	6.108925e-01	6.226595e-01	4.055537e-01	8.227976e+00
2.747253e-02	-1.577721e-01	-1.578105e-01	-1.312667e-01	6.109957e-01	6.227754e-01	4.057342e-01	8.226532e+00
2.743484e-02	-1.577564e-01	-1.577948e-01	-1.312621e-01	6.110985e-01	6.228911e-01	4.059142e-01	8.225110e+00
2.739726e-02	-1.577407e-01	-1.577791e-01	-1.312575e-01	6.112010e-01	6.230065e-01	4.060939e-01	8.223710e+00
2.735978e-02	-1.577251e-01	-1.577634e-01	-1.312529e-01	6.113033e-01	6.231216e-01	4.062732e-01	8.222332e+00
2.732240e-02	-1.577095e-01	-1.577478e-01	-1.312483e-01	6.114053e-01	6.232364e-01	4.064521e-01	8.220975e+00
2.728513e-02	-1.576939e-01	-1.577322e-01	-1.312437e-01	6.115070e-01	6.233509e-01	4.066306e-01	8.219639e+00
2.724796e-02	-1.576783e-01	-1.577166e-01	-1.312392e-01	6.116085e-01	6.234651e-01	4.068088e-01	8.218324e+00
2.721088e-02	-1.576628e-01	-1.577011e-01	-1.312347e-01	6.117097e-01	6.235791e-01	4.069866e-01	8.217030e+00
2.717391e-02	-1.576473e-01	-1.576856e-01	-1.312302e-01	6.118106e-01	6.236928e-01	4.071640e-01	8.215757e+00
2.713704e-02	-1.576318e-01	-1.576701e-01	-1.312257e-01	6.119112e-01	6.238062e-01	4.073410e-01	8.214505e+00
2.710027e-02	-1.576164e-01	-1.576547e-01	-1.312213e-01	6.120116e-01	6.239193e-01	4.075177e-01	8.213273e+00
2.706360e-02	-1.576010e-01	-1.576393e-01	-1.312168e-01	6.121117e-01	6.240321e-01	4.076940e-01	8.212062e+00
2.702703e-02	-1.575856e-01	-1.576239e-01	-1.312124e-01	6.122115e-01	6.241447e-01	4.078699e-01	8.210870e+00
2.699055e-02	-1.575703e-01	-1.576086e-01	-1.312081e-01	6.123111e-01	6.242570e-01	4.080455e-01	8.209699e+00
2.695418e-02	-1.575550e-01	-1.575933e-01	-1.312037e-01	6.124104e-01	6.243690e-01	4.082207e-01	8.208548e+00
2.691790e-02	-1.575397e-01	-1.575780e-01	-1.311993e-01	6.125094e-01	6.244808e-01	4.083955e-01	8.207416e+00
2.688172e-02	-1.575245e-01	-1.575627e-01	-1.311950e-01	6.126082e-01	6.245922e-01	4.085700e-01	8.206304e+00
2.684564e-02	-1.575092e-01	-1.575475e-01	-1.311907e-01	6.127067e-01	6.247034e-01	4.087441e-01	8.205211e+00
2.680965e-02	-1.574941e-01	-1.575323e-01	-1.311865e-01	6.128050e-01	6.248144e-01	4.089178e-01	8.204137e+00
2.677376e-02	-1.574789e-01	-1.575172e-01	-1.311822e-01	6.129030e-01	6.249250e-01	4.090912e-01	8.203083e+00
2.673797e-02	-1.574638e-01	-1.575020e-01	-1.311780e-01	6.130007e-01	6.250354e-01	4.092642e-01	8.202048e+00
2.670227e-02	-1.574487e-01	-1.574869e-01	-1.311738e-01	6.130982e-01	6.251455e-01	4.094369e-01	8.201031e+00
2.666667e-02	-1.574336e-01	-1.574719e-01	-1.311696e-01	6.131954e-01	6.252554e-01	4.096092e-01	8.200033e+00
2.663116e-02	-1.574186e-01	-1.574568e-01	-1.311654e-01	6.132923e-01	6.253650e-01	4.097811e-01	8.199054e+00
2.659574e-02	-1.574036e-01	-1.574418e-01	-1.311612e-01	6.133890e-01	6.254743e-01	4.099527e-01	8.198093e+00
2.656042e-02	-1.573886e-01	-1.574269e-01	-1.311571e-01	6.134855e-01	6.255834e-01	4.101239e-01	8.197150e+00
2.652520e-02	-1.573737e-01	-1.574119e-01	-1.311530e-01	6.135817e-01	6.256922e-01	4.102947e-01	8.196225e+00
2.649007e-02	-1.573587e-01	-1.573970e-01	-1.311489e-01	6.136776e-01	6.258007e-01	4.104653e-01	8.195318e+00
2.645503e-02	-1.573439e-01	-1.573821e-01	-1.311448e-01	6.137733e-01	6.259090e-01	4.106354e-01	8.194429e+00
2.642008e-02	-1.573290e-01	-1.573673e-01	-1.311408e-01	6.138687e-01	6.260170e-01	4.108052e-01	8.193558e+00
2.638522e-02	-1.573142e-01	-1.573524e-01	-1.311367e-01	6.139639e-01	6.261247e-01	4.109747e-01	8.192704e+00
2.635046e-02	-1.572994e-01	-1.573376e-01	-1.311327e-01	6.140589e-01	6.262322e-01	4.111438e-01	8.191868e+00
2.631579e-02	-1.572846e-01	-1.573229e-01	-1.311287e-01	6.141535e-01	6.263395e-01	4.113125e-01	8.191049e+00
2.628121e-02	-1.572699e-01	-1.573081e-01	-1.311248e-01	6.142480e-01	6.264464e-01	4.114810e-01	8.190247e+00
2.624672e-02	-1.572552e-01	-1.572934e-01	-1.311208e-01	6.143422e-01	6.265532e-01	4.116490e-01	8.189462e+00
2.621232e-02	-1.572405e-01	-1.572787e-01	-1.311169e-01	6.144361e-01	6.266596e-01	4.118167e-01	8.188694e+00
2.617801e-02	-1.572259e-01	-1.572641e-01	-1.311129e-01	6.145298e-01	6.267659e-01	4.119841e-01	8.187943e+00
2.614379e-02	-1.572112e-01	-1.572495e-01	-1.311090e-01	6.146233e-01	6.268718e-01	4.121511e-01	8.187208e+00
2.610966e-02	-1.571967e-01	-1.572349e-01	-1.311052e-01	6.147165e-01	6.269775e-01	4.123178e-01	8.186489e+00
2.607562e-02	-1.571821e-01	-1.572203e-01	-1.311013e-01	6.148095e-01	6.270830e-01	4.124841e-01	8.185787e+00
2.604167e-02	-1.571676e-01	-1.572058e-01	-1.310975e-01	6.149022e-01	6.271882e-01	4.126501e-01	8.185101e+00
2.600780e-02	-1.571531e-01	-1.571913e-01	-1.310936e-01	6.149947e-01	6.272931e-01	4.128158e-01	8.184432e+00
2.597403e-02	-1.571386e-01	-1.571768e-01	-1.310898e-01	6.150869e-01	6.273978e-01	4.129811e-01	8.183778e+00
2.594034e-02	-1.571241e-01	-1.571623e-01	-1.310860e-01	6.151789e-01	6.275023e-01	4.131461e-01	8.183140e+00
2.590674e-02	-1.571097e-01	-1.571479e-01	-1.310823e-01	6.152707e-01	6.276065e-01	4.133107e-01	8.182517e+00
2.587322e-02	-1.570953e-01	-1.571335e-01	-1.310785e-01	6.153622e-01	6.277105e-01	4.134750e-01	8.181911e+00
2.583979e-02	-1.570810e-01	-1.571192e-01	-1.310748e-01	6.154535e-01	6.278142e-01	4.136390e-01	8.181319e+00
2.580645e-02	-1.570666e-01	-1.571048e-01	-1.310711e-01	6.155446e-01	6.279177e-01	4.138026e-01	8.180743e+00
2.577320e-02	-1.570523e-01	-1.570905e-01	-1.310674e-01	6.156354e-01	6.280209e-01	4.139659e-01	8.180182e+00
2.574003e-02	-1.570381e-01	-1.570762e-01	-1.310637e-01	6.157260e-01	6.281239e-01	4.141289e-01	8.179636e+00
2.570694e-02	-1.570238e-01	-1.570620e-01	-1.310600e-01	6.158164e-01	6.282266e-01	4.142915e-01	8.179106e+00
2.567394e-02	-1.570096e-01	-1.570478e-01	-1.310564e-01	6.159065e-01	6.283291e-01	4.144538e-01	8.178590e+00
2.564103e-02	-1.569954e-01	-1.570336e-01	-1.310528e-01	6.159964e-01	6.284314e-01	4.146158e-01	8.178088e+00
2.560819e-02	-1.569813e-01	-1.570194e-01	-1.310491e-01	6.160861e-01	6.285334e-01	4.147774e-01	8.177601e+00
2.557545e-02	-1.569671e-01	-1.570053e-01	-1.310456e-01	6.161755e-01	6.286352e-01	4.149388e-01	8.177129e+00
2.554278e-02	-1.569530e-01	-1.569912e-01	-1.310420e-01	6.162647e-01	6.287367e-01	4.150997e-01	8.176671e+00
2.551020e-02	-1.569389e-01	-1.569771e-01	-1.310384e-01	6.163537e-01	6.288380e-01	4.152604e-01	8.176227e+00
2.547771e-02	-1.569249e-01	-1.569630e-01	-1.310349e-01	6.164424e-01	6.289391e-01	4.154207e-01	8.175798e+00
2.544529e-02	-1.569109e-01	-1.569490e-01	-1.310314e-01	6.165309e-01	6.290399e-01	4.155807e-01	8.175382e+00
2.541296e-02	-1.568969e-01	-1.569350e-01	-1.310278e-01	6.166192e-01	6.291405e-01	4.157404e-01	8.174980e+00
2.538071e-02	-1.568829e-01	-1.569211e-01	-1.310244e-01	6.167073e-01	6.292408e-01	4.158998e-01	8.174592e+00
2.534854e-02	-1.568690e-01	-1.569071e-01	-1.310209e-01	6.167952e-01	6.293410e-01	4.160588e-01	8.174218e+00
2.531646e-02	-1.568551e-01	-1.568932e-01	-1.310174e-01	6.168828e-01	6.294408e-01	4.162175e-01	8.173857e+00
2.528445e-02	-1.568412e-01	-1.568793e-01	-1.310140e-01	6.169702e-01	6.295405e-01	4.163759e-01	8.173510e+00
2.525253e-02	-1.568273e-01	-1.568655e-01	-1.310106e-01	6.170573e-01	6.296399e-01	4.165339e-01	8.173176e+00
2.522068e-02	-1.568135e-01	-1.568516e-01	-1.310071e-01	6.171443e-01	6.297391e-01	4.166917e-01	8.172855e+00
2.518892e-02	-1.567997e-01	-1.568378e-01	-1.310038e-01	6.172310e-01	6.298381e-01	4.168491e-01	8.172547e+00
2.515723e-02	-1.567859e-01	-1.568240e-01	-1.310004e-01	6.173175e-01	6.299368e-01	4.170062e-01	8.172252e+00
2.512563e-02	-1.567722e-01	-1.568103e-01	-1.309970e-01	6.174038e-01	6.300353e-01	4.171630e-01	8.171970e+00
2.509410e-02	-1.567585e-01	-1.567966e-01	-1.309937e-01	6.174899e-01	6.301336e-01	4.173195e-01	8.171701e+00
2.506266e-02	-1.567448e-01	-1.567829e-01	-1.309903e-01	6.175757e-01	6.302316e-01	4.174757e-01	8.171444e+00
2.503129e-02	-1.567311e-01	-1.567692e-01	-1.309870e-01	6.176614e-01	6.303294e-01	4.176315e-01	8.171200e+00
2.500000e-02	-1.567175e-01	-1.567556e-01	-1.309837e-01	6.177468e-01	6.304270e-01	4.177870e-01	8.170969e+00
2.496879e-02	-1.567038e-01	-1.567419e-01	-1.309805e-01	6.178320e-01	6.305244e-01	4.179423e-01	8.170749e+00
2.493766e-02	-1.566903e-01	-1.567284e-01	-1.309772e-01	6.179170e-01	6.306215e-01	4.180972e-01	8.170542e+00
2.490660e-02	-1.566767e-01	-1.567148e-01	-1.309739e-01	6.180017e-01	6.307184e-01	4.182518e-01	8.170347e+00
2.487562e-02	-1.566632e-01	-1.567013e-01	-1.309707e-01	6.180863e-01	6.308151e-01	4.184060e-01	8.170164e+00
2.484472e-02	-1.566497e-01	-1.566878e-01	-1.309675e-01	6.181706e-01	6.309116e-01	4.185600e-01	8.169993e+00
2.481390e-02	-1.566362e-01	-1.566743e-01	-1.309643e-01	6.182548e-01	6.310078e-01	4.187137e-01	8.169833e+00
2.478315e-02	-1.566227e-01	-1.566608e-01	-1.309611e-01	6.183387e-01	6.311038e-01	4.188670e-01	8.169685e+00
2.475248e-02	-1.566093e-01	-1.566474e-01	-1.309579e-01	6.184224e-01	6.311996e-01	4.190201e-01	8.169549e+00
2.472188e-02	-1.565959e-01	-1.566340e-01	-1.309547e-01	6.185059e-01	6.312952e-01	4.191728e-01	8.169424e+00
2.469136e-02	-1.565825e-01	-1.566206e-01	-1.309516e-01	6.185891e-01	6.313906e-01	4.193253e-01	8.169311e+00
2.466091e-02	-1.565692e-01	-1.566073e-01	-1.309485e-01	6.186722e-01	6.314857e-01	4.194774e-01	8.169209e+00
2.463054e-02	-1.565559e-01	-1.565939e-01	-1.309454e-01	6.187551e-01	6.315806e-01	4.196292e-01	8.169117e+00
2.460025e-02	-1.565426e-01	-1.565806e-01	-1.309423e-01	6.188377e-01	6.316753e-01	4.197807e-01	8.169037e+00
2.457002e-02	-1.565293e-01	-1.565674e-01	-1.309392e-01	6.189202e-01	6.317698e-01	4.199319e-01	8.168968e+00
2.453988e-02	-1.565161e-01	-1.565541e-01	-1.309361e-01	6.190024e-01	6.318641e-01	4.200829e-01	8.168910e+00
2.450980e-02	-1.565028e-01	-1.565409e-01	-1.309330e-01	6.190845e-01	6.319581e-01	4.202335e-01	8.168862e+00
2.447980e-02	-1.564897e-01	-1.565277e-01	-1.309300e-01	6.191663e-01	6.320519e-01	4.203838e-01	8.168825e+00
2.444988e-02	-1.564765e-01	-1.565145e-01	-1.309270e-01	6.192479e-01	6.321456e-01	4.205338e-01	8.168798e+00
2.442002e-02	-1.564634e-01	-1.565014e-01	-1.309240e-01	6.193293e-01	6.322390e-01	4.206835e-01	8.168782e+00
2.439024e-02	-1.564502e-01	-1.564883e-01	-1.309210e-01	6.194105e-01	6.323322e-01	4.208329e-01	8.168776e+00
2.436054e-02	-1.564372e-01	-1.564752e-01	-1.309180e-01	6.194916e-01	6.324251e-01	4.209820e-01	8.168780e+00
2.433090e-02	-1.564241e-01	-1.564621e-01	-1.309150e-01	6.195724e-01	6.325179e-01	4.211308e-01	8.168794e+00
2.430134e-02	-1.564111e-01	-1.564491e-01	-1.309120e-01	6.196530e-01	6.326105e-01	4.212794e-01	8.168819e+00
2.427184e-02	-1.563980e-01	-1.564361e-01	-1.309091e-01	6.197334e-01	6.327028e-01	4.214276e-01	8.168853e+00
2.424242e-02	-1.563851e-01	-1.564231e-01	-1.309062e-01	6.198136e-01	6.327949e-01	4.215755e-01	8.168896e+00
2.421308e-02	-1.563721e-01	-1.564101e-01	-1.309032e-01	6.198936e-01	6.328869e-01	4.217231e-01	8.168950e+00
2.418380e-02	-1.563592e-01	-1.563972e-01	-1.309003e-01	6.199734e-01	6.329786e-01	4.218705e-01	8.169013e+00
2.415459e-02	-1.563463e-01	-1.563843e-01	-1.308974e-01	6.200530e-01	6.330701e-01	4.220175e-01	8.169085e+00
2.412545e-02	-1.563334e-01	-1.563714e-01	-1.308946e-01	6.201324e-01	6.331614e-01	4.221643e-01	8.169167e+00
2.409639e-02	-1.563205e-01	-1.563585e-01	-1.308917e-01	6.202116e-01	6.332525e-01	4.223107e-01	8.169258e+00
2.406739e-02	-1.563077e-01	-1.563457e-01	-1.308889e-01	6.202906e-01	6.333433e-01	4.224569e-01	8.169358e+00
2.403846e-02	-1.562949e-01	-1.563329e-01	-1.308860e-01	6.203695e-01	6.334340e-01	4.226028e-01	8.169467e+00
2.400960e-02	-1.562821e-01	-1.563201e-01	-1.308832e-01	6.204481e-01	6.335245e-01	4.227484e-01	8.169585e+00
2.398082e-02	-1.562693e-01	-1.563073e-01	-1.308804e-01	6.205265e-01	6.336147e-01	4.228937e-01	8.169712e+00
2.395210e-02	-1.562566e-01	-1.562946e-01	-1.308776e-01	6.206047e-01	6.337048e-01	4.230387e-01	8.169848e+00
2.392344e-02	-1.562439e-01	-1.562819e-01	-1.308748e-01	6.206828e-01	6.337947e-01	4.231834e-01	8.169992e+00
2.389486e-02	-1.562312e-01	-1.562692e-01	-1.308720e-01	6.207606e-01	6.338843e-01	4.233279e-01	8.170145e+00
2.386635e-02	-1.562186e-01	-1.562566e-01	-1.308693e-01	6.208383e-01	6.339738e-01	4.234720e-01	8.170306e+00
2.383790e-02	-1.562059e-01	-1.562439e-01	-1.308665e-01	6.209157e-01	6.340630e-01	4.236159e-01	8.170475e+00
2.380952e-02	-1.561933e-01	-1.562313e-01	-1.308638e-01	6.209930e-01	6.341521e-01	4.237595e-01	8.170653e+00
2.378121e-02	-1.561807e-01	-1.562187e-01	-1.308611e-01	6.210700e-01	6.342409e-01	4.239028e-01	8.170838e+00
2.375297e-02	-1.561682e-01	-1.562062e-01	-1.308584e-01	6.211469e-01	6.343295e-01	4.240458e-01	8.171032e+00
2.372479e-02	-1.561556e-01	-1.561936e-01	-1.308557e-01	6.212236e-01	6.344180e-01	4.241885e-01	8.171233e+00
2.369668e-02	-1.561431e-01	-1.561811e-01	-1.308530e-01	6.213001e-01	6.345062e-01	4.243309e-01	8.171442e+00
2.366864e-02	-1.561306e-01	-1.561686e-01	-1.308503e-01	6.213764e-01	6.345943e-01	4.244731e-01	8.171659e+00
2.364066e-02	-1.561182e-01	-1.561562e-01	-1.308477e-01	6.214526e-01	6.346821e-01	4.246150e-01	8.171884e+00
2.361275e-02	-1.561057e-01	-1.561437e-01	-1.308450e-01	6.215285e-01	6.347698e-01	4.247566e-01	8.172116e+00
2.358491e-02	-1.560933e-01	-1.561313e-01	-1.308424e-01	6.216042e-01	6.348572e-01	4.248979e-01	8.172355e+00
2.355713e-02	-1.560809e-01	-1.561189e-01	-1.308398e-01	6.216798e-01	6.349445e-01	4.250390e-01	8.172602e+00
2.352941e-02	-1.560686e-01	-1.561065e-01	-1.308372e-01	6.217552e-01	6.350315e-01	4.251797e-01	8.172856e+00
2.350176e-02	-1.560562e-01	-1.560942e-01	-1.308346e-01	6.218304e-01	6.351184e-01	4.253202e-01	8.173117e+00
2.347418e-02	-1.560439e-01	-1.560819e-01	-1.308320e-01	6.219054e-01	6.352050e-01	4.254604e-01	8.173385e+00
2.344666e-02	-1.560316e-01	-1.560696e-01	-1.308294e-01	6.219802e-01	6.352915e-01	4.256004e-01	8.173659e+00
2.341920e-02	-1.560194e-01	-1.560573e-01	-1.308269e-01	6.220548e-01	6.353778e-01	4.257400e-01	8.173941e+00
2.339181e-02	-1.560071e-01	-1.560451e-01	-1.308243e-01	6.221293e-01	6.354638e-01	4.258794e-01	8.174229e+00
2.336449e-02	-1.559949e-01	-1.560329e-01	-1.308218e-01	6.222035e-01	6.355497e-01	4.260185e-01	8.174524e+00
2.333722e-02	-1.559827e-01	-1.560207e-01	-1.308193e-01	6.222776e-01	6.356354e-01	4.261573e-01	8.174825e+00
2.331002e-02	-1.559705e-01	-1.560085e-01	-1.308167e-01	6.223515e-01	6.357209e-01	4.262959e-01	8.175133e+00
2.328289e-02	-1.559584e-01	-1.559963e-01	-1.308142e-01	6.224252e-01	6.358062e-01	4.264342e-01	8.175447e+00
2.325581e-02	-1.559463e-01	-1.559842e-01	-1.308118e-01	6.224988e-01	6.358914e-01	4.265722e-01	8.175767e+00
2.322880e-02	-1.559342e-01	-1.559721e-01	-1.308093e-01	6.225721e-01	6.359763e-01	4.267099e-01	8.176093e+00
2.320186e-02	-1.559221e-01	-1.559600e-01	-1.308068e-01	6.226453e-01	6.360610e-01	4.268474e-01	8.176425e+00
2.317497e-02	-1.559100e-01	-1.559480e-01	-1.308044e-01	6.227183e-01	6.361456e-01	4.269846e-01	8.176764e+00
2.314815e-02	-1.558980e-01	-1.559359e-01	-1.308019e-01	6.227911e-01	6.362299e-01	4.271215e-01	8.177107e+00
2.312139e-02	-1.558860e-01	-1.559239e-01	-1.307995e-01	6.228637e-01	6.363141e-01	4.272582e-01	8.177457e+00
2.309469e-02	-1.558740e-01	-1.559119e-01	-1.307971e-01	6.229362e-01	6.363981e-01	4.273946e-01	8.177812e+00
2.306805e-02	-1.558621e-01	-1.559000e-01	-1.307947e-01	6.230085e-01	6.364819e-01	4.275307e-01	8.178173e+00
2.304147e-02	-1.558501e-01	-1.558880e-01	-1.307923e-01	6.230806e-01	6.365655e-01	4.276665e-01	8.178539e+00
2.301496e-02	-1.558382e-01	-1.558761e-01	-1.307899e-01	6.231525e-01	6.366489e-01	4.278021e-01	8.178911e+00
2.298851e-02	-1.558263e-01	-1.558642e-01	-1.307875e-01	6.232242e-01	6.367321e-01	4.279375e-01	8.179288e+00
2.296211e-02	-1.558144e-01	-1.558524e-01	-1.307851e-01	6.232958e-01	6.368152e-01	4.280725e-01	8.179669e+00
2.293578e-02	-1.558026e-01	-1.558405e-01	-1.307828e-01	6.233672e-01	6.368980e-01	4.282073e-01	8.180056e+00
2.290951e-02	-1.557908e-01	-1.558287e-01	-1.307804e-01	6.234384e-01	6.369807e-01	4.283418e-01	8.180448e+00
2.288330e-02	-1.557790e-01	-1.558169e-01	-1.307781e-01	6.235095e-01	6.370632e-01	4.284761e-01	8.180845e+00
2.285714e-02	-1.557672e-01	-1.558051e-01	-1.307758e-01	6.235804e-01	6.371455e-01	4.286101e-01	8.181247e+00
2.283105e-02	-1.557555e-01	-1.557934e-01	-1.307735e-01	6.236511e-01	6.372276e-01	4.287438e-01	8.181653e+00
2.280502e-02	-1.557437e-01	-1.557816e-01	-1.307712e-01	6.237216e-01	6.373096e-01	4.288773e-01	8.182064e+00
2.277904e-02	-1.557320e-01	-1.557699e-01	-1.307689e-01	6.237919e-01	6.373913e-01	4.290105e-01	8.182479e+00
2.275313e-02	-1.557203e-01	-1.557582e-01	-1.307666e-01	6.238621e-01	6.374729e-01	4.291434e-01	8.182899e+00
2.272727e-02	-1.557087e-01	-1.557466e-01	-1.307643e-01	6.239321e-01	6.375543e-01	4.292761e-01	8.183323e+00
2.270148e-02	-1.556971e-01	-1.557349e-01	-1.307621e-01	6.240020e-01	6.376355e-01	4.294086e-01	8.183751e+00
2.267574e-02	-1.556854e-01	-1.557233e-01	-1.307598e-01	6.240716e-01	6.377165e-01	4.295407e-01	8.184183e+00
2.265006e-02	-1.556738e-01	-1.557117e-01	-1.307576e-01	6.241411e-01	6.377974e-01	4.296726e-01	8.184620e+00
2.262443e-02	-1.556623e-01	-1.557002e-01	-1.307554e-01	6.242105e-01	6.378781e-01	4.298043e-01	8.185060e+00
2.259887e-02	-1.556507e-01	-1.556886e-01	-1.307531e-01	6.242796e-01	6.379586e-01	4.299357e-01	8.185504e+00
2.257336e-02	-1.556392e-01	-1.556771e-01	-1.307509e-01	6.243486e-01	6.380389e-01	4.300668e-01	8.185952e+00
2.254791e-02	-1.556277e-01	-1.556656e-01	-1.307487e-01	6.244174e-01	6.381190e-01	4.301977e-01	8.186404e+00
2.252252e-02	-1.556162e-01	-1.556541e-01	-1.307466e-01	6.244861e-01	6.381990e-01	4.303283e-01	8.186859e+00
2.249719e-02	-1.556048e-01	-1.556426e-01	-1.307444e-01	6.245546e-01	6.382787e-01	4.304587e-01	8.187318e+00
2.247191e-02	-1.555933e-01	-1.556312e-01	-1.307422e-01	6.246229e-01	6.383583e-01	4.305888e-01	8.187780e+00
2.244669e-02	-1.555819e-01	-1.556198e-01	-1.307401e-01	6.246910e-01	6.384378e-01	4.307186e-01	8.188246e+00
2.242152e-02	-1.555705e-01	-1.556084e-01	-1.307379e-01	6.247590e-01	6.385170e-01	4.308482e-01	8.188715e+00
2.239642e-02	-1.555592e-01	-1.555970e-01	-1.307358e-01	6.248268e-01	6.385961e-01	4.309776e-01	8.189187e+00
2.237136e-02	-1.555478e-01	-1.555857e-01	-1.307337e-01	6.248945e-01	6.386750e-01	4.311067e-01	8.189662e+00
2.234637e-02	-1.555365e-01	-1.555744e-01	-1.307316e-01	6.249620e-01	6.387537e-01	4.312355e-01	8.190140e+00
2.232143e-02	-1.555252e-01	-1.555631e-01	-1.307294e-01	6.250293e-01	6.388323e-01	4.313641e-01	8.190621e+00
2.229654e-02	-1.555139e-01	-1.555518e-01	-1.307274e-01	6.250964e-01	6.389106e-01	4.314925e-01	8.191105e+00
2.227171e-02	-1.555027e-01	-1.555405e-01	-1.307253e-01	6.251634e-01	6.389888e-01	4.316205e-01	8.191591e+00
2.224694e-02	-1.554914e-01	-1.555293e-01	-1.307232e-01	6.252303e-01	6.390669e-01	4.317484e-01	8.192080e+00
2.222222e-02	-1.554802e-01	-1.555181e-01	-1.307211e-01	6.252969e-01	6.391447e-01	4.318760e-01	8.192572e+00
2.219756e-02	-1.554690e-01	-1.555069e-01	-1.307191e-01	6.253634e-01	6.392224e-01	4.320033e-01	8.193066e+00
2.217295e-02	-1.554579e-01	-1.554957e-01	-1.307170e-01	6.254298e-01	6.392999e-01	4.321304e-01	8.193562e+00
2.214839e-02	-1.554467e-01	-1.554845e-01	-1.307150e-01	6.254959e-01	6.393772e-01	4.322572e-01	8.194061e+00
2.212389e-02	-1.554356e-01	-1.554734e-01	-1.307130e-01	6.255620e-01	6.394544e-01	4.323838e-01	8.194562e+00
2.209945e-02	-1.554245e-01	-1.554623e-01	-1.307109e-01	6.256278e-01	6.395314e-01	4.325102e-01	8.195065e+00
2.207506e-02	-1.554134e-01	-1.554512e-01	-1.307089e-01	6.256935e-01	6.396082e-01	4.326363e-01	8.195570e+00
2.205072e-02	-1.554024e-01	-1.554402e-01	-1.307069e-01	6.257590e-01	6.396849e-01	4.327621e-01	8.196077e+00
2.202643e-02	-1.553913e-01	-1.554291e-01	-1.307049e-01	6.258244e-01	6.397614e-01	4.328877e-01	8.196586e+00
2.200220e-02	-1.553803e-01	-1.554181e-01	-1.307030e-01	6.258896e-01	6.398377e-01	4.330131e-01	8.197097e+00
2.197802e-02	-1.553693e-01	-1.554071e-01	-1.307010e-01	6.259547e-01	6.399138e-01	4.331382e-01	8.197610e+00
2.195390e-02	-1.553583e-01	-1.553961e-01	-1.306990e-01	6.260196e-01	6.399898e-01	4.332630e-01	8.198124e+00
2.192982e-02	-1.553474e-01	-1.553852e-01	-1.306971e-01	6.260843e-01	6.400656e-01	4.333877e-01	8.198639e+00
2.190581e-02	-1.553365e-01	-1.553743e-01	-1.306951e-01	6.261489e-01	6.401413e-01	4.335121e-01	8.199156e+00
2.188184e-02	-1.553255e-01	-1.553633e-01	-1.306932e-01	6.262134e-01	6.402168e-01	4.336362e-01	8.199675e+00
2.185792e-02	-1.553147e-01	-1.553525e-01	-1.306913e-01	6.262776e-01	6.402921e-01	4.337601e-01	8.200194e+00
2.183406e-02	-1.553038e-01	-1.553416e-01	-1.306894e-01	6.263417e-01	6.403672e-01	4.338837e-01	8.200715e+00
2.181025e-02	-1.552929e-01	-1.553307e-01	-1.306874e-01	6.264057e-01	6.404422e-01	4.340072e-01	8.201237e+00
2.178649e-02	-1.552821e-01	-1.553199e-01	-1.306855e-01	6.264695e-01	6.405170e-01	4.341303e-01	8.201760e+00
2.176279e-02	-1.552713e-01	-1.553091e-01	-1.306837e-01	6.265331e-01	6.405916e-01	4.342533e-01	8.202284e+00
2.173913e-02	-1.552605e-01	-1.552983e-01	-1.306818e-01	6.265966e-01	6.406661e-01	4.343760e-01	8.202809e+00
2.171553e-02	-1.552498e-01	-1.552876e-01	-1.306799e-01	6.266600e-01	6.407404e-01	4.344984e-01	8.203335e+00
2.169197e-02	-1.552390e-01	-1.552768e-01	-1.306780e-01	6.267231e-01	6.408146e-01	4.346206e-01	8.203861e+00
2.166847e-02	-1.552283e-01	-1.552661e-01	-1.306762e-01	6.267862e-01	6.408886e-01	4.347426e-01	8.204388e+00
2.164502e-02	-1.552176e-01	-1.552554e-01	-1.306743e-01	6.268490e-01	6.409624e-01	4.348643e-01	8.204916e+00
2.162162e-02	-1.552070e-01	-1.552447e-01	-1.306725e-01	6.269118e-01	6.410361e-01	4.349858e-01	8.205444e+00
2.159827e-02	-1.551963e-01	-1.552341e-01	-1.306707e-01	6.269743e-01	6.411096e-01	4.351071e-01	8.205972e+00
2.157497e-02	-1.551857e-01	-1.552234e-01	-1.306688e-01	6.270367e-01	6.411829e-01	4.352281e-01	8.206501e+00
2.155172e-02	-1.551751e-01	-1.552128e-01	-1.306670e-01	6.270990e-01	6.412561e-01	4.353489e-01	8.207030e+00
2.152853e-02	-1.551645e-01	-1.552022e-01	-1.306652e-01	6.271611e-01	6.413291e-01	4.354695e-01	8.207559e+00
2.150538e-02	-1.551539e-01	-1.551916e-01	-1.306634e-01	6.272231e-01	6.414020e-01	4.355898e-01	8.208088e+00
2.148228e-02	-1.551433e-01	-1.551811e-01	-1.306617e-01	6.272849e-01	6.414747e-01	4.357099e-01	8.208617e+00
2.145923e-02	-1.551328e-01	-1.551706e-01	-1.306599e-01	6.273465e-01	6.415472e-01	4.358297e-01	8.209146e+00
2.143623e-02	-1.551223e-01	-1.551600e-01	-1.306581e-01	6.274081e-01	6.416196e-01	4.359493e-01	8.209675e+00
2.141328e-02	-1.551118e-01	-1.551496e-01	-1.306563e-01	6.274694e-01	6.416918e-01	4.360687e-01	8.210203e+00
2.139037e-02	-1.551013e-01	-1.551391e-01	-1.306546e-01	6.275306e-01	6.417638e-01	4.361879e-01	8.210732e+00
2.136752e-02	-1.550909e-01	-1.551286e-01	-1.306528e-01	6.275917e-01	6.418357e-01	4.363068e-01	8.211260e+00
2.134472e-02	-1.550805e-01	-1.551182e-01	-1.306511e-01	6.276526e-01	6.419075e-01	4.364255e-01	8.211787e+00
2.132196e-02	-1.550701e-01	-1.551078e-01	-1.306494e-01	6.277134e-01	6.419791e-01	4.365439e-01	8.212314e+00
2.129925e-02	-1.550597e-01	-1.550974e-01	-1.306477e-01	6.277740e-01	6.420505e-01	4.366621e-01	8.212840e+00
2.127660e-02	-1.550493e-01	-1.550870e-01	-1.306460e-01	6.278344e-01	6.421218e-01	4.367801e-01	8.213366e+00
2.125399e-02	-1.550390e-01	-1.550767e-01	-1.306442e-01	6.278948e-01	6.421929e-01	4.368979e-01	8.213891e+00
2.123142e-02	-1.550286e-01	-1.550664e-01	-1.306426e-01	6.279549e-01	6.422638e-01	4.370154e-01	8.214415e+00
2.120891e-02	-1.550183e-01	-1.550561e-01	-1.306409e-01	6.280150e-01	6.423346e-01	4.371327e-01	8.214938e+00
2.118644e-02	-1.550081e-01	-1.550458e-01	-1.306392e-01	6.280748e-01	6.424053e-01	4.372498e-01	8.215460e+00
2.116402e-02	-1.549978e-01	-1.550355e-01	-1.306375e-01	6.281346e-01	6.424757e-01	4.373666e-01	8.215981e+00
2.114165e-02	-1.549875e-01	-1.550252e-01	-1.306358e-01	6.281942e-01	6.425461e-01	4.374832e-01	8.216501e+00
2.111932e-02	-1.549773e-01	-1.550150e-01	-1.306342e-01	6.282536e-01	6.426162e-01	4.375996e-01	8.217020e+00
2.109705e-02	-1.549671e-01	-1.550048e-01	-1.306325e-01	6.283129e-01	6.426863e-01	4.377158e-01	8.217537e+00
2.107482e-02	-1.549569e-01	-1.549946e-01	-1.306309e-01	6.283721e-01	6.427561e-01	4.378317e-01	8.218053e+00
2.105263e-02	-1.549468e-01	-1.549845e-01	-1.306293e-01	6.284311e-01	6.428258e-01	4.379474e-01	8.218568e+00
2.103049e-02	-1.549366e-01	-1.549743e-01	-1.306277e-01	6.284899e-01	6.428954e-01	4.380629e-01	8.219082e+00
2.100840e-02	-1.549265e-01	-1.549642e-01	-1.306260e-01	6.285487e-01	6.429648e-01	4.381782e-01	8.219593e+00
2.098636e-02	-1.549164e-01	-1.549541e-01	-1.306244e-01	6.286072e-01	6.430341e-01	4.382932e-01	8.220104e+00
2.096436e-02	-1.549063e-01	-1.549440e-01	-1.306228e-01	6.286657e-01	6.431032e-01	4.384080e-01	8.220612e+00
2.094241e-02	-1.548963e-01	-1.549339e-01	-1.306212e-01	6.287240e-01	6.431721e-01	4.385226e-01	8.221119e+00
2.092050e-02	-1.548862e-01	-1.549239e-01	-1.306196e-01	6.287821e-01	6.432409e-01	4.386370e-01	8.221624e+00
2.089864e-02	-1.548762e-01	-1.549139e-01	-1.306181e-01	6.288401e-01	6.433095e-01	4.387511e-01	8.222128e+00
2.087683e-02	-1.548662e-01	-1.549038e-01	-1.306165e-01	6.288980e-01	6.433780e-01	4.388650e-01	8.222629e+00
2.085506e-02	-1.548562e-01	-1.548939e-01	-1.306149e-01	6.289557e-01	6.434464e-01	4.389787e-01	8.223129e+00
2.083333e-02	-1.548462e-01	-1.548839e-01	-1.306134e-01	6.290133e-01	6.435146e-01	4.390922e-01	8.223626e+00
2.081165e-02	-1.548363e-01	-1.548739e-01	-1.306118e-01	6.290708e-01	6.435826e-01	4.392055e-01	8.224122e+00
2.079002e-02	-1.548264e-01	-1.548640e-01	-1.306103e-01	6.291281e-01	6.436505e-01	4.393185e-01	8.224615e+00
2.076843e-02	-1.548165e-01	-1.548541e-01	-1.306088e-01	6.291852e-01	6.437183e-01	4.394313e-01	8.225106e+00
2.074689e-02	-1.548066e-01	-1.548442e-01	-1.306072e-01	6.292423e-01	6.437859e-01	4.395439e-01	8.225595e+00
2.072539e-02	-1.547967e-01	-1.548343e-01	-1.306057e-01	6.292992e-01	6.438533e-01	4.396563e-01	8.226082e+00
2.070393e-02	-1.547869e-01	-1.548245e-01	-1.306042e-01	6.293559e-01	6.439206e-01	4.397684e-01	8.226566e+00
2.068252e-02	-1.547770e-01	-1.548147e-01	-1.306027e-01	6.294125e-01	6.439878e-01	4.398803e-01	8.227048e+00
2.066116e-02	-1.547672e-01	-1.548049e-01	-1.306012e-01	6.294690e-01	6.440548e-01	4.399920e-01	8.227528e+00
2.063983e-02	-1.547574e-01	-1.547951e-01	-1.305997e-01	6.295253e-01	6.441216e-01	4.401035e-01	8.228005e+00
2.061856e-02	-1.547477e-01	-1.547853e-01	-1.305982e-01	6.295815e-01	6.441883e-01	4.402148e-01	8.228480e+00
2.059732e-02	-1.547379e-01	-1.547755e-01	-1.305968e-01	6.296376e-01	6.442549e-01	4.403259e-01	8.228952e+00
2.057613e-02	-1.547282e-01	-1.547658e-01	-1.305953e-01	6.296935e-01	6.443213e-01	4.404367e-01	8.229421e+00
2.055498e-02	-1.547185e-01	-1.547561e-01	-1.305938e-01	6.297493e-01	6.443876e-01	4.405474e-01	8.229888e+00
2.053388e-02	-1.547088e-01	-1.547464e-01	-1.305924e-01	6.298049e-01	6.444537e-01	4.406578e-01	8.230352e+00
2.051282e-02	-1.546991e-01	-1.547367e-01	-1.305909e-01	6.298604e-01	6.445197e-01	4.407680e-01	8.230813e+00
2.049180e-02	-1.546894e-01	-1.547271e-01	-1.305895e-01	6.299158e-01	6.445855e-01	4.408779e-01	8.231272e+00
2.047083e-02	-1.546798e-01	-1.547174e-01	-1.305881e-01	6.299711e-01	6.446512e-01	4.409877e-01	8.231727e+00
2.044990e-02	-1.546702e-01	-1.547078e-01	-1.305866e-01	6.300262e-01	6.447167e-01	4.410973e-01	8.232180e+00
2.042901e-02	-1.546606e-01	-1.546982e-01	-1.305852e-01	6.300811e-01	6.447821e-01	4.412066e-01	8.232630e+00
2.040816e-02	-1.546510e-01	-1.546886e-01	-1.305838e-01	6.301360e-01	6.448474e-01	4.413157e-01	8.233077e+00
2.038736e-02	-1.546415e-01	-1.546791e-01	-1.305824e-01	6.301907e-01	6.449125e-01	4.414246e-01	8.233521e+00
2.036660e-02	-1.546319e-01	-1.546695e-01	-1.305810e-01	6.302453e-01	6.449775e-01	4.415333e-01	8.233962e+00
2.034588e-02	-1.546224e-01	-1.546600e-01	-1.305796e-01	6.302997e-01	6.450423e-01	4.416418e-01	8.234400e+00
2.032520e-02	-1.546129e-01	-1.546505e-01	-1.305782e-01	6.303540e-01	6.451070e-01	4.417501e-01	8.234835e+00
2.030457e-02	-1.546034e-01	-1.546410e-01	-1.305768e-01	6.304082e-01	6.451715e-01	4.418582e-01	8.235267e+00
2.028398e-02	-1.545939e-01	-1.546315e-01	-1.305755e-01	6.304622e-01	6.452359e-01	4.419660e-01	8.235696e+00
2.026342e-02	-1.545845e-01	-1.546221e-01	-1.305741e-01	6.305161e-01	6.453002e-01	4.420736e-01	8.236122e+00
2.024291e-02	-1.545751e-01	-1.546126e-01	-1.305728e-01	6.305699e-01	6.453643e-01	4.421811e-01	8.236544e+00
2.022245e-02	-1.545657e-01	-1.546032e-01	-1.305714e-01	6.306235e-01	6.454283e-01	4.422883e-01	8.236963e+00
2.020202e-02	-1.545563e-01	-1.545938e-01	-1.305701e-01	6.306770e-01	6.454921e-01	4.423953e-01	8.237379e+00
2.018163e-02	-1.545469e-01	-1.545845e-01	-1.305687e-01	6.307304e-01	6.455558e-01	4.425021e-01	8.237791e+00
2.016129e-02	-1.545375e-01	-1.545751e-01	-1.305674e-01	6.307837e-01	6.456193e-01	4.426087e-01	8.238201e+00
2.014099e-02	-1.545282e-01	-1.545658e-01	-1.305661e-01	6.308368e-01	6.456827e-01	4.427151e-01	8.238607e+00
2.012072e-02	-1.545189e-01	-1.545565e-01	-1.305648e-01	6.308898e-01	6.457460e-01	4.428213e-01	8.239009e+00
2.010050e-02	-1.545096e-01	-1.545472e-01	-1.305634e-01	6.309426e-01	6.458092e-01	4.429272e-01	8.239408e+00
2.008032e-02	-1.545003e-01	-1.545379e-01	-1.305621e-01	6.309954e-01	6.458721e-01	4.430330e-01	8.239804e+00
2.006018e-02	-1.544911e-01	-1.545286e-01	-1.305608e-01	6.310480e-01	6.459350e-01	4.431386e-01	8.240197e+00
2.004008e-02	-1.544818e-01	-1.545194e-01	-1.305596e-01	6.311004e-01	6.459977e-01	4.432439e-01	8.240586e+00
2.002002e-02	-1.544726e-01	-1.545101e-01	-1.305583e-01	6.311528e-01	6.460603e-01	4.433490e-01	8.240971e+00
2.000000e-02	-1.544634e-01	-1.545009e-01	-1.305570e-01	6.312050e-01	6.461227e-01	4.434540e-01	8.241353e+00
1.998002e-02	-1.544542e-01	-1.544917e-01	-1.305557e-01	6.312571e-01	6.461850e-01	4.435587e-01	8.241732e+00
1.996008e-02	-1.544450e-01	-1.544826e-01	-1.305545e-01	6.313090e-01	6.462472e-01	4.436632e-01	8.242106e+00
1.994018e-02	-1.544359e-01	-1.544734e-01	-1.305532e-01	6.313609e-01	6.463092e-01	4.437676e-01	8.242478e+00
1.992032e-02	-1.544267e-01	-1.544643e-01	-1.305519e-01	6.314126e-01	6.463711e-01	4.438717e-01	8.242846e+00
1.990050e-02	-1.544176e-01	-1.544552e-01	-1.305507e-01	6.314641e-01	6.464329e-01	4.439756e-01	8.243210e+00
1.988072e-02	-1.544085e-01	-1.544461e-01	-1.305495e-01	6.315156e-01	6.464945e-01	4.440793e-01	8.243571e+00
1.986097e-02	-1.543995e-01	-1.544370e-01	-1.305482e-01	6.315669e-01	6.465560e-01	4.441828e-01	8.243928e+00
1.984127e-02	-1.543904e-01	-1.544279e-01	-1.305470e-01	6.316181e-01	6.466173e-01	4.442861e-01	8.244281e+00
1.982161e-02	-1.543814e-01	-1.544189e-01	-1.305458e-01	6.316692e-01	6.466786e-01	4.443892e-01	8.244631e+00
1.980198e-02	-1.543723e-01	-1.544099e-01	-1.305446e-01	6.317201e-01	6.467396e-01	4.444921e-01	8.244977e+00
1.978239e-02	-1.543633e-01	-1.544008e-01	-1.305434e-01	6.317709e-01	6.468006e-01	4.445948e-01	8.245320e+00
1.976285e-02	-1.543543e-01	-1.543919e-01	-1.305422e-01	6.318216e-01	6.468614e-01	4.446973e-01	8.245659e+00
1.974334e-02	-1.543454e-01	-1.543829e-01	-1.305410e-01	6.318722e-01	6.469221e-01	4.447996e-01	8.245994e+00
1.972387e-02	-1.543364e-01	-1.543739e-01	-1.305398e-01	6.319226e-01	6.469826e-01	4.449017e-01	8.246325e+00
1.970443e-02	-1.543275e-01	-1.543650e-01	-1.305386e-01	6.319729e-01	6.470430e-01	4.450036e-01	8.246653e+00
1.968504e-02	-1.543186e-01	-1.543561e-01	-1.305374e-01	6.320231e-01	6.471033e-01	4.451053e-01	8.246977e+00
1.966568e-02	-1.543097e-01	-1.543472e-01	-1.305362e-01	6.320732e-01	6.471634e-01	4.452068e-01	8.247297e+00
1.964637e-02	-1.543008e-01	-1.543383e-01	-1.305351e-01	6.321231e-01	6.472234e-01	4.453081e-01	8.247613e+00
1.962709e-02	-1.542919e-01	-1.543294e-01	-1.305339e-01	6.321730e-01	6.472833e-01	4.454092e-01	8.247926e+00
1.960784e-02	-1.542831e-01	-1.543206e-01	-1.305328e-01	6.322227e-01	6.473431e-01	4.455101e-01	8.248235e+00
1.958864e-02	-1.542742e-01	-1.543117e-01	-1.305316e-01	6.322722e-01	6.474027e-01	4.456108e-01	8.248540e+00
1.956947e-02	-1.542654e-01	-1.543029e-01	-1.305305e-01	6.323217e-01	6.474622e-01	4.457113e-01	8.248841e+00
1.955034e-02	-1.542566e-01	-1.542941e-01	-1.305293e-01	6.323710e-01	6.475215e-01	4.458116e-01	8.249138e+00
1.953125e-02	-1.542479e-01	-1.542854e-01	-1.305282e-01	6.324202e-01	6.475807e-01	4.459117e-01	8.249432e+00
1.951220e-02	-1.542391e-01	-1.542766e-01	-1.305271e-01	6.324693e-01	6.476398e-01	4.460116e-01	8.249722e+00
1.949318e-02	-1.542304e-01	-1.542679e-01	-1.305260e-01	6.325183e-01	6.476988e-01	4.461113e-01	8.250007e+00
1.947420e-02	-1.542217e-01	-1.542591e-01	-1.305249e-01	6.325672e-01	6.477576e-01	4.462109e-01	8.250290e+00
1.945525e-02	-1.542129e-01	-1.542504e-01	-1.305237e-01	6.326159e-01	6.478163e-01	4.463102e-01	8.250568e+00
1.943635e-02	-1.542043e-01	-1.542417e-01	-1.305226e-01	6.326645e-01	6.478749e-01	4.464093e-01	8.250842e+00
1.941748e-02	-1.541956e-01	-1.542331e-01	-1.305215e-01	6.327130e-01	6.479333e-01	4.465083e-01	8.251112e+00
1.939864e-02	-1.541869e-01	-1.542244e-01	-1.305205e-01	6.327613e-01	6.479916e-01	4.466070e-01	8.251379e+00
1.937984e-02	-1.541783e-01	-1.542158e-01	-1.305194e-01	6.328096e-01	6.480498e-01	4.467055e-01	8.251641e+00
1.936108e-02	-1.541697e-01	-1.542072e-01	-1.305183e-01	6.328577e-01	6.481078e-01	4.468039e-01	8.251900e+00
1.934236e-02	-1.541611e-01	-1.541985e-01	-1.305172e-01	6.329057e-01	6.481658e-01	4.469021e-01	8.252155e+00
1.932367e-02	-1.541525e-01	-1.541900e-01	-1.305162e-01	6.329536e-01	6.482236e-01	4.470000e-01	8.252406e+00
1.930502e-02	-1.541439e-01	-1.541814e-01	-1.305151e-01	6.330014e-01	6.482812e-01	4.470978e-01	8.252652e+00
1.928640e-02	-1.541354e-01	-1.541728e-01	-1.305140e-01	6.330490e-01	6.483388e-01	4.471954e-01	8.252895e+00
1.926782e-02	-1.541269e-01	-1.541643e-01	-1.305130e-01	6.330965e-01	6.483962e-01	4.472928e-01	8.253134e+00
1.924928e-02	-1.541183e-01	-1.541558e-01	-1.305120e-01	6.331440e-01	6.484535e-01	4.473900e-01	8.253369e+00
1.923077e-02	-1.541098e-01	-1.541473e-01	-1.305109e-01	6.331913e-01	6.485106e-01	4.474870e-01	8.253600e+00
1.921230e-02	-1.541014e-01	-1.541388e-01	-1.305099e-01	6.332384e-01	6.485676e-01	4.475838e-01	8.253827e+00
1.919386e-02	-1.540929e-01	-1.541303e-01	-1.305089e-01	6.332855e-01	6.486245e-01	4.476804e-01	8.254050e+00
1.917546e-02	-1.540845e-01	-1.541219e-01	-1.305078e-01	6.333324e-01	6.486813e-01	4.477768e-01	8.254269e+00
1.915709e-02	-1.540760e-01	-1.541135e-01	-1.305068e-01	6.333793e-01	6.487380e-01	4.478731e-01	8.254484e+00
1.913876e-02	-1.540676e-01	-1.541051e-01	-1.305058e-01	6.334260e-01	6.487945e-01	4.479691e-01	8.254695e+00
1.912046e-02	-1.540592e-01	-1.540967e-01	-1.305048e-01	6.334726e-01	6.488509e-01	4.480650e-01	8.254902e+00
1.910220e-02	-1.540508e-01	-1.540883e-01	-1.305038e-01	6.335190e-01	6.489072e-01	4.481607e-01	8.255104e+00
1.908397e-02	-1.540425e-01	-1.540799e-01	-1.305028e-01	6.335654e-01	6.489633e-01	4.482562e-01	8.255303e+00
1.906578e-02	-1.540341e-01	-1.540716e-01	-1.305018e-01	6.336117e-01	6.490194e-01	4.483515e-01	8.255498e+00
1.904762e-02	-1.540258e-01	-1.540632e-01	-1.305008e-01	6.336578e-01	6.490753e-01	4.484466e-01	8.255688e+00
1.902950e-02	-1.540175e-01	-1.540549e-01	-1.304999e-01	6.337038e-01	6.491310e-01	4.485415e-01	8.255875e+00
1.901141e-02	-1.540092e-01	-1.540466e-01	-1.304989e-01	6.337497e-01	6.491867e-01	4.486362e-01	8.256057e+00
1.899335e-02	-1.540009e-01	-1.540383e-01	-1.304979e-01	6.337955e-01	6.492422e-01	4.487308e-01	8.256236e+00
1.897533e-02	-1.539927e-01	-1.540301e-01	-1.304970e-01	6.338412e-01	6.492976e-01	4.488252e-01	8.256410e+00
1.895735e-02	-1.539844e-01	-1.540218e-01	-1.304960e-01	6.338867e-01	6.493529e-01	4.489193e-01	8.256580e+00
1.893939e-02	-1.539762e-01	-1.540136e-01	-1.304951e-01	6.339322e-01	6.494081e-01	4.490133e-01	8.256746e+00
1.892148e-02	-1.539680e-01	-1.540054e-01	-1.304941e-01	6.339775e-01	6.494631e-01	4.491071e-01	8.256908e+00
1.890359e-02	-1.539598e-01	-1.539972e-01	-1.304932e-01	6.340227e-01	6.495180e-01	4.492007e-01	8.257065e+00
1.888574e-02	-1.539516e-01	-1.539890e-01	-1.304922e-01	6.340678e-01	6.495728e-01	4.492942e-01	8.257219e+00
1.886792e-02	-1.539434e-01	-1.539809e-01	-1.304913e-01	6.341128e-01	6.496275e-01	4.493874e-01	8.257368e+00
1.885014e-02	-1.539353e-01	-1.539727e-01	-1.304904e-01	6.341577e-01	6.496820e-01	4.494805e-01	8.257513e+00
1.883239e-02	-1.539272e-01	-1.539646e-01	-1.304895e-01	6.342025e-01	6.497365e-01	4.495734e-01	8.257654e+00
1.881468e-02	-1.539191e-01	-1.539565e-01	-1.304885e-01	6.342471e-01	6.497908e-01	4.496661e-01	8.257791e+00
1.879699e-02	-1.539110e-01	-1.539484e-01	-1.304876e-01	6.342917e-01	6.498450e-01	4.497586e-01	8.257923e+00
1.877934e-02	-1.539029e-01	-1.539403e-01	-1.304867e-01	6.343361e-01	6.498990e-01	4.498509e-01	8.258051e+00
1.876173e-02	-1.538948e-01	-1.539322e-01	-1.304858e-01	6.343804e-01	6.499530e-01	4.499431e-01	8.258175e+00
1.874414e-02	-1.538868e-01	-1.539242e-01	-1.304849e-01	6.344246e-01	6.500068e-01	4.500350e-01	8.258295e+00
1.872659e-02	-1.538787e-01	-1.539161e-01	-1.304841e-01	6.344687e-01	6.500605e-01	4.501268e-01	8.258411e+00
1.870907e-02	-1.538707e-01	-1.539081e-01	-1.304832e-01	6.345127e-01	6.501141e-01	4.502184e-01	8.258522e+00
1.869159e-02	-1.538627e-01	-1.539001e-01	-1.304823e-01	6.345566e-01	6.501676e-01	4.503098e-01	8.258629e+00
1.867414e-02	-1.538547e-01	-1.538921e-01	-1.304814e-01	6.346003e-01	6.502209e-01	4.504010e-01	8.258732e+00
1.865672e-02	-1.538468e-01	-1.538842e-01	-1.304805e-01	6.346440e-01	6.502741e-01	4.504921e-01	8.258830e+00
1.863933e-02	-1.538388e-01	-1.538762e-01	-1.304797e-01	6.346875e-01	6.503273e-01	4.505830e-01	8.258924e+00
1.862197e-02	-1.538309e-01	-1.538683e-01	-1.304788e-01	6.347310e-01	6.503802e-01	4.506737e-01	8.259014e+00
1.860465e-02	-1.538230e-01	-1.538604e-01	-1.304780e-01	6.347743e-01	6.504331e-01	4.507642e-01	8.259099e+00
1.858736e-02	-1.538151e-01	-1.538525e-01	-1.304771e-01	6.348175e-01	6.504859e-01	4.508545e-01	8.259180e+00
1.857010e-02	-1.538072e-01	-1.538446e-01	-1.304763e-01	6.348606e-01	6.505385e-01	4.509447e-01	8.259257e+00
1.855288e-02	-1.537993e-01	-1.538367e-01	-1.304754e-01	6.349036e-01	6.505910e-01	4.510347e-01	8.259330e+00
1.853568e-02	-1.537915e-01	-1.538289e-01	-1.304746e-01	6.349465e-01	6.506434e-01	4.511245e-01	8.259398e+00
1.851852e-02	-1.537836e-01	-1.538210e-01	-1.304738e-01	6.349893e-01	6.506957e-01	4.512141e-01	8.259461e+00
1.850139e-02	-1.537758e-01	-1.538132e-01	-1.304730e-01	6.350320e-01	6.507479e-01	4.513035e-01	8.259521e+00
1.848429e-02	-1.537680e-01	-1.538054e-01	-1.304721e-01	6.350745e-01	6.507999e-01	4.513928e-01	8.259575e+00
1.846722e-02	-1.537602e-01	-1.537976e-01	-1.304713e-01	6.351170e-01	6.508519e-01	4.514819e-01	8.259626e+00
1.845018e-02	-1.537524e-01	-1.537898e-01	-1.304705e-01	6.351593e-01	6.509037e-01	4.515708e-01	8.259672e+00
1.843318e-02	-1.537447e-01	-1.537821e-01	-1.304697e-01	6.352016e-01	6.509554e-01	4.516595e-01	8.259713e+00
1.841621e-02	-1.537369e-01	-1.537743e-01	-1.304689e-01	6.352437e-01	6.510070e-01	4.517481e-01	8.259751e+00
1.839926e-02	-1.537292e-01	-1.537666e-01	-1.304681e-01	6.352857e-01	6.510584e-01	4.518364e-01	8.259783e+00
1.838235e-02	-1.537215e-01	-1.537589e-01	-1.304673e-01	6.353277e-01	6.511098e-01	4.519246e-01	8.259811e+00
1.836547e-02	-1.537138e-01	-1.537512e-01	-1.304665e-01	6.353695e-01	6.511610e-01	4.520127e-01	8.259835e+00
1.834862e-02	-1.537061e-01	-1.537435e-01	-1.304658e-01	6.354112e-01	6.512122e-01	4.521005e-01	8.259854e+00
1.833181e-02	-1.536985e-01	-1.537359e-01	-1.304650e-01	6.354528e-01	6.512632e-01	4.521882e-01	8.259869e+00
1.831502e-02	-1.536908e-01	-1.537282e-01	-1.304642e-01	6.354943e-01	6.513141e-01	4.522757e-01	8.259879e+00
1.829826e-02	-1.536832e-01	-1.537206e-01	-1.304634e-01	6.355357e-01	6.513649e-01	4.523630e-01	8.259885e+00
1.828154e-02	-1.536756e-01	-1.537130e-01	-1.304627e-01	6.355770e-01	6.514155e-01	4.524502e-01	8.259886e+00
1.826484e-02	-1.536680e-01	-1.537054e-01	-1.304619e-01	6.356182e-01	6.514661e-01	4.525372e-01	8.259883e+00
1.824818e-02	-1.536604e-01	-1.536978e-01	-1.304612e-01	6.356593e-01	6.515165e-01	4.526240e-01	8.259875e+00
1.823154e-02	-1.536528e-01	-1.536902e-01	-1.304604e-01	6.357002e-01	6.515668e-01	4.527106e-01	8.259862e+00
1.821494e-02	-1.536453e-01	-1.536826e-01	-1.304597e-01	6.357411e-01	6.516171e-01	4.527971e-01	8.259845e+00
1.819836e-02	-1.536377e-01	-1.536751e-01	-1.304589e-01	6.357819e-01	6.516672e-01	4.528833e-01	8.259823e+00
1.818182e-02	-1.536302e-01	-1.536676e-01	-1.304582e-01	6.358225e-01	6.517172e-01	4.529695e-01	8.259797e+00
1.816530e-02	-1.536227e-01	-1.536601e-01	-1.304575e-01	6.358631e-01	6.517670e-01	4.530554e-01	8.259766e+00
1.814882e-02	-1.536152e-01	-1.536526e-01	-1.304567e-01	6.359035e-01	6.518168e-01	4.531412e-01	8.259730e+00
1.813237e-02	-1.536077e-01	-1.536451e-01	-1.304560e-01	6.359439e-01	6.518665e-01	4.532268e-01	8.259690e+00
1.811594e-02	-1.536003e-01	-1.536376e-01	-1.304553e-01	6.359842e-01	6.519160e-01	4.533122e-01	8.259645e+00
1.809955e-02	-1.535928e-01	-1.536302e-01	-1.304546e-01	6.360243e-01	6.519654e-01	4.533974e-01	8.259595e+00
1.808318e-02	-1.535854e-01	-1.536228e-01	-1.304539e-01	6.360643e-01	6.520147e-01	4.534825e-01	8.259541e+00
1.806685e-02	-1.535780e-01	-1.536153e-01	-1.304532e-01	6.361043e-01	6.520639e-01	4.535675e-01	8.259482e+00
1.805054e-02	-1.535706e-01	-1.536079e-01	-1.304525e-01	6.361441e-01	6.521130e-01	4.536522e-01	8.259418e+00
1.803427e-02	-1.535632e-01	-1.536006e-01	-1.304518e-01	6.361839e-01	6.521620e-01	4.537368e-01	8.259350e+00
1.801802e-02	-1.535558e-01	-1.535932e-01	-1.304511e-01	6.362235e-01	6.522109e-01	4.538212e-01	8.259277e+00
1.800180e-02	-1.535485e-01	-1.535858e-01	-1.304504e-01	6.362630e-01	6.522597e-01	4.539054e-01	8.259199e+00
1.798561e-02	-1.535411e-01	-1.535785e-01	-1.304497e-01	6.363025e-01	6.523083e-01	4.539895e-01	8.259116e+00
1.796945e-02	-1.535338e-01	-1.535712e-01	-1.304491e-01	6.363418e-01	6.523569e-01	4.540734e-01	8.259028e+00
1.795332e-02	-1.535265e-01	-1.535639e-01	-1.304484e-01	6.363810e-01	6.524053e-01	4.541571e-01	8.258936e+00
1.793722e-02	-1.535192e-01	-1.535566e-01	-1.304477e-01	6.364202e-01	6.524536e-01	4.542407e-01	8.258839e+00
1.792115e-02	-1.535119e-01	-1.535493e-01	-1.304471e-01	6.364592e-01	6.525019e-01	4.543241e-01	8.258737e+00
1.790510e-02	-1.535046e-01	-1.535420e-01	-1.304464e-01	6.364981e-01	6.525500e-01	4.544073e-01	8.258631e+00
1.788909e-02	-1.534974e-01	-1.535348e-01	-1.304458e-01	6.365369e-01	6.525980e-01	4.544904e-01	8.258519e+00
1.787310e-02	-1.534902e-01	-1.535275e-01	-1.304451e-01	6.365757e-01	6.526458e-01	4.545733e-01	8.258403e+00
1.785714e-02	-1.534829e-01	-1.535203e-01	-1.304445e-01	6.366143e-01	6.526936e-01	4.546560e-01	8.258281e+00
1.784121e-02	-1.534757e-01	-1.535131e-01	-1.304438e-01	6.366528e-01	6.527413e-01	4.547386e-01	8.258155e+00
1.782531e-02	-1.534685e-01	-1.535059e-01	-1.304432e-01	6.366913e-01	6.527889e-01	4.548210e-01	8.258024e+00
1.780944e-02	-1.534614e-01	-1.534987e-01	-1.304426e-01	6.367296e-01	6.528363e-01	4.549032e-01	8.257888e+00
1.779359e-02	-1.534542e-01	-1.534916e-01	-1.304419e-01	6.367678e-01	6.528837e-01	4.549853e-01	8.257747e+00
1.777778e-02	-1.534471e-01	-1.534844e-01	-1.304413e-01	6.368060e-01	6.529309e-01	4.550672e-01	8.257601e+00
1.776199e-02	-1.534399e-01	-1.534773e-01	-1.304407e-01	6.368440e-01	6.529781e-01	4.551489e-01	8.257450e+00
1.774623e-02	-1.534328e-01	-1.534702e-01	-1.304401e-01	6.368819e-01	6.530251e-01	4.552305e-01	8.257294e+00
1.773050e-02	-1.534257e-01	-1.534631e-01	-1.304395e-01	6.369198e-01	6.530720e-01	4.553119e-01	8.257134e+00
1.771479e-02	-1.534186e-01	-1.534560e-01	-1.304388e-01	6.369575e-01	6.531188e-01	4.553931e-01	8.256968e+00
1.769912e-02	-1.534115e-01	-1.534489e-01	-1.304382e-01	6.369952e-01	6.531655e-01	4.554742e-01	8.256797e+00
1.768347e-02	-1.534045e-01	-1.534419e-01	-1.304376e-01	6.370327e-01	6.532122e-01	4.555551e-01	8.256621e+00
1.766784e-02	-1.533974e-01	-1.534348e-01	-1.304370e-01	6.370702e-01	6.532587e-01	4.556359e-01	8.256440e+00
1.765225e-02	-1.533904e-01	-1.534278e-01	-1.304365e-01	6.371075e-01	6.533050e-01	4.557164e-01	8.256254e+00
1.763668e-02	-1.533834e-01	-1.534208e-01	-1.304359e-01	6.371448e-01	6.533513e-01	4.557969e-01	8.256063e+00
1.762115e-02	-1.533764e-01	-1.534138e-01	-1.304353e-01	6.371819e-01	6.533975e-01	4.558771e-01	8.255867e+00
1.760563e-02	-1.533694e-01	-1.534068e-01	-1.304347e-01	6.372190e-01	6.534436e-01	4.559572e-01	8.255665e+00
1.759015e-02	-1.533624e-01	-1.533998e-01	-1.304341e-01	6.372560e-01	6.534896e-01	4.560372e-01	8.255459e+00
1.757469e-02	-1.533555e-01	-1.533929e-01	-1.304336e-01	6.372928e-01	6.535354e-01	4.561170e-01	8.255247e+00
1.755926e-02	-1.533485e-01	-1.533859e-01	-1.304330e-01	6.373296e-01	6.535812e-01	4.561966e-01	8.255030e+00
1.754386e-02	-1.533416e-01	-1.533790e-01	-1.304324e-01	6.373663e-01	6.536269e-01	4.562760e-01	8.254808e+00
1.752848e-02	-1.533347e-01	-1.533721e-01	-1.304319e-01	6.374029e-01	6.536724e-01	4.563553e-01	8.254581e+00
1.751313e-02	-1.533278e-01	-1.533652e-01	-1.304313e-01	6.374394e-01	6.537179e-01	4.564345e-01	8.254349e+00
1.749781e-02	-1.533209e-01	-1.533583e-01	-1.304308e-01	6.374758e-01	6.537632e-01	4.565135e-01	8.254111e+00
1.748252e-02	-1.533140e-01	-1.533514e-01	-1.304302e-01	6.375121e-01	6.538085e-01	4.565923e-01	8.253868e+00
1.746725e-02	-1.533072e-01	-1.533446e-01	-1.304297e-01	6.375483e-01	6.538536e-01	4.566709e-01	8.253620e+00
1.745201e-02	-1.533003e-01	-1.533377e-01	-1.304292e-01	6.375844e-01	6.538987e-01	4.567494e-01	8.253367e+00
1.743679e-02	-1.532935e-01	-1.533309e-01	-1.304286e-01	6.376204e-01	6.539436e-01	4.568278e-01	8.253108e+00
1.742160e-02	-1.532867e-01	-1.533241e-01	-1.304281e-01	6.376563e-01	6.539884e-01	4.569060e-01	8.252844e+00
1.740644e-02	-1.532799e-01	-1.533173e-01	-1.304276e-01	6.376922e-01	6.540332e-01	4.569840e-01	8.252574e+00
1.739130e-02	-1.532731e-01	-1.533105e-01	-1.304270e-01	6.377279e-01	6.540778e-01	4.570618e-01	8.252299e+00
1.737619e-02	-1.532663e-01	-1.533037e-01	-1.304265e-01	6.377635e-01	6.541223e-01	4.571396e-01	8.252019e+00
1.736111e-02	-1.532596e-01	-1.532970e-01	-1.304260e-01	6.377991e-01	6.541667e-01	4.572171e-01	8.251734e+00
1.734605e-02	-1.532528e-01	-1.532902e-01	-1.304255e-01	6.378345e-01	6.542111e-01	4.572945e-01	8.251443e+00
1.733102e-02	-1.532461e-01	-1.532835e-01	-1.304250e-01	6.378699e-01	6.542553e-01	4.573717e-01	8.251146e+00
1.731602e-02	-1.532394e-01	-1.532768e-01	-1.304245e-01	6.379052e-01	6.542994e-01	4.574488e-01	8.250844e+00
1.730104e-02	-1.532327e-01	-1.532701e-01	-1.304240e-01	6.379403e-01	6.543434e-01	4.575257e-01	8.250537e+00
1.728608e-02	-1.532260e-01	-1.532634e-01	-1.304235e-01	6.379754e-01	6.543874e-01	4.576025e-01	8.250224e+00
1.727116e-02	-1.532193e-01	-1.532567e-01	-1.304230e-01	6.380104e-01	6.544312e-01	4.576791e-01	8.249905e+00
1.725626e-02	-1.532127e-01	-1.532501e-01	-1.304225e-01	6.380453e-01	6.544749e-01	4.577556e-01	8.249581e+00
1.724138e-02	-1.532060e-01	-1.532434e-01	-1.304220e-01	6.380801e-01	6.545185e-01	4.578319e-01	8.249251e+00
1.722653e-02	-1.531994e-01	-1.532368e-01	-1.304215e-01	6.381149e-01	6.545620e-01	4.579080e-01	8.248916e+00
1.721170e-02	-1.531928e-01	-1.532302e-01	-1.304211e-01	6.381495e-01	6.546055e-01	4.579840e-01	8.248575e+00
1.719690e-02	-1.531862e-01	-1.532236e-01	-1.304206e-01	6.381840e-01	6.546488e-01	4.580598e-01	8.248229e+00
1.718213e-02	-1.531796e-01	-1.532170e-01	-1.304201e-01	6.382185e-01	6.546920e-01	4.581355e-01	8.247877e+00
1.716738e-02	-1.531730e-01	-1.532104e-01	-1.304197e-01	6.382528e-01	6.547351e-01	4.582111e-01	8.247519e+00
1.715266e-02	-1.531664e-01	-1.532038e-01	-1.304192e-01	6.382871e-01	6.547781e-01	4.582864e-01	8.247156e+00
1.713796e-02	-1.531599e-01	-1.531973e-01	-1.304187e-01	6.383212e-01	6.548211e-01	4.583616e-01	8.246786e+00
1.712329e-02	-1.531533e-01	-1.531907e-01	-1.304183e-01	6.383553e-01	6.548639e-01	4.584367e-01	8.246412e+00
1.710864e-02	-1.531468e-01	-1.531842e-01	-1.304178e-01	6.383893e-01	6.549066e-01	4.585116e-01	8.246031e+00
1.709402e-02	-1.531403e-01	-1.531777e-01	-1.304174e-01	6.384232e-01	6.549492e-01	4.585864e-01	8.245644e+00
1.707942e-02	-1.531338e-01	-1.531712e-01	-1.304170e-01	6.384570e-01	6.549918e-01	4.586610e-01	8.245252e+00
1.706485e-02	-1.531273e-01	-1.531647e-01	-1.304165e-01	6.384908e-01	6.550342e-01	4.587355e-01	8.244854e+00
1.705030e-02	-1.531209e-01	-1.531583e-01	-1.304161e-01	6.385244e-01	6.550765e-01	4.588098e-01	8.244450e+00
1.703578e-02	-1.531144e-01	-1.531518e-01	-1.304157e-01	6.385579e-01	6.551188e-01	4.588839e-01	8.244040e+00
1.702128e-02	-1.531080e-01	-1.531454e-01	-1.304152e-01	6.385914e-01	6.551609e-01	4.589579e-01	8.243624e+00
1.700680e-02	-1.531016e-01	-1.531390e-01	-1.304148e-01	6.386248e-01	6.552030e-01	4.590318e-01	8.243202e+00
1.699235e-02	-1.530951e-01	-1.531325e-01	-1.304144e-01	6.386580e-01	6.552449e-01	4.591055e-01	8.242775e+00
1.697793e-02	-1.530887e-01	-1.531262e-01	-1.304140e-01	6.386912e-01	6.552868e-01	4.591790e-01	8.242341e+00
1.696353e-02	-1.530824e-01	-1.531198e-01	-1.304135e-01	6.387243e-01	6.553285e-01	4.592524e-01	8.241901e+00
1.694915e-02	-1.530760e-01	-1.531134e-01	-1.304131e-01	6.387573e-01	6.553702e-01	4.593257e-01	8.241456e+00
1.693480e-02	-1.530696e-01	-1.531070e-01	-1.304127e-01	6.387903e-01	6.554117e-01	4.593988e-01	8.241004e+00
1.692047e-02	-1.530633e-01	-1.531007e-01	-1.304123e-01	6.388231e-01	6.554532e-01	4.594717e-01	8.240546e+00
1.690617e-02	-1.530569e-01	-1.530944e-01	-1.304119e-01	6.388559e-01	6.554946e-01	4.595445e-01	8.240082e+00
1.689189e-02	-1.530506e-01	-1.530880e-01	-1.304115e-01	6.388885e-01	6.555358e-01	4.596172e-01	8.239612e+00
1.687764e-02	-1.530443e-01	-1.530817e-01	-1.304111e-01	6.389211e-01	6.555770e-01	4.596897e-01	8.239136e+00
1.686341e-02	-1.530380e-01	-1.530754e-01	-1.304108e-01	6.389536e-01	6.556181e-01	4.597620e-01	8.238654e+00
1.684920e-02	-1.530317e-01	-1.530692e-01	-1.304104e-01	6.389860e-01	6.556591e-01	4.598343e-01	8.238166e+00
1.683502e-02	-1.530255e-01	-1.530629e-01	-1.304100e-01	6.390183e-01	6.557000e-01	4.599063e-01	8.237671e+00
1.682086e-02	-1.530192e-01	-1.530566e-01	-1.304096e-01	6.390505e-01	6.557408e-01	4.599782e-01	8.237170e+00
1.680672e-02	-1.530130e-01	-1.530504e-01	-1.304092e-01	6.390827e-01	6.557815e-01	4.600500e-01	8.236663e+00
1.679261e-02	-1.530068e-01	-1.530442e-01	-1.304089e-01	6.391147e-01	6.558221e-01	4.601216e-01	8.236150e+00
1.677852e-02	-1.530005e-01	-1.530380e-01	-1.304085e-01	6.391467e-01	6.558626e-01	4.601931e-01	8.235630e+00
1.676446e-02	-1.529943e-01	-1.530318e-01	-1.304081e-01	6.391786e-01	6.559030e-01	4.602644e-01	8.235104e+00
1.675042e-02	-1.529882e-01	-1.530256e-01	-1.304078e-01	6.392104e-01	6.559434e-01	4.603356e-01	8.234572e+00
1.673640e-02	-1.529820e-01	-1.530194e-01	-1.304074e-01	6.392421e-01	6.559836e-01	4.604066e-01	8.234033e+00
1.672241e-02	-1.529758e-01	-1.530132e-01	-1.304071e-01	6.392738e-01	6.560237e-01	4.604775e-01	8.233488e+00
1.670844e-02	-1.529697e-01	-1.530071e-01	-1.304067e-01	6.393053e-01	6.560638e-01	4.605482e-01	8.232936e+00
1.669449e-02	-1.529635e-01	-1.530010e-01	-1.304064e-01	6.393368e-01	6.561037e-01	4.606188e-01	8.232379e+00
1.668057e-02	-1.529574e-01	-1.529948e-01	-1.304060e-01	6.393681e-01	6.561436e-01	4.606893e-01	8.231814e+00
1.666667e-02	-1.529513e-01	-1.529887e-01	-1.304057e-01	6.393994e-01	6.561834e-01	4.607596e-01	8.231243e+00
1.665279e-02	-1.529452e-01	-1.529826e-01	-1.304053e-01	6.394306e-01	6.562230e-01	4.608297e-01	8.230666e+00
1.663894e-02	-1.529391e-01	-1.529766e-01	-1.304050e-01	6.394618e-01	6.562626e-01	4.608998e-01	8.230082e+00
1.662510e-02	-1.529331e-01	-1.529705e-01	-1.304047e-01	6.394928e-01	6.563021e-01	4.609696e-01	8.229492e+00
1.661130e-02	-1.529270e-01	-1.529644e-01	-1.304043e-01	6.395238e-01	6.563415e-01	4.610394e-01	8.228895e+00
1.659751e-02	-1.529210e-01	-1.529584e-01	-1.304040e-01	6.395546e-01	6.563808e-01	4.611090e-01	8.228292e+00
1.658375e-02	-1.529149e-01	-1.529524e-01	-1.304037e-01	6.395854e-01	6.564200e-01	4.611784e-01	8.227682e+00
1.657001e-02	-1.529089e-01	-1.529463e-01	-1.304034e-01	6.396161e-01	6.564592e-01	4.612477e-01	8.227065e+00
1.655629e-02	-1.529029e-01	-1.529403e-01	-1.304031e-01	6.396468e-01	6.564982e-01	4.613168e-01	8.226442e+00
1.654260e-02	-1.528969e-01	-1.529343e-01	-1.304028e-01	6.396773e-01	6.565371e-01	4.613859e-01	8.225812e+00
1.652893e-02	-1.528909e-01	-1.529284e-01	-1.304024e-01	6.397078e-01	6.565760e-01	4.614547e-01	8.225176e+00
1.651528e-02	-1.528850e-01	-1.529224e-01	-1.304021e-01	6.397381e-01	6.566147e-01	4.615235e-01	8.224533e+00
1.650165e-02	-1.528790e-01	-1.529164e-01	-1.304018e-01	6.397684e-01	6.566534e-01	4.615920e-01	8.223883e+00
1.648805e-02	-1.528731e-01	-1.529105e-01	-1.304015e-01	6.397986e-01	6.566920e-01	4.616605e-01	8.223226e+00
1.647446e-02	-1.528671e-01	-1.529046e-01	-1.304013e-01	6.398288e-01	6.567305e-01	4.617288e-01	8.222563e+00
1.646091e-02	-1.528612e-01	-1.528986e-01	-1.304010e-01	6.398588e-01	6.567689e-01	4.617970e-01	8.221893e+00
1.644737e-02	-1.528553e-01	-1.528927e-01	-1.304007e-01	6.398888e-01	6.568072e-01	4.618650e-01	8.221217e+00
1.643385e-02	-1.528494e-01	-1.528868e-01	-1.304004e-01	6.399187e-01	6.568454e-01	4.619329e-01	8.220533e+00
1.642036e-02	-1.528435e-01	-1.528810e-01	-1.304001e-01	6.399485e-01	6.568836e-01	4.620006e-01	8.219843e+00
1.640689e-02	-1.528377e-01	-1.528751e-01	-1.303998e-01	6.399782e-01	6.569216e-01	4.620682e-01	8.219147e+00
1.639344e-02	-1.528318e-01	-1.528692e-01	-1.303995e-01	6.400078e-01	6.569595e-01	4.621357e-01	8.218443e+00
1.638002e-02	-1.528260e-01	-1.528634e-01	-1.303993e-01	6.400374e-01	6.569974e-01	4.622030e-01	8.217733e+00
1.636661e-02	-1.528201e-01	-1.528576e-01	-1.303990e-01	6.400669e-01	6.570352e-01	4.622702e-01	8.217015e+00
1.635323e-02	-1.528143e-01	-1.528518e-01	-1.303987e-01	6.400963e-01	6.570729e-01	4.623372e-01	8.216292e+00
1.633987e-02	-1.528085e-01	-1.528460e-01	-1.303985e-01	6.401256e-01	6.571105e-01	4.624041e-01	8.215561e+00
1.632653e-02	-1.528027e-01	-1.528402e-01	-1.303982e-01	6.401548e-01	6.571480e-01	4.624709e-01	8.214823e+00
1.631321e-02	-1.527969e-01	-1.528344e-01	-1.303980e-01	6.401840e-01	6.571854e-01	4.625375e-01	8.214079e+00
1.629992e-02	-1.527912e-01	-1.528286e-01	-1.303977e-01	6.402131e-01	6.572227e-01	4.626040e-01	8.213328e+00
1.628664e-02	-1.527854e-01	-1.528229e-01	-1.303975e-01	6.402421e-01	6.572600e-01	4.626704e-01	8.212569e+00
1.627339e-02	-1.527797e-01	-1.528171e-01	-1.303972e-01	6.402710e-01	6.572971e-01	4.627366e-01	8.211805e+00
1.626016e-02	-1.527739e-01	-1.528114e-01	-1.303970e-01	6.402998e-01	6.573342e-01	4.628027e-01	8.211033e+00
1.624695e-02	-1.527682e-01	-1.528057e-01	-1.303967e-01	6.403286e-01	6.573712e-01	4.628686e-01	8.210255e+00
1.623377e-02	-1.527625e-01	-1.528000e-01	-1.303965e-01	6.403573e-01	6.574081e-01	4.629344e-01	8.209469e+00
1.622060e-02	-1.527568e-01	-1.527943e-01	-1.303963e-01	6.403859e-01	6.574449e-01	4.630001e-01	8.208677e+00
1.620746e-02	-1.527511e-01	-1.527886e-01	-1.303960e-01	6.404144e-01	6.574816e-01	4.630656e-01	8.207878e+00
1.619433e-02	-1.527455e-01	-1.527829e-01	-1.303958e-01	6.404428e-01	6.575183e-01	4.631310e-01	8.207072e+00
1.618123e-02	-1.527398e-01	-1.527773e-01	-1.303956e-01	6.404712e-01	6.575548e-01	4.631962e-01	8.206259e+00
1.616815e-02	-1.527342e-01	-1.527716e-01	-1.303953e-01	6.404995e-01	6.575913e-01	4.632614e-01	8.205440e+00
1.615509e-02	-1.527285e-01	-1.527660e-01	-1.303951e-01	6.405277e-01	6.576277e-01	4.633264e-01	8.204613e+00
1.614205e-02	-1.527229e-01	-1.527604e-01	-1.303949e-01	6.405558e-01	6.576639e-01	4.633912e-01	8.203780e+00
1.612903e-02	-1.527173e-01	-1.527548e-01	-1.303947e-01	6.405839e-01	6.577001e-01	4.634559e-01	8.202940e+00
1.611604e-02	-1.527117e-01	-1.527492e-01	-1.303945e-01	6.406119e-01	6.577363e-01	4.635205e-01	8.202093e+00
1.610306e-02	-1.527061e-01	-1.527436e-01	-1.303943e-01	6.406398e-01	6.577723e-01	4.635849e-01	8.201239e+00
1.609010e-02	-1.527005e-01	-1.527380e-01	-1.303941e-01	6.406676e-01	6.578083e-01	4.636493e-01	8.200378e+00
1.607717e-02	-1.526950e-01	-1.527324e-01	-1.303939e-01	6.406954e-01	6.578441e-01	4.637134e-01	8.199511e+00
1.606426e-02	-1.526894e-01	-1.527269e-01	-1.303937e-01	6.407230e-01	6.578799e-01	4.637775e-01	8.198637e+00
1.605136e-02	-1.526839e-01	-1.527214e-01	-1.303935e-01	6.407506e-01	6.579156e-01	4.638414e-01	8.197756e+00
1.603849e-02	-1.526784e-01	-1.527158e-01	-1.303933e-01	6.407781e-01	6.579512e-01	4.639052e-01	8.196868e+00
1.602564e-02	-1.526729e-01	-1.527103e-01	-1.303931e-01	6.408056e-01	6.579867e-01	4.639688e-01	8.195973e+00
1.601281e-02	-1.526674e-01	-1.527048e-01	-1.303929e-01	6.408329e-01	6.580222e-01	4.640323e-01	8.195072e+00
1.600000e-02	-1.526619e-01	-1.526993e-01	-1.303927e-01	6.408602e-01	6.580575e-01	4.640957e-01	8.194164e+00
1.598721e-02	-1.526564e-01	-1.526938e-01	-1.303925e-01	6.408874e-01	6.580928e-01	4.641590e-01	8.193249e+00
1.597444e-02	-1.526509e-01	-1.526884e-01	-1.303924e-01	6.409146e-01	6.581280e-01	4.642221e-01	8.192327e+00
1.596169e-02	-1.526455e-01	-1.526829e-01	-1.303922e-01	6.409416e-01	6.581631e-01	4.642851e-01	8.191398e+00
1.594896e-02	-1.526400e-01	-1.526775e-01	-1.303920e-01	6.409686e-01	6.581981e-01	4.643479e-01	8.190463e+00
1.593625e-02	-1.526346e-01	-1.526721e-01	-1.303918e-01	6.409955e-01	6.582331e-01	4.644106e-01	8.189521e+00
1.592357e-02	-1.526292e-01	-1.526666e-01	-1.303917e-01	6.410224e-01	6.582679e-01	4.644732e-01	8.188572e+00
1.591090e-02	-1.526238e-01	-1.526612e-01	-1.303915e-01	6.410491e-01	6.583027e-01	4.645357e-01	8.187617e+00
1.589825e-02	-1.526184e-01	-1.526558e-01	-1.303913e-01	6.410758e-01	6.583374e-01	4.645980e-01	8.186655e+00
1.588562e-02	-1.526130e-01	-1.526505e-01	-1.303912e-01	6.411024e-01	6.583720e-01	4.646602e-01	8.185686e+00
1.587302e-02	-1.526076e-01	-1.526451e-01	-1.303910e-01	6.411290e-01	6.584065e-01	4.647223e-01	8.184711e+00
1.586043e-02	-1.526023e-01	-1.526397e-01	-1.303909e-01	6.411554e-01	6.584410e-01	4.647842e-01	8.183728e+00
1.584786e-02	-1.525969e-01	-1.526344e-01	-1.303907e-01	6.411818e-01	6.584753e-01	4.648460e-01	8.182740e+00
1.583531e-02	-1.525916e-01	-1.526290e-01	-1.303906e-01	6.412081e-01	6.585096e-01	4.649077e-01	8.181744e+00
1.582278e-02	-1.525862e-01	-1.526237e-01	-1.303904e-01	6.412344e-01	6.585438e-01	4.649692e-01	8.180742e+00
1.581028e-02	-1.525809e-01	-1.526184e-01	-1.303903e-01	6.412606e-01	6.585779e-01	4.650306e-01	8.179734e+00
1.579779e-02	-1.525756e-01	-1.526131e-01	-1.303901e-01	6.412866e-01	6.586119e-01	4.650919e-01	8.178719e+00
1.578532e-02	-1.525703e-01	-1.526078e-01	-1.303900e-01	6.413127e-01	6.586459e-01	4.651531e-01	8.177697e+00
1.577287e-02	-1.525651e-01	-1.526025e-01	-1.303899e-01	6.413386e-01	6.586798e-01	4.652141e-01	8.176668e+00
1.576044e-02	-1.525598e-01	-1.525973e-01	-1.303897e-01	6.413645e-01	6.587136e-01	4.652750e-01	8.175634e+00
1.574803e-02	-1.525545e-01	-1.525920e-01	-1.303896e-01	6.413903e-01	6.587473e-01	4.653358e-01	8.174592e+00
1.573564e-02	-1.525493e-01	-1.525868e-01	-1.303895e-01	6.414160e-01	6.587809e-01	4.653965e-01	8.173544e+00
1.572327e-02	-1.525441e-01	-1.525815e-01	-1.303894e-01	6.414417e-01	6.588144e-01	4.654570e-01	8.172490e+00
1.571092e-02	-1.525388e-01	-1.525763e-01	-1.303892e-01	6.414673e-01	6.588479e-01	4.655174e-01	8.171429e+00
1.569859e-02	-1.525336e-01	-1.525711e-01	-1.303891e-01	6.414928e-01	6.588813e-01	4.655776e-01	8.170361e+00
1.568627e-02	-1.525284e-01	-1.525659e-01	-1.303890e-01	6.415182e-01	6.589146e-01	4.656378e-01	8.169288e+00
1.567398e-02	-1.525232e-01	-1.525607e-01	-1.303889e-01	6.415436e-01	6.589478e-01	4.656978e-01	8.168208e+00
1.566171e-02	-1.525181e-01	-1.525555e-01	-1.303888e-01	6.415689e-01	6.589810e-01	4.657577e-01	8.167121e+00
1.564945e-02	-1.525129e-01	-1.525504e-01	-1.303887e-01	6.415941e-01	6.590140e-01	4.658174e-01	8.166028e+00
1.563722e-02	-1.525077e-01	-1.525452e-01	-1.303886e-01	6.416192e-01	6.590470e-01	4.658771e-01	8.164929e+00
1.562500e-02	-1.525026e-01	-1.525401e-01	-1.303885e-01	6.416443e-01	6.590799e-01	4.659366e-01	8.163823e+00
1.561280e-02	-1.524975e-01	-1.525349e-01	-1.303884e-01	6.416693e-01	6.591128e-01	4.659959e-01	8.162711e+00
1.560062e-02	-1.524923e-01	-1.525298e-01	-1.303883e-01	6.416943e-01	6.591455e-01	4.660552e-01	8.161593e+00
1.558846e-02	-1.524872e-01	-1.525247e-01	-1.303882e-01	6.417191e-01	6.591782e-01	4.661143e-01	8.160468e+00
1.557632e-02	-1.524821e-01	-1.525196e-01	-1.303881e-01	6.417439e-01	6.592108e-01	4.661733e-01	8.159337e+00
1.556420e-02	-1.524770e-01	-1.525145e-01	-1.303880e-01	6.417687e-01	6.592433e-01	4.662322e-01	8.158200e+00
1.555210e-02	-1.524720e-01	-1.525094e-01	-1.303879e-01	6.417933e-01	6.592757e-01	4.662910e-01	8.157056e+00
1.554002e-02	-1.524669e-01	-1.525044e-01	-1.303878e-01	6.418179e-01	6.593081e-01	4.663496e-01	8.155907e+00
1.552795e-02	-1.524618e-01	-1.524993e-01	-1.303878e-01	6.418424e-01	6.593404e-01	4.664081e-01	8.154751e+00
1.551590e-02	-1.524568e-01	-1.524943e-01	-1.303877e-01	6.418668e-01	6.593726e-01	4.664665e-01	8.153589e+00
1.550388e-02	-1.524518e-01	-1.524892e-01	-1.303876e-01	6.418912e-01	6.594047e-01	4.665248e-01	8.152421e+00
1.549187e-02	-1.524467e-01	-1.524842e-01	-1.303875e-01	6.419155e-01	6.594367e-01	4.665829e-01	8.151246e+00
1.547988e-02	-1.524417e-01	-1.524792e-01	-1.303875e-01	6.419398e-01	6.594687e-01	4.666409e-01	8.150066e+00
1.546790e-02	-1.524367e-01	-1.524742e-01	-1.303874e-01	6.419639e-01	6.595006e-01	4.666988e-01	8.148880e+00
1.545595e-02	-1.524318e-01	-1.524692e-01	-1.303873e-01	6.419880e-01	6.595324e-01	4.667566e-01	8.147687e+00
1.544402e-02	-1.524268e-01	-1.524642e-01	-1.303873e-01	6.420120e-01	6.595641e-01	4.668142e-01	8.146488e+00
1.543210e-02	-1.524218e-01	-1.524593e-01	-1.303872e-01	6.420360e-01	6.595958e-01	4.668718e-01	8.145284e+00
1.542020e-02	-1.524169e-01	-1.524543e-01	-1.303872e-01	6.420599e-01	6.596274e-01	4.669292e-01	8.144073e+00
1.540832e-02	-1.524119e-01	-1.524494e-01	-1.303871e-01	6.420837e-01	6.596589e-01	4.669864e-01	8.142856e+00
1.539646e-02	-1.524070e-01	-1.524444e-01	-1.303870e-01	6.421075e-01	6.596903e-01	4.670436e-01	8.141633e+00
1.538462e-02	-1.524021e-01	-1.524395e-01	-1.303870e-01	6.421311e-01	6.597217e-01	4.671006e-01	8.140405e+00
1.537279e-02	-1.523971e-01	-1.524346e-01	-1.303869e-01	6.421548e-01	6.597530e-01	4.671576e-01	8.139170e+00
1.536098e-02	-1.523922e-01	-1.524297e-01	-1.303869e-01	6.421783e-01	6.597842e-01	4.672144e-01	8.137930e+00
1.534919e-02	-1.523874e-01	-1.524248e-01	-1.303869e-01	6.422018e-01	6.598153e-01	4.672710e-01	8.136683e+00
1.533742e-02	-1.523825e-01	-1.524199e-01	-1.303868e-01	6.422252e-01	6.598463e-01	4.673276e-01	8.135431e+00
1.532567e-02	-1.523776e-01	-1.524151e-01	-1.303868e-01	6.422485e-01	6.598773e-01	4.673840e-01	8.134173e+00
1.531394e-02	-1.523727e-01	-1.524102e-01	-1.303867e-01	6.422718e-01	6.599082e-01	4.674403e-01	8.132909e+00
1.530222e-02	-1.523679e-01	-1.524054e-01	-1.303867e-01	6.422950e-01	6.599390e-01	4.674965e-01	8.131639e+00
1.529052e-02	-1.523631e-01	-1.524005e-01	-1.303867e-01	6.423181e-01	6.599698e-01	4.675526e-01	8.130363e+00
1.527884e-02	-1.523582e-01	-1.523957e-01	-1.303867e-01	6.423412e-01	6.600004e-01	4.676086e-01	8.129082e+00
1.526718e-02	-1.523534e-01	-1.523909e-01	-1.303866e-01	6.423642e-01	6.600310e-01	4.676644e-01	8.127794e+00
1.525553e-02	-1.523486e-01	-1.523861e-01	-1.303866e-01	6.423872e-01	6.600616e-01	4.677201e-01	8.126501e+00
1.524390e-02	-1.523438e-01	-1.523813e-01	-1.303866e-01	6.424100e-01	6.600920e-01	4.677757e-01	8.125203e+00
1.523229e-02	-1.523390e-01	-1.523765e-01	-1.303866e-01	6.424328e-01	6.601224e-01	4.678312e-01	8.123898e+00
1.522070e-02	-1.523343e-01	-1.523717e-01	-1.303866e-01	6.424556e-01	6.601527e-01	4.678865e-01	8.122588e+00
1.520913e-02	-1.523295e-01	-1.523670e-01	-1.303865e-01	6.424782e-01	6.601829e-01	4.679418e-01	8.121272e+00
1.519757e-02	-1.523248e-01	-1.523622e-01	-1.303865e-01	6.425009e-01	6.602131e-01	4.679969e-01	8.119951e+00
1.518603e-02	-1.523200e-01	-1.523575e-01	-1.303865e-01	6.425234e-01	6.602431e-01	4.680519e-01	8.118623e+00
1.517451e-02	-1.523153e-01	-1.523527e-01	-1.303865e-01	6.425459e-01	6.602731e-01	4.681068e-01	8.117291e+00
1.516300e-02	-1.523106e-01	-1.523480e-01	-1.303865e-01	6.425683e-01	6.603031e-01	4.681616e-01	8.115952e+00
1.515152e-02	-1.523059e-01	-1.523433e-01	-1.303865e-01	6.425906e-01	6.603329e-01	4.682162e-01	8.114608e+00
1.514005e-02	-1.523012e-01	-1.523386e-01	-1.303865e-01	6.426129e-01	6.603627e-01	4.682708e-01	8.113258e+00
1.512859e-02	-1.522965e-01	-1.523339e-01	-1.303865e-01	6.426351e-01	6.603924e-01	4.683252e-01	8.111903e+00
1.511716e-02	-1.522918e-01	-1.523293e-01	-1.303865e-01	6.426572e-01	6.604221e-01	4.683795e-01	8.110543e+00
1.510574e-02	-1.522871e-01	-1.523246e-01	-1.303865e-01	6.426793e-01	6.604516e-01	4.684337e-01	8.109176e+00
1.509434e-02	-1.522825e-01	-1.523199e-01	-1.303865e-01	6.427013e-01	6.604811e-01	4.684877e-01	8.107804e+00
1.508296e-02	-1.522778e-01	-1.523153e-01	-1.303866e-01	6.427233e-01	6.605105e-01	4.685417e-01	8.106427e+00
1.507159e-02	-1.522732e-01	-1.523106e-01	-1.303866e-01	6.427452e-01	6.605399e-01	4.685955e-01	8.105044e+00
1.506024e-02	-1.522686e-01	-1.523060e-01	-1.303866e-01	6.427670e-01	6.605692e-01	4.686493e-01	8.103656e+00
1.504891e-02	-1.522639e-01	-1.523014e-01	-1.303866e-01	6.427888e-01	6.605984e-01	4.687029e-01	8.102262e+00
1.503759e-02	-1.522593e-01	-1.522968e-01	-1.303866e-01	6.428105e-01	6.606275e-01	4.687564e-01	8.100863e+00
1.502630e-02	-1.522547e-01	-1.522922e-01	-1.303867e-01	6.428321e-01	6.606565e-01	4.688097e-01	8.099458e+00
1.501502e-02	-1.522502e-01	-1.522876e-01	-1.303867e-01	6.428536e-01	6.606855e-01	4.688630e-01	8.098048e+00
1.500375e-02	-1.522456e-01	-1.522830e-01	-1.303867e-01	6.428751e-01	6.607144e-01	4.689162e-01	8.096633e+00
1.499250e-02	-1.522410e-01	-1.522785e-01	-1.303867e-01	6.428966e-01	6.607433e-01	4.689692e-01	8.095212e+00
1.498127e-02	-1.522365e-01	-1.522739e-01	-1.303868e-01	6.429180e-01	6.607721e-01	4.690221e-01	8.093786e+00
1.497006e-02	-1.522319e-01	-1.522694e-01	-1.303868e-01	6.429393e-01	6.608008e-01	4.690749e-01	8.092354e+00
1.495886e-02	-1.522274e-01	-1.522648e-01	-1.303869e-01	6.429605e-01	6.608294e-01	4.691276e-01	8.090917e+00
1.494768e-02	-1.522229e-01	-1.522603e-01	-1.303869e-01	6.429817e-01	6.608579e-01	4.691802e-01	8.089475e+00
1.493652e-02	-1.522183e-01	-1.522558e-01	-1.303869e-01	6.430028e-01	6.608864e-01	4.692327e-01	8.088027e+00
1.492537e-02	-1.522138e-01	-1.522513e-01	-1.303870e-01	6.430239e-01	6.609148e-01	4.692850e-01	8.086575e+00
1.491424e-02	-1.522093e-01	-1.522468e-01	-1.303870e-01	6.430449e-01	6.609432e-01	4.693373e-01	8.085116e+00
1.490313e-02	-1.522049e-01	-1.522423e-01	-1.303871e-01	6.430658e-01	6.609715e-01	4.693894e-01	8.083653e+00
1.489203e-02	-1.522004e-01	-1.522378e-01	-1.303871e-01	6.430867e-01	6.609997e-01	4.694414e-01	8.082184e+00
1.488095e-02	-1.521959e-01	-1.522334e-01	-1.303872e-01	6.431075e-01	6.610278e-01	4.694933e-01	8.080710e+00
1.486989e-02	-1.521915e-01	-1.522289e-01	-1.303872e-01	6.431282e-01	6.610559e-01	4.695451e-01	8.079231e+00
1.485884e-02	-1.521870e-01	-1.522245e-01	-1.303873e-01	6.431489e-01	6.610839e-01	4.695968e-01	8.077746e+00
1.484781e-02	-1.521826e-01	-1.522200e-01	-1.303874e-01	6.431695e-01	6.611118e-01	4.696483e-01	8.076257e+00
1.483680e-02	-1.521782e-01	-1.522156e-01	-1.303874e-01	6.431901e-01	6.611397e-01	4.696998e-01	8.074762e+00
1.482580e-02	-1.521738e-01	-1.522112e-01	-1.303875e-01	6.432106e-01	6.611674e-01	4.697511e-01	8.073262e+00
1.481481e-02	-1.521693e-01	-1.522068e-01	-1.303876e-01	6.432310e-01	6.611952e-01	4.698024e-01	8.071756e+00
1.480385e-02	-1.521650e-01	-1.522024e-01	-1.303876e-01	6.432514e-01	6.612228e-01	4.698535e-01	8.070246e+00
1.479290e-02	-1.521606e-01	-1.521980e-01	-1.303877e-01	6.432717e-01	6.612504e-01	4.699045e-01	8.068730e+00
1.478197e-02	-1.521562e-01	-1.521936e-01	-1.303878e-01	6.432920e-01	6.612779e-01	4.699554e-01	8.067209e+00
1.477105e-02	-1.521518e-01	-1.521893e-01	-1.303879e-01	6.433121e-01	6.613053e-01	4.700062e-01	8.065683e+00
1.476015e-02	-1.521475e-01	-1.521849e-01	-1.303879e-01	6.433323e-01	6.613327e-01	4.700569e-01	8.064152e+00
1.474926e-02	-1.521431e-01	-1.521806e-01	-1.303880e-01	6.433523e-01	6.613600e-01	4.701075e-01	8.062616e+00
1.473839e-02	-1.521388e-01	-1.521762e-01	-1.303881e-01	6.433724e-01	6.613873e-01	4.701579e-01	8.061075e+00
1.472754e-02	-1.521345e-01	-1.521719e-01	-1.303882e-01	6.433923e-01	6.614144e-01	4.702083e-01	8.059528e+00
1.471670e-02	-1.521302e-01	-1.521676e-01	-1.303883e-01	6.434122e-01	6.614415e-01	4.702585e-01	8.057977e+00
1.470588e-02	-1.521258e-01	-1.521633e-01	-1.303884e-01	6.434320e-01	6.614686e-01	4.703087e-01	8.056420e+00
1.469508e-02	-1.521216e-01	-1.521590e-01	-1.303885e-01	6.434518e-01	6.614955e-01	4.703587e-01	8.054858e+00
1.468429e-02	-1.521173e-01	-1.521547e-01	-1.303885e-01	6.434715e-01	6.615224e-01	4.704086e-01	8.053291e+00
1.467351e-02	-1.521130e-01	-1.521504e-01	-1.303886e-01	6.434911e-01	6.615492e-01	4.704584e-01	8.051719e+00
1.466276e-02	-1.521087e-01	-1.521462e-01	-1.303887e-01	6.435107e-01	6.615760e-01	4.705081e-01	8.050142e+00
1.465201e-02	-1.521045e-01	-1.521419e-01	-1.303888e-01	6.435302e-01	6.616027e-01	4.705577e-01	8.048560e+00
1.464129e-02	-1.521002e-01	-1.521377e-01	-1.303889e-01	6.435497e-01	6.616293e-01	4.706072e-01	8.046974e+00
1.463058e-02	-1.520960e-01	-1.521334e-01	-1.303890e-01	6.435691e-01	6.616559e-01	4.706566e-01	8.045382e+00
1.461988e-02	-1.520917e-01	-1.521292e-01	-1.303892e-01	6.435885e-01	6.616824e-01	4.707058e-01	8.043784e+00
1.460920e-02	-1.520875e-01	-1.521250e-01	-1.303893e-01	6.436078e-01	6.617088e-01	4.707550e-01	8.042182e+00
1.459854e-02	-1.520833e-01	-1.521208e-01	-1.303894e-01	6.436270e-01	6.617352e-01	4.708041e-01	8.040575e+00
1.458789e-02	-1.520791e-01	-1.521166e-01	-1.303895e-01	6.436462e-01	6.617615e-01	4.708530e-01	8.038963e+00
1.457726e-02	-1.520749e-01	-1.521124e-01	-1.303896e-01	6.436653e-01	6.617877e-01	4.709018e-01	8.037346e+00
1.456664e-02	-1.520708e-01	-1.521082e-01	-1.303897e-01	6.436843e-01	6.618139e-01	4.709506e-01	8.035724e+00
1.455604e-02	-1.520666e-01	-1.521040e-01	-1.303898e-01	6.437033e-01	6.618399e-01	4.709992e-01	8.034097e+00
1.454545e-02	-1.520624e-01	-1.520998e-01	-1.303900e-01	6.437223e-01	6.618660e-01	4.710477e-01	8.032465e+00
1.453488e-02	-1.520583e-01	-1.520957e-01	-1.303901e-01	6.437411e-01	6.618919e-01	4.710961e-01	8.030828e+00
1.452433e-02	-1.520541e-01	-1.520916e-01	-1.303902e-01	6.437600e-01	6.619178e-01	4.711444e-01	8.029186e+00
1.451379e-02	-1.520500e-01	-1.520874e-01	-1.303903e-01	6.437787e-01	6.619437e-01	4.711927e-01	8.027539e+00
1.450326e-02	-1.520459e-01	-1.520833e-01	-1.303905e-01	6.437974e-01	6.619694e-01	4.712408e-01	8.025887e+00
1.449275e-02	-1.520417e-01	-1.520792e-01	-1.303906e-01	6.438161e-01	6.619951e-01	4.712887e-01	8.024231e+00
1.448226e-02	-1.520376e-01	-1.520751e-01	-1.303907e-01	6.438347e-01	6.620208e-01	4.713366e-01	8.022569e+00
1.447178e-02	-1.520335e-01	-1.520710e-01	-1.303909e-01	6.438532e-01	6.620463e-01	4.713844e-01	8.020902e+00
1.446132e-02	-1.520295e-01	-1.520669e-01	-1.303910e-01	6.438717e-01	6.620718e-01	4.714321e-01	8.019231e+00
1.445087e-02	-1.520254e-01	-1.520628e-01	-1.303911e-01	6.438901e-01	6.620973e-01	4.714797e-01	8.017555e+00
1.444043e-02	-1.520213e-01	-1.520587e-01	-1.303913e-01	6.439085e-01	6.621227e-01	4.715271e-01	8.015873e+00
1.443001e-02	-1.520173e-01	-1.520547e-01	-1.303914e-01	6.439268e-01	6.621480e-01	4.715745e-01	8.014187e+00
1.441961e-02	-1.520132e-01	-1.520506e-01	-1.303916e-01	6.439450e-01	6.621732e-01	4.716218e-01	8.012496e+00
1.440922e-02	-1.520092e-01	-1.520466e-01	-1.303917e-01	6.439632e-01	6.621984e-01	4.716689e-01	8.010800e+00
1.439885e-02	-1.520051e-01	-1.520426e-01	-1.303919e-01	6.439813e-01	6.622235e-01	4.717160e-01	8.009099e+00
1.438849e-02	-1.520011e-01	-1.520385e-01	-1.303920e-01	6.439994e-01	6.622486e-01	4.717629e-01	8.007393e+00
1.437815e-02	-1.519971e-01	-1.520345e-01	-1.303922e-01	6.440174e-01	6.622736e-01	4.718098e-01	8.005683e+00
1.436782e-02	-1.519931e-01	-1.520305e-01	-1.303923e-01	6.440354e-01	6.622985e-01	4.718565e-01	8.003967e+00
1.435750e-02	-1.519891e-01	-1.520265e-01	-1.303925e-01	6.440533e-01	6.623234e-01	4.719032e-01	8.002247e+00
1.434720e-02	-1.519851e-01	-1.520225e-01	-1.303926e-01	6.440712e-01	6.623482e-01	4.719497e-01	8.000522e+00
1.433692e-02	-1.519811e-01	-1.520186e-01	-1.303928e-01	6.440890e-01	6.623729e-01	4.719962e-01	7.998792e+00
1.432665e-02	-1.519772e-01	-1.520146e-01	-1.303930e-01	6.441067e-01	6.623976e-01	4.720425e-01	7.997057e+00
1.431639e-02	-1.519732e-01	-1.520106e-01	-1.303931e-01	6.441244e-01	6.624222e-01	4.720887e-01	7.995317e+00
1.430615e-02	-1.519693e-01	-1.520067e-01	-1.303933e-01	6.441420e-01	6.624467e-01	4.721349e-01	7.993573e+00
1.429593e-02	-1.519653e-01	-1.520027e-01	-1.303935e-01	6.441596e-01	6.624712e-01	4.721809e-01	7.991824e+00
1.428571e-02	-1.519614e-01	-1.519988e-01	-1.303936e-01	6.441771e-01	6.624956e-01	4.722268e-01	7.990069e+00
1.427552e-02	-1.519575e-01	-1.519949e-01	-1.303938e-01	6.441946e-01	6.625200e-01	4.722726e-01	7.988311e+00
1.426534e-02	-1.519536e-01	-1.519910e-01	-1.303940e-01	6.442120e-01	6.625443e-01	4.723184e-01	7.986547e+00
1.425517e-02	-1.519497e-01	-1.519871e-01	-1.303942e-01	6.442293e-01	6.625685e-01	4.723640e-01	7.984778e+00
1.424501e-02	-1.519458e-01	-1.519832e-01	-1.303943e-01	6.442466e-01	6.625927e-01	4.724095e-01	7.983005e+00
1.423488e-02	-1.519419e-01	-1.519793e-01	-1.303945e-01	6.442639e-01	6.626168e-01	4.724549e-01	7.981227e+00
1.422475e-02	-1.519380e-01	-1.519754e-01	-1.303947e-01	6.442811e-01	6.626409e-01	4.725003e-01	7.979444e+00
1.421464e-02	-1.519341e-01	-1.519715e-01	-1.303949e-01	6.442982e-01	6.626648e-01	4.725455e-01	7.977656e+00
1.420455e-02	-1.519303e-01	-1.519677e-01	-1.303951e-01	6.443153e-01	6.626888e-01	4.725906e-01	7.975864e+00
1.419446e-02	-1.519264e-01	-1.519638e-01	-1.303953e-01	6.443323e-01	6.627126e-01	4.726356e-01	7.974066e+00
1.418440e-02	-1.519226e-01	-1.519600e-01	-1.303954e-01	6.443493e-01	6.627364e-01	4.726806e-01	7.972264e+00
1.417434e-02	-1.519187e-01	-1.519561e-01	-1.303956e-01	6.443662e-01	6.627602e-01	4.727254e-01	7.970457e+00
1.416431e-02	-1.519149e-01	-1.519523e-01	-1.303958e-01	6.443831e-01	6.627838e-01	4.727701e-01	7.968646e+00
1.415428e-02	-1.519111e-01	-1.519485e-01	-1.303960e-01	6.443999e-01	6.628075e-01	4.728148e-01	7.966830e+00
1.414427e-02	-1.519073e-01	-1.519447e-01	-1.303962e-01	6.444167e-01	6.628310e-01	4.728593e-01	7.965008e+00
1.413428e-02	-1.519035e-01	-1.519409e-01	-1.303964e-01	6.444334e-01	6.628545e-01	4.729037e-01	7.963183e+00
1.412429e-02	-1.518997e-01	-1.519371e-01	-1.303966e-01	6.444500e-01	6.628780e-01	4.729480e-01	7.961352e+00
1.411433e-02	-1.518959e-01	-1.519333e-01	-1.303968e-01	6.444666e-01	6.629013e-01	4.729923e-01	7.959517e+00
1.410437e-02	-1.518922e-01	-1.519296e-01	-1.303970e-01	6.444832e-01	6.629246e-01	4.730364e-01	7.957677e+00
1.409443e-02	-1.518884e-01	-1.519258e-01	-1.303972e-01	6.444996e-01	6.629479e-01	4.730804e-01	7.955832e+00
1.408451e-02	-1.518846e-01	-1.519220e-01	-1.303974e-01	6.445161e-01	6.629711e-01	4.731244e-01	7.953982e+00
1.407460e-02	-1.518809e-01	-1.519183e-01	-1.303977e-01	6.445325e-01	6.629942e-01	4.731682e-01	7.952128e+00
1.406470e-02	-1.518772e-01	-1.519146e-01	-1.303979e-01	6.445488e-01	6.630173e-01	4.732120e-01	7.950269e+00
1.405481e-02	-1.518734e-01	-1.519108e-01	-1.303981e-01	6.445651e-01	6.630403e-01	4.732556e-01	7.948406e+00
1.404494e-02	-1.518697e-01	-1.519071e-01	-1.303983e-01	6.445813e-01	6.630633e-01	4.732992e-01	7.946537e+00
1.403509e-02	-1.518660e-01	-1.519034e-01	-1.303985e-01	6.445975e-01	6.630861e-01	4.733426e-01	7.944664e+00
1.402525e-02	-1.518623e-01	-1.518997e-01	-1.303987e-01	6.446136e-01	6.631090e-01	4.733860e-01	7.942786e+00
1.401542e-02	-1.518586e-01	-1.518960e-01	-1.303989e-01	6.446297e-01	6.631318e-01	4.734292e-01	7.940904e+00
1.400560e-02	-1.518549e-01	-1.518923e-01	-1.303992e-01	6.446457e-01	6.631545e-01	4.734724e-01	7.939017e+00
1.399580e-02	-1.518513e-01	-1.518886e-01	-1.303994e-01	6.446617e-01	6.631771e-01	4.735155e-01	7.937125e+00
1.398601e-02	-1.518476e-01	-1.518850e-01	-1.303996e-01	6.446776e-01	6.631997e-01	4.735584e-01	7.935228e+00
1.397624e-02	-1.518439e-01	-1.518813e-01	-1.303998e-01	6.446935e-01	6.632223e-01	4.736013e-01	7.933327e+00
1.396648e-02	-1.518403e-01	-1.518777e-01	-1.304001e-01	6.447093e-01	6.632447e-01	4.736441e-01	7.931421e+00
1.395673e-02	-1.518366e-01	-1.518740e-01	-1.304003e-01	6.447251e-01	6.632672e-01	4.736868e-01	7.929510e+00
1.394700e-02	-1.518330e-01	-1.518704e-01	-1.304005e-01	6.447408e-01	6.632895e-01	4.737294e-01	7.927595e+00
1.393728e-02	-1.518294e-01	-1.518668e-01	-1.304008e-01	6.447564e-01	6.633118e-01	4.737718e-01	7.925675e+00
1.392758e-02	-1.518258e-01	-1.518631e-01	-1.304010e-01	6.447720e-01	6.633341e-01	4.738142e-01	7.923751e+00
1.391788e-02	-1.518222e-01	-1.518595e-01	-1.304012e-01	6.447876e-01	6.633562e-01	4.738565e-01	7.921821e+00
1.390821e-02	-1.518186e-01	-1.518559e-01	-1.304015e-01	6.448031e-01	6.633784e-01	4.738988e-01	7.919887e+00
1.389854e-02	-1.518150e-01	-1.518523e-01	-1.304017e-01	6.448186e-01	6.634004e-01	4.739409e-01	7.917949e+00
1.388889e-02	-1.518114e-01	-1.518488e-01	-1.304020e-01	6.448340e-01	6.634225e-01	4.739829e-01	7.916006e+00
1.387925e-02	-1.518078e-01	-1.518452e-01	-1.304022e-01	6.448493e-01	6.634444e-01	4.740248e-01	7.914058e+00
1.386963e-02	-1.518042e-01	-1.518416e-01	-1.304025e-01	6.448646e-01	6.634663e-01	4.740666e-01	7.912105e+00
1.386001e-02	-1.518007e-01	-1.518381e-01	-1.304027e-01	6.448799e-01	6.634881e-01	4.741084e-01	7.910148e+00
1.385042e-02	-1.517971e-01	-1.518345e-01	-1.304030e-01	6.448951e-01	6.635099e-01	4.741500e-01	7.908186e+00
1.384083e-02	-1.517936e-01	-1.518310e-01	-1.304032e-01	6.449103e-01	6.635316e-01	4.741916e-01	7.906220e+00
1.383126e-02	-1.517901e-01	-1.518274e-01	-1.304035e-01	6.449254e-01	6.635533e-01	4.742330e-01	7.904249e+00
1.382170e-02	-1.517865e-01	-1.518239e-01	-1.304037e-01	6.449404e-01	6.635749e-01	4.742744e-01	7.902273e+00
1.381215e-02	-1.517830e-01	-1.518204e-01	-1.304040e-01	6.449554e-01	6.635965e-01	4.743157e-01	7.900293e+00
1.380262e-02	-1.517795e-01	-1.518169e-01	-1.304042e-01	6.449704e-01	6.636180e-01	4.743569e-01	7.898308e+00
1.379310e-02	-1.517760e-01	-1.518134e-01	-1.304045e-01	6.449853e-01	6.636394e-01	4.743979e-01	7.896318e+00
1.378360e-02	-1.517725e-01	-1.518099e-01	-1.304048e-01	6.450002e-01	6.636608e-01	4.744389e-01	7.894324e+00
1.377410e-02	-1.517690e-01	-1.518064e-01	-1.304050e-01	6.450150e-01	6.636821e-01	4.744798e-01	7.892326e+00
1.376462e-02	-1.517656e-01	-1.518029e-01	-1.304053e-01	6.450297e-01	6.637034e-01	4.745206e-01	7.890322e+00
1.375516e-02	-1.517621e-01	-1.517995e-01	-1.304056e-01	6.450444e-01	6.637246e-01	4.745614e-01	7.888314e+00
1.374570e-02	-1.517586e-01	-1.517960e-01	-1.304058e-01	6.450591e-01	6.637458e-01	4.746020e-01	7.886302e+00
1.373626e-02	-1.517552e-01	-1.517925e-01	-1.304061e-01	6.450737e-01	6.637669e-01	4.746425e-01	7.884285e+00
1.372684e-02	-1.517517e-01	-1.517891e-01	-1.304064e-01	6.450883e-01	6.637879e-01	4.746830e-01	7.882263e+00
1.371742e-02	-1.517483e-01	-1.517857e-01	-1.304066e-01	6.451028e-01	6.638089e-01	4.747233e-01	7.880237e+00
1.370802e-02	-1.517449e-01	-1.517822e-01	-1.304069e-01	6.451173e-01	6.638298e-01	4.747636e-01	7.878206e+00
1.369863e-02	-1.517415e-01	-1.517788e-01	-1.304072e-01	6.451317e-01	6.638507e-01	4.748037e-01	7.876171e+00
1.368925e-02	-1.517380e-01	-1.517754e-01	-1.304075e-01	6.451461e-01	6.638715e-01	4.748438e-01	7.874131e+00
1.367989e-02	-1.517346e-01	-1.517720e-01	-1.304077e-01	6.451604e-01	6.638923e-01	4.748838e-01	7.872086e+00
1.367054e-02	-1.517312e-01	-1.517686e-01	-1.304080e-01	6.451747e-01	6.639130e-01	4.749237e-01	7.870037e+00
1.366120e-02	-1.517279e-01	-1.517652e-01	-1.304083e-01	6.451889e-01	6.639337e-01	4.749635e-01	7.867983e+00
1.365188e-02	-1.517245e-01	-1.517618e-01	-1.304086e-01	6.452031e-01	6.639543e-01	4.750032e-01	7.865925e+00
1.364256e-02	-1.517211e-01	-1.517585e-01	-1.304089e-01	6.452172e-01	6.639748e-01	4.750429e-01	7.863863e+00
1.363327e-02	-1.517177e-01	-1.517551e-01	-1.304092e-01	6.452313e-01	6.639953e-01	4.750824e-01	7.861795e+00
1.362398e-02	-1.517144e-01	-1.517518e-01	-1.304095e-01	6.452454e-01	6.640157e-01	4.751219e-01	7.859723e+00
1.361470e-02	-1.517110e-01	-1.517484e-01	-1.304097e-01	6.452593e-01	6.640361e-01	4.751612e-01	7.857647e+00
1.360544e-02	-1.517077e-01	-1.517451e-01	-1.304100e-01	6.452733e-01	6.640565e-01	4.752005e-01	7.855566e+00
1.359619e-02	-1.517044e-01	-1.517417e-01	-1.304103e-01	6.452872e-01	6.640767e-01	4.752397e-01	7.853481e+00
1.358696e-02	-1.517011e-01	-1.517384e-01	-1.304106e-01	6.453010e-01	6.640969e-01	4.752788e-01	7.851391e+00
1.357773e-02	-1.516977e-01	-1.517351e-01	-1.304109e-01	6.453148e-01	6.641171e-01	4.753178e-01	7.849296e+00
1.356852e-02	-1.516944e-01	-1.517318e-01	-1.304112e-01	6.453286e-01	6.641372e-01	4.753567e-01	7.847197e+00
1.355932e-02	-1.516911e-01	-1.517285e-01	-1.304115e-01	6.453423e-01	6.641573e-01	4.753955e-01	7.845094e+00
1.355014e-02	-1.516878e-01	-1.517252e-01	-1.304118e-01	6.453560e-01	6.641773e-01	4.754343e-01	7.842986e+00
1.354096e-02	-1.516846e-01	-1.517219e-01	-1.304121e-01	6.453696e-01	6.641972e-01	4.754729e-01	7.840873e+00
1.353180e-02	-1.516813e-01	-1.517186e-01	-1.304124e-01	6.453832e-01	6.642171e-01	4.755115e-01	7.838756e+00
1.352265e-02	-1.516780e-01	-1.517154e-01	-1.304127e-01	6.453967e-01	6.642370e-01	4.755499e-01	7.836635e+00
1.351351e-02	-1.516748e-01	-1.517121e-01	-1.304130e-01	6.454102e-01	6.642568e-01	4.755883e-01	7.834509e+00
1.350439e-02	-1.516715e-01	-1.517089e-01	-1.304133e-01	6.454236e-01	6.642765e-01	4.756266e-01	7.832378e+00
1.349528e-02	-1.516683e-01	-1.517056e-01	-1.304137e-01	6.454370e-01	6.642962e-01	4.756648e-01	7.830243e+00
1.348618e-02	-1.516650e-01	-1.517024e-01	-1.304140e-01	6.454503e-01	6.643158e-01	4.757030e-01	7.828104e+00
1.347709e-02	-1.516618e-01	-1.516991e-01	-1.304143e-01	6.454636e-01	6.643354e-01	4.757410e-01	7.825960e+00
1.346801e-02	-1.516586e-01	-1.516959e-01	-1.304146e-01	6.454769e-01	6.643549e-01	4.757790e-01	7.823811e+00
1.345895e-02	-1.516554e-01	-1.516927e-01	-1.304149e-01	6.454901e-01	6.643744e-01	4.758168e-01	7.821658e+00
1.344990e-02	-1.516521e-01	-1.516895e-01	-1.304152e-01	6.455032e-01	6.643938e-01	4.758546e-01	7.819501e+00
1.344086e-02	-1.516489e-01	-1.516863e-01	-1.304156e-01	6.455164e-01	6.644132e-01	4.758923e-01	7.817339e+00
1.343183e-02	-1.516458e-01	-1.516831e-01	-1.304159e-01	6.455294e-01	6.644325e-01	4.759299e-01	7.815172e+00
1.342282e-02	-1.516426e-01	-1.516799e-01	-1.304162e-01	6.455425e-01	6.644517e-01	4.759674e-01	7.813002e+00
1.341382e-02	-1.516394e-01	-1.516767e-01	-1.304165e-01	6.455554e-01	6.644710e-01	4.760049e-01	7.810826e+00
1.340483e-02	-1.516362e-01	-1.516736e-01	-1.304168e-01	6.455684e-01	6.644901e-01	4.760422e-01	7.808646e+00
1.339585e-02	-1.516331e-01	-1.516704e-01	-1.304172e-01	6.455813e-01	6.645092e-01	4.760795e-01	7.806462e+00
1.338688e-02	-1.516299e-01	-1.516673e-01	-1.304175e-01	6.455941e-01	6.645283e-01	4.761167e-01	7.804274e+00
1.337793e-02	-1.516268e-01	-1.516641e-01	-1.304178e-01	6.456069e-01	6.645473e-01	4.761538e-01	7.802080e+00
1.336898e-02	-1.516236e-01	-1.516610e-01	-1.304182e-01	6.456197e-01	6.645662e-01	4.761908e-01	7.799883e+00
1.336005e-02	-1.516205e-01	-1.516578e-01	-1.304185e-01	6.456324e-01	6.645851e-01	4.762277e-01	7.797681e+00
1.335113e-02	-1.516174e-01	-1.516547e-01	-1.304188e-01	6.456450e-01	6.646040e-01	4.762645e-01	7.795474e+00
1.334223e-02	-1.516143e-01	-1.516516e-01	-1.304192e-01	6.456577e-01	6.646228e-01	4.763013e-01	7.793263e+00
1.333333e-02	-1.516111e-01	-1.516485e-01	-1.304195e-01	6.456702e-01	6.646415e-01	4.763380e-01	7.791048e+00
1.332445e-02	-1.516080e-01	-1.516454e-01	-1.304198e-01	6.456828e-01	6.646602e-01	4.763746e-01	7.788828e+00
1.331558e-02	-1.516050e-01	-1.516423e-01	-1.304202e-01	6.456953e-01	6.646788e-01	4.764111e-01	7.786604e+00
1.330672e-02	-1.516019e-01	-1.516392e-01	-1.304205e-01	6.457077e-01	6.646974e-01	4.764475e-01	7.784375e+00
1.329787e-02	-1.515988e-01	-1.516361e-01	-1.304209e-01	6.457201e-01	6.647160e-01	4.764838e-01	7.782142e+00
1.328904e-02	-1.515957e-01	-1.516331e-01	-1.304212e-01	6.457325e-01	6.647345e-01	4.765201e-01	7.779905e+00
1.328021e-02	-1.515927e-01	-1.516300e-01	-1.304215e-01	6.457448e-01	6.647529e-01	4.765562e-01	7.777663e+00
1.327140e-02	-1.515896e-01	-1.516269e-01	-1.304219e-01	6.457571e-01	6.647713e-01	4.765923e-01	7.775416e+00
1.326260e-02	-1.515866e-01	-1.516239e-01	-1.304222e-01	6.457693e-01	6.647896e-01	4.766283e-01	7.773165e+00
1.325381e-02	-1.515835e-01	-1.516208e-01	-1.304226e-01	6.457815e-01	6.648079e-01	4.766642e-01	7.770910e+00
1.324503e-02	-1.515805e-01	-1.516178e-01	-1.304229e-01	6.457936e-01	6.648262e-01	4.767001e-01	7.768650e+00
1.323627e-02	-1.515774e-01	-1.516148e-01	-1.304233e-01	6.458057e-01	6.648444e-01	4.767358e-01	7.766386e+00
1.322751e-02	-1.515744e-01	-1.516118e-01	-1.304236e-01	6.458178e-01	6.648625e-01	4.767715e-01	7.764118e+00
1.321877e-02	-1.515714e-01	-1.516088e-01	-1.304240e-01	6.458298e-01	6.648806e-01	4.768071e-01	7.761845e+00
1.321004e-02	-1.515684e-01	-1.516057e-01	-1.304244e-01	6.458418e-01	6.648986e-01	4.768426e-01	7.759567e+00
1.320132e-02	-1.515654e-01	-1.516027e-01	-1.304247e-01	6.458537e-01	6.649166e-01	4.768780e-01	7.757286e+00
1.319261e-02	-1.515624e-01	-1.515998e-01	-1.304251e-01	6.458656e-01	6.649346e-01	4.769134e-01	7.754999e+00
1.318392e-02	-1.515594e-01	-1.515968e-01	-1.304254e-01	6.458775e-01	6.649524e-01	4.769486e-01	7.752709e+00
1.317523e-02	-1.515565e-01	-1.515938e-01	-1.304258e-01	6.458893e-01	6.649703e-01	4.769838e-01	7.750414e+00
1.316656e-02	-1.515535e-01	-1.515908e-01	-1.304262e-01	6.459010e-01	6.649881e-01	4.770189e-01	7.748115e+00
1.315789e-02	-1.515505e-01	-1.515879e-01	-1.304265e-01	6.459128e-01	6.650058e-01	4.770539e-01	7.745811e+00
1.314924e-02	-1.515476e-01	-1.515849e-01	-1.304269e-01	6.459244e-01	6.650235e-01	4.770889e-01	7.743503e+00
1.314060e-02	-1.515446e-01	-1.515820e-01	-1.304273e-01	6.459361e-01	6.650412e-01	4.771237e-01	7.741190e+00
1.313198e-02	-1.515417e-01	-1.515790e-01	-1.304276e-01	6.459477e-01	6.650588e-01	4.771585e-01	7.738873e+00
1.312336e-02	-1.515388e-01	-1.515761e-01	-1.304280e-01	6.459592e-01	6.650763e-01	4.771932e-01	7.736552e+00
1.311475e-02	-1.515358e-01	-1.515732e-01	-1.304284e-01	6.459707e-01	6.650938e-01	4.772278e-01	7.734226e+00
1.310616e-02	-1.515329e-01	-1.515702e-01	-1.304287e-01	6.459822e-01	6.651112e-01	4.772623e-01	7.731895e+00
1.309758e-02	-1.515300e-01	-1.515673e-01	-1.304291e-01	6.459936e-01	6.651286e-01	4.772968e-01	7.729561e+00
1.308901e-02	-1.515271e-01	-1.515644e-01	-1.304295e-01	6.460050e-01	6.651460e-01	4.773312e-01	7.727222e+00
1.308044e-02	-1.515242e-01	-1.515615e-01	-1.304299e-01	6.460164e-01	6.651633e-01	4.773655e-01	7.724879e+00
1.307190e-02	-1.515213e-01	-1.515586e-01	-1.304302e-01	6.460277e-01	6.651806e-01	4.773997e-01	7.722531e+00
1.306336e-02	-1.515184e-01	-1.515557e-01	-1.304306e-01	6.460389e-01	6.651978e-01	4.774338e-01	7.720179e+00
1.305483e-02	-1.515155e-01	-1.515529e-01	-1.304310e-01	6.460502e-01	6.652149e-01	4.774679e-01	7.717822e+00
1.304631e-02	-1.515127e-01	-1.515500e-01	-1.304314e-01	6.460614e-01	6.652320e-01	4.775019e-01	7.715461e+00
1.303781e-02	-1.515098e-01	-1.515471e-01	-1.304318e-01	6.460725e-01	6.652491e-01	4.775358e-01	7.713096e+00
1.302932e-02	-1.515070e-01	-1.515443e-01	-1.304321e-01	6.460836e-01	6.652661e-01	4.775696e-01	7.710726e+00
1.302083e-02	-1.515041e-01	-1.515414e-01	-1.304325e-01	6.460947e-01	6.652831e-01	4.776033e-01	7.708352e+00
1.301236e-02	-1.515013e-01	-1.515386e-01	-1.304329e-01	6.461057e-01	6.653000e-01	4.776370e-01	7.705973e+00
1.300390e-02	-1.514984e-01	-1.515358e-01	-1.304333e-01	6.461167e-01	6.653169e-01	4.776706e-01	7.703590e+00
1.299545e-02	-1.514956e-01	-1.515329e-01	-1.304337e-01	6.461276e-01	6.653337e-01	4.777041e-01	7.701203e+00
1.298701e-02	-1.514928e-01	-1.515301e-01	-1.304341e-01	6.461385e-01	6.653505e-01	4.777375e-01	7.698811e+00
1.297859e-02	-1.514900e-01	-1.515273e-01	-1.304345e-01	6.461494e-01	6.653672e-01	4.777708e-01	7.696415e+00
1.297017e-02	-1.514872e-01	-1.515245e-01	-1.304349e-01	6.461602e-01	6.653839e-01	4.778041e-01	7.694015e+00
1.296176e-02	-1.514844e-01	-1.515217e-01	-1.304352e-01	6.461710e-01	6.654006e-01	4.778373e-01	7.691610e+00
1.295337e-02	-1.514816e-01	-1.515189e-01	-1.304356e-01	6.461817e-01	6.654172e-01	4.778704e-01	7.689201e+00
1.294498e-02	-1.514788e-01	-1.515161e-01	-1.304360e-01	6.461924e-01	6.654337e-01	4.779034e-01	7.686787e+00
1.293661e-02	-1.514760e-01	-1.515133e-01	-1.304364e-01	6.462031e-01	6.654502e-01	4.779364e-01	7.684369e+00
1.292825e-02	-1.514732e-01	-1.515106e-01	-1.304368e-01	6.462137e-01	6.654667e-01	4.779693e-01	7.681947e+00
1.291990e-02	-1.514705e-01	-1.515078e-01	-1.304372e-01	6.462243e-01	6.654831e-01	4.780021e-01	7.679520e+00
1.291156e-02	-1.514677e-01	-1.515050e-01	-1.304376e-01	6.462348e-01	6.654994e-01	4.780348e-01	7.677089e+00
1.290323e-02	-1.514650e-01	-1.515023e-01	-1.304380e-01	6.462454e-01	6.655157e-01	4.780675e-01	7.674653e+00
1.289491e-02	-1.514622e-01	-1.514995e-01	-1.304384e-01	6.462558e-01	6.655320e-01	4.781001e-01	7.672214e+00
1.288660e-02	-1.514595e-01	-1.514968e-01	-1.304388e-01	6.462663e-01	6.655482e-01	4.781326e-01	7.669769e+00
1.287830e-02	-1.514567e-01	-1.514941e-01	-1.304392e-01	6.462766e-01	6.655644e-01	4.781650e-01	7.667321e+00
1.287001e-02	-1.514540e-01	-1.514913e-01	-1.304396e-01	6.462870e-01	6.655805e-01	4.781973e-01	7.664868e+00
1.286174e-02	-1.514513e-01	-1.514886e-01	-1.304401e-01	6.462973e-01	6.655966e-01	4.782296e-01	7.662411e+00
1.285347e-02	-1.514486e-01	-1.514859e-01	-1.304405e-01	6.463076e-01	6.656127e-01	4.782618e-01	7.659949e+00
1.284522e-02	-1.514459e-01	-1.514832e-01	-1.304409e-01	6.463178e-01	6.656287e-01	4.782939e-01	7.657483e+00
1.283697e-02	-1.514432e-01	-1.514805e-01	-1.304413e-01	6.463280e-01	6.656446e-01	4.783259e-01	7.655012e+00
1.282874e-02	-1.514405e-01	-1.514778e-01	-1.304417e-01	6.463382e-01	6.656605e-01	4.783579e-01	7.652538e+00
1.282051e-02	-1.514378e-01	-1.514751e-01	-1.304421e-01	6.463483e-01	6.656764e-01	4.783898e-01	7.650059e+00
1.281230e-02	-1.514351e-01	-1.514724e-01	-1.304425e-01	6.463584e-01	6.656922e-01	4.784216e-01	7.647575e+00
1.280410e-02	-1.514324e-01	-1.514698e-01	-1.304429e-01	6.463684e-01	6.657080e-01	4.784534e-01	7.645087e+00
1.279591e-02	-1.514298e-01	-1.514671e-01	-1.304434e-01	6.463784e-01	6.657237e-01	4.784850e-01	7.642595e+00
1.278772e-02	-1.514271e-01	-1.514644e-01	-1.304438e-01	6.463884e-01	6.657394e-01	4.785166e-01	7.640099e+00
1.277955e-02	-1.514245e-01	-1.514618e-01	-1.304442e-01	6.463983e-01	6.657550e-01	4.785482e-01	7.637598e+00
1.277139e-02	-1.514218e-01	-1.514591e-01	-1.304446e-01	6.464082e-01	6.657706e-01	4.785796e-01	7.635093e+00
1.276324e-02	-1.514192e-01	-1.514565e-01	-1.304450e-01	6.464181e-01	6.657861e-01	4.786110e-01	7.632583e+00
1.275510e-02	-1.514166e-01	-1.514539e-01	-1.304455e-01	6.464279e-01	6.658016e-01	4.786423e-01	7.630069e+00
1.274697e-02	-1.514139e-01	-1.514512e-01	-1.304459e-01	6.464377e-01	6.658171e-01	4.786735e-01	7.627551e+00
1.273885e-02	-1.514113e-01	-1.514486e-01	-1.304463e-01	6.464474e-01	6.658325e-01	4.787046e-01	7.625029e+00
1.273074e-02	-1.514087e-01	-1.514460e-01	-1.304467e-01	6.464571e-01	6.658479e-01	4.787357e-01	7.622502e+00
1.272265e-02	-1.514061e-01	-1.514434e-01	-1.304472e-01	6.464668e-01	6.658632e-01	4.787667e-01	7.619971e+00
1.271456e-02	-1.514035e-01	-1.514408e-01	-1.304476e-01	6.464764e-01	6.658785e-01	4.787976e-01	7.617435e+00
1.270648e-02	-1.514009e-01	-1.514382e-01	-1.304480e-01	6.464860e-01	6.658937e-01	4.788285e-01	7.614895e+00
1.269841e-02	-1.513983e-01	-1.514356e-01	-1.304484e-01	6.464956e-01	6.659089e-01	4.788593e-01	7.612351e+00
1.269036e-02	-1.513957e-01	-1.514330e-01	-1.304489e-01	6.465051e-01	6.659240e-01	4.788900e-01	7.609803e+00
1.268231e-02	-1.513932e-01	-1.514305e-01	-1.304493e-01	6.465146e-01	6.659392e-01	4.789206e-01	7.607250e+00
1.267427e-02	-1.513906e-01	-1.514279e-01	-1.304497e-01	6.465241e-01	6.659542e-01	4.789512e-01	7.604693e+00
1.266624e-02	-1.513880e-01	-1.514253e-01	-1.304502e-01	6.465335e-01	6.659692e-01	4.789817e-01	7.602132e+00
1.265823e-02	-1.513855e-01	-1.514228e-01	-1.304506e-01	6.465428e-01	6.659842e-01	4.790121e-01	7.599566e+00
1.265022e-02	-1.513829e-01	-1.514202e-01	-1.304510e-01	6.465522e-01	6.659991e-01	4.790424e-01	7.596997e+00
1.264223e-02	-1.513804e-01	-1.514177e-01	-1.304515e-01	6.465615e-01	6.660140e-01	4.790727e-01	7.594422e+00
1.263424e-02	-1.513778e-01	-1.514152e-01	-1.304519e-01	6.465708e-01	6.660289e-01	4.791029e-01	7.591844e+00
1.262626e-02	-1.513753e-01	-1.514126e-01	-1.304524e-01	6.465800e-01	6.660437e-01	4.791330e-01	7.589261e+00
1.261830e-02	-1.513728e-01	-1.514101e-01	-1.304528e-01	6.465892e-01	6.660584e-01	4.791631e-01	7.586675e+00
1.261034e-02	-1.513703e-01	-1.514076e-01	-1.304532e-01	6.465983e-01	6.660731e-01	4.791931e-01	7.584083e+00
1.260239e-02	-1.513678e-01	-1.514051e-01	-1.304537e-01	6.466075e-01	6.660878e-01	4.792230e-01	7.581488e+00
1.259446e-02	-1.513653e-01	-1.514026e-01	-1.304541e-01	6.466166e-01	6.661024e-01	4.792528e-01	7.578888e+00
1.258653e-02	-1.513628e-01	-1.514001e-01	-1.304546e-01	6.466256e-01	6.661170e-01	4.792826e-01	7.576284e+00
1.257862e-02	-1.513603e-01	-1.513976e-01	-1.304550e-01	6.466346e-01	6.661316e-01	4.793123e-01	7.573676e+00
1.257071e-02	-1.513578e-01	-1.513951e-01	-1.304555e-01	6.466436e-01	6.661461e-01	4.793419e-01	7.571064e+00
1.256281e-02	-1.513553e-01	-1.513926e-01	-1.304559e-01	6.466526e-01	6.661605e-01	4.793715e-01	7.568448e+00
1.255493e-02	-1.513528e-01	-1.513901e-01	-1.304564e-01	6.466615e-01	6.661750e-01	4.794010e-01	7.565827e+00
1.254705e-02	-1.513504e-01	-1.513877e-01	-1.304568e-01	6.466703e-01	6.661893e-01	4.794304e-01	7.563202e+00
1.253918e-02	-1.513479e-01	-1.513852e-01	-1.304573e-01	6.466792e-01	6.662037e-01	4.794597e-01	7.560573e+00
1.253133e-02	-1.513454e-01	-1.513828e-01	-1.304577e-01	6.466880e-01	6.662180e-01	4.794890e-01	7.557940e+00
1.252348e-02	-1.513430e-01	-1.513803e-01	-1.304582e-01	6.466968e-01	6.662322e-01	4.795182e-01	7.555302e+00
1.251564e-02	-1.513406e-01	-1.513779e-01	-1.304586e-01	6.467055e-01	6.662464e-01	4.795474e-01	7.552661e+00
1.250782e-02	-1.513381e-01	-1.513754e-01	-1.304591e-01	6.467142e-01	6.662606e-01	4.795764e-01	7.550015e+00
1.250000e-02	-1.513357e-01	-1.513730e-01	-1.304595e-01	6.467229e-01	6.662747e-01	4.796054e-01	7.547365e+00
1.249219e-02	-1.513333e-01	-1.513706e-01	-1.304600e-01	6.467315e-01	6.662888e-01	4.796344e-01	7.544712e+00
1.248439e-02	-1.513308e-01	-1.513682e-01	-1.304604e-01	6.467401e-01	6.663028e-01	4.796632e-01	7.542053e+00
1.247661e-02	-1.513284e-01	-1.513658e-01	-1.304609e-01	6.467487e-01	6.663168e-01	4.796920e-01	7.539391e+00
1.246883e-02	-1.513260e-01	-1.513633e-01	-1.304614e-01	6.467572e-01	6.663308e-01	4.797207e-01	7.536725e+00
1.246106e-02	-1.513236e-01	-1.513610e-01	-1.304618e-01	6.467657e-01	6.663447e-01	4.797494e-01	7.534055e+00
1.245330e-02	-1.513212e-01	-1.513586e-01	-1.304623e-01	6.467742e-01	6.663586e-01	4.797780e-01	7.531380e+00
1.244555e-02	-1.513189e-01	-1.513562e-01	-1.304628e-01	6.467826e-01	6.663724e-01	4.798065e-01	7.528702e+00
1.243781e-02	-1.513165e-01	-1.513538e-01	-1.304632e-01	6.467910e-01	6.663862e-01	4.798349e-01	7.526019e+00
1.243008e-02	-1.513141e-01	-1.513514e-01	-1.304637e-01	6.467993e-01	6.664000e-01	4.798633e-01	7.523333e+00
1.242236e-02	-1.513117e-01	-1.513490e-01	-1.304641e-01	6.468077e-01	6.664137e-01	4.798916e-01	7.520642e+00
1.241465e-02	-1.513094e-01	-1.513467e-01	-1.304646e-01	6.468160e-01	6.664274e-01	4.799198e-01	7.517947e+00
1.240695e-02	-1.513070e-01	-1.513443e-01	-1.304651e-01	6.468242e-01	6.664410e-01	4.799480e-01	7.515249e+00
1.239926e-02	-1.513047e-01	-1.513420e-01	-1.304655e-01	6.468324e-01	6.664546e-01	4.799761e-01	7.512546e+00
1.239157e-02	-1.513023e-01	-1.513396e-01	-1.304660e-01	6.468406e-01	6.664682e-01	4.800042e-01	7.509840e+00
1.238390e-02	-1.513000e-01	-1.513373e-01	-1.304665e-01	6.468488e-01	6.664817e-01	4.800321e-01	7.507129e+00
1.237624e-02	-1.512976e-01	-1.513350e-01	-1.304670e-01	6.468569e-01	6.664951e-01	4.800600e-01	7.504415e+00
1.236858e-02	-1.512953e-01	-1.513326e-01	-1.304674e-01	6.468650e-01	6.665086e-01	4.800879e-01	7.501696e+00
1.236094e-02	-1.512930e-01	-1.513303e-01	-1.304679e-01	6.468731e-01	6.665220e-01	4.801156e-01	7.498974e+00
1.235330e-02	-1.512907e-01	-1.513280e-01	-1.304684e-01	6.468811e-01	6.665353e-01	4.801433e-01	7.496247e+00
1.234568e-02	-1.512884e-01	-1.513257e-01	-1.304689e-01	6.468891e-01	6.665486e-01	4.801709e-01	7.493517e+00
1.233806e-02	-1.512861e-01	-1.513234e-01	-1.304693e-01	6.468970e-01	6.665619e-01	4.801985e-01	7.490783e+00
1.233046e-02	-1.512838e-01	-1.513211e-01	-1.304698e-01	6.469050e-01	6.665751e-01	4.802260e-01	7.488045e+00
1.232286e-02	-1.512815e-01	-1.513188e-01	-1.304703e-01	6.469129e-01	6.665883e-01	4.802534e-01	7.485303e+00
1.231527e-02	-1.512792e-01	-1.513165e-01	-1.304708e-01	6.469207e-01	6.666015e-01	4.802808e-01	7.482558e+00
1.230769e-02	-1.512769e-01	-1.513142e-01	-1.304712e-01	6.469285e-01	6.666146e-01	4.803081e-01	7.479808e+00
1.230012e-02	-1.512746e-01	-1.513120e-01	-1.304717e-01	6.469363e-01	6.666277e-01	4.803353e-01	7.477055e+00
1.229256e-02	-1.512724e-01	-1.513097e-01	-1.304722e-01	6.469441e-01	6.666407e-01	4.803625e-01	7.474298e+00
1.228501e-02	-1.512701e-01	-1.513074e-01	-1.304727e-01	6.469518e-01	6.666537e-01	4.803896e-01	7.471537e+00
1.227747e-02	-1.512678e-01	-1.513052e-01	-1.304732e-01	6.469595e-01	6.666667e-01	4.804166e-01	7.468772e+00
1.226994e-02	-1.512656e-01	-1.513029e-01	-1.304737e-01	6.469672e-01	6.666796e-01	4.804436e-01	7.466004e+00
1.226242e-02	-1.512633e-01	-1.513007e-01	-1.304741e-01	6.469748e-01	6.666924e-01	4.804705e-01	7.463231e+00
1.225490e-02	-1.512611e-01	-1.512984e-01	-1.304746e-01	6.469824e-01	6.667053e-01	4.804973e-01	7.460455e+00
1.224740e-02	-1.512589e-01	-1.512962e-01	-1.304751e-01	6.469900e-01	6.667181e-01	4.805241e-01	7.457676e+00
1.223990e-02	-1.512566e-01	-1.512940e-01	-1.304756e-01	6.469975e-01	6.667309e-01	4.805508e-01	7.454892e+00
1.223242e-02	-1.512544e-01	-1.512917e-01	-1.304761e-01	6.470050e-01	6.667436e-01	4.805775e-01	7.452105e+00
1.222494e-02	-1.512522e-01	-1.512895e-01	-1.304766e-01	6.470125e-01	6.667563e-01	4.806040e-01	7.449314e+00
1.221747e-02	-1.512500e-01	-1.512873e-01	-1.304771e-01	6.470200e-01	6.667689e-01	4.806305e-01	7.446520e+00
1.221001e-02	-1.512478e-01	-1.512851e-01	-1.304776e-01	6.470274e-01	6.667815e-01	4.806570e-01	7.443722e+00
1.220256e-02	-1.512456e-01	-1.512829e-01	-1.304780e-01	6.470348e-01	6.667941e-01	4.806834e-01	7.440920e+00
1.219512e-02	-1.512434e-01	-1.512807e-01	-1.304785e-01	6.470421e-01	6.668066e-01	4.807097e-01	7.438115e+00
1.218769e-02	-1.512412e-01	-1.512785e-01	-1.304790e-01	6.470494e-01	6.668191e-01	4.807359e-01	7.435305e+00
1.218027e-02	-1.512390e-01	-1.512764e-01	-1.304795e-01	6.470567e-01	6.668316e-01	4.807621e-01	7.432493e+00
1.217285e-02	-1.512369e-01	-1.512742e-01	-1.304800e-01	6.470640e-01	6.668440e-01	4.807883e-01	7.429677e+00
1.216545e-02	-1.512347e-01	-1.512720e-01	-1.304805e-01	6.470712e-01	6.668564e-01	4.808143e-01	7.426857e+00
1.215805e-02	-1.512325e-01	-1.512698e-01	-1.304810e-01	6.470784e-01	6.668687e-01	4.808403e-01	7.424034e+00
1.215067e-02	-1.512304e-01	-1.512677e-01	-1.304815e-01	6.470855e-01	6.668810e-01	4.808662e-01	7.421207e+00
1.214329e-02	-1.512282e-01	-1.512655e-01	-1.304820e-01	6.470927e-01	6.668933e-01	4.808921e-01	7.418376e+00
1.213592e-02	-1.512261e-01	-1.512634e-01	-1.304825e-01	6.470998e-01	6.669055e-01	4.809179e-01	7.415543e+00
1.212856e-02	-1.512239e-01	-1.512612e-01	-1.304830e-01	6.471068e-01	6.669177e-01	4.809437e-01	7.412705e+00
1.212121e-02	-1.512218e-01	-1.512591e-01	-1.304835e-01	6.471139e-01	6.669298e-01	4.809693e-01	7.409864e+00
1.211387e-02	-1.512196e-01	-1.512570e-01	-1.304840e-01	6.471209e-01	6.669420e-01	4.809950e-01	7.407020e+00
1.210654e-02	-1.512175e-01	-1.512548e-01	-1.304845e-01	6.471279e-01	6.669540e-01	4.810205e-01	7.404172e+00
1.209921e-02	-1.512154e-01	-1.512527e-01	-1.304850e-01	6.471348e-01	6.669661e-01	4.810460e-01	7.401321e+00
1.209190e-02	-1.512133e-01	-1.512506e-01	-1.304855e-01	6.471417e-01	6.669781e-01	4.810714e-01	7.398466e+00
1.208459e-02	-1.512112e-01	-1.512485e-01	-1.304860e-01	6.471486e-01	6.669901e-01	4.810968e-01	7.395608e+00
1.207729e-02	-1.512091e-01	-1.512464e-01	-1.304865e-01	6.471555e-01	6.670020e-01	4.811221e-01	7.392747e+00
1.207001e-02	-1.512070e-01	-1.512443e-01	-1.304870e-01	6.471623e-01	6.670139e-01	4.811473e-01	7.389882e+00
1.206273e-02	-1.512049e-01	-1.512422e-01	-1.304876e-01	6.471691e-01	6.670257e-01	4.811725e-01	7.387013e+00
1.205546e-02	-1.512028e-01	-1.512401e-01	-1.304881e-01	6.471758e-01	6.670376e-01	4.811976e-01	7.384142e+00
1.204819e-02	-1.512007e-01	-1.512380e-01	-1.304886e-01	6.471826e-01	6.670493e-01	4.812227e-01	7.381267e+00
1.204094e-02	-1.511986e-01	-1.512359e-01	-1.304891e-01	6.471893e-01	6.670611e-01	4.812477e-01	7.378389e+00
1.203369e-02	-1.511965e-01	-1.512339e-01	-1.304896e-01	6.471960e-01	6.670728e-01	4.812726e-01	7.375507e+00
1.202646e-02	-1.511945e-01	-1.512318e-01	-1.304901e-01	6.472026e-01	6.670845e-01	4.812975e-01	7.372623e+00
1.201923e-02	-1.511924e-01	-1.512298e-01	-1.304906e-01	6.472092e-01	6.670961e-01	4.813223e-01	7.369734e+00
1.201201e-02	-1.511904e-01	-1.512277e-01	-1.304911e-01	6.472158e-01	6.671077e-01	4.813470e-01	7.366843e+00
1.200480e-02	-1.511883e-01	-1.512256e-01	-1.304916e-01	6.472224e-01	6.671193e-01	4.813717e-01	7.363948e+00
1.199760e-02	-1.511863e-01	-1.512236e-01	-1.304922e-01	6.472289e-01	6.671308e-01	4.813963e-01	7.361051e+00
1.199041e-02	-1.511842e-01	-1.512216e-01	-1.304927e-01	6.472354e-01	6.671423e-01	4.814209e-01	7.358149e+00
1.198322e-02	-1.511822e-01	-1.512195e-01	-1.304932e-01	6.472419e-01	6.671538e-01	4.814454e-01	7.355246e+00
1.197605e-02	-1.511802e-01	-1.512175e-01	-1.304937e-01	6.472483e-01	6.671652e-01	4.814698e-01	7.352338e+00
1.196888e-02	-1.511781e-01	-1.512155e-01	-1.304942e-01	6.472547e-01	6.671766e-01	4.814942e-01	7.349427e+00
1.196172e-02	-1.511761e-01	-1.512135e-01	-1.304947e-01	6.472611e-01	6.671879e-01	4.815185e-01	7.346513e+00
1.195457e-02	-1.511741e-01	-1.512114e-01	-1.304953e-01	6.472675e-01	6.671992e-01	4.815428e-01	7.343596e+00
1.194743e-02	-1.511721e-01	-1.512094e-01	-1.304958e-01	6.472738e-01	6.672105e-01	4.815670e-01	7.340677e+00
1.194030e-02	-1.511701e-01	-1.512074e-01	-1.304963e-01	6.472801e-01	6.672218e-01	4.815911e-01	7.337753e+00
1.193317e-02	-1.511681e-01	-1.512054e-01	-1.304968e-01	6.472864e-01	6.672330e-01	4.816152e-01	7.334827e+00
1.192606e-02	-1.511661e-01	-1.512034e-01	-1.304974e-01	6.472926e-01	6.672441e-01	4.816392e-01	7.331898e+00
1.191895e-02	-1.511641e-01	-1.512015e-01	-1.304979e-01	6.472988e-01	6.672553e-01	4.816632e-01	7.328965e+00
1.191185e-02	-1.511621e-01	-1.511995e-01	-1.304984e-01	6.473050e-01	6.672664e-01	4.816871e-01	7.326030e+00
1.190476e-02	-1.511602e-01	-1.511975e-01	-1.304989e-01	6.473111e-01	6.672774e-01	4.817109e-01	7.323092e+00
1.189768e-02	-1.511582e-01	-1.511955e-01	-1.304994e-01	6.473173e-01	6.672885e-01	4.817347e-01	7.320150e+00
1.189061e-02	-1.511562e-01	-1.511936e-01	-1.305000e-01	6.473234e-01	6.672995e-01	4.817584e-01	7.317206e+00
1.188354e-02	-1.511543e-01	-1.511916e-01	-1.305005e-01	6.473294e-01	6.673104e-01	4.817821e-01	7.314258e+00
1.187648e-02	-1.511523e-01	-1.511897e-01	-1.305010e-01	6.473355e-01	6.673214e-01	4.818057e-01	7.311308e+00
1.186944e-02	-1.511504e-01	-1.511877e-01	-1.305016e-01	6.473415e-01	6.673322e-01	4.818292e-01	7.308354e+00
1.186240e-02	-1.511484e-01	-1.511858e-01	-1.305021e-01	6.473475e-01	6.673431e-01	4.818527e-01	7.305398e+00
1.185536e-02	-1.511465e-01	-1.511838e-01	-1.305026e-01	6.473534e-01	6.673539e-01	4.818761e-01	7.302439e+00
1.184834e-02	-1.511446e-01	-1.511819e-01	-1.305031e-01	6.473593e-01	6.673647e-01	4.818995e-01	7.299476e+00
1.184133e-02	-1.511426e-01	-1.511800e-01	-1.305037e-01	6.473652e-01	6.673755e-01	4.819228e-01	7.296511e+00
1.183432e-02	-1.511407e-01	-1.511780e-01	-1.305042e-01	6.473711e-01	6.673862e-01	4.819460e-01	7.293543e+00
1.182732e-02	-1.511388e-01	-1.511761e-01	-1.305047e-01	6.473770e-01	6.673969e-01	4.819692e-01	7.290572e+00
1.182033e-02	-1.511369e-01	-1.511742e-01	-1.305053e-01	6.473828e-01	6.674075e-01	4.819923e-01	7.287599e+00
1.181335e-02	-1.511350e-01	-1.511723e-01	-1.305058e-01	6.473886e-01	6.674181e-01	4.820154e-01	7.284622e+00
1.180638e-02	-1.511331e-01	-1.511704e-01	-1.305063e-01	6.473943e-01	6.674287e-01	4.820384e-01	7.281643e+00
1.179941e-02	-1.511312e-01	-1.511685e-01	-1.305069e-01	6.474001e-01	6.674393e-01	4.820614e-01	7.278661e+00
1.179245e-02	-1.511293e-01	-1.511666e-01	-1.305074e-01	6.474058e-01	6.674498e-01	4.820843e-01	7.275676e+00
1.178550e-02	-1.511274e-01	-1.511647e-01	-1.305080e-01	6.474115e-01	6.674603e-01	4.821071e-01	7.272688e+00
1.177856e-02	-1.511255e-01	-1.511628e-01	-1.305085e-01	6.474171e-01	6.674707e-01	4.821299e-01	7.269698e+00
1.177163e-02	-1.511236e-01	-1.511609e-01	-1.305090e-01	6.474227e-01	6.674811e-01	4.821526e-01	7.266704e+00
1.176471e-02	-1.511217e-01	-1.511591e-01	-1.305096e-01	6.474283e-01	6.674915e-01	4.821753e-01	7.263709e+00
1.175779e-02	-1.511199e-01	-1.511572e-01	-1.305101e-01	6.474339e-01	6.675019e-01	4.821979e-01	7.260710e+00
1.175088e-02	-1.511180e-01	-1.511553e-01	-1.305107e-01	6.474395e-01	6.675122e-01	4.822205e-01	7.257709e+00
1.174398e-02	-1.511161e-01	-1.511535e-01	-1.305112e-01	6.474450e-01	6.675225e-01	4.822430e-01	7.254705e+00
1.173709e-02	-1.511143e-01	-1.511516e-01	-1.305117e-01	6.474505e-01	6.675327e-01	4.822654e-01	7.251698e+00
1.173021e-02	-1.511124e-01	-1.511498e-01	-1.305123e-01	6.474559e-01	6.675429e-01	4.822878e-01	7.248689e+00
1.172333e-02	-1.511106e-01	-1.511479e-01	-1.305128e-01	6.474614e-01	6.675531e-01	4.823101e-01	7.245678e+00
1.171646e-02	-1.511088e-01	-1.511461e-01	-1.305134e-01	6.474668e-01	6.675632e-01	4.823324e-01	7.242663e+00
1.170960e-02	-1.511069e-01	-1.511443e-01	-1.305139e-01	6.474722e-01	6.675733e-01	4.823546e-01	7.239646e+00
1.170275e-02	-1.511051e-01	-1.511424e-01	-1.305145e-01	6.474775e-01	6.675834e-01	4.823768e-01	7.236626e+00
1.169591e-02	-1.511033e-01	-1.511406e-01	-1.305150e-01	6.474829e-01	6.675935e-01	4.823989e-01	7.233604e+00
1.168907e-02	-1.511014e-01	-1.511388e-01	-1.305155e-01	6.474882e-01	6.676035e-01	4.824209e-01	7.230579e+00
1.168224e-02	-1.510996e-01	-1.511370e-01	-1.305161e-01	6.474934e-01	6.676135e-01	4.824429e-01	7.227552e+00
1.167542e-02	-1.510978e-01	-1.511352e-01	-1.305166e-01	6.474987e-01	6.676234e-01	4.824649e-01	7.224523e+00
1.166861e-02	-1.510960e-01	-1.511334e-01	-1.305172e-01	6.475039e-01	6.676333e-01	4.824868e-01	7.221490e+00
1.166181e-02	-1.510942e-01	-1.511316e-01	-1.305177e-01	6.475091e-01	6.676432e-01	4.825086e-01	7.218456e+00
1.165501e-02	-1.510924e-01	-1.511298e-01	-1.305183e-01	6.475143e-01	6.676531e-01	4.825303e-01	7.215419e+00
1.164822e-02	-1.510906e-01	-1.511280e-01	-1.305188e-01	6.475194e-01	6.676629e-01	4.825521e-01	7.212379e+00
1.164144e-02	-1.510889e-01	-1.511262e-01	-1.305194e-01	6.475246e-01	6.676727e-01	4.825737e-01	7.209337e+00
1.163467e-02	-1.510871e-01	-1.511244e-01	-1.305199e-01	6.475297e-01	6.676824e-01	4.825953e-01	7.206293e+00
1.162791e-02	-1.510853e-01	-1.511226e-01	-1.305205e-01	6.475347e-01	6.676922e-01	4.826169e-01	7.203246e+00
1.162115e-02	-1.510835e-01	-1.511209e-01	-1.305210e-01	6.475398e-01	6.677018e-01	4.826384e-01	7.200197e+00
1.161440e-02	-1.510818e-01	-1.511191e-01	-1.305216e-01	6.475448e-01	6.677115e-01	4.826598e-01	7.197146e+00
1.160766e-02	-1.510800e-01	-1.511173e-01	-1.305222e-01	6.475498e-01	6.677211e-01	4.826812e-01	7.194092e+00
1.160093e-02	-1.510782e-01	-1.511156e-01	-1.305227e-01	6.475548e-01	6.677307e-01	4.827025e-01	7.191036e+00
1.159420e-02	-1.510765e-01	-1.511138e-01	-1.305233e-01	6.475597e-01	6.677403e-01	4.827238e-01	7.187978e+00
1.158749e-02	-1.510747e-01	-1.511121e-01	-1.305238e-01	6.475646e-01	6.677498e-01	4.827450e-01	7.184917e+00
1.158078e-02	-1.510730e-01	-1.511103e-01	-1.305244e-01	6.475695e-01	6.677593e-01	4.827662e-01	7.181855e+00
1.157407e-02	-1.510713e-01	-1.511086e-01	-1.305249e-01	6.475744e-01	6.677688e-01	4.827873e-01	7.178789e+00
1.156738e-02	-1.510695e-01	-1.511069e-01	-1.305255e-01	6.475792e-01	6.677782e-01	4.828083e-01	7.175722e+00
1.156069e-02	-1.510678e-01	-1.511051e-01	-1.305261e-01	6.475841e-01	6.677876e-01	4.828293e-01	7.172653e+00
1.155402e-02	-1.510661e-01	-1.511034e-01	-1.305266e-01	6.475889e-01	6.677970e-01	4.828503e-01	7.169581e+00
1.154734e-02	-1.510644e-01	-1.511017e-01	-1.305272e-01	6.475936e-01	6.678063e-01	4.828712e-01	7.166508e+00
1.154068e-02	-1.510626e-01	-1.511000e-01	-1.305277e-01	6.475984e-01	6.678156e-01	4.828920e-01	7.163431e+00
1.153403e-02	-1.510609e-01	-1.510983e-01	-1.305283e-01	6.476031e-01	6.678249e-01	4.829128e-01	7.160354e+00
1.152738e-02	-1.510592e-01	-1.510966e-01	-1.305289e-01	6.476078e-01	6.678342e-01	4.829336e-01	7.157274e+00
1.152074e-02	-1.510575e-01	-1.510949e-01	-1.305294e-01	6.476125e-01	6.678434e-01	4.829542e-01	7.154191e+00
1.151410e-02	-1.510558e-01	-1.510932e-01	-1.305300e-01	6.476171e-01	6.678526e-01	4.829749e-01	7.151107e+00
1.150748e-02	-1.510541e-01	-1.510915e-01	-1.305306e-01	6.476217e-01	6.678617e-01	4.829955e-01	7.148021e+00
1.150086e-02	-1.510525e-01	-1.510898e-01	-1.305311e-01	6.476263e-01	6.678708e-01	4.830160e-01	7.144932e+00
1.149425e-02	-1.510508e-01	-1.510881e-01	-1.305317e-01	6.476309e-01	6.678799e-01	4.830365e-01	7.141842e+00
1.148765e-02	-1.510491e-01	-1.510864e-01	-1.305322e-01	6.476354e-01	6.678890e-01	4.830569e-01	7.138750e+00
1.148106e-02	-1.510474e-01	-1.510848e-01	-1.305328e-01	6.476400e-01	6.678980e-01	4.830772e-01	7.135655e+00
1.147447e-02	-1.510458e-01	-1.510831e-01	-1.305334e-01	6.476445e-01	6.679070e-01	4.830975e-01	7.132559e+00
1.146789e-02	-1.510441e-01	-1.510814e-01	-1.305339e-01	6.476489e-01	6.679160e-01	4.831178e-01	7.129461e+00
1.146132e-02	-1.510424e-01	-1.510798e-01	-1.305345e-01	6.476534e-01	6.679249e-01	4.831380e-01	7.126361e+00
1.145475e-02	-1.510408e-01	-1.510781e-01	-1.305351e-01	6.476578e-01	6.679338e-01	4.831582e-01	7.123259e+00
1.144820e-02	-1.510391e-01	-1.510765e-01	-1.305357e-01	6.476622e-01	6.679427e-01	4.831783e-01	7.120155e+00
1.144165e-02	-1.510375e-01	-1.510748e-01	-1.305362e-01	6.476666e-01	6.679516e-01	4.831983e-01	7.117050e+00
1.143511e-02	-1.510358e-01	-1.510732e-01	-1.305368e-01	6.476710e-01	6.679604e-01	4.832183e-01	7.113942e+00
1.142857e-02	-1.510342e-01	-1.510716e-01	-1.305374e-01	6.476753e-01	6.679692e-01	4.832383e-01	7.110833e+00
1.142204e-02	-1.510326e-01	-1.510699e-01	-1.305379e-01	6.476796e-01	6.679779e-01	4.832582e-01	7.107722e+00
1.141553e-02	-1.510310e-01	-1.510683e-01	-1.305385e-01	6.476839e-01	6.679866e-01	4.832780e-01	7.104609e+00
1.140901e-02	-1.510293e-01	-1.510667e-01	-1.305391e-01	6.476881e-01	6.679953e-01	4.832978e-01	7.101494e+00
1.140251e-02	-1.510277e-01	-1.510651e-01	-1.305397e-01	6.476924e-01	6.680040e-01	4.833176e-01	7.098378e+00
1.139601e-02	-1.510261e-01	-1.510634e-01	-1.305402e-01	6.476966e-01	6.680126e-01	4.833373e-01	7.095260e+00
1.138952e-02	-1.510245e-01	-1.510618e-01	-1.305408e-01	6.477008e-01	6.680213e-01	4.833569e-01	7.092140e+00
1.138304e-02	-1.510229e-01	-1.510602e-01	-1.305414e-01	6.477049e-01	6.680298e-01	4.833765e-01	7.089018e+00
1.137656e-02	-1.510213e-01	-1.510586e-01	-1.305420e-01	6.477091e-01	6.680384e-01	4.833960e-01	7.085895e+00
1.137010e-02	-1.510197e-01	-1.510570e-01	-1.305425e-01	6.477132e-01	6.680469e-01	4.834155e-01	7.082771e+00
1.136364e-02	-1.510181e-01	-1.510554e-01	-1.305431e-01	6.477173e-01	6.680554e-01	4.834349e-01	7.079644e+00
1.135718e-02	-1.510165e-01	-1.510539e-01	-1.305437e-01	6.477214e-01	6.680638e-01	4.834543e-01	7.076516e+00
1.135074e-02	-1.510149e-01	-1.510523e-01	-1.305443e-01	6.477254e-01	6.680723e-01	4.834737e-01	7.073386e+00
1.134430e-02	-1.510133e-01	-1.510507e-01	-1.305448e-01	6.477295e-01	6.680807e-01	4.834930e-01	7.070256e+00
1.133787e-02	-1.510118e-01	-1.510491e-01	-1.305454e-01	6.477335e-01	6.680890e-01	4.835122e-01	7.067123e+00
1.133144e-02	-1.510102e-01	-1.510476e-01	-1.305460e-01	6.477374e-01	6.680974e-01	4.835314e-01	7.063989e+00
1.132503e-02	-1.510086e-01	-1.510460e-01	-1.305466e-01	6.477414e-01	6.681057e-01	4.835505e-01	7.060853e+00
1.131862e-02	-1.510071e-01	-1.510444e-01	-1.305472e-01	6.477453e-01	6.681140e-01	4.835696e-01	7.057716e+00
1.131222e-02	-1.510055e-01	-1.510429e-01	-1.305477e-01	6.477493e-01	6.681222e-01	4.835886e-01	7.054577e+00
1.130582e-02	-1.510040e-01	-1.510413e-01	-1.305483e-01	6.477531e-01	6.681305e-01	4.836076e-01	7.051437e+00
1.129944e-02	-1.510024e-01	-1.510398e-01	-1.305489e-01	6.477570e-01	6.681387e-01	4.836265e-01	7.048296e+00
1.129305e-02	-1.510009e-01	-1.510382e-01	-1.305495e-01	6.477609e-01	6.681468e-01	4.836454e-01	7.045152e+00
1.128668e-02	-1.509993e-01	-1.510367e-01	-1.305501e-01	6.477647e-01	6.681550e-01	4.836643e-01	7.042008e+00
1.128032e-02	-1.509978e-01	-1.510352e-01	-1.305507e-01	6.477685e-01	6.681631e-01	4.836831e-01	7.038863e+00
1.127396e-02	-1.509963e-01	-1.510336e-01	-1.305512e-01	6.477723e-01	6.681712e-01	4.837018e-01	7.035715e+00
1.126761e-02	-1.509947e-01	-1.510321e-01	-1.305518e-01	6.477760e-01	6.681792e-01	4.837205e-01	7.032567e+00
1.126126e-02	-1.509932e-01	-1.510306e-01	-1.305524e-01	6.477798e-01	6.681872e-01	4.837391e-01	7.029417e+00
1.125492e-02	-1.509917e-01	-1.510291e-01	-1.305530e-01	6.477835e-01	6.681952e-01	4.837577e-01	7.026266e+00
1.124859e-02	-1.509902e-01	-1.510275e-01	-1.305536e-01	6.477872e-01	6.682032e-01	4.837763e-01	7.023114e+00
1.124227e-02	-1.509887e-01	-1.510260e-01	-1.305542e-01	6.477908e-01	6.682112e-01	4.837948e-01	7.019961e+00
1.123596e-02	-1.509872e-01	-1.510245e-01	-1.305548e-01	6.477945e-01	6.682191e-01	4.838132e-01	7.016805e+00
1.122965e-02	-1.509857e-01	-1.510230e-01	-1.305553e-01	6.477981e-01	6.682269e-01	4.838316e-01	7.013650e+00
1.122334e-02	-1.509842e-01	-1.510215e-01	-1.305559e-01	6.478017e-01	6.682348e-01	4.838499e-01	7.010492e+00
1.121705e-02	-1.509827e-01	-1.510200e-01	-1.305565e-01	6.478053e-01	6.682426e-01	4.838682e-01	7.007334e+00
1.121076e-02	-1.509812e-01	-1.510186e-01	-1.305571e-01	6.478089e-01	6.682504e-01	4.838865e-01	7.004174e+00
1.120448e-02	-1.509797e-01	-1.510171e-01	-1.305577e-01	6.478124e-01	6.682582e-01	4.839047e-01	7.001013e+00
1.119821e-02	-1.509782e-01	-1.510156e-01	-1.305583e-01	6.478159e-01	6.682659e-01	4.839229e-01	6.997852e+00
1.119194e-02	-1.509768e-01	-1.510141e-01	-1.305589e-01	6.478194e-01	6.682737e-01	4.839410e-01	6.994688e+00
1.118568e-02	-1.509753e-01	-1.510126e-01	-1.305595e-01	6.478229e-01	6.682814e-01	4.839590e-01	6.991524e+00
1.117943e-02	-1.509738e-01	-1.510112e-01	-1.305601e-01	6.478263e-01	6.682890e-01	4.839770e-01	6.988359e+00
1.117318e-02	-1.509724e-01	-1.510097e-01	-1.305607e-01	6.478298e-01	6.682966e-01	4.839950e-01	6.985193e+00
1.116695e-02	-1.509709e-01	-1.510082e-01	-1.305612e-01	6.478332e-01	6.683043e-01	4.840129e-01	6.982025e+00
1.116071e-02	-1.509694e-01	-1.510068e-01	-1.305618e-01	6.478366e-01	6.683118e-01	4.840308e-01	6.978857e+00
1.115449e-02	-1.509680e-01	-1.510053e-01	-1.305624e-01	6.478399e-01	6.683194e-01	4.840486e-01	6.975687e+00
1.114827e-02	-1.509665e-01	-1.510039e-01	-1.305630e-01	6.478433e-01	6.683269e-01	4.840664e-01	6.972517e+00
1.114206e-02	-1.509651e-01	-1.510025e-01	-1.305636e-01	6.478466e-01	6.683344e-01	4.840841e-01	6.969345e+00
1.113586e-02	-1.509637e-01	-1.510010e-01	-1.305642e-01	6.478499e-01	6.683419e-01	4.841018e-01	6.966172e+00
1.112966e-02	-1.509622e-01	-1.509996e-01	-1.305648e-01	6.478532e-01	6.683493e-01	4.841194e-01	6.962999e+00
1.112347e-02	-1.509608e-01	-1.509981e-01	-1.305654e-01	6.478564e-01	6.683567e-01	4.841370e-01	6.959825e+00
1.111729e-02	-1.509594e-01	-1.509967e-01	-1.305660e-01	6.478597e-01	6.683641e-01	4.841545e-01	6.956649e+00
1.111111e-02	-1.509579e-01	-1.509953e-01	-1.305666e-01	6.478629e-01	6.683715e-01	4.841720e-01	6.953473e+00
1.110494e-02	-1.509565e-01	-1.509939e-01	-1.305672e-01	6.478661e-01	6.683788e-01	4.841895e-01	6.950296e+00
1.109878e-02	-1.509551e-01	-1.509925e-01	-1.305678e-01	6.478693e-01	6.683861e-01	4.842069e-01	6.947118e+00
1.109262e-02	-1.509537e-01	-1.509911e-01	-1.305684e-01	6.478724e-01	6.683934e-01	4.842242e-01	6.943939e+00
1.108647e-02	-1.509523e-01	-1.509897e-01	-1.305690e-01	6.478756e-01	6.684006e-01	4.842415e-01	6.940759e+00
1.108033e-02	-1.509509e-01	-1.509882e-01	-1.305696e-01	6.478787e-01	6.684079e-01	4.842588e-01	6.937578e+00
1.107420e-02	-1.509495e-01	-1.509869e-01	-1.305702e-01	6.478818e-01	6.684151e-01	4.842760e-01	6.934397e+00
1.106807e-02	-1.509481e-01	-1.509855e-01	-1.305708e-01	6.478849e-01	6.684222e-01	4.842932e-01	6.931214e+00
1.106195e-02	-1.509467e-01	-1.509841e-01	-1.305714e-01	6.478879e-01	6.684294e-01	4.843103e-01	6.928031e+00
1.105583e-02	-1.509453e-01	-1.509827e-01	-1.305720e-01	6.478910e-01	6.684365e-01	4.843274e-01	6.924847e+00
1.104972e-02	-1.509439e-01	-1.509813e-01	-1.305726e-01	6.478940e-01	6.684436e-01	4.843444e-01	6.921662e+00
1.104362e-02	-1.509426e-01	-1.509799e-01	-1.305732e-01	6.478970e-01	6.684507e-01	4.843614e-01	6.918477e+00
1.103753e-02	-1.509412e-01	-1.509785e-01	-1.305738e-01	6.479000e-01	6.684577e-01	4.843784e-01	6.915290e+00
1.103144e-02	-1.509398e-01	-1.509772e-01	-1.305744e-01	6.479029e-01	6.684647e-01	4.843952e-01	6.912103e+00
1.102536e-02	-1.509384e-01	-1.509758e-01	-1.305750e-01	6.479058e-01	6.684717e-01	4.844121e-01	6.908915e+00
1.101928e-02	-1.509371e-01	-1.509744e-01	-1.305756e-01	6.479088e-01	6.684787e-01	4.844289e-01	6.905727e+00
1.101322e-02	-1.509357e-01	-1.509731e-01	-1.305762e-01	6.479117e-01	6.684856e-01	4.844457e-01	6.902537e+00
1.100715e-02	-1.509344e-01	-1.509717e-01	-1.305768e-01	6.479145e-01	6.684925e-01	4.844624e-01	6.899347e+00
1.100110e-02	-1.509330e-01	-1.509704e-01	-1.305774e-01	6.479174e-01	6.684994e-01	4.844791e-01	6.896156e+00
1.099505e-02	-1.509317e-01	-1.509690e-01	-1.305780e-01	6.479202e-01	6.685063e-01	4.844957e-01	6.892965e+00
1.098901e-02	-1.509303e-01	-1.509677e-01	-1.305786e-01	6.479230e-01	6.685131e-01	4.845123e-01	6.889773e+00
1.098298e-02	-1.509290e-01	-1.509663e-01	-1.305793e-01	6.479258e-01	6.685199e-01	4.845288e-01	6.886580e+00
1.097695e-02	-1.509277e-01	-1.509650e-01	-1.305799e-01	6.479286e-01	6.685267e-01	4.845453e-01	6.883387e+00
1.097093e-02	-1.509263e-01	-1.509637e-01	-1.305805e-01	6.479314e-01	6.685335e-01	4.845617e-01	6.880193e+00
1.096491e-02	-1.509250e-01	-1.509624e-01	-1.305811e-01	6.479341e-01	6.685402e-01	4.845781e-01	6.876998e+00
1.095890e-02	-1.509237e-01	-1.509610e-01	-1.305817e-01	6.479368e-01	6.685469e-01	4.845945e-01	6.873803e+00
1.095290e-02	-1.509223e-01	-1.509597e-01	-1.305823e-01	6.479395e-01	6.685536e-01	4.846108e-01	6.870607e+00
1.094691e-02	-1.509210e-01	-1.509584e-01	-1.305829e-01	6.479422e-01	6.685602e-01	4.846271e-01	6.867410e+00
1.094092e-02	-1.509197e-01	-1.509571e-01	-1.305835e-01	6.479449e-01	6.685669e-01	4.846433e-01	6.864213e+00
1.093494e-02	-1.509184e-01	-1.509558e-01	-1.305841e-01	6.479475e-01	6.685735e-01	4.846595e-01	6.861015e+00
1.092896e-02	-1.509171e-01	-1.509545e-01	-1.305847e-01	6.479501e-01	6.685800e-01	4.846756e-01	6.857817e+00
1.092299e-02	-1.509158e-01	-1.509532e-01	-1.305853e-01	6.479528e-01	6.685866e-01	4.846917e-01	6.854618e+00
1.091703e-02	-1.509145e-01	-1.509519e-01	-1.305860e-01	6.479553e-01	6.685931e-01	4.847078e-01	6.851419e+00
1.091107e-02	-1.509132e-01	-1.509506e-01	-1.305866e-01	6.479579e-01	6.685996e-01	4.847238e-01	6.848219e+00
1.090513e-02	-1.509119e-01	-1.509493e-01	-1.305872e-01	6.479605e-01	6.686061e-01	4.847398e-01	6.845018e+00
1.089918e-02	-1.509106e-01	-1.509480e-01	-1.305878e-01	6.479630e-01	6.686126e-01	4.847557e-01	6.841817e+00
1.089325e-02	-1.509093e-01	-1.509467e-01	-1.305884e-01	6.479655e-01	6.686190e-01	4.847716e-01	6.838616e+00
1.088732e-02	-1.509081e-01	-1.509454e-01	-1.305890e-01	6.479680e-01	6.686254e-01	4.847874e-01	6.835414e+00
1.088139e-02	-1.509068e-01	-1.509442e-01	-1.305896e-01	6.479705e-01	6.686318e-01	4.848032e-01	6.832211e+00
1.087548e-02	-1.509055e-01	-1.509429e-01	-1.305902e-01	6.479729e-01	6.686381e-01	4.848189e-01	6.829008e+00
1.086957e-02	-1.509043e-01	-1.509416e-01	-1.305909e-01	6.479753e-01	6.686445e-01	4.848346e-01	6.825804e+00
1.086366e-02	-1.509030e-01	-1.509404e-01	-1.305915e-01	6.479778e-01	6.686508e-01	4.848503e-01	6.822600e+00
1.085776e-02	-1.509017e-01	-1.509391e-01	-1.305921e-01	6.479802e-01	6.686571e-01	4.848659e-01	6.819396e+00
1.085187e-02	-1.509005e-01	-1.509378e-01	-1.305927e-01	6.479825e-01	6.686633e-01	4.848815e-01	6.816191e+00
1.084599e-02	-1.508992e-01	-1.509366e-01	-1.305933e-01	6.479849e-01	6.686696e-01	4.848970e-01	6.812986e+00
1.084011e-02	-1.508980e-01	-1.509353e-01	-1.305939e-01	6.479872e-01	6.686758e-01	4.849125e-01	6.809780e+00
1.083424e-02	-1.508967e-01	-1.509341e-01	-1.305946e-01	6.479896e-01	6.686819e-01	4.849280e-01	6.806573e+00
1.082837e-02	-1.508955e-01	-1.509328e-01	-1.305952e-01	6.479919e-01	6.686881e-01	4.849434e-01	6.803366e+00
1.082251e-02	-1.508942e-01	-1.509316e-01	-1.305958e-01	6.479942e-01	6.686942e-01	4.849588e-01	6.800159e+00
1.081666e-02	-1.508930e-01	-1.509304e-01	-1.305964e-01	6.479964e-01	6.687004e-01	4.849741e-01	6.796952e+00
1.081081e-02	-1.508918e-01	-1.509291e-01	-1.305970e-01	6.479987e-01	6.687064e-01	4.849894e-01	6.793744e+00
1.080497e-02	-1.508905e-01	-1.509279e-01	-1.305976e-01	6.480009e-01	6.687125e-01	4.850046e-01	6.790535e+00
1.079914e-02	-1.508893e-01	-1.509267e-01	-1.305983e-01	6.480031e-01	6.687185e-01	4.850198e-01	6.787327e+00
1.079331e-02	-1.508881e-01	-1.509255e-01	-1.305989e-01	6.480053e-01	6.687246e-01	4.850350e-01	6.784117e+00
1.078749e-02	-1.508869e-01	-1.509243e-01	-1.305995e-01	6.480075e-01	6.687306e-01	4.850501e-01	6.780908e+00
1.078167e-02	-1.508857e-01	-1.509230e-01	-1.306001e-01	6.480097e-01	6.687365e-01	4.850652e-01	6.777698e+00
1.077586e-02	-1.508845e-01	-1.509218e-01	-1.306007e-01	6.480118e-01	6.687425e-01	4.850802e-01	6.774488e+00
1.077006e-02	-1.508833e-01	-1.509206e-01	-1.306014e-01	6.480140e-01	6.687484e-01	4.850952e-01	6.771277e+00
1.076426e-02	-1.508821e-01	-1.509194e-01	-1.306020e-01	6.480161e-01	6.687543e-01	4.851101e-01	6.768066e+00
1.075847e-02	-1.508809e-01	-1.509182e-01	-1.306026e-01	6.480182e-01	6.687602e-01	4.851250e-01	6.764854e+00
1.075269e-02	-1.508797e-01	-1.509170e-01	-1.306032e-01	6.480202e-01	6.687660e-01	4.851399e-01	6.761643e+00
1.074691e-02	-1.508785e-01	-1.509158e-01	-1.306038e-01	6.480223e-01	6.687718e-01	4.851547e-01	6.758431e+00
1.074114e-02	-1.508773e-01	-1.509146e-01	-1.306045e-01	6.480243e-01	6.687776e-01	4.851695e-01	6.755219e+00
1.073537e-02	-1.508761e-01	-1.509135e-01	-1.306051e-01	6.480264e-01	6.687834e-01	4.851843e-01	6.752006e+00
1.072961e-02	-1.508749e-01	-1.509123e-01	-1.306057e-01	6.480284e-01	6.687892e-01	4.851990e-01	6.748793e+00
1.072386e-02	-1.508737e-01	-1.509111e-01	-1.306063e-01	6.480304e-01	6.687949e-01	4.852136e-01	6.745579e+00
1.071811e-02	-1.508726e-01	-1.509099e-01	-1.306070e-01	6.480323e-01	6.688006e-01	4.852283e-01	6.742366e+00
1.071237e-02	-1.508714e-01	-1.509088e-01	-1.306076e-01	6.480343e-01	6.688063e-01	4.852429e-01	6.739152e+00
1.070664e-02	-1.508702e-01	-1.509076e-01	-1.306082e-01	6.480362e-01	6.688120e-01	4.852574e-01	6.735938e+00
1.070091e-02	-1.508691e-01	-1.509064e-01	-1.306088e-01	6.480381e-01	6.688176e-01	4.852719e-01	6.732723e+00
1.069519e-02	-1.508679e-01	-1.509053e-01	-1.306095e-01	6.480400e-01	6.688232e-01	4.852864e-01	6.729509e+00
1.068947e-02	-1.508667e-01	-1.509041e-01	-1.306101e-01	6.480419e-01	6.688288e-01	4.853008e-01	6.726293e+00
1.068376e-02	-1.508656e-01	-1.509030e-01	-1.306107e-01	6.480438e-01	6.688344e-01	4.853152e-01	6.723078e+00
1.067806e-02	-1.508644e-01	-1.509018e-01	-1.306113e-01	6.480456e-01	6.688400e-01	4.853295e-01	6.719863e+00
1.067236e-02	-1.508633e-01	-1.509007e-01	-1.306120e-01	6.480475e-01	6.688455e-01	4.853438e-01	6.716647e+00
1.066667e-02	-1.508621e-01	-1.508995e-01	-1.306126e-01	6.480493e-01	6.688510e-01	4.853581e-01	6.713431e+00
1.066098e-02	-1.508610e-01	-1.508984e-01	-1.306132e-01	6.480511e-01	6.688565e-01	4.853723e-01	6.710214e+00
1.065530e-02	-1.508599e-01	-1.508972e-01	-1.306139e-01	6.480529e-01	6.688619e-01	4.853865e-01	6.706998e+00
1.064963e-02	-1.508587e-01	-1.508961e-01	-1.306145e-01	6.480547e-01	6.688674e-01	4.854006e-01	6.703781e+00
1.064396e-02	-1.508576e-01	-1.508950e-01	-1.306151e-01	6.480564e-01	6.688728e-01	4.854147e-01	6.700564e+00
1.063830e-02	-1.508565e-01	-1.508938e-01	-1.306157e-01	6.480581e-01	6.688782e-01	4.854288e-01	6.697346e+00
1.063264e-02	-1.508553e-01	-1.508927e-01	-1.306164e-01	6.480599e-01	6.688836e-01	4.854428e-01	6.694129e+00
1.062699e-02	-1.508542e-01	-1.508916e-01	-1.306170e-01	6.480616e-01	6.688889e-01	4.854568e-01	6.690911e+00
1.062135e-02	-1.508531e-01	-1.508905e-01	-1.306176e-01	6.480633e-01	6.688942e-01	4.854708e-01	6.687693e+00
1.061571e-02	-1.508520e-01	-1.508894e-01	-1.306183e-01	6.480649e-01	6.688995e-01	4.854847e-01	6.684474e+00
1.061008e-02	-1.508509e-01	-1.508883e-01	-1.306189e-01	6.480666e-01	6.689048e-01	4.854986e-01	6.681256e+00
1.060445e-02	-1.508498e-01	-1.508872e-01	-1.306195e-01	6.480682e-01	6.689101e-01	4.855124e-01	6.678037e+00
1.059883e-02	-1.508487e-01	-1.508861e-01	-1.306201e-01	6.480698e-01	6.689153e-01	4.855262e-01	6.674818e+00
1.059322e-02	-1.508476e-01	-1.508850e-01	-1.306208e-01	6.480714e-01	6.689205e-01	4.855399e-01	6.671599e+00
1.058761e-02	-1.508465e-01	-1.508839e-01	-1.306214e-01	6.480730e-01	6.689257e-01	4.855537e-01	6.668379e+00
1.058201e-02	-1.508454e-01	-1.508828e-01	-1.306220e-01	6.480746e-01	6.689309e-01	4.855673e-01	6.665159e+00
1.057641e-02	-1.508443e-01	-1.508817e-01	-1.306227e-01	6.480762e-01	6.689360e-01	4.855810e-01	6.661940e+00
1.057082e-02	-1.508432e-01	-1.508806e-01	-1.306233e-01	6.480777e-01	6.689412e-01	4.855946e-01	6.658719e+00
1.056524e-02	-1.508421e-01	-1.508795e-01	-1.306239e-01	6.480792e-01	6.689463e-01	4.856081e-01	6.655498e+00
1.055966e-02	-1.508410e-01	-1.508784e-01	-1.306246e-01	6.480807e-01	6.689514e-01	4.856217e-01	6.652278e+00
1.055409e-02	-1.508400e-01	-1.508773e-01	-1.306252e-01	6.480822e-01	6.689564e-01	4.856352e-01	6.649057e+00
1.054852e-02	-1.508389e-01	-1.508763e-01	-1.306258e-01	6.480837e-01	6.689615e-01	4.856486e-01	6.645836e+00
1.054296e-02	-1.508378e-01	-1.508752e-01	-1.306265e-01	6.480852e-01	6.689665e-01	4.856620e-01	6.642614e+00
1.053741e-02	-1.508368e-01	-1.508741e-01	-1.306271e-01	6.480866e-01	6.689715e-01	4.856754e-01	6.639392e+00
1.053186e-02	-1.508357e-01	-1.508731e-01	-1.306277e-01	6.480881e-01	6.689765e-01	4.856887e-01	6.636170e+00
1.052632e-02	-1.508346e-01	-1.508720e-01	-1.306284e-01	6.480895e-01	6.689814e-01	4.857020e-01	6.632948e+00
1.052078e-02	-1.508336e-01	-1.508710e-01	-1.306290e-01	6.480909e-01	6.689864e-01	4.857153e-01	6.629725e+00
1.051525e-02	-1.508325e-01	-1.508699e-01	-1.306296e-01	6.480923e-01	6.689913e-01	4.857285e-01	6.626502e+00
1.050972e-02	-1.508315e-01	-1.508689e-01	-1.306303e-01	6.480936e-01	6.689962e-01	4.857417e-01	6.623279e+00
1.050420e-02	-1.508304e-01	-1.508678e-01	-1.306309e-01	6.480950e-01	6.690010e-01	4.857549e-01	6.620056e+00
1.049869e-02	-1.508294e-01	-1.508668e-01	-1.306316e-01	6.480963e-01	6.690059e-01	4.857680e-01	6.616832e+00
1.049318e-02	-1.508283e-01	-1.508657e-01	-1.306322e-01	6.480976e-01	6.690107e-01	4.857810e-01	6.613608e+00
1.048768e-02	-1.508273e-01	-1.508647e-01	-1.306328e-01	6.480989e-01	6.690155e-01	4.857941e-01	6.610384e+00
1.048218e-02	-1.508263e-01	-1.508636e-01	-1.306335e-01	6.481002e-01	6.690203e-01	4.858071e-01	6.607159e+00
1.047669e-02	-1.508252e-01	-1.508626e-01	-1.306341e-01	6.481015e-01	6.690251e-01	4.858200e-01	6.603934e+00
1.047120e-02	-1.508242e-01	-1.508616e-01	-1.306347e-01	6.481028e-01	6.690298e-01	4.858330e-01	6.600709e+00
1.046572e-02	-1.508232e-01	-1.508606e-01	-1.306354e-01	6.481040e-01	6.690345e-01	4.858459e-01	6.597483e+00
1.046025e-02	-1.508222e-01	-1.508595e-01	-1.306360e-01	6.481053e-01	6.690393e-01	4.858587e-01	6.594257e+00
1.045478e-02	-1.508211e-01	-1.508585e-01	-1.306367e-01	6.481065e-01	6.690439e-01	4.858715e-01	6.591031e+00
1.044932e-02	-1.508201e-01	-1.508575e-01	-1.306373e-01	6.481077e-01	6.690486e-01	4.858843e-01	6.587804e+00
1.044386e-02	-1.508191e-01	-1.508565e-01	-1.306379e-01	6.481089e-01	6.690532e-01	4.858971e-01	6.584577e+00
1.043841e-02	-1.508181e-01	-1.508555e-01	-1.306386e-01	6.481100e-01	6.690579e-01	4.859098e-01	6.581349e+00
1.043297e-02	-1.508171e-01	-1.508545e-01	-1.306392e-01	6.481112e-01	6.690625e-01	4.859224e-01	6.578121e+00
1.042753e-02	-1.508161e-01	-1.508535e-01	-1.306398e-01	6.481123e-01	6.690670e-01	4.859351e-01	6.574893e+00
1.042209e-02	-1.508151e-01	-1.508525e-01	-1.306405e-01	6.481135e-01	6.690716e-01	4.859477e-01	6.571664e+00
1.041667e-02	-1.508141e-01	-1.508515e-01	-1.306411e-01	6.481146e-01	6.690762e-01	4.859602e-01	6.568435e+00
1.041124e-02	-1.508131e-01	-1.508505e-01	-1.306418e-01	6.481157e-01	6.690807e-01	4.859728e-01	6.565206e+00
1.040583e-02	-1.508121e-01	-1.508495e-01	-1.306424e-01	6.481168e-01	6.690852e-01	4.859853e-01	6.561976e+00
1.040042e-02	-1.508111e-01	-1.508485e-01	-1.306430e-01	6.481178e-01	6.690897e-01	4.859977e-01	6.558745e+00
1.039501e-02	-1.508101e-01	-1.508475e-01	-1.306437e-01	6.481189e-01	6.690941e-01	4.860101e-01	6.555514e+00
1.038961e-02	-1.508091e-01	-1.508465e-01	-1.306443e-01	6.481199e-01	6.690986e-01	4.860225e-01	6.552283e+00
1.038422e-02	-1.508082e-01	-1.508456e-01	-1.306450e-01	6.481210e-01	6.691030e-01	4.860349e-01	6.549051e+00
1.037883e-02	-1.508072e-01	-1.508446e-01	-1.306456e-01	6.481220e-01	6.691074e-01	4.860472e-01	6.545819e+00
1.037344e-02	-1.508062e-01	-1.508436e-01	-1.306463e-01	6.481230e-01	6.691118e-01	4.860595e-01	6.542586e+00
1.036807e-02	-1.508052e-01	-1.508426e-01	-1.306469e-01	6.481240e-01	6.691161e-01	4.860717e-01	6.539353e+00
1.036269e-02	-1.508043e-01	-1.508417e-01	-1.306475e-01	6.481249e-01	6.691205e-01	4.860839e-01	6.536118e+00
1.035733e-02	-1.508033e-01	-1.508407e-01	-1.306482e-01	6.481259e-01	6.691248e-01	4.860961e-01	6.532884e+00
1.035197e-02	-1.508024e-01	-1.508397e-01	-1.306488e-01	6.481268e-01	6.691291e-01	4.861082e-01	6.529650e+00
1.034661e-02	-1.508014e-01	-1.508388e-01	-1.306495e-01	6.481278e-01	6.691334e-01	4.861203e-01	6.526414e+00
1.034126e-02	-1.508004e-01	-1.508378e-01	-1.306501e-01	6.481287e-01	6.691376e-01	4.861324e-01	6.523178e+00
1.033592e-02	-1.507995e-01	-1.508369e-01	-1.306508e-01	6.481296e-01	6.691419e-01	4.861444e-01	6.519942e+00
1.033058e-02	-1.507985e-01	-1.508359e-01	-1.306514e-01	6.481305e-01	6.691461e-01	4.861564e-01	6.516705e+00
1.032525e-02	-1.507976e-01	-1.508350e-01	-1.306520e-01	6.481313e-01	6.691503e-01	4.861684e-01	6.513467e+00
1.031992e-02	-1.507966e-01	-1.508340e-01	-1.306527e-01	6.481322e-01	6.691545e-01	4.861803e-01	6.510229e+00
1.031460e-02	-1.507957e-01	-1.508331e-01	-1.306533e-01	6.481330e-01	6.691586e-01	4.861922e-01	6.506990e+00
1.030928e-02	-1.507948e-01	-1.508322e-01	-1.306540e-01	6.481339e-01	6.691628e-01	4.862041e-01	6.503751e+00
1.030397e-02	-1.507938e-01	-1.508312e-01	-1.306546e-01	6.481347e-01	6.691669e-01	4.862159e-01	6.500511e+00
1.029866e-02	-1.507929e-01	-1.508303e-01	-1.306553e-01	6.481355e-01	6.691710e-01	4.862277e-01	6.497271e+00
1.029336e-02	-1.507920e-01	-1.508294e-01	-1.306559e-01	6.481363e-01	6.691751e-01	4.862395e-01	6.494030e+00
1.028807e-02	-1.507911e-01	-1.508284e-01	-1.306566e-01	6.481371e-01	6.691792e-01	4.862512e-01	6.490789e+00
1.028278e-02	-1.507901e-01	-1.508275e-01	-1.306572e-01	6.481378e-01	6.691832e-01	4.862629e-01	6.487546e+00
1.027749e-02	-1.507892e-01	-1.508266e-01	-1.306578e-01	6.481386e-01	6.691873e-01	4.862745e-01	6.484304e+00
1.027221e-02	-1.507883e-01	-1.508257e-01	-1.306585e-01	6.481393e-01	6.691913e-01	4.862862e-01	6.481060e+00
1.026694e-02	-1.507874e-01	-1.508248e-01	-1.306591e-01	6.481400e-01	6.691953e-01	4.862978e-01	6.477817e+00
1.026167e-02	-1.507865e-01	-1.508239e-01	-1.306598e-01	6.481408e-01	6.691992e-01	4.863093e-01	6.474572e+00
1.025641e-02	-1.507856e-01	-1.508229e-01	-1.306604e-01	6.481415e-01	6.692032e-01	4.863208e-01	6.471327e+00
1.025115e-02	-1.507847e-01	-1.508220e-01	-1.306611e-01	6.481421e-01	6.692071e-01	4.863323e-01	6.468081e+00
1.024590e-02	-1.507837e-01	-1.508211e-01	-1.306617e-01	6.481428e-01	6.692110e-01	4.863438e-01	6.464835e+00
1.024066e-02	-1.507828e-01	-1.508202e-01	-1.306624e-01	6.481435e-01	6.692149e-01	4.863552e-01	6.461588e+00
1.023541e-02	-1.507820e-01	-1.508193e-01	-1.306630e-01	6.481441e-01	6.692188e-01	4.863666e-01	6.458341e+00
1.023018e-02	-1.507811e-01	-1.508185e-01	-1.306637e-01	6.481447e-01	6.692227e-01	4.863779e-01	6.455093e+00
1.022495e-02	-1.507802e-01	-1.508176e-01	-1.306643e-01	6.481454e-01	6.692265e-01	4.863893e-01	6.451844e+00
1.021972e-02	-1.507793e-01	-1.508167e-01	-1.306650e-01	6.481460e-01	6.692304e-01	4.864006e-01	6.448595e+00
1.021450e-02	-1.507784e-01	-1.508158e-01	-1.306656e-01	6.481466e-01	6.692342e-01	4.864118e-01	6.445345e+00
1.020929e-02	-1.507775e-01	-1.508149e-01	-1.306663e-01	6.481471e-01	6.692379e-01	4.864230e-01	6.442094e+00
1.020408e-02	-1.507766e-01	-1.508140e-01	-1.306669e-01	6.481477e-01	6.692417e-01	4.864342e-01	6.438843e+00
1.019888e-02	-1.507758e-01	-1.508131e-01	-1.306676e-01	6.481483e-01	6.692455e-01	4.864454e-01	6.435592e+00
1.019368e-02	-1.507749e-01	-1.508123e-01	-1.306682e-01	6.481488e-01	6.692492e-01	4.864565e-01	6.432339e+00
1.018849e-02	-1.507740e-01	-1.508114e-01	-1.306689e-01	6.481493e-01	6.692529e-01	4.864676e-01	6.429086e+00
1.018330e-02	-1.507731e-01	-1.508105e-01	-1.306695e-01	6.481499e-01	6.692566e-01	4.864787e-01	6.425833e+00
1.017812e-02	-1.507723e-01	-1.508097e-01	-1.306701e-01	6.481504e-01	6.692603e-01	4.864897e-01	6.422579e+00
1.017294e-02	-1.507714e-01	-1.508088e-01	-1.306708e-01	6.481508e-01	6.692640e-01	4.865007e-01	6.419325e+00
1.016777e-02	-1.507705e-01	-1.508079e-01	-1.306714e-01	6.481513e-01	6.692676e-01	4.865116e-01	6.416069e+00
1.016260e-02	-1.507697e-01	-1.508071e-01	-1.306721e-01	6.481518e-01	6.692712e-01	4.865226e-01	6.412813e+00
1.015744e-02	-1.507688e-01	-1.508062e-01	-1.306727e-01	6.481522e-01	6.692748e-01	4.865335e-01	6.409557e+00
1.015228e-02	-1.507680e-01	-1.508054e-01	-1.306734e-01	6.481527e-01	6.692784e-01	4.865443e-01	6.406300e+00
1.014713e-02	-1.507671e-01	-1.508045e-01	-1.306740e-01	6.481531e-01	6.692820e-01	4.865552e-01	6.403043e+00
1.014199e-02	-1.507663e-01	-1.508037e-01	-1.306747e-01	6.481535e-01	6.692855e-01	4.865660e-01	6.399785e+00
1.013685e-02	-1.507654e-01	-1.508028e-01	-1.306753e-01	6.481539e-01	6.692891e-01	4.865767e-01	6.396526e+00
1.013171e-02	-1.507646e-01	-1.508020e-01	-1.306760e-01	6.481543e-01	6.692926e-01	4.865875e-01	6.393267e+00
1.012658e-02	-1.507638e-01	-1.508012e-01	-1.306766e-01	6.481547e-01	6.692961e-01	4.865982e-01	6.390008e+00
1.012146e-02	-1.507629e-01	-1.508003e-01	-1.306773e-01	6.481551e-01	6.692996e-01	4.866089e-01	6.386748e+00
1.011634e-02	-1.507621e-01	-1.507995e-01	-1.306780e-01	6.481554e-01	6.693030e-01	4.866195e-01	6.383487e+00
1.011122e-02	-1.507613e-01	-1.507987e-01	-1.306786e-01	6.481558e-01	6.693065e-01	4.866301e-01	6.380226e+00
1.010611e-02	-1.507604e-01	-1.507978e-01	-1.306793e-01	6.481561e-01	6.693099e-01	4.866407e-01	6.376964e+00
1.010101e-02	-1.507596e-01	-1.507970e-01	-1.306799e-01	6.481564e-01	6.693133e-01	4.866513e-01	6.373702e+00
1.009591e-02	-1.507588e-01	-1.507962e-01	-1.306806e-01	6.481567e-01	6.693167e-01	4.866618e-01	6.370440e+00
1.009082e-02	-1.507580e-01	-1.507954e-01	-1.306812e-01	6.481570e-01	6.693201e-01	4.866723e-01	6.367176e+00
1.008573e-02	-1.507571e-01	-1.507946e-01	-1.306819e-01	6.481573e-01	6.693235e-01	4.866827e-01	6.363913e+00
1.008065e-02	-1.507563e-01	-1.507937e-01	-1.306825e-01	6.481576e-01	6.693268e-01	4.866931e-01	6.360649e+00
1.007557e-02	-1.507555e-01	-1.507929e-01	-1.306832e-01	6.481578e-01	6.693301e-01	4.867035e-01	6.357385e+00
1.007049e-02	-1.507547e-01	-1.507921e-01	-1.306838e-01	6.481581e-01	6.693335e-01	4.867139e-01	6.354120e+00
1.006543e-02	-1.507539e-01	-1.507913e-01	-1.306845e-01	6.481583e-01	6.693367e-01	4.867242e-01	6.350854e+00
1.006036e-02	-1.507531e-01	-1.507905e-01	-1.306851e-01	6.481586e-01	6.693400e-01	4.867345e-01	6.347589e+00
1.005530e-02	-1.507523e-01	-1.507897e-01	-1.306858e-01	6.481588e-01	6.693433e-01	4.867448e-01	6.344323e+00
1.005025e-02	-1.507515e-01	-1.507889e-01	-1.306864e-01	6.481590e-01	6.693465e-01	4.867550e-01	6.341057e+00
1.004520e-02	-1.507507e-01	-1.507881e-01	-1.306871e-01	6.481592e-01	6.693497e-01	4.867652e-01	6.337790e+00
1.004016e-02	-1.507499e-01	-1.507873e-01	-1.306877e-01	6.481593e-01	6.693530e-01	4.867754e-01	6.334523e+00
1.003512e-02	-1.507491e-01	-1.507865e-01	-1.306884e-01	6.481595e-01	6.693561e-01	4.867856e-01	6.331255e+00
1.003009e-02	-1.507483e-01	-1.507857e-01	-1.306890e-01	6.481597e-01	6.693593e-01	4.867957e-01	6.327988e+00
1.002506e-02	-1.507475e-01	-1.507850e-01	-1.306897e-01	6.481598e-01	6.693625e-01	4.868058e-01	6.324720e+00
1.002004e-02	-1.507468e-01	-1.507842e-01	-1.306903e-01	6.481599e-01	6.693656e-01	4.868158e-01	6.321452e+00
1.001502e-02	-1.507460e-01	-1.507834e-01	-1.306910e-01	6.481601e-01	6.693687e-01	4.868259e-01	6.318183e+00
1.001001e-02	-1.507452e-01	-1.507826e-01	-1.306917e-01	6.481602e-01	6.693718e-01	4.868359e-01	6.314915e+00
1.000500e-02	-1.507444e-01	-1.507818e-01	-1.306923e-01	6.481603e-01	6.693749e-01	4.868458e-01	6.311646e+00
1.000000e-02	-1.507437e-01	-1.507811e-01	-1.306930e-01	6.481604e-01	6.693780e-01	4.868558e-01	6.308377e+00
9.995002e-03	-1.507429e-01	-1.507803e-01	-1.306936e-01	6.481604e-01	6.693811e-01	4.868657e-01	6.305107e+00
9.990010e-03	-1.507421e-01	-1.507795e-01	-1.306943e-01	6.481605e-01	6.693841e-01	4.868755e-01	6.301838e+00
9.985022e-03	-1.507414e-01	-1.507788e-01	-1.306949e-01	6.481606e-01	6.693871e-01	4.868854e-01	6.298569e+00
9.980040e-03	-1.507406e-01	-1.507780e-01	-1.306956e-01	6.481606e-01	6.693901e-01	4.868952e-01	6.295299e+00
9.975062e-03	-1.507398e-01	-1.507772e-01	-1.306962e-01	6.481606e-01	6.693931e-01	4.869050e-01	6.292029e+00
9.970090e-03	-1.507391e-01	-1.507765e-01	-1.306969e-01	6.481607e-01	6.693961e-01	4.869148e-01	6.288759e+00
9.965122e-03	-1.507383e-01	-1.507757e-01	-1.306975e-01	6.481607e-01	6.693991e-01	4.869245e-01	6.285489e+00
9.960159e-03	-1.507376e-01	-1.507750e-01	-1.306982e-01	6.481607e-01	6.694020e-01	4.869342e-01	6.282220e+00
9.955202e-03	-1.507368e-01	-1.507742e-01	-1.306988e-01	6.481607e-01	6.694050e-01	4.869439e-01	6.278950e+00
9.950249e-03	-1.507361e-01	-1.507735e-01	-1.306995e-01	6.481606e-01	6.694079e-01	4.869535e-01	6.275680e+00
9.945301e-03	-1.507353e-01	-1.507727e-01	-1.307002e-01	6.481606e-01	6.694108e-01	4.869631e-01	6.272410e+00
9.940358e-03	-1.507346e-01	-1.507720e-01	-1.307008e-01	6.481606e-01	6.694136e-01	4.869727e-01	6.269140e+00
9.935420e-03	-1.507338e-01	-1.507712e-01	-1.307015e-01	6.481605e-01	6.694165e-01	4.869822e-01	6.265870e+00
9.930487e-03	-1.507331e-01	-1.507705e-01	-1.307021e-01	6.481605e-01	6.694194e-01	4.869918e-01	6.262600e+00
9.925558e-03	-1.507324e-01	-1.507698e-01	-1.307028e-01	6.481604e-01	6.694222e-01	4.870013e-01	6.259330e+00
9.920635e-03	-1.507316e-01	-1.507690e-01	-1.307034e-01	6.481603e-01	6.694250e-01	4.870107e-01	6.256061e+00
9.915716e-03	-1.507309e-01	-1.507683e-01	-1.307041e-01	6.481602e-01	6.694278e-01	4.870202e-01	6.252791e+00
9.910803e-03	-1.507302e-01	-1.507676e-01	-1.307047e-01	6.481601e-01	6.694306e-01	4.870296e-01	6.249522e+00
9.905894e-03	-1.507294e-01	-1.507669e-01	-1.307054e-01	6.481600e-01	6.694334e-01	4.870390e-01	6.246252e+00
9.900990e-03	-1.507287e-01	-1.507661e-01	-1.307061e-01	6.481598e-01	6.694361e-01	4.870483e-01	6.242983e+00
9.896091e-03	-1.507280e-01	-1.507654e-01	-1.307067e-01	6.481597e-01	6.694389e-01	4.870576e-01	6.239714e+00
9.891197e-03	-1.507273e-01	-1.507647e-01	-1.307074e-01	6.481596e-01	6.694416e-01	4.870669e-01	6.236445e+00
9.886307e-03	-1.507266e-01	-1.507640e-01	-1.307080e-01	6.481594e-01	6.694443e-01	4.870762e-01	6.233176e+00
9.881423e-03	-1.507259e-01	-1.507633e-01	-1.307087e-01	6.481592e-01	6.694470e-01	4.870854e-01	6.229907e+00
9.876543e-03	-1.507251e-01	-1.507626e-01	-1.307093e-01	6.481591e-01	6.694497e-01	4.870947e-01	6.226638e+00
9.871668e-03	-1.507244e-01	-1.507618e-01	-1.307100e-01	6.481589e-01	6.694523e-01	4.871038e-01	6.223370e+00
9.866798e-03	-1.507237e-01	-1.507611e-01	-1.307106e-01	6.481587e-01	6.694550e-01	4.871130e-01	6.220102e+00
9.861933e-03	-1.507230e-01	-1.507604e-01	-1.307113e-01	6.481585e-01	6.694576e-01	4.871221e-01	6.216834e+00
9.857072e-03	-1.507223e-01	-1.507597e-01	-1.307120e-01	6.481582e-01	6.694602e-01	4.871312e-01	6.213565e+00
9.852217e-03	-1.507216e-01	-1.507590e-01	-1.307126e-01	6.481580e-01	6.694628e-01	4.871403e-01	6.210298e+00
9.847366e-03	-1.507209e-01	-1.507583e-01	-1.307133e-01	6.481578e-01	6.694654e-01	4.871493e-01	6.207030e+00
9.842520e-03	-1.507202e-01	-1.507576e-01	-1.307139e-01	6.481575e-01	6.694680e-01	4.871583e-01	6.203762e+00
9.837678e-03	-1.507195e-01	-1.507570e-01	-1.307146e-01	6.481573e-01	6.694705e-01	4.871673e-01	6.200494e+00
9.832842e-03	-1.507188e-01	-1.507563e-01	-1.307152e-01	6.481570e-01	6.694731e-01	4.871763e-01	6.197226e+00
9.828010e-03	-1.507182e-01	-1.507556e-01	-1.307159e-01	6.481567e-01	6.694756e-01	4.871852e-01	6.193959e+00
9.823183e-03	-1.507175e-01	-1.507549e-01	-1.307165e-01	6.481564e-01	6.694781e-01	4.871941e-01	6.190691e+00
9.818360e-03	-1.507168e-01	-1.507542e-01	-1.307172e-01	6.481561e-01	6.694806e-01	4.872030e-01	6.187423e+00
9.813543e-03	-1.507161e-01	-1.507535e-01	-1.307179e-01	6.481558e-01	6.694831e-01	4.872119e-01	6.184156e+00
9.808730e-03	-1.507154e-01	-1.507529e-01	-1.307185e-01	6.481555e-01	6.694855e-01	4.872207e-01	6.180887e+00
9.803922e-03	-1.507148e-01	-1.507522e-01	-1.307192e-01	6.481552e-01	6.694880e-01	4.872295e-01	6.177619e+00
9.799118e-03	-1.507141e-01	-1.507515e-01	-1.307198e-01	6.481548e-01	6.694904e-01	4.872382e-01	6.174351e+00
9.794319e-03	-1.507134e-01	-1.507508e-01	-1.307205e-01	6.481545e-01	6.694928e-01	4.872470e-01	6.171083e+00
9.789525e-03	-1.507127e-01	-1.507502e-01	-1.307211e-01	6.481541e-01	6.694952e-01	4.872557e-01	6.167814e+00
9.784736e-03	-1.507121e-01	-1.507495e-01	-1.307218e-01	6.481538e-01	6.694976e-01	4.872644e-01	6.164545e+00
9.779951e-03	-1.507114e-01	-1.507488e-01	-1.307225e-01	6.481534e-01	6.695000e-01	4.872730e-01	6.161275e+00
9.775171e-03	-1.507107e-01	-1.507482e-01	-1.307231e-01	6.481530e-01	6.695024e-01	4.872817e-01	6.158006e+00
9.770396e-03	-1.507101e-01	-1.507475e-01	-1.307238e-01	6.481526e-01	6.695047e-01	4.872903e-01	6.154736e+00
9.765625e-03	-1.507094e-01	-1.507469e-01	-1.307244e-01	6.481522e-01	6.695070e-01	4.872989e-01	6.151465e+00
9.760859e-03	-1.507088e-01	-1.507462e-01	-1.307251e-01	6.481518e-01	6.695094e-01	4.873074e-01	6.148194e+00
9.756098e-03	-1.507081e-01	-1.507455e-01	-1.307257e-01	6.481514e-01	6.695117e-01	4.873159e-01	6.144922e+00
9.751341e-03	-1.507075e-01	-1.507449e-01	-1.307264e-01	6.481509e-01	6.695140e-01	4.873244e-01	6.141649e+00
9.746589e-03	-1.507068e-01	-1.507442e-01	-1.307270e-01	6.481505e-01	6.695162e-01	4.873329e-01	6.138376e+00
9.741841e-03	-1.507062e-01	-1.507436e-01	-1.307277e-01	6.481500e-01	6.695185e-01	4.873414e-01	6.135102e+00
9.737098e-03	-1.507055e-01	-1.507430e-01	-1.307284e-01	6.481496e-01	6.695207e-01	4.873498e-01	6.131828e+00
9.732360e-03	-1.507049e-01	-1.507423e-01	-1.307290e-01	6.481491e-01	6.695230e-01	4.873582e-01	6.128553e+00
9.727626e-03	-1.507042e-01	-1.507417e-01	-1.307297e-01	6.481486e-01	6.695252e-01	4.873665e-01	6.125276e+00
9.722897e-03	-1.507036e-01	-1.507410e-01	-1.307303e-01	6.481481e-01	6.695274e-01	4.873749e-01	6.121999e+00
9.718173e-03	-1.507030e-01	-1.507404e-01	-1.307310e-01	6.481476e-01	6.695296e-01	4.873832e-01	6.118721e+00
9.713453e-03	-1.507023e-01	-1.507398e-01	-1.307316e-01	6.481471e-01	6.695318e-01	4.873915e-01	6.115443e+00
9.708738e-03	-1.507017e-01	-1.507391e-01	-1.307323e-01	6.481466e-01	6.695339e-01	4.873998e-01	6.112163e+00
9.704027e-03	-1.507011e-01	-1.507385e-01	-1.307330e-01	6.481461e-01	6.695361e-01	4.874080e-01	6.108882e+00
9.699321e-03	-1.507005e-01	-1.507379e-01	-1.307336e-01	6.481456e-01	6.695382e-01	4.874162e-01	6.105600e+00
9.694619e-03	-1.506998e-01	-1.507373e-01	-1.307343e-01	6.481450e-01	6.695403e-01	4.874244e-01	6.102317e+00
9.689922e-03	-1.506992e-01	-1.507366e-01	-1.307349e-01	6.481445e-01	6.695424e-01	4.874325e-01	6.099033e+00
9.685230e-03	-1.506986e-01	-1.507360e-01	-1.307356e-01	6.481439e-01	6.695445e-01	4.874407e-01	6.095748e+00
9.680542e-03	-1.506980e-01	-1.507354e-01	-1.307362e-01	6.481434e-01	6.695466e-01	4.874488e-01	6.092462e+00
9.675859e-03	-1.506974e-01	-1.507348e-01	-1.307369e-01	6.481428e-01	6.695487e-01	4.874569e-01	6.089175e+00
9.671180e-03	-1.506967e-01	-1.507342e-01	-1.307376e-01	6.481422e-01	6.695507e-01	4.874649e-01	6.085887e+00
9.666506e-03	-1.506961e-01	-1.507336e-01	-1.307382e-01	6.481416e-01	6.695528e-01	4.874730e-01	6.082598e+00
9.661836e-03	-1.506955e-01	-1.507330e-01	-1.307389e-01	6.481410e-01	6.695548e-01	4.874810e-01	6.079308e+00
9.657170e-03	-1.506949e-01	-1.507323e-01	-1.307395e-01	6.481404e-01	6.695568e-01	4.874889e-01	6.076017e+00
9.652510e-03	-1.506943e-01	-1.507317e-01	-1.307402e-01	6.481398e-01	6.695588e-01	4.874969e-01	6.072725e+00
9.647853e-03	-1.506937e-01	-1.507311e-01	-1.307408e-01	6.481391e-01	6.695608e-01	4.875048e-01	6.069433e+00
9.643202e-03	-1.506931e-01	-1.507305e-01	-1.307415e-01	6.481385e-01	6.695627e-01	4.875127e-01	6.066139e+00
9.638554e-03	-1.506925e-01	-1.507299e-01	-1.307421e-01	6.481378e-01	6.695647e-01	4.875206e-01	6.062844e+00
9.633911e-03	-1.506919e-01	-1.507293e-01	-1.307428e-01	6.481372e-01	6.695666e-01	4.875285e-01	6.059549e+00
9.629273e-03	-1.506913e-01	-1.507288e-01	-1.307435e-01	6.481365e-01	6.695686e-01	4.875363e-01	6.056252e+00
9.624639e-03	-1.506907e-01	-1.507282e-01	-1.307441e-01	6.481359e-01	6.695705e-01	4.875441e-01	6.052955e+00
9.620010e-03	-1.506901e-01	-1.507276e-01	-1.307448e-01	6.481352e-01	6.695724e-01	4.875519e-01	6.049657e+00
9.615385e-03	-1.506895e-01	-1.507270e-01	-1.307454e-01	6.481345e-01	6.695743e-01	4.875596e-01	6.046359e+00
9.610764e-03	-1.506890e-01	-1.507264e-01	-1.307461e-01	6.481338e-01	6.695762e-01	4.875674e-01	6.043060e+00
9.606148e-03	-1.506884e-01	-1.507258e-01	-1.307467e-01	6.481331e-01	6.695780e-01	4.875751e-01	6.039760e+00
9.601536e-03	-1.506878e-01	-1.507252e-01	-1.307474e-01	6.481324e-01	6.695799e-01	4.875828e-01	6.036460e+00
9.596929e-03	-1.506872e-01	-1.507247e-01	-1.307481e-01	6.481317e-01	6.695817e-01	4.875904e-01	6.033159e+00
9.592326e-03	-1.506866e-01	-1.507241e-01	-1.307487e-01	6.481309e-01	6.695835e-01	4.875981e-01	6.029858e+00
9.587728e-03	-1.506861e-01	-1.507235e-01	-1.307494e-01	6.481302e-01	6.695853e-01	4.876057e-01	6.026557e+00
9.583134e-03	-1.506855e-01	-1.507229e-01	-1.307500e-01	6.481294e-01	6.695871e-01	4.876132e-01	6.023255e+00
9.578544e-03	-1.506849e-01	-1.507224e-01	-1.307507e-01	6.481287e-01	6.695889e-01	4.876208e-01	6.019953e+00
9.573959e-03	-1.506843e-01	-1.507218e-01	-1.307513e-01	6.481279e-01	6.695907e-01	4.876283e-01	6.016651e+00
9.569378e-03	-1.506838e-01	-1.507212e-01	-1.307520e-01	6.481272e-01	6.695925e-01	4.876359e-01	6.013348e+00
9.564802e-03	-1.506832e-01	-1.507207e-01	-1.307526e-01	6.481264e-01	6.695942e-01	4.876433e-01	6.010045e+00
9.560229e-03	-1.506826e-01	-1.507201e-01	-1.307533e-01	6.481256e-01	6.695959e-01	4.876508e-01	6.006742e+00
9.555662e-03	-1.506821e-01	-1.507195e-01	-1.307540e-01	6.481248e-01	6.695977e-01	4.876582e-01	6.003440e+00
9.551098e-03	-1.506815e-01	-1.507190e-01	-1.307546e-01	6.481240e-01	6.695994e-01	4.876657e-01	6.000136e+00
9.546539e-03	-1.506810e-01	-1.507184e-01	-1.307553e-01	6.481232e-01	6.696011e-01	4.876730e-01	5.996833e+00
9.541985e-03	-1.506804e-01	-1.507179e-01	-1.307559e-01	6.481224e-01	6.696027e-01	4.876804e-01	5.993531e+00
9.537434e-03	-1.506799e-01	-1.507173e-01	-1.307566e-01	6.481215e-01	6.696044e-01	4.876878e-01	5.990228e+00
9.532888e-03	-1.506793e-01	-1.507168e-01	-1.307572e-01	6.481207e-01	6.696061e-01	4.876951e-01	5.986925e+00
9.528347e-03	-1.506788e-01	-1.507162e-01	-1.307579e-01	6.481199e-01	6.696077e-01	4.877024e-01	5.983622e+00
9.523810e-03	-1.506782e-01	-1.507157e-01	-1.307585e-01	6.481190e-01	6.696093e-01	4.877096e-01	5.980320e+00
9.519277e-03	-1.506777e-01	-1.507151e-01	-1.307592e-01	6.481182e-01	6.696110e-01	4.877169e-01	5.977018e+00
9.514748e-03	-1.506771e-01	-1.507146e-01	-1.307599e-01	6.481173e-01	6.696126e-01	4.877241e-01	5.973716e+00
9.510223e-03	-1.506766e-01	-1.507140e-01	-1.307605e-01	6.481164e-01	6.696142e-01	4.877313e-01	5.970414e+00
9.505703e-03	-1.506760e-01	-1.507135e-01	-1.307612e-01	6.481155e-01	6.696157e-01	4.877385e-01	5.967113e+00
9.501188e-03	-1.506755e-01	-1.507130e-01	-1.307618e-01	6.481147e-01	6.696173e-01	4.877456e-01	5.963812e+00
9.496676e-03	-1.506750e-01	-1.507124e-01	-1.307625e-01	6.481138e-01	6.696189e-01	4.877528e-01	5.960511e+00
9.492169e-03	-1.506744e-01	-1.507119e-01	-1.307631e-01	6.481129e-01	6.696204e-01	4.877599e-01	5.957211e+00
9.487666e-03	-1.506739e-01	-1.507114e-01	-1.307638e-01	6.481119e-01	6.696219e-01	4.877670e-01	5.953911e+00
9.483167e-03	-1.506734e-01	-1.507108e-01	-1.307644e-01	6.481110e-01	6.696235e-01	4.877740e-01	5.950612e+00
9.478673e-03	-1.506728e-01	-1.507103e-01	-1.307651e-01	6.481101e-01	6.696250e-01	4.877811e-01	5.947312e+00
9.474183e-03	-1.506723e-01	-1.507098e-01	-1.307658e-01	6.481092e-01	6.696265e-01	4.877881e-01	5.944013e+00
9.469697e-03	-1.506718e-01	-1.507093e-01	-1.307664e-01	6.481082e-01	6.696279e-01	4.877951e-01	5.940715e+00
9.465215e-03	-1.506713e-01	-1.507087e-01	-1.307671e-01	6.481073e-01	6.696294e-01	4.878020e-01	5.937417e+00
9.460738e-03	-1.506708e-01	-1.507082e-01	-1.307677e-01	6.481063e-01	6.696309e-01	4.878090e-01	5.934120e+00
9.456265e-03	-1.506702e-01	-1.507077e-01	-1.307684e-01	6.481054e-01	6.696323e-01	4.878159e-01	5.930823e+00
9.451796e-03	-1.506697e-01	-1.507072e-01	-1.307690e-01	6.481044e-01	6.696338e-01	4.878228e-01	5.927527e+00
9.447331e-03	-1.506692e-01	-1.507067e-01	-1.307697e-01	6.481034e-01	6.696352e-01	4.878297e-01	5.924230e+00
9.442871e-03	-1.506687e-01	-1.507062e-01	-1.307703e-01	6.481024e-01	6.696366e-01	4.878365e-01	5.920936e+00
9.438414e-03	-1.506682e-01	-1.507056e-01	-1.307710e-01	6.481014e-01	6.696380e-01	4.878434e-01	5.917640e+00
9.433962e-03	-1.506677e-01	-1.507051e-01	-1.307716e-01	6.481004e-01	6.696394e-01	4.878502e-01	5.914346e+00
9.429514e-03	-1.506672e-01	-1.507046e-01	-1.307723e-01	6.480994e-01	6.696407e-01	4.878570e-01	5.911052e+00
9.425071e-03	-1.506667e-01	-1.507041e-01	-1.307729e-01	6.480984e-01	6.696421e-01	4.878637e-01	5.907759e+00
9.420631e-03	-1.506662e-01	-1.507036e-01	-1.307736e-01	6.480974e-01	6.696435e-01	4.878705e-01	5.904466e+00
9.416196e-03	-1.506657e-01	-1.507031e-01	-1.307743e-01	6.480964e-01	6.696448e-01	4.878772e-01	5.901174e+00
9.411765e-03	-1.506652e-01	-1.507026e-01	-1.307749e-01	6.480953e-01	6.696461e-01	4.878839e-01	5.897882e+00
9.407338e-03	-1.506647e-01	-1.507021e-01	-1.307756e-01	6.480943e-01	6.696474e-01	4.878906e-01	5.894591e+00
9.402915e-03	-1.506642e-01	-1.507016e-01	-1.307762e-01	6.480932e-01	6.696487e-01	4.878972e-01	5.891300e+00
9.398496e-03	-1.506637e-01	-1.507011e-01	-1.307769e-01	6.480922e-01	6.696500e-01	4.879039e-01	5.888010e+00
9.394082e-03	-1.506632e-01	-1.507006e-01	-1.307775e-01	6.480911e-01	6.696513e-01	4.879105e-01	5.884721e+00
9.389671e-03	-1.506627e-01	-1.507002e-01	-1.307782e-01	6.480901e-01	6.696526e-01	4.879170e-01	5.881432e+00
9.385265e-03	-1.506622e-01	-1.506997e-01	-1.307788e-01	6.480890e-01	6.696538e-01	4.879236e-01	5.878144e+00
9.380863e-03	-1.506617e-01	-1.506992e-01	-1.307795e-01	6.480879e-01	6.696551e-01	4.879302e-01	5.874856e+00
9.376465e-03	-1.506612e-01	-1.506987e-01	-1.307801e-01	6.480868e-01	6.696563e-01	4.879367e-01	5.871568e+00
9.372071e-03	-1.506607e-01	-1.506982e-01	-1.307808e-01	6.480857e-01	6.696575e-01	4.879432e-01	5.868282e+00
9.367681e-03	-1.506603e-01	-1.506977e-01	-1.307814e-01	6.480846e-01	6.696588e-01	4.879496e-01	5.864996e+00
9.363296e-03	-1.506598e-01	-1.506973e-01	-1.307821e-01	6.480835e-01	6.696600e-01	4.879561e-01	5.861710e+00
9.358914e-03	-1.506593e-01	-1.506968e-01	-1.307827e-01	6.480824e-01	6.696611e-01	4.879625e-01	5.858425e+00
9.354537e-03	-1.506588e-01	-1.506963e-01	-1.307834e-01	6.480813e-01	6.696623e-01	4.879689e-01	5.855141e+00
9.350164e-03	-1.506584e-01	-1.506958e-01	-1.307840e-01	6.480801e-01	6.696635e-01	4.879753e-01	5.851857e+00
9.345794e-03	-1.506579e-01	-1.506954e-01	-1.307847e-01	6.480790e-01	6.696646e-01	4.879817e-01	5.848574e+00
9.341429e-03	-1.506574e-01	-1.506949e-01	-1.307854e-01	6.480778e-01	6.696658e-01	4.879881e-01	5.845291e+00
9.337068e-03	-1.506569e-01	-1.506944e-01	-1.307860e-01	6.480767e-01	6.696669e-01	4.879944e-01	5.842009e+00
9.332711e-03	-1.506565e-01	-1.506940e-01	-1.307867e-01	6.480755e-01	6.696680e-01	4.880007e-01	5.838727e+00
9.328358e-03	-1.506560e-01	-1.506935e-01	-1.307873e-01	6.480744e-01	6.696691e-01	4.880070e-01	5.835447e+00
9.324009e-03	-1.506555e-01	-1.506930e-01	-1.307880e-01	6.480732e-01	6.696702e-01	4.880132e-01	5.832166e+00
9.319664e-03	-1.506551e-01	-1.506926e-01	-1.307886e-01	6.480720e-01	6.696713e-01	4.880195e-01	5.828886e+00
9.315324e-03	-1.506546e-01	-1.506921e-01	-1.307893e-01	6.480708e-01	6.696724e-01	4.880257e-01	5.825607e+00
9.310987e-03	-1.506542e-01	-1.506917e-01	-1.307899e-01	6.480696e-01	6.696735e-01	4.880319e-01	5.822329e+00
9.306654e-03	-1.506537e-01	-1.506912e-01	-1.307906e-01	6.480684e-01	6.696745e-01	4.880381e-01	5.819051e+00
9.302326e-03	-1.506533e-01	-1.506907e-01	-1.307912e-01	6.480672e-01	6.696756e-01	4.880442e-01	5.815774e+00
9.298001e-03	-1.506528e-01	-1.506903e-01	-1.307919e-01	6.480660e-01	6.696766e-01	4.880503e-01	5.812496e+00
9.293680e-03	-1.506524e-01	-1.506898e-01	-1.307925e-01	6.480648e-01	6.696776e-01	4.880565e-01	5.809221e+00
9.289364e-03	-1.506519e-01	-1.506894e-01	-1.307932e-01	6.480636e-01	6.696786e-01	4.880625e-01	5.805945e+00
9.285051e-03	-1.506515e-01	-1.506889e-01	-1.307938e-01	6.480624e-01	6.696796e-01	4.880686e-01	5.802670e+00
9.280742e-03	-1.506510e-01	-1.506885e-01	-1.307945e-01	6.480611e-01	6.696806e-01	4.880747e-01	5.799395e+00
9.276438e-03	-1.506506e-01	-1.506881e-01	-1.307951e-01	6.480599e-01	6.696816e-01	4.880807e-01	5.796122e+00
9.272137e-03	-1.506501e-01	-1.506876e-01	-1.307958e-01	6.480586e-01	6.696826e-01	4.880867e-01	5.792849e+00
9.267841e-03	-1.506497e-01	-1.506872e-01	-1.307964e-01	6.480574e-01	6.696835e-01	4.880927e-01	5.789576e+00
9.263548e-03	-1.506492e-01	-1.506867e-01	-1.307971e-01	6.480561e-01	6.696845e-01	4.880987e-01	5.786304e+00
9.259259e-03	-1.506488e-01	-1.506863e-01	-1.307977e-01	6.480549e-01	6.696854e-01	4.881046e-01	5.783033e+00
9.254975e-03	-1.506484e-01	-1.506859e-01	-1.307984e-01	6.480536e-01	6.696863e-01	4.881105e-01	5.779762e+00
9.250694e-03	-1.506479e-01	-1.506854e-01	-1.307990e-01	6.480523e-01	6.696872e-01	4.881164e-01	5.776492e+00
9.246417e-03	-1.506475e-01	-1.506850e-01	-1.307997e-01	6.480510e-01	6.696882e-01	4.881223e-01	5.773223e+00
9.242144e-03	-1.506471e-01	-1.506846e-01	-1.308003e-01	6.480497e-01	6.696890e-01	4.881282e-01	5.769954e+00
9.237875e-03	-1.506467e-01	-1.506841e-01	-1.308010e-01	6.480484e-01	6.696899e-01	4.881340e-01	5.766687e+00
9.233610e-03	-1.506462e-01	-1.506837e-01	-1.308016e-01	6.480471e-01	6.696908e-01	4.881399e-01	5.763419e+00
9.229349e-03	-1.506458e-01	-1.506833e-01	-1.308023e-01	6.480458e-01	6.696917e-01	4.881457e-01	5.760153e+00
9.225092e-03	-1.506454e-01	-1.506829e-01	-1.308029e-01	6.480445e-01	6.696925e-01	4.881514e-01	5.756887e+00
9.220839e-03	-1.506450e-01	-1.506825e-01	-1.308036e-01	6.480432e-01	6.696934e-01	4.881572e-01	5.753622e+00
9.216590e-03	-1.506445e-01	-1.506820e-01	-1.308042e-01	6.480419e-01	6.696942e-01	4.881630e-01	5.750357e+00
9.212345e-03	-1.506441e-01	-1.506816e-01	-1.308049e-01	6.480405e-01	6.696950e-01	4.881687e-01	5.747093e+00
9.208103e-03	-1.506437e-01	-1.506812e-01	-1.308055e-01	6.480392e-01	6.696958e-01	4.881744e-01	5.743830e+00
9.203866e-03	-1.506433e-01	-1.506808e-01	-1.308062e-01	6.480378e-01	6.696966e-01	4.881801e-01	5.740567e+00
9.199632e-03	-1.506429e-01	-1.506804e-01	-1.308068e-01	6.480365e-01	6.696974e-01	4.881857e-01	5.737306e+00
9.195402e-03	-1.506425e-01	-1.506800e-01	-1.308074e-01	6.480351e-01	6.696982e-01	4.881914e-01	5.734044e+00
9.191176e-03	-1.506420e-01	-1.506795e-01	-1.308081e-01	6.480338e-01	6.696989e-01	4.881970e-01	5.730785e+00
9.186955e-03	-1.506416e-01	-1.506791e-01	-1.308087e-01	6.480324e-01	6.696997e-01	4.882026e-01	5.727525e+00
9.182736e-03	-1.506412e-01	-1.506787e-01	-1.308094e-01	6.480310e-01	6.697005e-01	4.882082e-01	5.724266e+00
9.178522e-03	-1.506408e-01	-1.506783e-01	-1.308100e-01	6.480296e-01	6.697012e-01	4.882137e-01	5.721009e+00
9.174312e-03	-1.506404e-01	-1.506779e-01	-1.308107e-01	6.480283e-01	6.697019e-01	4.882193e-01	5.717751e+00
9.170105e-03	-1.506400e-01	-1.506775e-01	-1.308113e-01	6.480269e-01	6.697026e-01	4.882248e-01	5.714495e+00
9.165903e-03	-1.506396e-01	-1.506771e-01	-1.308120e-01	6.480255e-01	6.697033e-01	4.882303e-01	5.711239e+00
9.161704e-03	-1.506392e-01	-1.506767e-01	-1.308126e-01	6.480241e-01	6.697040e-01	4.882358e-01	5.707984e+00
9.157509e-03	-1.506388e-01	-1.506763e-01	-1.308133e-01	6.480227e-01	6.697047e-01	4.882413e-01	5.704731e+00
9.153318e-03	-1.506384e-01	-1.506759e-01	-1.308139e-01	6.480212e-01	6.697054e-01	4.882467e-01	5.701478e+00
9.149131e-03	-1.506380e-01	-1.506755e-01	-1.308146e-01	6.480198e-01	6.697061e-01	4.882521e-01	5.698225e+00
9.144947e-03	-1.506376e-01	-1.506751e-01	-1.308152e-01	6.480184e-01	6.697067e-01	4.882576e-01	5.694974e+00
9.140768e-03	-1.506372e-01	-1.506748e-01	-1.308159e-01	6.480170e-01	6.697074e-01	4.882629e-01	5.691723e+00
9.136592e-03	-1.506369e-01	-1.506744e-01	-1.308165e-01	6.480155e-01	6.697080e-01	4.882683e-01	5.688474e+00
9.132420e-03	-1.506365e-01	-1.506740e-01	-1.308171e-01	6.480141e-01	6.697086e-01	4.882737e-01	5.685225e+00
9.128252e-03	-1.506361e-01	-1.506736e-01	-1.308178e-01	6.480126e-01	6.697093e-01	4.882790e-01	5.681977e+00
9.124088e-03	-1.506357e-01	-1.506732e-01	-1.308184e-01	6.480112e-01	6.697099e-01	4.882843e-01	5.678730e+00
9.119927e-03	-1.506353e-01	-1.506728e-01	-1.308191e-01	6.480097e-01	6.697105e-01	4.882896e-01	5.675484e+00
9.115770e-03	-1.506349e-01	-1.506724e-01	-1.308197e-01	6.480083e-01	6.697111e-01	4.882949e-01	5.672239e+00
9.111617e-03	-1.506346e-01	-1.506721e-01	-1.308204e-01	6.480068e-01	6.697116e-01	4.883001e-01	5.668994e+00
9.107468e-03	-1.506342e-01	-1.506717e-01	-1.308210e-01	6.480053e-01	6.697122e-01	4.883054e-01	5.665752e+00
9.103323e-03	-1.506338e-01	-1.506713e-01	-1.308217e-01	6.480038e-01	6.697128e-01	4.883106e-01	5.662509e+00
9.099181e-03	-1.506334e-01	-1.506709e-01	-1.308223e-01	6.480024e-01	6.697133e-01	4.883158e-01	5.659268e+00
9.095043e-03	-1.506330e-01	-1.506706e-01	-1.308229e-01	6.480009e-01	6.697139e-01	4.883210e-01	5.656027e+00
9.090909e-03	-1.506327e-01	-1.506702e-01	-1.308236e-01	6.479994e-01	6.697144e-01	4.883261e-01	5.652788e+00
9.086779e-03	-1.506323e-01	-1.506698e-01	-1.308242e-01	6.479979e-01	6.697149e-01	4.883313e-01	5.649549e+00
9.082652e-03	-1.506319e-01	-1.506695e-01	-1.308249e-01	6.479964e-01	6.697154e-01	4.883364e-01	5.646312e+00
9.078529e-03	-1.506316e-01	-1.506691e-01	-1.308255e-01	6.479948e-01	6.697159e-01	4.883415e-01	5.643076e+00
9.074410e-03	-1.506312e-01	-1.506687e-01	-1.308262e-01	6.479933e-01	6.697164e-01	4.883466e-01	5.639840e+00
9.070295e-03	-1.506308e-01	-1.506684e-01	-1.308268e-01	6.479918e-01	6.697169e-01	4.883516e-01	5.636606e+00
9.066183e-03	-1.506305e-01	-1.506680e-01	-1.308275e-01	6.479903e-01	6.697174e-01	4.883567e-01	5.633373e+00
9.062075e-03	-1.506301e-01	-1.506676e-01	-1.308281e-01	6.479887e-01	6.697179e-01	4.883617e-01	5.630141e+00
9.057971e-03	-1.506298e-01	-1.506673e-01	-1.308287e-01	6.479872e-01	6.697183e-01	4.883667e-01	5.626909e+00
9.053871e-03	-1.506294e-01	-1.506669e-01	-1.308294e-01	6.479857e-01	6.697188e-01	4.883717e-01	5.623679e+00
9.049774e-03	-1.506290e-01	-1.506666e-01	-1.308300e-01	6.479841e-01	6.697192e-01	4.883767e-01	5.620451e+00
9.045681e-03	-1.506287e-01	-1.506662e-01	-1.308307e-01	6.479826e-01	6.697196e-01	4.883817e-01	5.617222e+00
9.041591e-03	-1.506283e-01	-1.506659e-01	-1.308313e-01	6.479810e-01	6.697200e-01	4.883866e-01	5.613996e+00
9.037506e-03	-1.506280e-01	-1.506655e-01	-1.308319e-01	6.479794e-01	6.697204e-01	4.883915e-01	5.610770e+00
9.033424e-03	-1.506276e-01	-1.506652e-01	-1.308326e-01	6.479779e-01	6.697208e-01	4.883964e-01	5.607546e+00
9.029345e-03	-1.506273e-01	-1.506648e-01	-1.308332e-01	6.479763e-01	6.697212e-01	4.884013e-01	5.604322e+00
9.025271e-03	-1.506269e-01	-1.506645e-01	-1.308339e-01	6.479747e-01	6.697216e-01	4.884062e-01	5.601100e+00
9.021200e-03	-1.506266e-01	-1.506641e-01	-1.308345e-01	6.479731e-01	6.697220e-01	4.884110e-01	5.597879e+00
9.017133e-03	-1.506262e-01	-1.506638e-01	-1.308352e-01	6.479715e-01	6.697224e-01	4.884158e-01	5.594659e+00
9.013069e-03	-1.506259e-01	-1.506634e-01	-1.308358e-01	6.479700e-01	6.697227e-01	4.884207e-01	5.591440e+00
9.009009e-03	-1.506255e-01	-1.506631e-01	-1.308364e-01	6.479684e-01	6.697231e-01	4.884255e-01	5.588222e+00
9.004953e-03	-1.506252e-01	-1.506627e-01	-1.308371e-01	6.479668e-01	6.697234e-01	4.884302e-01	5.585006e+00
9.000900e-03	-1.506249e-01	-1.506624e-01	-1.308377e-01	6.479651e-01	6.697237e-01	4.884350e-01	5.581791e+00
8.996851e-03	-1.506245e-01	-1.506621e-01	-1.308384e-01	6.479635e-01	6.697240e-01	4.884397e-01	5.578577e+00
8.992806e-03	-1.506242e-01	-1.506617e-01	-1.308390e-01	6.479619e-01	6.697244e-01	4.884445e-01	5.575365e+00
8.988764e-03	-1.506239e-01	-1.506614e-01	-1.308396e-01	6.479603e-01	6.697247e-01	4.884492e-01	5.572153e+00
8.984726e-03	-1.506235e-01	-1.506611e-01	-1.308403e-01	6.479587e-01	6.697249e-01	4.884538e-01	5.568943e+00
8.980692e-03	-1.506232e-01	-1.506607e-01	-1.308409e-01	6.479570e-01	6.697252e-01	4.884585e-01	5.565734e+00
8.976661e-03	-1.506229e-01	-1.506604e-01	-1.308416e-01	6.479554e-01	6.697255e-01	4.884632e-01	5.562526e+00
8.972633e-03	-1.506225e-01	-1.506601e-01	-1.308422e-01	6.479538e-01	6.697258e-01	4.884678e-01	5.559320e+00
8.968610e-03	-1.506222e-01	-1.506597e-01	-1.308428e-01	6.479521e-01	6.697260e-01	4.884724e-01	5.556115e+00
8.964590e-03	-1.506219e-01	-1.506594e-01	-1.308435e-01	6.479505e-01	6.697263e-01	4.884770e-01	5.552911e+00
8.960573e-03	-1.506216e-01	-1.506591e-01	-1.308441e-01	6.479488e-01	6.697265e-01	4.884816e-01	5.549708e+00
8.956561e-03	-1.506212e-01	-1.506588e-01	-1.308447e-01	6.479471e-01	6.697268e-01	4.884862e-01	5.546507e+00
8.952551e-03	-1.506209e-01	-1.506585e-01	-1.308454e-01	6.479455e-01	6.697270e-01	4.884907e-01	5.543307e+00
8.948546e-03	-1.506206e-01	-1.506581e-01	-1.308460e-01	6.479438e-01	6.697272e-01	4.884952e-01	5.540109e+00
8.944544e-03	-1.506203e-01	-1.506578e-01	-1.308467e-01	6.479421e-01	6.697274e-01	4.884998e-01	5.536911e+00
8.940545e-03	-1.506199e-01	-1.506575e-01	-1.308473e-01	6.479405e-01	6.697276e-01	4.885043e-01	5.533715e+00
8.936550e-03	-1.506196e-01	-1.506572e-01	-1.308479e-01	6.479388e-01	6.697278e-01	4.885087e-01	5.530521e+00
8.932559e-03	-1.506193e-01	-1.506569e-01	-1.308486e-01	6.479371e-01	6.697280e-01	4.885132e-01	5.527328e+00
8.928571e-03	-1.506190e-01	-1.506566e-01	-1.308492e-01	6.479354e-01	6.697281e-01	4.885176e-01	5.524136e+00
8.924587e-03	-1.506187e-01	-1.506562e-01	-1.308498e-01	6.479337e-01	6.697283e-01	4.885221e-01	5.520946e+00
8.920607e-03	-1.506184e-01	-1.506559e-01	-1.308505e-01	6.479320e-01	6.697284e-01	4.885265e-01	5.517757e+00
8.916630e-03	-1.506181e-01	-1.506556e-01	-1.308511e-01	6.479303e-01	6.697286e-01	4.885309e-01	5.514569e+00
8.912656e-03	-1.506178e-01	-1.506553e-01	-1.308517e-01	6.479286e-01	6.697287e-01	4.885352e-01	5.511383e+00
8.908686e-03	-1.506175e-01	-1.506550e-01	-1.308524e-01	6.479269e-01	6.697289e-01	4.885396e-01	5.508198e+00
8.904720e-03	-1.506171e-01	-1.506547e-01	-1.308530e-01	6.479252e-01	6.697290e-01	4.885439e-01	5.505015e+00
8.900757e-03	-1.506168e-01	-1.506544e-01	-1.308537e-01	6.479234e-01	6.697291e-01	4.885483e-01	5.501833e+00
8.896797e-03	-1.506165e-01	-1.506541e-01	-1.308543e-01	6.479217e-01	6.697292e-01	4.885526e-01	5.498652e+00
8.892841e-03	-1.506162e-01	-1.506538e-01	-1.308549e-01	6.479200e-01	6.697293e-01	4.885569e-01	5.495473e+00
8.888889e-03	-1.506159e-01	-1.506535e-01	-1.308556e-01	6.479182e-01	6.697294e-01	4.885611e-01	5.492296e+00
8.884940e-03	-1.506156e-01	-1.506532e-01	-1.308562e-01	6.479165e-01	6.697295e-01	4.885654e-01	5.489120e+00
8.880995e-03	-1.506153e-01	-1.506529e-01	-1.308568e-01	6.479147e-01	6.697295e-01	4.885696e-01	5.485945e+00
8.877053e-03	-1.506150e-01	-1.506526e-01	-1.308575e-01	6.479130e-01	6.697296e-01	4.885739e-01	5.482772e+00
8.873114e-03	-1.506148e-01	-1.506523e-01	-1.308581e-01	6.479112e-01	6.697296e-01	4.885781e-01	5.479600e+00
8.869180e-03	-1.506145e-01	-1.506520e-01	-1.308587e-01	6.479095e-01	6.697297e-01	4.885823e-01	5.476430e+00
8.865248e-03	-1.506142e-01	-1.506517e-01	-1.308594e-01	6.479077e-01	6.697297e-01	4.885864e-01	5.473262e+00
8.861320e-03	-1.506139e-01	-1.506514e-01	-1.308600e-01	6.479060e-01	6.697298e-01	4.885906e-01	5.470095e+00
8.857396e-03	-1.506136e-01	-1.506512e-01	-1.308606e-01	6.479042e-01	6.697298e-01	4.885947e-01	5.466929e+00
8.853475e-03	-1.506133e-01	-1.506509e-01	-1.308613e-01	6.479024e-01	6.697298e-01	4.885989e-01	5.463766e+00
8.849558e-03	-1.506130e-01	-1.506506e-01	-1.308619e-01	6.479006e-01	6.697298e-01	4.886030e-01	5.460603e+00
8.845644e-03	-1.506127e-01	-1.506503e-01	-1.308625e-01	6.478989e-01	6.697298e-01	4.886071e-01	5.457443e+00
8.841733e-03	-1.506124e-01	-1.506500e-01	-1.308632e-01	6.478971e-01	6.697298e-01	4.886112e-01	5.454284e+00
8.837826e-03	-1.506122e-01	-1.506497e-01	-1.308638e-01	6.478953e-01	6.697298e-01	4.886152e-01	5.451126e+00
8.833922e-03	-1.506119e-01	-1.506495e-01	-1.308644e-01	6.478935e-01	6.697297e-01	4.886193e-01	5.447970e+00
8.830022e-03	-1.506116e-01	-1.506492e-01	-1.308651e-01	6.478917e-01	6.697297e-01	4.886233e-01	5.444816e+00
8.826125e-03	-1.506113e-01	-1.506489e-01	-1.308657e-01	6.478899e-01	6.697297e-01	4.886273e-01	5.441663e+00
8.822232e-03	-1.506110e-01	-1.506486e-01	-1.308663e-01	6.478881e-01	6.697296e-01	4.886313e-01	5.438513e+00
8.818342e-03	-1.506108e-01	-1.506483e-01	-1.308670e-01	6.478863e-01	6.697296e-01	4.886353e-01	5.435363e+00
8.814456e-03	-1.506105e-01	-1.506481e-01	-1.308676e-01	6.478844e-01	6.697295e-01	4.886392e-01	5.432215e+00
8.810573e-03	-1.506102e-01	-1.506478e-01	-1.308682e-01	6.478826e-01	6.697294e-01	4.886432e-01	5.429070e+00
8.806693e-03	-1.506099e-01	-1.506475e-01	-1.308688e-01	6.478808e-01	6.697293e-01	4.886471e-01	5.425925e+00
8.802817e-03	-1.506097e-01	-1.506473e-01	-1.308695e-01	6.478790e-01	6.697292e-01	4.886510e-01	5.422783e+00
8.798944e-03	-1.506094e-01	-1.506470e-01	-1.308701e-01	6.478771e-01	6.697292e-01	4.886550e-01	5.419642e+00
8.795075e-03	-1.506091e-01	-1.506467e-01	-1.308707e-01	6.478753e-01	6.697290e-01	4.886588e-01	5.416503e+00
8.791209e-03	-1.506089e-01	-1.506465e-01	-1.308714e-01	6.478735e-01	6.697289e-01	4.886627e-01	5.413365e+00
8.787346e-03	-1.506086e-01	-1.506462e-01	-1.308720e-01	6.478716e-01	6.697288e-01	4.886666e-01	5.410230e+00
8.783487e-03	-1.506083e-01	-1.506459e-01	-1.308726e-01	6.478698e-01	6.697287e-01	4.886704e-01	5.407096e+00
8.779631e-03	-1.506081e-01	-1.506457e-01	-1.308732e-01	6.478679e-01	6.697286e-01	4.886742e-01	5.403964e+00
8.775779e-03	-1.506078e-01	-1.506454e-01	-1.308739e-01	6.478661e-01	6.697284e-01	4.886780e-01	5.400834e+00
8.771930e-03	-1.506076e-01	-1.506451e-01	-1.308745e-01	6.478642e-01	6.697283e-01	4.886818e-01	5.397705e+00
8.768084e-03	-1.506073e-01	-1.506449e-01	-1.308751e-01	6.478624e-01	6.697281e-01	4.886856e-01	5.394578e+00
8.764242e-03	-1.506070e-01	-1.506446e-01	-1.308758e-01	6.478605e-01	6.697279e-01	4.886894e-01	5.391453e+00
8.760403e-03	-1.506068e-01	-1.506444e-01	-1.308764e-01	6.478586e-01	6.697278e-01	4.886931e-01	5.388330e+00
8.756567e-03	-1.506065e-01	-1.506441e-01	-1.308770e-01	6.478568e-01	6.697276e-01	4.886968e-01	5.385209e+00
8.752735e-03	-1.506063e-01	-1.506439e-01	-1.308776e-01	6.478549e-01	6.697274e-01	4.887005e-01	5.382090e+00
8.748906e-03	-1.506060e-01	-1.506436e-01	-1.308783e-01	6.478530e-01	6.697272e-01	4.887042e-01	5.378972e+00
8.745081e-03	-1.506058e-01	-1.506434e-01	-1.308789e-01	6.478511e-01	6.697270e-01	4.887079e-01	5.375856e+00
8.741259e-03	-1.506055e-01	-1.506431e-01	-1.308795e-01	6.478492e-01	6.697268e-01	4.887116e-01	5.372742e+00
8.737440e-03	-1.506053e-01	-1.506429e-01	-1.308802e-01	6.478473e-01	6.697266e-01	4.887153e-01	5.369631e+00
8.733624e-03	-1.506050e-01	-1.506426e-01	-1.308808e-01	6.478454e-01	6.697263e-01	4.887189e-01	5.366520e+00
8.729812e-03	-1.506048e-01	-1.506424e-01	-1.308814e-01	6.478435e-01	6.697261e-01	4.887225e-01	5.363412e+00
8.726003e-03	-1.506045e-01	-1.506421e-01	-1.308820e-01	6.478416e-01	6.697259e-01	4.887261e-01	5.360306e+00
8.722198e-03	-1.506043e-01	-1.506419e-01	-1.308827e-01	6.478397e-01	6.697256e-01	4.887297e-01	5.357201e+00
8.718396e-03	-1.506040e-01	-1.506416e-01	-1.308833e-01	6.478378e-01	6.697254e-01	4.887333e-01	5.354098e+00
8.714597e-03	-1.506038e-01	-1.506414e-01	-1.308839e-01	6.478359e-01	6.697251e-01	4.887369e-01	5.350998e+00
8.710801e-03	-1.506035e-01	-1.506412e-01	-1.308845e-01	6.478340e-01	6.697248e-01	4.887404e-01	5.347899e+00
8.707009e-03	-1.506033e-01	-1.506409e-01	-1.308852e-01	6.478321e-01	6.697246e-01	4.887439e-01	5.344802e+00
8.703220e-03	-1.506031e-01	-1.506407e-01	-1.308858e-01	6.478301e-01	6.697243e-01	4.887474e-01	5.341707e+00
8.699435e-03	-1.506028e-01	-1.506404e-01	-1.308864e-01	6.478282e-01	6.697240e-01	4.887510e-01	5.338614e+00
8.695652e-03	-1.506026e-01	-1.506402e-01	-1.308870e-01	6.478263e-01	6.697237e-01	4.887544e-01	5.335523e+00
8.691873e-03	-1.506024e-01	-1.506400e-01	-1.308877e-01	6.478243e-01	6.697234e-01	4.887579e-01	5.332433e+00
8.688097e-03	-1.506021e-01	-1.506397e-01	-1.308883e-01	6.478224e-01	6.697231e-01	4.887614e-01	5.329346e+00
8.684325e-03	-1.506019e-01	-1.506395e-01	-1.308889e-01	6.478205e-01	6.697228e-01	4.887648e-01	5.326260e+00
8.680556e-03	-1.506017e-01	-1.506393e-01	-1.308895e-01	6.478185e-01	6.697224e-01	4.887682e-01	5.323177e+00
8.676790e-03	-1.506014e-01	-1.506390e-01	-1.308901e-01	6.478166e-01	6.697221e-01	4.887717e-01	5.320095e+00
8.673027e-03	-1.506012e-01	-1.506388e-01	-1.308908e-01	6.478146e-01	6.697218e-01	4.887751e-01	5.317014e+00
8.669267e-03	-1.506010e-01	-1.506386e-01	-1.308914e-01	6.478127e-01	6.697214e-01	4.887784e-01	5.313936e+00
8.665511e-03	-1.506008e-01	-1.506384e-01	-1.308920e-01	6.478107e-01	6.697210e-01	4.887818e-01	5.310860e+00
8.661758e-03	-1.506005e-01	-1.506381e-01	-1.308926e-01	6.478087e-01	6.697207e-01	4.887852e-01	5.307786e+00
8.658009e-03	-1.506003e-01	-1.506379e-01	-1.308933e-01	6.478068e-01	6.697203e-01	4.887885e-01	5.304713e+00
8.654262e-03	-1.506001e-01	-1.506377e-01	-1.308939e-01	6.478048e-01	6.697199e-01	4.887918e-01	5.301642e+00
8.650519e-03	-1.505999e-01	-1.506375e-01	-1.308945e-01	6.478028e-01	6.697196e-01	4.887951e-01	5.298573e+00
8.646779e-03	-1.505996e-01	-1.506373e-01	-1.308951e-01	6.478009e-01	6.697192e-01	4.887984e-01	5.295506e+00
8.643042e-03	-1.505994e-01	-1.506370e-01	-1.308957e-01	6.477989e-01	6.697188e-01	4.888017e-01	5.292441e+00
8.639309e-03	-1.505992e-01	-1.506368e-01	-1.308964e-01	6.477969e-01	6.697184e-01	4.888050e-01	5.289377e+00
8.635579e-03	-1.505990e-01	-1.506366e-01	-1.308970e-01	6.477949e-01	6.697180e-01	4.888083e-01	5.286315e+00
8.631852e-03	-1.505988e-01	-1.506364e-01	-1.308976e-01	6.477929e-01	6.697175e-01	4.888115e-01	5.283255e+00
8.628128e-03	-1.505985e-01	-1.506362e-01	-1.308982e-01	6.477909e-01	6.697171e-01	4.888147e-01	5.280196e+00
8.624407e-03	-1.505983e-01	-1.506360e-01	-1.308988e-01	6.477889e-01	6.697167e-01	4.888179e-01	5.277139e+00
8.620690e-03	-1.505981e-01	-1.506357e-01	-1.308995e-01	6.477869e-01	6.697163e-01	4.888211e-01	5.274083e+00
8.616975e-03	-1.505979e-01	-1.506355e-01	-1.309001e-01	6.477849e-01	6.697158e-01	4.888243e-01	5.271030e+00
8.613264e-03	-1.505977e-01	-1.506353e-01	-1.309007e-01	6.477829e-01	6.697154e-01	4.888275e-01	5.267977e+00
8.609557e-03	-1.505975e-01	-1.506351e-01	-1.309013e-01	6.477809e-01	6.697149e-01	4.888306e-01	5.264927e+00
8.605852e-03	-1.505973e-01	-1.506349e-01	-1.309019e-01	6.477789e-01	6.697144e-01	4.888338e-01	5.261877e+00
8.602151e-03	-1.505971e-01	-1.506347e-01	-1.309026e-01	6.477769e-01	6.697140e-01	4.888369e-01	5.258830e+00
8.598452e-03	-1.505969e-01	-1.506345e-01	-1.309032e-01	6.477749e-01	6.697135e-01	4.888400e-01	5.255783e+00
8.594757e-03	-1.505967e-01	-1.506343e-01	-1.309038e-01	6.477729e-01	6.697130e-01	4.888431e-01	5.252739e+00
8.591065e-03	-1.505965e-01	-1.506341e-01	-1.309044e-01	6.477708e-01	6.697125e-01	4.888462e-01	5.249695e+00
8.587377e-03	-1.505963e-01	-1.506339e-01	-1.309050e-01	6.477688e-01	6.697120e-01	4.888493e-01	5.246653e+00
8.583691e-03	-1.505961e-01	-1.506337e-01	-1.309056e-01	6.477668e-01	6.697115e-01	4.888523e-01	5.243612e+00
8.580009e-03	-1.505959e-01	-1.506335e-01	-1.309063e-01	6.477648e-01	6.697110e-01	4.888554e-01	5.240572e+00
8.576329e-03	-1.505957e-01	-1.506333e-01	-1.309069e-01	6.477627e-01	6.697105e-01	4.888584e-01	5.237533e+00
8.572653e-03	-1.505955e-01	-1.506331e-01	-1.309075e-01	6.477607e-01	6.697100e-01	4.888614e-01	5.234496e+00
8.568980e-03	-1.505953e-01	-1.506329e-01	-1.309081e-01	6.477586e-01	6.697094e-01	4.888644e-01	5.231459e+00
8.565310e-03	-1.505951e-01	-1.506327e-01	-1.309087e-01	6.477566e-01	6.697089e-01	4.888674e-01	5.228424e+00
8.561644e-03	-1.505949e-01	-1.506325e-01	-1.309093e-01	6.477546e-01	6.697084e-01	4.888704e-01	5.225389e+00
8.557980e-03	-1.505947e-01	-1.506323e-01	-1.309100e-01	6.477525e-01	6.697078e-01	4.888734e-01	5.222355e+00
8.554320e-03	-1.505945e-01	-1.506321e-01	-1.309106e-01	6.477505e-01	6.697073e-01	4.888763e-01	5.219323e+00
8.550663e-03	-1.505943e-01	-1.506319e-01	-1.309112e-01	6.477484e-01	6.697067e-01	4.888793e-01	5.216290e+00
8.547009e-03	-1.505941e-01	-1.506317e-01	-1.309118e-01	6.477463e-01	6.697061e-01	4.888822e-01	5.213259e+00
8.543358e-03	-1.505939e-01	-1.506316e-01	-1.309124e-01	6.477443e-01	6.697055e-01	4.888851e-01	5.210229e+00
8.539710e-03	-1.505937e-01	-1.506314e-01	-1.309130e-01	6.477422e-01	6.697050e-01	4.888880e-01	5.207198e+00
8.536065e-03	-1.505935e-01	-1.506312e-01	-1.309136e-01	6.477401e-01	6.697044e-01	4.888909e-01	5.204169e+00
8.532423e-03	-1.505934e-01	-1.506310e-01	-1.309143e-01	6.477381e-01	6.697038e-01	4.888937e-01	5.201140e+00
8.528785e-03	-1.505932e-01	-1.506308e-01	-1.309149e-01	6.477360e-01	6.697032e-01	4.888966e-01	5.198111e+00
8.525149e-03	-1.505930e-01	-1.506306e-01	-1.309155e-01	6.477339e-01	6.697026e-01	4.888994e-01	5.195082e+00
8.521517e-03	-1.505928e-01	-1.506304e-01	-1.309161e-01	6.477318e-01	6.697020e-01	4.889023e-01	5.192055e+00
8.517888e-03	-1.505926e-01	-1.506303e-01	-1.309167e-01	6.477298e-01	6.697013e-01	4.889051e-01	5.189027e+00
8.514261e-03	-1.505924e-01	-1.506301e-01	-1.309173e-01	6.477277e-01	6.697007e-01	4.889079e-01	5.185999e+00
8.510638e-03	-1.505923e-01	-1.506299e-01	-1.309179e-01	6.477256e-01	6.697001e-01	4.889107e-01	5.182971e+00
8.507018e-03	-1.505921e-01	-1.506297e-01	-1.309185e-01	6.477235e-01	6.696995e-01	4.889134e-01	5.179943e+00
8.503401e-03	-1.505919e-01	-1.506296e-01	-1.309192e-01	6.477214e-01	6.696988e-01	4.889162e-01	5.176915e+00
8.499788e-03	-1.505917e-01	-1.506294e-01	-1.309198e-01	6.477193e-01	6.696982e-01	4.889190e-01	5.173887e+00
8.496177e-03	-1.505915e-01	-1.506292e-01	-1.309204e-01	6.477172e-01	6.696975e-01	4.889217e-01	5.170858e+00
8.492569e-03	-1.505914e-01	-1.506290e-01	-1.309210e-01	6.477151e-01	6.696968e-01	4.889244e-01	5.167829e+00
8.488964e-03	-1.505912e-01	-1.506289e-01	-1.309216e-01	6.477130e-01	6.696962e-01	4.889271e-01	5.164800e+00
8.485363e-03	-1.505910e-01	-1.506287e-01	-1.309222e-01	6.477109e-01	6.696955e-01	4.889298e-01	5.161770e+00
8.481764e-03	-1.505909e-01	-1.506285e-01	-1.309228e-01	6.477088e-01	6.696948e-01	4.889325e-01	5.158739e+00
8.478169e-03	-1.505907e-01	-1.506283e-01	-1.309234e-01	6.477067e-01	6.696941e-01	4.889352e-01	5.155708e+00
8.474576e-03	-1.505905e-01	-1.506282e-01	-1.309240e-01	6.477046e-01	6.696934e-01	4.889378e-01	5.152676e+00
8.470987e-03	-1.505904e-01	-1.506280e-01	-1.309246e-01	6.477025e-01	6.696927e-01	4.889405e-01	5.149643e+00
8.467401e-03	-1.505902e-01	-1.506278e-01	-1.309253e-01	6.477003e-01	6.696920e-01	4.889431e-01	5.146609e+00
8.463817e-03	-1.505900e-01	-1.506277e-01	-1.309259e-01	6.476982e-01	6.696913e-01	4.889457e-01	5.143575e+00
8.460237e-03	-1.505899e-01	-1.506275e-01	-1.309265e-01	6.476961e-01	6.696906e-01	4.889484e-01	5.140539e+00
8.456660e-03	-1.505897e-01	-1.506274e-01	-1.309271e-01	6.476940e-01	6.696899e-01	4.889510e-01	5.137501e+00
8.453085e-03	-1.505895e-01	-1.506272e-01	-1.309277e-01	6.476918e-01	6.696892e-01	4.889535e-01	5.134463e+00
8.449514e-03	-1.505894e-01	-1.506270e-01	-1.309283e-01	6.476897e-01	6.696884e-01	4.889561e-01	5.131423e+00
8.445946e-03	-1.505892e-01	-1.506269e-01	-1.309289e-01	6.476876e-01	6.696877e-01	4.889587e-01	5.128382e+00
8.442381e-03	-1.505890e-01	-1.506267e-01	-1.309295e-01	6.476854e-01	6.696869e-01	4.889612e-01	5.125339e+00
8.438819e-03	-1.505889e-01	-1.506266e-01	-1.309301e-01	6.476833e-01	6.696862e-01	4.889637e-01	5.122294e+00
8.435259e-03	-1.505887e-01	-1.506264e-01	-1.309307e-01	6.476811e-01	6.696854e-01	4.889663e-01	5.119248e+00
8.431703e-03	-1.505886e-01	-1.506262e-01	-1.309313e-01	6.476790e-01	6.696847e-01	4.889688e-01	5.116200e+00
8.428150e-03	-1.505884e-01	-1.506261e-01	-1.309319e-01	6.476769e-01	6.696839e-01	4.889713e-01	5.113150e+00
8.424600e-03	-1.505883e-01	-1.506259e-01	-1.309325e-01	6.476747e-01	6.696831e-01	4.889738e-01	5.110098e+00
8.421053e-03	-1.505881e-01	-1.506258e-01	-1.309332e-01	6.476726e-01	6.696823e-01	4.889762e-01	5.107044e+00
8.417508e-03	-1.505880e-01	-1.506256e-01	-1.309338e-01	6.476704e-01	6.696816e-01	4.889787e-01	5.103987e+00
8.413967e-03	-1.505878e-01	-1.506255e-01	-1.309344e-01	6.476682e-01	6.696808e-01	4.889811e-01	5.100929e+00
8.410429e-03	-1.505876e-01	-1.506253e-01	-1.309350e-01	6.476661e-01	6.696800e-01	4.889836e-01	5.097868e+00
8.406894e-03	-1.505875e-01	-1.506252e-01	-1.309356e-01	6.476639e-01	6.696792e-01	4.889860e-01	5.094805e+00
8.403361e-03	-1.505873e-01	-1.506250e-01	-1.309362e-01	6.476618e-01	6.696784e-01	4.889884e-01	5.091738e+00
8.399832e-03	-1.505872e-01	-1.506249e-01	-1.309368e-01	6.476596e-01	6.696775e-01	4.889908e-01	5.088670e+00
8.396306e-03	-1.505871e-01	-1.506247e-01	-1.309374e-01	6.476574e-01	6.696767e-01	4.889932e-01	5.085599e+00
8.392782e-03	-1.505869e-01	-1.506246e-01	-1.309380e-01	6.476553e-01	6.696759e-01	4.889956e-01	5.082525e+00
8.389262e-03	-1.505868e-01	-1.506244e-01	-1.309386e-01	6.476531e-01	6.696751e-01	4.889979e-01	5.079448e+00
8.385744e-03	-1.505866e-01	-1.506243e-01	-1.309392e-01	6.476509e-01	6.696742e-01	4.890003e-01	5.076369e+00
8.382230e-03	-1.505865e-01	-1.506242e-01	-1.309398e-01	6.476487e-01	6.696734e-01	4.890026e-01	5.073286e+00
8.378718e-03	-1.505863e-01	-1.506240e-01	-1.309404e-01	6.476465e-01	6.696725e-01	4.890049e-01	5.070200e+00
8.375209e-03	-1.505862e-01	-1.506239e-01	-1.309410e-01	6.476444e-01	6.696717e-01	4.890073e-01	5.067111e+00
8.371704e-03	-1.505861e-01	-1.506237e-01	-1.309416e-01	6.476422e-01	6.696708e-01	4.890096e-01	5.064019e+00
8.368201e-03	-1.505859e-01	-1.506236e-01	-1.309422e-01	6.476400e-01	6.696700e-01	4.890119e-01	5.060923e+00
8.364701e-03	-1.505858e-01	-1.506235e-01	-1.309428e-01	6.476378e-01	6.696691e-01	4.890141e-01	5.057824e+00
8.361204e-03	-1.505856e-01	-1.506233e-01	-1.309434e-01	6.476356e-01	6.696682e-01	4.890164e-01	5.054722e+00
8.357710e-03	-1.505855e-01	-1.506232e-01	-1.309440e-01	6.476334e-01	6.696673e-01	4.890187e-01	5.051616e+00
8.354219e-03	-1.505854e-01	-1.506231e-01	-1.309446e-01	6.476312e-01	6.696664e-01	4.890209e-01	5.048506e+00
8.350731e-03	-1.505852e-01	-1.506229e-01	-1.309452e-01	6.476290e-01	6.696656e-01	4.890231e-01	5.045394e+00
8.347245e-03	-1.505851e-01	-1.506228e-01	-1.309458e-01	6.476268e-01	6.696647e-01	4.890254e-01	5.042276e+00
8.343763e-03	-1.505850e-01	-1.506227e-01	-1.309464e-01	6.476246e-01	6.696638e-01	4.890276e-01	5.039155e+00
8.340284e-03	-1.505848e-01	-1.506225e-01	-1.309470e-01	6.476224e-01	6.696628e-01	4.890298e-01	5.036031e+00
8.336807e-03	-1.505847e-01	-1.506224e-01	-1.309476e-01	6.476202e-01	6.696619e-01	4.890319e-01	5.032902e+00
8.333333e-03	-1.505846e-01	-1.506223e-01	-1.309482e-01	6.476180e-01	6.696610e-01	4.890341e-01	5.029769e+00
8.329863e-03	-1.505844e-01	-1.506221e-01	-1.309488e-01	6.476158e-01	6.696601e-01	4.890363e-01	5.026632e+00
8.326395e-03	-1.505843e-01	-1.506220e-01	-1.309494e-01	6.476136e-01	6.696592e-01	4.890384e-01	5.023492e+00
8.322930e-03	-1.505842e-01	-1.506219e-01	-1.309500e-01	6.476114e-01	6.696582e-01	4.890406e-01	5.020347e+00
8.319468e-03	-1.505841e-01	-1.506218e-01	-1.309506e-01	6.476092e-01	6.696573e-01	4.890427e-01	5.017198e+00
8.316008e-03	-1.505839e-01	-1.506216e-01	-1.309512e-01	6.476069e-01	6.696563e-01	4.890448e-01	5.014044e+00
8.312552e-03	-1.505838e-01	-1.506215e-01	-1.309518e-01	6.476047e-01	6.696554e-01	4.890469e-01	5.010886e+00
8.309098e-03	-1.505837e-01	-1.506214e-01	-1.309524e-01	6.476025e-01	6.696544e-01	4.890490e-01	5.007724e+00
8.305648e-03	-1.505836e-01	-1.506213e-01	-1.309530e-01	6.476003e-01	6.696535e-01	4.890511e-01	5.004557e+00
8.302200e-03	-1.505834e-01	-1.506212e-01	-1.309536e-01	6.475980e-01	6.696525e-01	4.890532e-01	5.001386e+00
8.298755e-03	-1.505833e-01	-1.506210e-01	-1.309542e-01	6.475958e-01	6.696515e-01	4.890552e-01	4.998211e+00
8.295313e-03	-1.505832e-01	-1.506209e-01	-1.309548e-01	6.475936e-01	6.696506e-01	4.890573e-01	4.995030e+00
8.291874e-03	-1.505831e-01	-1.506208e-01	-1.309554e-01	6.475914e-01	6.696496e-01	4.890593e-01	4.991846e+00
8.288438e-03	-1.505830e-01	-1.506207e-01	-1.309560e-01	6.475891e-01	6.696486e-01	4.890614e-01	4.988656e+00
8.285004e-03	-1.505829e-01	-1.506206e-01	-1.309566e-01	6.475869e-01	6.696476e-01	4.890634e-01	4.985462e+00
8.281573e-03	-1.505827e-01	-1.506205e-01	-1.309572e-01	6.475846e-01	6.696466e-01	4.890654e-01	4.982264e+00
8.278146e-03	-1.505826e-01	-1.506203e-01	-1.309578e-01	6.475824e-01	6.696456e-01	4.890674e-01	4.979060e+00
8.274721e-03	-1.505825e-01	-1.506202e-01	-1.309584e-01	6.475802e-01	6.696446e-01	4.890694e-01	4.975853e+00
8.271299e-03	-1.505824e-01	-1.506201e-01	-1.309589e-01	6.475779e-01	6.696436e-01	4.890713e-01	4.972640e+00
8.267879e-03	-1.505823e-01	-1.506200e-01	-1.309595e-01	6.475757e-01	6.696426e-01	4.890733e-01	4.969422e+00
8.264463e-03	-1.505822e-01	-1.506199e-01	-1.309601e-01	6.475734e-01	6.696416e-01	4.890752e-01	4.966200e+00
8.261049e-03	-1.505821e-01	-1.506198e-01	-1.309607e-01	6.475712e-01	6.696405e-01	4.890772e-01	4.962973e+00
8.257638e-03	-1.505819e-01	-1.506197e-01	-1.309613e-01	6.475689e-01	6.696395e-01	4.890791e-01	4.959741e+00
8.254230e-03	-1.505818e-01	-1.506196e-01	-1.309619e-01	6.475667e-01	6.696385e-01	4.890810e-01	4.956505e+00
8.250825e-03	-1.505817e-01	-1.506195e-01	-1.309625e-01	6.475644e-01	6.696374e-01	4.890829e-01	4.953263e+00
8.247423e-03	-1.505816e-01	-1.506194e-01	-1.309631e-01	6.475622e-01	6.696364e-01	4.890848e-01	4.950017e+00
8.244023e-03	-1.505815e-01	-1.506192e-01	-1.309637e-01	6.475599e-01	6.696353e-01	4.890867e-01	4.946766e+00
8.240626e-03	-1.505814e-01	-1.506191e-01	-1.309643e-01	6.475577e-01	6.696343e-01	4.890886e-01	4.943511e+00
8.237232e-03	-1.505813e-01	-1.506190e-01	-1.309649e-01	6.475554e-01	6.696332e-01	4.890905e-01	4.940250e+00
8.233841e-03	-1.505812e-01	-1.506189e-01	-1.309655e-01	6.475531e-01	6.696321e-01	4.890923e-01	4.936985e+00
8.230453e-03	-1.505811e-01	-1.506188e-01	-1.309661e-01	6.475509e-01	6.696311e-01	4.890942e-01	4.933715e+00
8.227067e-03	-1.505810e-01	-1.506187e-01	-1.309666e-01	6.475486e-01	6.696300e-01	4.890960e-01	4.930440e+00
8.223684e-03	-1.505809e-01	-1.506186e-01	-1.309672e-01	6.475463e-01	6.696289e-01	4.890978e-01	4.927161e+00
8.220304e-03	-1.505808e-01	-1.506185e-01	-1.309678e-01	6.475441e-01	6.696278e-01	4.890996e-01	4.923877e+00
8.216927e-03	-1.505807e-01	-1.506184e-01	-1.309684e-01	6.475418e-01	6.696267e-01	4.891014e-01	4.920588e+00
8.213552e-03	-1.505806e-01	-1.506183e-01	-1.309690e-01	6.475395e-01	6.696257e-01	4.891032e-01	4.917294e+00
8.210181e-03	-1.505805e-01	-1.506182e-01	-1.309696e-01	6.475372e-01	6.696246e-01	4.891050e-01	4.913996e+00
8.206812e-03	-1.505804e-01	-1.506181e-01	-1.309702e-01	6.475350e-01	6.696234e-01	4.891068e-01	4.910694e+00
8.203445e-03	-1.505803e-01	-1.506181e-01	-1.309708e-01	6.475327e-01	6.696223e-01	4.891085e-01	4.907386e+00
8.200082e-03	-1.505802e-01	-1.506180e-01	-1.309714e-01	6.475304e-01	6.696212e-01	4.891103e-01	4.904075e+00
8.196721e-03	-1.505801e-01	-1.506179e-01	-1.309719e-01	6.475281e-01	6.696201e-01	4.891120e-01	4.900759e+00
8.193363e-03	-1.505800e-01	-1.506178e-01	-1.309725e-01	6.475258e-01	6.696190e-01	4.891138e-01	4.897438e+00
8.190008e-03	-1.505799e-01	-1.506177e-01	-1.309731e-01	6.475236e-01	6.696179e-01	4.891155e-01	4.894113e+00
8.186656e-03	-1.505798e-01	-1.506176e-01	-1.309737e-01	6.475213e-01	6.696167e-01	4.891172e-01	4.890784e+00
8.183306e-03	-1.505798e-01	-1.506175e-01	-1.309743e-01	6.475190e-01	6.696156e-01	4.891189e-01	4.887450e+00
8.179959e-03	-1.505797e-01	-1.506174e-01	-1.309749e-01	6.475167e-01	6.696145e-01	4.891206e-01	4.884113e+00
8.176615e-03	-1.505796e-01	-1.506173e-01	-1.309755e-01	6.475144e-01	6.696133e-01	4.891223e-01	4.880771e+00
8.173273e-03	-1.505795e-01	-1.506172e-01	-1.309760e-01	6.475121e-01	6.696122e-01	4.891239e-01	4.877425e+00
8.169935e-03	-1.505794e-01	-1.506171e-01	-1.309766e-01	6.475098e-01	6.696110e-01	4.891256e-01	4.874074e+00
8.166599e-03	-1.505793e-01	-1.506171e-01	-1.309772e-01	6.475075e-01	6.696099e-01	4.891272e-01	4.870721e+00
8.163265e-03	-1.505792e-01	-1.506170e-01	-1.309778e-01	6.475052e-01	6.696087e-01	4.891289e-01	4.867362e+00
8.159935e-03	-1.505791e-01	-1.506169e-01	-1.309784e-01	6.475029e-01	6.696075e-01	4.891305e-01	4.864000e+00
8.156607e-03	-1.505791e-01	-1.506168e-01	-1.309790e-01	6.475006e-01	6.696064e-01	4.891321e-01	4.860634e+00
8.153282e-03	-1.505790e-01	-1.506167e-01	-1.309795e-01	6.474983e-01	6.696052e-01	4.891337e-01	4.857265e+00
8.149959e-03	-1.505789e-01	-1.506166e-01	-1.309801e-01	6.474960e-01	6.696040e-01	4.891353e-01	4.853892e+00
8.146640e-03	-1.505788e-01	-1.506166e-01	-1.309807e-01	6.474937e-01	6.696028e-01	4.891369e-01	4.850515e+00
8.143322e-03	-1.505787e-01	-1.506165e-01	-1.309813e-01	6.474914e-01	6.696016e-01	4.891385e-01	4.847135e+00
8.140008e-03	-1.505786e-01	-1.506164e-01	-1.309819e-01	6.474891e-01	6.696004e-01	4.891401e-01	4.843751e+00
8.136697e-03	-1.505786e-01	-1.506163e-01	-1.309825e-01	6.474868e-01	6.695992e-01	4.891416e-01	4.840364e+00
8.133388e-03	-1.505785e-01	-1.506162e-01	-1.309830e-01	6.474845e-01	6.695980e-01	4.891432e-01	4.836974e+00
8.130081e-03	-1.505784e-01	-1.506162e-01	-1.309836e-01	6.474822e-01	6.695968e-01	4.891447e-01	4.833579e+00
8.126778e-03	-1.505783e-01	-1.506161e-01	-1.309842e-01	6.474799e-01	6.695956e-01	4.891463e-01	4.830183e+00
8.123477e-03	-1.505783e-01	-1.506160e-01	-1.309848e-01	6.474776e-01	6.695944e-01	4.891478e-01	4.826783e+00
8.120179e-03	-1.505782e-01	-1.506159e-01	-1.309854e-01	6.474753e-01	6.695932e-01	4.891493e-01	4.823380e+00
8.116883e-03	-1.505781e-01	-1.506159e-01	-1.309859e-01	6.474730e-01	6.695920e-01	4.891508e-01	4.819974e+00
8.113590e-03	-1.505780e-01	-1.506158e-01	-1.309865e-01	6.474706e-01	6.695907e-01	4.891523e-01	4.816566e+00
8.110300e-03	-1.505780e-01	-1.506157e-01	-1.309871e-01	6.474683e-01	6.695895e-01	4.891538e-01	4.813154e+00
8.107013e-03	-1.505779e-01	-1.506157e-01	-1.309877e-01	6.474660e-01	6.695883e-01	4.891553e-01	4.809741e+00
8.103728e-03	-1.505778e-01	-1.506156e-01	-1.309883e-01	6.474637e-01	6.695870e-01	4.891567e-01	4.806324e+00
8.100446e-03	-1.505777e-01	-1.506155e-01	-1.309888e-01	6.474614e-01	6.695858e-01	4.891582e-01	4.802905e+00
8.097166e-03	-1.505777e-01	-1.506154e-01	-1.309894e-01	6.474591e-01	6.695845e-01	4.891596e-01	4.799484e+00
8.093889e-03	-1.505776e-01	-1.506154e-01	-1.309900e-01	6.474567e-01	6.695833e-01	4.891611e-01	4.796060e+00
8.090615e-03	-1.505775e-01	-1.506153e-01	-1.309906e-01	6.474544e-01	6.695820e-01	4.891625e-01	4.792635e+00
8.087343e-03	-1.505775e-01	-1.506152e-01	-1.309912e-01	6.474521e-01	6.695808e-01	4.891639e-01	4.789207e+00
8.084074e-03	-1.505774e-01	-1.506152e-01	-1.309917e-01	6.474498e-01	6.695795e-01	4.891653e-01	4.785777e+00
8.080808e-03	-1.505773e-01	-1.506151e-01	-1.309923e-01	6.474474e-01	6.695782e-01	4.891667e-01	4.782345e+00
8.077544e-03	-1.505773e-01	-1.506150e-01	-1.309929e-01	6.474451e-01	6.695770e-01	4.891681e-01	4.778911e+00
8.074283e-03	-1.505772e-01	-1.506150e-01	-1.309935e-01	6.474428e-01	6.695757e-01	4.891695e-01	4.775476e+00
8.071025e-03	-1.505771e-01	-1.506149e-01	-1.309940e-01	6.474404e-01	6.695744e-01	4.891709e-01	4.772039e+00
8.067769e-03	-1.505771e-01	-1.506149e-01	-1.309946e-01	6.474381e-01	6.695731e-01	4.891722e-01	4.768601e+00
8.064516e-03	-1.505770e-01	-1.506148e-01	-1.309952e-01	6.474358e-01	6.695718e-01	4.891736e-01	4.765161e+00
8.061266e-03	-1.505770e-01	-1.506147e-01	-1.309958e-01	6.474334e-01	6.695705e-01	4.891749e-01	4.761719e+00
8.058018e-03	-1.505769e-01	-1.506147e-01	-1.309963e-01	6.474311e-01	6.695692e-01	4.891763e-01	4.758276e+00
8.054772e-03	-1.505768e-01	-1.506146e-01	-1.309969e-01	6.474288e-01	6.695679e-01	4.891776e-01	4.754833e+00
8.051530e-03	-1.505768e-01	-1.506146e-01	-1.309975e-01	6.474264e-01	6.695666e-01	4.891789e-01	4.751388e+00
8.048290e-03	-1.505767e-01	-1.506145e-01	-1.309980e-01	6.474241e-01	6.695653e-01	4.891802e-01	4.747942e+00
8.045052e-03	-1.505767e-01	-1.506144e-01	-1.309986e-01	6.474218e-01	6.695640e-01	4.891815e-01	4.744495e+00
8.041817e-03	-1.505766e-01	-1.506144e-01	-1.309992e-01	6.474194e-01	6.695627e-01	4.891828e-01	4.741047e+00
8.038585e-03	-1.505765e-01	-1.506143e-01	-1.309998e-01	6.474171e-01	6.695614e-01	4.891841e-01	4.737599e+00
8.035356e-03	-1.505765e-01	-1.506143e-01	-1.310003e-01	6.474147e-01	6.695600e-01	4.891854e-01	4.734150e+00
8.032129e-03	-1.505764e-01	-1.506142e-01	-1.310009e-01	6.474124e-01	6.695587e-01	4.891866e-01	4.730700e+00
8.028904e-03	-1.505764e-01	-1.506142e-01	-1.310015e-01	6.474100e-01	6.695574e-01	4.891879e-01	4.727250e+00
8.025682e-03	-1.505763e-01	-1.506141e-01	-1.310020e-01	6.474077e-01	6.695561e-01	4.891891e-01	4.723800e+00
8.022463e-03	-1.505763e-01	-1.506141e-01	-1.310026e-01	6.474053e-01	6.695547e-01	4.891904e-01	4.720349e+00
8.019246e-03	-1.505762e-01	-1.506140e-01	-1.310032e-01	6.474030e-01	6.695534e-01	4.891916e-01	4.716898e+00
8.016032e-03	-1.505762e-01	-1.506140e-01	-1.310038e-01	6.474007e-01	6.695520e-01	4.891928e-01	4.713447e+00
8.012821e-03	-1.505761e-01	-1.506139e-01	-1.310043e-01	6.473983e-01	6.695507e-01	4.891940e-01	4.709995e+00
8.009612e-03	-1.505761e-01	-1.506139e-01	-1.310049e-01	6.473960e-01	6.695493e-01	4.891952e-01	4.706544e+00
8.006405e-03	-1.505760e-01	-1.506138e-01	-1.310055e-01	6.473936e-01	6.695480e-01	4.891964e-01	4.703093e+00
8.003201e-03	-1.505760e-01	-1.506138e-01	-1.310060e-01	6.473913e-01	6.695466e-01	4.891976e-01	4.699642e+00
8.000000e-03	-1.505759e-01	-1.506137e-01	-1.310066e-01	6.473889e-01	6.695452e-01	4.891988e-01	4.696192e+00
7.996801e-03	-1.505759e-01	-1.506137e-01	-1.310072e-01	6.473865e-01	6.695439e-01	4.891999e-01	4.692742e+00
7.993605e-03	-1.505758e-01	-1.506136e-01	-1.310077e-01	6.473842e-01	6.695425e-01	4.892011e-01	4.689292e+00
7.990412e-03	-1.505758e-01	-1.506136e-01	-1.310083e-01	6.473818e-01	6.695411e-01	4.892023e-01	4.685843e+00
7.987220e-03	-1.505757e-01	-1.506135e-01	-1.310089e-01	6.473795e-01	6.695397e-01	4.892034e-01	4.682394e+00
7.984032e-03	-1.505757e-01	-1.506135e-01	-1.310094e-01	6.473771e-01	6.695384e-01	4.892045e-01	4.678946e+00
7.980846e-03	-1.505756e-01	-1.506134e-01	-1.310100e-01	6.473748e-01	6.695370e-01	4.892057e-01	4.675500e+00
7.977663e-03	-1.505756e-01	-1.506134e-01	-1.310106e-01	6.473724e-01	6.695356e-01	4.892068e-01	4.672053e+00
7.974482e-03	-1.505756e-01	-1.506134e-01	-1.310111e-01	6.473701e-01	6.695342e-01	4.892079e-01	4.668608e+00
7.971303e-03	-1.505755e-01	-1.506133e-01	-1.310117e-01	6.473677e-01	6.695328e-01	4.892090e-01	4.665164e+00
7.968127e-03	-1.505755e-01	-1.506133e-01	-1.310123e-01	6.473653e-01	6.695314e-01	4.892101e-01	4.661720e+00
7.964954e-03	-1.505754e-01	-1.506132e-01	-1.310128e-01	6.473630e-01	6.695300e-01	4.892112e-01	4.658278e+00
7.961783e-03	-1.505754e-01	-1.506132e-01	-1.310134e-01	6.473606e-01	6.695286e-01	4.892122e-01	4.654837e+00
7.958615e-03	-1.505754e-01	-1.506132e-01	-1.310139e-01	6.473582e-01	6.695272e-01	4.892133e-01	4.651397e+00
7.955449e-03	-1.505753e-01	-1.506131e-01	-1.310145e-01	6.473559e-01	6.695258e-01	4.892144e-01	4.647959e+00
7.952286e-03	-1.505753e-01	-1.506131e-01	-1.310151e-01	6.473535e-01	6.695243e-01	4.892154e-01	4.644522e+00
7.949126e-03	-1.505752e-01	-1.506130e-01	-1.310156e-01	6.473512e-01	6.695229e-01	4.892165e-01	4.641087e+00
7.945967e-03	-1.505752e-01	-1.506130e-01	-1.310162e-01	6.473488e-01	6.695215e-01	4.892175e-01	4.637652e+00
7.942812e-03	-1.505752e-01	-1.506130e-01	-1.310168e-01	6.473464e-01	6.695201e-01	4.892185e-01	4.634220e+00
7.939659e-03	-1.505751e-01	-1.506129e-01	-1.310173e-01	6.473441e-01	6.695186e-01	4.892195e-01	4.630790e+00
7.936508e-03	-1.505751e-01	-1.506129e-01	-1.310179e-01	6.473417e-01	6.695172e-01	4.892206e-01	4.627361e+00
7.933360e-03	-1.505751e-01	-1.506129e-01	-1.310184e-01	6.473393e-01	6.695158e-01	4.892216e-01	4.623933e+00
7.930214e-03	-1.505750e-01	-1.506128e-01	-1.310190e-01	6.473370e-01	6.695143e-01	4.892226e-01	4.620508e+00
7.927071e-03	-1.505750e-01	-1.506128e-01	-1.310196e-01	6.473346e-01	6.695129e-01	4.892235e-01	4.617085e+00
7.923930e-03	-1.505750e-01	-1.506128e-01	-1.310201e-01	6.473322e-01	6.695114e-01	4.892245e-01	4.613664e+00
7.920792e-03	-1.505749e-01	-1.506127e-01	-1.310207e-01	6.473298e-01	6.695100e-01	4.892255e-01	4.610244e+00
7.917656e-03	-1.505749e-01	-1.506127e-01	-1.310212e-01	6.473275e-01	6.695085e-01	4.892264e-01	4.606827e+00
7.914523e-03	-1.505749e-01	-1.506127e-01	-1.310218e-01	6.473251e-01	6.695071e-01	4.892274e-01	4.603411e+00
7.911392e-03	-1.505748e-01	-1.506127e-01	-1.310223e-01	6.473227e-01	6.695056e-01	4.892283e-01	4.599998e+00
7.908264e-03	-1.505748e-01	-1.506126e-01	-1.310229e-01	6.473204e-01	6.695041e-01	4.892293e-01	4.596588e+00
7.905138e-03	-1.505748e-01	-1.506126e-01	-1.310235e-01	6.473180e-01	6.695027e-01	4.892302e-01	4.593179e+00
7.902015e-03	-1.505748e-01	-1.506126e-01	-1.310240e-01	6.473156e-01	6.695012e-01	4.892311e-01	4.589773e+00
7.898894e-03	-1.505747e-01	-1.506126e-01	-1.310246e-01	6.473132e-01	6.694997e-01	4.892321e-01	4.586369e+00
7.895776e-03	-1.505747e-01	-1.506125e-01	-1.310251e-01	6.473109e-01	6.694982e-01	4.892330e-01	4.582968e+00
7.892660e-03	-1.505747e-01	-1.506125e-01	-1.310257e-01	6.473085e-01	6.694968e-01	4.892339e-01	4.579569e+00
7.889546e-03	-1.505747e-01	-1.506125e-01	-1.310262e-01	6.473061e-01	6.694953e-01	4.892348e-01	4.576173e+00
7.886435e-03	-1.505746e-01	-1.506125e-01	-1.310268e-01	6.473037e-01	6.694938e-01	4.892356e-01	4.572779e+00
7.883327e-03	-1.505746e-01	-1.506124e-01	-1.310273e-01	6.473014e-01	6.694923e-01	4.892365e-01	4.569388e+00
7.880221e-03	-1.505746e-01	-1.506124e-01	-1.310279e-01	6.472990e-01	6.694908e-01	4.892374e-01	4.566000e+00
7.877117e-03	-1.505746e-01	-1.506124e-01	-1.310285e-01	6.472966e-01	6.694893e-01	4.892382e-01	4.562614e+00
7.874016e-03	-1.505745e-01	-1.506124e-01	-1.310290e-01	6.472942e-01	6.694878e-01	4.892391e-01	4.559231e+00
7.870917e-03	-1.505745e-01	-1.506123e-01	-1.310296e-01	6.472918e-01	6.694863e-01	4.892399e-01	4.555851e+00
7.867821e-03	-1.505745e-01	-1.506123e-01	-1.310301e-01	6.472895e-01	6.694848e-01	4.892408e-01	4.552473e+00
7.864727e-03	-1.505745e-01	-1.506123e-01	-1.310307e-01	6.472871e-01	6.694833e-01	4.892416e-01	4.549099e+00
7.861635e-03	-1.505745e-01	-1.506123e-01	-1.310312e-01	6.472847e-01	6.694818e-01	4.892424e-01	4.545727e+00
7.858546e-03	-1.505744e-01	-1.506123e-01	-1.310318e-01	6.472823e-01	6.694803e-01	4.892432e-01	4.542359e+00
7.855460e-03	-1.505744e-01	-1.506122e-01	-1.310323e-01	6.472799e-01	6.694788e-01	4.892441e-01	4.538993e+00
7.852375e-03	-1.505744e-01	-1.506122e-01	-1.310329e-01	6.472776e-01	6.694772e-01	4.892449e-01	4.535631e+00
7.849294e-03	-1.505744e-01	-1.506122e-01	-1.310334e-01	6.472752e-01	6.694757e-01	4.892457e-01	4.532270e+00
7.846214e-03	-1.505744e-01	-1.506122e-01	-1.310340e-01	6.472728e-01	6.694742e-01	4.892464e-01	4.528914e+00
7.843137e-03	-1.505744e-01	-1.506122e-01	-1.310345e-01	6.472704e-01	6.694727e-01	4.892472e-01	4.525561e+00
7.840063e-03	-1.505743e-01	-1.506122e-01	-1.310351e-01	6.472680e-01	6.694711e-01	4.892480e-01	4.522210e+00
7.836991e-03	-1.505743e-01	-1.506122e-01	-1.310356e-01	6.472656e-01	6.694696e-01	4.892487e-01	4.518863e+00
7.833921e-03	-1.505743e-01	-1.506121e-01	-1.310362e-01	6.472633e-01	6.694681e-01	4.892495e-01	4.515520e+00
7.830854e-03	-1.505743e-01	-1.506121e-01	-1.310367e-01	6.472609e-01	6.694665e-01	4.892503e-01	4.512178e+00
7.827789e-03	-1.505743e-01	-1.506121e-01	-1.310373e-01	6.472585e-01	6.694650e-01	4.892510e-01	4.508841e+00
7.824726e-03	-1.505743e-01	-1.506121e-01	-1.310378e-01	6.472561e-01	6.694634e-01	4.892517e-01	4.505507e+00
7.821666e-03	-1.505743e-01	-1.506121e-01	-1.310383e-01	6.472537e-01	6.694619e-01	4.892525e-01	4.502176e+00
7.818608e-03	-1.505743e-01	-1.506121e-01	-1.310389e-01	6.472513e-01	6.694603e-01	4.892532e-01	4.498848e+00
7.815553e-03	-1.505742e-01	-1.506121e-01	-1.310394e-01	6.472489e-01	6.694588e-01	4.892539e-01	4.495524e+00
7.812500e-03	-1.505742e-01	-1.506121e-01	-1.310400e-01	6.472466e-01	6.694572e-01	4.892546e-01	4.492203e+00
7.809449e-03	-1.505742e-01	-1.506121e-01	-1.310405e-01	6.472442e-01	6.694557e-01	4.892553e-01	4.488885e+00
7.806401e-03	-1.505742e-01	-1.506120e-01	-1.310411e-01	6.472418e-01	6.694541e-01	4.892560e-01	4.485571e+00
7.803355e-03	-1.505742e-01	-1.506120e-01	-1.310416e-01	6.472394e-01	6.694525e-01	4.892567e-01	4.482260e+00
7.800312e-03	-1.505742e-01	-1.506120e-01	-1.310422e-01	6.472370e-01	6.694510e-01	4.892573e-01	4.478953e+00
7.797271e-03	-1.505742e-01	-1.506120e-01	-1.310427e-01	6.472346e-01	6.694494e-01	4.892580e-01	4.475649e+00
7.794232e-03	-1.505742e-01	-1.506120e-01	-1.310432e-01	6.472322e-01	6.694478e-01	4.892587e-01	4.472349e+00
7.791196e-03	-1.505742e-01	-1.506120e-01	-1.310438e-01	6.472298e-01	6.694462e-01	4.892593e-01	4.469052e+00
7.788162e-03	-1.505742e-01	-1.506120e-01	-1.310443e-01	6.472274e-01	6.694447e-01	4.892600e-01	4.465759e+00
7.785130e-03	-1.505742e-01	-1.506120e-01	-1.310449e-01	6.472251e-01	6.694431e-01	4.892606e-01	4.462469e+00
7.782101e-03	-1.505742e-01	-1.506120e-01	-1.310454e-01	6.472227e-01	6.694415e-01	4.892612e-01	4.459182e+00
7.779074e-03	-1.505742e-01	-1.506120e-01	-1.310459e-01	6.472203e-01	6.694399e-01	4.892619e-01	4.455900e+00
7.776050e-03	-1.505742e-01	-1.506120e-01	-1.310465e-01	6.472179e-01	6.694383e-01	4.892625e-01	4.452620e+00
7.773028e-03	-1.505742e-01	-1.506120e-01	-1.310470e-01	6.472155e-01	6.694367e-01	4.892631e-01	4.449345e+00
7.770008e-03	-1.505741e-01	-1.506120e-01	-1.310476e-01	6.472131e-01	6.694351e-01	4.892637e-01	4.446072e+00
7.766990e-03	-1.505741e-01	-1.506120e-01	-1.310481e-01	6.472107e-01	6.694335e-01	4.892643e-01	4.442804e+00
7.763975e-03	-1.505741e-01	-1.506120e-01	-1.310486e-01	6.472083e-01	6.694319e-01	4.892649e-01	4.439539e+00
7.760962e-03	-1.505741e-01	-1.506120e-01	-1.310492e-01	6.472059e-01	6.694303e-01	4.892655e-01	4.436277e+00
7.757952e-03	-1.505741e-01	-1.506120e-01	-1.310497e-01	6.472035e-01	6.694287e-01	4.892661e-01	4.433020e+00
7.754944e-03	-1.505741e-01	-1.506120e-01	-1.310503e-01	6.472012e-01	6.694271e-01	4.892666e-01	4.429766e+00
7.751938e-03	-1.505741e-01	-1.506120e-01	-1.310508e-01	6.471988e-01	6.694255e-01	4.892672e-01	4.426514e+00
7.748935e-03	-1.505741e-01	-1.506120e-01	-1.310513e-01	6.471964e-01	6.694239e-01	4.892678e-01	4.423268e+00
7.745933e-03	-1.505742e-01	-1.506120e-01	-1.310519e-01	6.471940e-01	6.694223e-01	4.892683e-01	4.420024e+00
7.742935e-03	-1.505742e-01	-1.506120e-01	-1.310524e-01	6.471916e-01	6.694206e-01	4.892689e-01	4.416784e+00
7.739938e-03	-1.505742e-01	-1.506120e-01	-1.310529e-01	6.471892e-01	6.694190e-01	4.892694e-01	4.413548e+00
7.736944e-03	-1.505742e-01	-1.506120e-01	-1.310535e-01	6.471868e-01	6.694174e-01	4.892699e-01	4.410316e+00
7.733952e-03	-1.505742e-01	-1.506120e-01	-1.310540e-01	6.471844e-01	6.694158e-01	4.892705e-01	4.407086e+00
7.730963e-03	-1.505742e-01	-1.506120e-01	-1.310545e-01	6.471820e-01	6.694141e-01	4.892710e-01	4.403861e+00
7.727975e-03	-1.505742e-01	-1.506120e-01	-1.310551e-01	6.471796e-01	6.694125e-01	4.892715e-01	4.400639e+00
7.724990e-03	-1.505742e-01	-1.506120e-01	-1.310556e-01	6.471772e-01	6.694109e-01	4.892720e-01	4.397421e+00
7.722008e-03	-1.505742e-01	-1.506120e-01	-1.310561e-01	6.471748e-01	6.694092e-01	4.892725e-01	4.394206e+00
7.719027e-03	-1.505742e-01	-1.506120e-01	-1.310567e-01	6.471724e-01	6.694076e-01	4.892730e-01	4.390995e+00
7.716049e-03	-1.505742e-01	-1.506120e-01	-1.310572e-01	6.471700e-01	6.694060e-01	4.892735e-01	4.387787e+00
7.713074e-03	-1.505742e-01	-1.506121e-01	-1.310577e-01	6.471676e-01	6.694043e-01	4.892739e-01	4.384584e+00
7.710100e-03	-1.505742e-01	-1.506121e-01	-1.310583e-01	6.471652e-01	6.694027e-01	4.892744e-01	4.381383e+00
7.707129e-03	-1.505742e-01	-1.506121e-01	-1.310588e-01	6.471629e-01	6.694010e-01	4.892749e-01	4.378186e+00
7.704160e-03	-1.505742e-01	-1.506121e-01	-1.310593e-01	6.471605e-01	6.693994e-01	4.892753e-01	4.374993e+00
7.701194e-03	-1.505742e-01	-1.506121e-01	-1.310599e-01	6.471581e-01	6.693977e-01	4.892758e-01	4.371803e+00
7.698229e-03	-1.505743e-01	-1.506121e-01	-1.310604e-01	6.471557e-01	6.693961e-01	4.892762e-01	4.368616e+00
7.695267e-03	-1.505743e-01	-1.506121e-01	-1.310609e-01	6.471533e-01	6.693944e-01	4.892767e-01	4.365434e+00
7.692308e-03	-1.505743e-01	-1.506121e-01	-1.310615e-01	6.471509e-01	6.693928e-01	4.892771e-01	4.362254e+00
7.689350e-03	-1.505743e-01	-1.506121e-01	-1.310620e-01	6.471485e-01	6.693911e-01	4.892775e-01	4.359078e+00
7.686395e-03	-1.505743e-01	-1.506122e-01	-1.310625e-01	6.471461e-01	6.693894e-01	4.892779e-01	4.355906e+00
7.683442e-03	-1.505743e-01	-1.506122e-01	-1.310630e-01	6.471437e-01	6.693878e-01	4.892784e-01	4.352736e+00
7.680492e-03	-1.505743e-01	-1.506122e-01	-1.310636e-01	6.471413e-01	6.693861e-01	4.892788e-01	4.349570e+00
7.677543e-03	-1.505743e-01	-1.506122e-01	-1.310641e-01	6.471389e-01	6.693844e-01	4.892792e-01	4.346408e+00
7.674597e-03	-1.505744e-01	-1.506122e-01	-1.310646e-01	6.471365e-01	6.693827e-01	4.892796e-01	4.343249e+00
7.671653e-03	-1.505744e-01	-1.506122e-01	-1.310651e-01	6.471341e-01	6.693811e-01	4.892799e-01	4.340092e+00
7.668712e-03	-1.505744e-01	-1.506122e-01	-1.310657e-01	6.471317e-01	6.693794e-01	4.892803e-01	4.336940e+00
7.665772e-03	-1.505744e-01	-1.506123e-01	-1.310662e-01	6.471293e-01	6.693777e-01	4.892807e-01	4.333791e+00
7.662835e-03	-1.505744e-01	-1.506123e-01	-1.310667e-01	6.471269e-01	6.693760e-01	4.892811e-01	4.330645e+00
7.659900e-03	-1.505744e-01	-1.506123e-01	-1.310673e-01	6.471245e-01	6.693743e-01	4.892814e-01	4.327502e+00
7.656968e-03	-1.505745e-01	-1.506123e-01	-1.310678e-01	6.471221e-01	6.693727e-01	4.892818e-01	4.324362e+00
7.654038e-03	-1.505745e-01	-1.506123e-01	-1.310683e-01	6.471197e-01	6.693710e-01	4.892821e-01	4.321225e+00
7.651109e-03	-1.505745e-01	-1.506123e-01	-1.310688e-01	6.471173e-01	6.693693e-01	4.892825e-01	4.318092e+00
7.648184e-03	-1.505745e-01	-1.506124e-01	-1.310693e-01	6.471149e-01	6.693676e-01	4.892828e-01	4.314962e+00
7.645260e-03	-1.505745e-01	-1.506124e-01	-1.310699e-01	6.471125e-01	6.693659e-01	4.892832e-01	4.311834e+00
7.642339e-03	-1.505745e-01	-1.506124e-01	-1.310704e-01	6.471102e-01	6.693642e-01	4.892835e-01	4.308710e+00
7.639419e-03	-1.505746e-01	-1.506124e-01	-1.310709e-01	6.471078e-01	6.693625e-01	4.892838e-01	4.305589e+00
7.636502e-03	-1.505746e-01	-1.506124e-01	-1.310714e-01	6.471054e-01	6.693608e-01	4.892841e-01	4.302470e+00
7.633588e-03	-1.505746e-01	-1.506125e-01	-1.310720e-01	6.471030e-01	6.693591e-01	4.892844e-01	4.299355e+00
7.630675e-03	-1.505746e-01	-1.506125e-01	-1.310725e-01	6.471006e-01	6.693574e-01	4.892847e-01	4.296242e+00
7.627765e-03	-1.505746e-01	-1.506125e-01	-1.310730e-01	6.470982e-01	6.693557e-01	4.892850e-01	4.293132e+00
7.624857e-03	-1.505747e-01	-1.506125e-01	-1.310735e-01	6.470958e-01	6.693539e-01	4.892853e-01	4.290025e+00
7.621951e-03	-1.505747e-01	-1.506126e-01	-1.310740e-01	6.470934e-01	6.693522e-01	4.892856e-01	4.286921e+00
7.619048e-03	-1.505747e-01	-1.506126e-01	-1.310746e-01	6.470910e-01	6.693505e-01	4.892859e-01	4.283819e+00
7.616146e-03	-1.505747e-01	-1.506126e-01	-1.310751e-01	6.470886e-01	6.693488e-01	4.892861e-01	4.280720e+00
7.613247e-03	-1.505748e-01	-1.506126e-01	-1.310756e-01	6.470862e-01	6.693471e-01	4.892864e-01	4.277624e+00
7.610350e-03	-1.505748e-01	-1.506127e-01	-1.310761e-01	6.470838e-01	6.693454e-01	4.892867e-01	4.274530e+00
7.607455e-03	-1.505748e-01	-1.506127e-01	-1.310766e-01	6.470814e-01	6.693436e-01	4.892869e-01	4.271439e+00
7.604563e-03	-1.505748e-01	-1.506127e-01	-1.310771e-01	6.470790e-01	6.693419e-01	4.892872e-01	4.268350e+00
7.601672e-03	-1.505749e-01	-1.506127e-01	-1.310777e-01	6.470766e-01	6.693402e-01	4.892874e-01	4.265264e+00
7.598784e-03	-1.505749e-01	-1.506128e-01	-1.310782e-01	6.470742e-01	6.693385e-01	4.892876e-01	4.262179e+00
7.595898e-03	-1.505749e-01	-1.506128e-01	-1.310787e-01	6.470718e-01	6.693367e-01	4.892879e-01	4.259098e+00
7.593014e-03	-1.505749e-01	-1.506128e-01	-1.310792e-01	6.470694e-01	6.693350e-01	4.892881e-01	4.256019e+00
7.590133e-03	-1.505750e-01	-1.506128e-01	-1.310797e-01	6.470670e-01	6.693333e-01	4.892883e-01	4.252941e+00
7.587253e-03	-1.505750e-01	-1.506129e-01	-1.310802e-01	6.470646e-01	6.693315e-01	4.892885e-01	4.249866e+00
7.584376e-03	-1.505750e-01	-1.506129e-01	-1.310808e-01	6.470622e-01	6.693298e-01	4.892887e-01	4.246793e+00
7.581501e-03	-1.505751e-01	-1.506129e-01	-1.310813e-01	6.470598e-01	6.693280e-01	4.892889e-01	4.243722e+00
7.578628e-03	-1.505751e-01	-1.506130e-01	-1.310818e-01	6.470574e-01	6.693263e-01	4.892891e-01	4.240653e+00
7.575758e-03	-1.505751e-01	-1.506130e-01	-1.310823e-01	6.470550e-01	6.693245e-01	4.892893e-01	4.237586e+00
7.572889e-03	-1.505752e-01	-1.506130e-01	-1.310828e-01	6.470527e-01	6.693228e-01	4.892895e-01	4.234521e+00
7.570023e-03	-1.505752e-01	-1.506131e-01	-1.310833e-01	6.470503e-01	6.693210e-01	4.892897e-01	4.231457e+00
7.567159e-03	-1.505752e-01	-1.506131e-01	-1.310838e-01	6.470479e-01	6.693193e-01	4.892898e-01	4.228396e+00
7.564297e-03	-1.505752e-01	-1.506131e-01	-1.310844e-01	6.470455e-01	6.693175e-01	4.892900e-01	4.225336e+00
7.561437e-03	-1.505753e-01	-1.506132e-01	-1.310849e-01	6.470431e-01	6.693158e-01	4.892901e-01	4.222278e+00
7.558579e-03	-1.505753e-01	-1.506132e-01	-1.310854e-01	6.470407e-01	6.693140e-01	4.892903e-01	4.219222e+00
7.555723e-03	-1.505753e-01	-1.506132e-01	-1.310859e-01	6.470383e-01	6.693123e-01	4.892904e-01	4.216166e+00
7.552870e-03	-1.505754e-01	-1.506133e-01	-1.310864e-01	6.470359e-01	6.693105e-01	4.892906e-01	4.213113e+00
7.550019e-03	-1.505754e-01	-1.506133e-01	-1.310869e-01	6.470335e-01	6.693087e-01	4.892907e-01	4.210061e+00
7.547170e-03	-1.505755e-01	-1.506133e-01	-1.310874e-01	6.470311e-01	6.693070e-01	4.892909e-01	4.207010e+00
7.544323e-03	-1.505755e-01	-1.506134e-01	-1.310879e-01	6.470287e-01	6.693052e-01	4.892910e-01	4.203960e+00
7.541478e-03	-1.505755e-01	-1.506134e-01	-1.310884e-01	6.470263e-01	6.693034e-01	4.892911e-01	4.200912e+00
7.538636e-03	-1.505756e-01	-1.506134e-01	-1.310889e-01	6.470239e-01	6.693017e-01	4.892912e-01	4.197865e+00
7.535795e-03	-1.505756e-01	-1.506135e-01	-1.310895e-01	6.470215e-01	6.692999e-01	4.892913e-01	4.194819e+00
7.532957e-03	-1.505756e-01	-1.506135e-01	-1.310900e-01	6.470191e-01	6.692981e-01	4.892914e-01	4.191774e+00
7.530120e-03	-1.505757e-01	-1.506135e-01	-1.310905e-01	6.470167e-01	6.692963e-01	4.892915e-01	4.188731e+00
7.527286e-03	-1.505757e-01	-1.506136e-01	-1.310910e-01	6.470143e-01	6.692946e-01	4.892916e-01	4.185687e+00
7.524454e-03	-1.505757e-01	-1.506136e-01	-1.310915e-01	6.470119e-01	6.692928e-01	4.892917e-01	4.182645e+00
7.521625e-03	-1.505758e-01	-1.506137e-01	-1.310920e-01	6.470096e-01	6.692910e-01	4.892918e-01	4.179604e+00
7.518797e-03	-1.505758e-01	-1.506137e-01	-1.310925e-01	6.470072e-01	6.692892e-01	4.892918e-01	4.176564e+00
7.515971e-03	-1.505759e-01	-1.506137e-01	-1.310930e-01	6.470048e-01	6.692874e-01	4.892919e-01	4.173524e+00
7.513148e-03	-1.505759e-01	-1.506138e-01	-1.310935e-01	6.470024e-01	6.692857e-01	4.892920e-01	4.170484e+00
7.510327e-03	-1.505759e-01	-1.506138e-01	-1.310940e-01	6.470000e-01	6.692839e-01	4.892920e-01	4.167446e+00
7.507508e-03	-1.505760e-01	-1.506139e-01	-1.310945e-01	6.469976e-01	6.692821e-01	4.892921e-01	4.164408e+00
7.504690e-03	-1.505760e-01	-1.506139e-01	-1.310950e-01	6.469952e-01	6.692803e-01	4.892921e-01	4.161370e+00
7.501875e-03	-1.505761e-01	-1.506139e-01	-1.310955e-01	6.469928e-01	6.692785e-01	4.892922e-01	4.158333e+00
7.499063e-03	-1.505761e-01	-1.506140e-01	-1.310960e-01	6.469904e-01	6.692767e-01	4.892922e-01	4.155297e+00
7.496252e-03	-1.505761e-01	-1.506140e-01	-1.310965e-01	6.469880e-01	6.692749e-01	4.892922e-01	4.152260e+00
7.493443e-03	-1.505762e-01	-1.506141e-01	-1.310970e-01	6.469856e-01	6.692731e-01	4.892923e-01	4.149224e+00
7.490637e-03	-1.505762e-01	-1.506141e-01	-1.310975e-01	6.469832e-01	6.692713e-01	4.892923e-01	4.146188e+00
7.487832e-03	-1.505763e-01	-1.506142e-01	-1.310980e-01	6.469808e-01	6.692695e-01	4.892923e-01	4.143153e+00
7.485030e-03	-1.505763e-01	-1.506142e-01	-1.310985e-01	6.469785e-01	6.692677e-01	4.892923e-01	4.140117e+00
7.482230e-03	-1.505764e-01	-1.506142e-01	-1.310990e-01	6.469761e-01	6.692659e-01	4.892923e-01	4.137082e+00
7.479432e-03	-1.505764e-01	-1.506143e-01	-1.310995e-01	6.469737e-01	6.692641e-01	4.892923e-01	4.134046e+00
7.476636e-03	-1.505765e-01	-1.506143e-01	-1.311000e-01	6.469713e-01	6.692623e-01	4.892923e-01	4.131011e+00
7.473842e-03	-1.505765e-01	-1.506144e-01	-1.311005e-01	6.469689e-01	6.692605e-01	4.892923e-01	4.127975e+00
7.471050e-03	-1.505765e-01	-1.506144e-01	-1.311010e-01	6.469665e-01	6.692586e-01	4.892923e-01	4.124939e+00
7.468260e-03	-1.505766e-01	-1.506145e-01	-1.311015e-01	6.469641e-01	6.692568e-01	4.892923e-01	4.121903e+00
7.465472e-03	-1.505766e-01	-1.506145e-01	-1.311020e-01	6.469617e-01	6.692550e-01	4.892922e-01	4.118868e+00
7.462687e-03	-1.505767e-01	-1.506146e-01	-1.311025e-01	6.469593e-01	6.692532e-01	4.892922e-01	4.115831e+00
7.459903e-03	-1.505767e-01	-1.506146e-01	-1.311030e-01	6.469570e-01	6.692514e-01	4.892922e-01	4.112795e+00
7.457122e-03	-1.505768e-01	-1.506147e-01	-1.311035e-01	6.469546e-01	6.692496e-01	4.892921e-01	4.109758e+00
7.454342e-03	-1.505768e-01	-1.506147e-01	-1.311040e-01	6.469522e-01	6.692477e-01	4.892921e-01	4.106721e+00
7.451565e-03	-1.505769e-01	-1.506148e-01	-1.311045e-01	6.469498e-01	6.692459e-01	4.892920e-01	4.103683e+00
7.448790e-03	-1.505769e-01	-1.506148e-01	-1.311050e-01	6.469474e-01	6.692441e-01	4.892919e-01	4.100646e+00
7.446016e-03	-1.505770e-01	-1.506149e-01	-1.311055e-01	6.469450e-01	6.692423e-01	4.892919e-01	4.097607e+00
7.443245e-03	-1.505770e-01	-1.506149e-01	-1.311060e-01	6.469426e-01	6.692404e-01	4.892918e-01	4.094569e+00
7.440476e-03	-1.505771e-01	-1.506150e-01	-1.311065e-01	6.469402e-01	6.692386e-01	4.892917e-01	4.091530e+00
7.437709e-03	-1.505771e-01	-1.506150e-01	-1.311070e-01	6.469379e-01	6.692368e-01	4.892917e-01	4.088490e+00
7.434944e-03	-1.505772e-01	-1.506151e-01	-1.311075e-01	6.469355e-01	6.692349e-01	4.892916e-01	4.085450e+00
7.432181e-03	-1.505772e-01	-1.506151e-01	-1.311080e-01	6.469331e-01	6.692331e-01	4.892915e-01	4.082409e+00
7.429421e-03	-1.505773e-01	-1.506152e-01	-1.311085e-01	6.469307e-01	6.692313e-01	4.892914e-01	4.079368e+00
7.426662e-03	-1.505773e-01	-1.506152e-01	-1.311090e-01	6.469283e-01	6.692294e-01	4.892913e-01	4.076326e+00
7.423905e-03	-1.505774e-01	-1.506153e-01	-1.311095e-01	6.469259e-01	6.692276e-01	4.892912e-01	4.073284e+00
7.421150e-03	-1.505774e-01	-1.506153e-01	-1.311100e-01	6.469235e-01	6.692257e-01	4.892911e-01	4.070242e+00
7.418398e-03	-1.505775e-01	-1.506154e-01	-1.311105e-01	6.469212e-01	6.692239e-01	4.892910e-01	4.067197e+00
7.415647e-03	-1.505775e-01	-1.506154e-01	-1.311110e-01	6.469188e-01	6.692221e-01	4.892908e-01	4.064154e+00
7.412898e-03	-1.505776e-01	-1.506155e-01	-1.311115e-01	6.469164e-01	6.692202e-01	4.892907e-01	4.061109e+00
7.410152e-03	-1.505776e-01	-1.506155e-01	-1.311120e-01	6.469140e-01	6.692184e-01	4.892906e-01	4.058064e+00
7.407407e-03	-1.505777e-01	-1.506156e-01	-1.311124e-01	6.469116e-01	6.692165e-01	4.892904e-01	4.055018e+00
7.404665e-03	-1.505778e-01	-1.506157e-01	-1.311129e-01	6.469092e-01	6.692147e-01	4.892903e-01	4.051971e+00
7.401925e-03	-1.505778e-01	-1.506157e-01	-1.311134e-01	6.469069e-01	6.692128e-01	4.892902e-01	4.048924e+00
7.399186e-03	-1.505779e-01	-1.506158e-01	-1.311139e-01	6.469045e-01	6.692110e-01	4.892900e-01	4.045877e+00
7.396450e-03	-1.505779e-01	-1.506158e-01	-1.311144e-01	6.469021e-01	6.692091e-01	4.892898e-01	4.042829e+00
7.393715e-03	-1.505780e-01	-1.506159e-01	-1.311149e-01	6.468997e-01	6.692073e-01	4.892897e-01	4.039780e+00
7.390983e-03	-1.505780e-01	-1.506159e-01	-1.311154e-01	6.468973e-01	6.692054e-01	4.892895e-01	4.036731e+00
7.388253e-03	-1.505781e-01	-1.506160e-01	-1.311159e-01	6.468949e-01	6.692035e-01	4.892893e-01	4.033681e+00
7.385524e-03	-1.505781e-01	-1.506161e-01	-1.311164e-01	6.468926e-01	6.692017e-01	4.892892e-01	4.030631e+00
7.382798e-03	-1.505782e-01	-1.506161e-01	-1.311169e-01	6.468902e-01	6.691998e-01	4.892890e-01	4.027580e+00
7.380074e-03	-1.505783e-01	-1.506162e-01	-1.311173e-01	6.468878e-01	6.691980e-01	4.892888e-01	4.024529e+00
7.377352e-03	-1.505783e-01	-1.506162e-01	-1.311178e-01	6.468854e-01	6.691961e-01	4.892886e-01	4.021476e+00
7.374631e-03	-1.505784e-01	-1.506163e-01	-1.311183e-01	6.468831e-01	6.691942e-01	4.892884e-01	4.018424e+00
7.371913e-03	-1.505784e-01	-1.506163e-01	-1.311188e-01	6.468807e-01	6.691924e-01	4.892882e-01	4.015372e+00
7.369197e-03	-1.505785e-01	-1.506164e-01	-1.311193e-01	6.468783e-01	6.691905e-01	4.892880e-01	4.012319e+00
7.366483e-03	-1.505786e-01	-1.506165e-01	-1.311198e-01	6.468759e-01	6.691886e-01	4.892878e-01	4.009265e+00
7.363770e-03	-1.505786e-01	-1.506165e-01	-1.311203e-01	6.468735e-01	6.691868e-01	4.892876e-01	4.006211e+00
7.361060e-03	-1.505787e-01	-1.506166e-01	-1.311207e-01	6.468712e-01	6.691849e-01	4.892874e-01	4.003158e+00
7.358352e-03	-1.505787e-01	-1.506167e-01	-1.311212e-01	6.468688e-01	6.691830e-01	4.892871e-01	4.000103e+00
7.355645e-03	-1.505788e-01	-1.506167e-01	-1.311217e-01	6.468664e-01	6.691811e-01	4.892869e-01	3.997048e+00
7.352941e-03	-1.505789e-01	-1.506168e-01	-1.311222e-01	6.468640e-01	6.691793e-01	4.892867e-01	3.993993e+00
7.350239e-03	-1.505789e-01	-1.506168e-01	-1.311227e-01	6.468617e-01	6.691774e-01	4.892864e-01	3.990939e+00
7.347539e-03	-1.505790e-01	-1.506169e-01	-1.311232e-01	6.468593e-01	6.691755e-01	4.892862e-01	3.987883e+00
7.344840e-03	-1.505791e-01	-1.506170e-01	-1.311236e-01	6.468569e-01	6.691736e-01	4.892860e-01	3.984828e+00
7.342144e-03	-1.505791e-01	-1.506170e-01	-1.311241e-01	6.468545e-01	6.691717e-01	4.892857e-01	3.981773e+00
7.339450e-03	-1.505792e-01	-1.506171e-01	-1.311246e-01	6.468522e-01	6.691699e-01	4.892854e-01	3.978717e+00
7.336757e-03	-1.505792e-01	-1.506172e-01	-1.311251e-01	6.468498e-01	6.691680e-01	4.892852e-01	3.975661e+00
7.334067e-03	-1.505793e-01	-1.506172e-01	-1.311256e-01	6.468474e-01	6.691661e-01	4.892849e-01	3.972607e+00
7.331378e-03	-1.505794e-01	-1.506173e-01	-1.311261e-01	6.468451e-01	6.691642e-01	4.892846e-01	3.969551e+00
7.328692e-03	-1.505794e-01	-1.506173e-01	-1.311265e-01	6.468427e-01	6.691623e-01	4.892844e-01	3.966496e+00
7.326007e-03	-1.505795e-01	-1.506174e-01	-1.311270e-01	6.468403e-01	6.691604e-01	4.892841e-01	3.963441e+00
7.323325e-03	-1.505796e-01	-1.506175e-01	-1.311275e-01	6.468379e-01	6.691585e-01	4.892838e-01	3.960386e+00
7.320644e-03	-1.505796e-01	-1.506175e-01	-1.311280e-01	6.468356e-01	6.691566e-01	4.892835e-01	3.957332e+00
7.317966e-03	-1.505797e-01	-1.506176e-01	-1.311285e-01	6.468332e-01	6.691548e-01	4.892832e-01	3.954278e+00
7.315289e-03	-1.505798e-01	-1.506177e-01	-1.311289e-01	6.468308e-01	6.691529e-01	4.892829e-01	3.951224e+00
7.312614e-03	-1.505798e-01	-1.506177e-01	-1.311294e-01	6.468285e-01	6.691510e-01	4.892826e-01	3.948171e+00
7.309942e-03	-1.505799e-01	-1.506178e-01	-1.311299e-01	6.468261e-01	6.691491e-01	4.892823e-01	3.945117e+00
7.307271e-03	-1.505800e-01	-1.506179e-01	-1.311304e-01	6.468237e-01	6.691472e-01	4.892820e-01	3.942065e+00
7.304602e-03	-1.505800e-01	-1.506179e-01	-1.311309e-01	6.468214e-01	6.691453e-01	4.892817e-01	3.939014e+00
7.301935e-03	-1.505801e-01	-1.506180e-01	-1.311313e-01	6.468190e-01	6.691434e-01	4.892814e-01	3.935962e+00
7.299270e-03	-1.505802e-01	-1.506181e-01	-1.311318e-01	6.468166e-01	6.691415e-01	4.892810e-01	3.932911e+00
7.296607e-03	-1.505802e-01	-1.506182e-01	-1.311323e-01	6.468143e-01	6.691396e-01	4.892807e-01	3.929861e+00
7.293946e-03	-1.505803e-01	-1.506182e-01	-1.311328e-01	6.468119e-01	6.691377e-01	4.892804e-01	3.926812e+00
7.291287e-03	-1.505804e-01	-1.506183e-01	-1.311332e-01	6.468095e-01	6.691358e-01	4.892800e-01	3.923763e+00
7.288630e-03	-1.505804e-01	-1.506184e-01	-1.311337e-01	6.468072e-01	6.691339e-01	4.892797e-01	3.920716e+00
7.285974e-03	-1.505805e-01	-1.506184e-01	-1.311342e-01	6.468048e-01	6.691319e-01	4.892793e-01	3.917669e+00
7.283321e-03	-1.505806e-01	-1.506185e-01	-1.311347e-01	6.468025e-01	6.691300e-01	4.892790e-01	3.914623e+00
7.280670e-03	-1.505806e-01	-1.506186e-01	-1.311351e-01	6.468001e-01	6.691281e-01	4.892786e-01	3.911578e+00
7.278020e-03	-1.505807e-01	-1.506186e-01	-1.311356e-01	6.467977e-01	6.691262e-01	4.892783e-01	3.908535e+00
7.275373e-03	-1.505808e-01	-1.506187e-01	-1.311361e-01	6.467954e-01	6.691243e-01	4.892779e-01	3.905491e+00
7.272727e-03	-1.505809e-01	-1.506188e-01	-1.311366e-01	6.467930e-01	6.691224e-01	4.892775e-01	3.902450e+00
7.270084e-03	-1.505809e-01	-1.506189e-01	-1.311370e-01	6.467907e-01	6.691205e-01	4.892772e-01	3.899409e+00
7.267442e-03	-1.505810e-01	-1.506189e-01	-1.311375e-01	6.467883e-01	6.691186e-01	4.892768e-01	3.896370e+00
7.264802e-03	-1.505811e-01	-1.506190e-01	-1.311380e-01	6.467859e-01	6.691167e-01	4.892764e-01	3.893332e+00
7.262164e-03	-1.505811e-01	-1.506191e-01	-1.311385e-01	6.467836e-01	6.691147e-01	4.892760e-01	3.890295e+00
7.259528e-03	-1.505812e-01	-1.506192e-01	-1.311389e-01	6.467812e-01	6.691128e-01	4.892756e-01	3.887259e+00
7.256894e-03	-1.505813e-01	-1.506192e-01	-1.311394e-01	6.467789e-01	6.691109e-01	4.892752e-01	3.884225e+00
7.254262e-03	-1.505814e-01	-1.506193e-01	-1.311399e-01	6.467765e-01	6.691090e-01	4.892748e-01	3.881193e+00
7.251632e-03	-1.505814e-01	-1.506194e-01	-1.311403e-01	6.467742e-01	6.691071e-01	4.892744e-01	3.878161e+00
7.249003e-03	-1.505815e-01	-1.506195e-01	-1.311408e-01	6.467718e-01	6.691051e-01	4.892740e-01	3.875131e+00
7.246377e-03	-1.505816e-01	-1.506195e-01	-1.311413e-01	6.467695e-01	6.691032e-01	4.892736e-01	3.872104e+00
7.243752e-03	-1.505817e-01	-1.506196e-01	-1.311417e-01	6.467671e-01	6.691013e-01	4.892732e-01	3.869077e+00
7.241130e-03	-1.505817e-01	-1.506197e-01	-1.311422e-01	6.467647e-01	6.690994e-01	4.892728e-01	3.866052e+00
7.238509e-03	-1.505818e-01	-1.506198e-01	-1.311427e-01	6.467624e-01	6.690974e-01	4.892723e-01	3.863028e+00
7.235890e-03	-1.505819e-01	-1.506198e-01	-1.311432e-01	6.467600e-01	6.690955e-01	4.892719e-01	3.860007e+00
7.233273e-03	-1.505820e-01	-1.506199e-01	-1.311436e-01	6.467577e-01	6.690936e-01	4.892715e-01	3.856986e+00
7.230658e-03	-1.505820e-01	-1.506200e-01	-1.311441e-01	6.467553e-01	6.690917e-01	4.892710e-01	3.853969e+00
7.228045e-03	-1.505821e-01	-1.506201e-01	-1.311446e-01	6.467530e-01	6.690897e-01	4.892706e-01	3.850952e+00
7.225434e-03	-1.505822e-01	-1.506201e-01	-1.311450e-01	6.467506e-01	6.690878e-01	4.892701e-01	3.847937e+00
7.222824e-03	-1.505823e-01	-1.506202e-01	-1.311455e-01	6.467483e-01	6.690859e-01	4.892697e-01	3.844925e+00
7.220217e-03	-1.505823e-01	-1.506203e-01	-1.311460e-01	6.467460e-01	6.690839e-01	4.892692e-01	3.841914e+00
7.217611e-03	-1.505824e-01	-1.506204e-01	-1.311464e-01	6.467436e-01	6.690820e-01	4.892688e-01	3.838905e+00
7.215007e-03	-1.505825e-01	-1.506204e-01	-1.311469e-01	6.467413e-01	6.690801e-01	4.892683e-01	3.835898e+00
7.212405e-03	-1.505826e-01	-1.506205e-01	-1.311474e-01	6.467389e-01	6.690781e-01	4.892679e-01	3.832894e+00
7.209805e-03	-1.505827e-01	-1.506206e-01	-1.311478e-01	6.467366e-01	6.690762e-01	4.892674e-01	3.829890e+00
7.207207e-03	-1.505827e-01	-1.506207e-01	-1.311483e-01	6.467342e-01	6.690743e-01	4.892669e-01	3.826889e+00
7.204611e-03	-1.505828e-01	-1.506208e-01	-1.311487e-01	6.467319e-01	6.690723e-01	4.892664e-01	3.823891e+00
7.202017e-03	-1.505829e-01	-1.506208e-01	-1.311492e-01	6.467295e-01	6.690704e-01	4.892659e-01	3.820894e+00
7.199424e-03	-1.505830e-01	-1.506209e-01	-1.311497e-01	6.467272e-01	6.690684e-01	4.892655e-01	3.817899e+00
7.196833e-03	-1.505831e-01	-1.506210e-01	-1.311501e-01	6.467249e-01	6.690665e-01	4.892650e-01	3.814907e+00
7.194245e-03	-1.505831e-01	-1.506211e-01	-1.311506e-01	6.467225e-01	6.690646e-01	4.892645e-01	3.811916e+00
7.191658e-03	-1.505832e-01	-1.506212e-01	-1.311511e-01	6.467202e-01	6.690626e-01	4.892640e-01	3.808928e+00
7.189073e-03	-1.505833e-01	-1.506212e-01	-1.311515e-01	6.467178e-01	6.690607e-01	4.892635e-01	3.805943e+00
7.186489e-03	-1.505834e-01	-1.506213e-01	-1.311520e-01	6.467155e-01	6.690587e-01	4.892630e-01	3.802958e+00
7.183908e-03	-1.505835e-01	-1.506214e-01	-1.311524e-01	6.467132e-01	6.690568e-01	4.892625e-01	3.799978e+00
7.181329e-03	-1.505835e-01	-1.506215e-01	-1.311529e-01	6.467108e-01	6.690548e-01	4.892619e-01	3.796998e+00
7.178751e-03	-1.505836e-01	-1.506216e-01	-1.311534e-01	6.467085e-01	6.690529e-01	4.892614e-01	3.794021e+00
7.176175e-03	-1.505837e-01	-1.506217e-01	-1.311538e-01	6.467062e-01	6.690509e-01	4.892609e-01	3.791047e+00
7.173601e-03	-1.505838e-01	-1.506217e-01	-1.311543e-01	6.467038e-01	6.690490e-01	4.892604e-01	3.788074e+00
7.171029e-03	-1.505839e-01	-1.506218e-01	-1.311547e-01	6.467015e-01	6.690471e-01	4.892598e-01	3.785105e+00
7.168459e-03	-1.505839e-01	-1.506219e-01	-1.311552e-01	6.466992e-01	6.690451e-01	4.892593e-01	3.782136e+00
7.165890e-03	-1.505840e-01	-1.506220e-01	-1.311557e-01	6.466968e-01	6.690431e-01	4.892588e-01	3.779171e+00
7.163324e-03	-1.505841e-01	-1.506221e-01	-1.311561e-01	6.466945e-01	6.690412e-01	4.892582e-01	3.776209e+00
7.160759e-03	-1.505842e-01	-1.506222e-01	-1.311566e-01	6.466922e-01	6.690392e-01	4.892577e-01	3.773248e+00
7.158196e-03	-1.505843e-01	-1.506222e-01	-1.311570e-01	6.466898e-01	6.690373e-01	4.892571e-01	3.770289e+00
7.155635e-03	-1.505844e-01	-1.506223e-01	-1.311575e-01	6.466875e-01	6.690353e-01	4.892566e-01	3.767334e+00
7.153076e-03	-1.505844e-01	-1.506224e-01	-1.311579e-01	6.466852e-01	6.690334e-01	4.892560e-01	3.764380e+00
7.150518e-03	-1.505845e-01	-1.506225e-01	-1.311584e-01	6.466828e-01	6.690314e-01	4.892555e-01	3.761429e+00
7.147963e-03	-1.505846e-01	-1.506226e-01	-1.311589e-01	6.466805e-01	6.690295e-01	4.892549e-01	3.758481e+00
7.145409e-03	-1.505847e-01	-1.506227e-01	-1.311593e-01	6.466782e-01	6.690275e-01	4.892543e-01	3.755534e+00
7.142857e-03	-1.505848e-01	-1.506228e-01	-1.311598e-01	6.466759e-01	6.690256e-01	4.892538e-01	3.752591e+00
7.140307e-03	-1.505849e-01	-1.506228e-01	-1.311602e-01	6.466735e-01	6.690236e-01	4.892532e-01	3.749650e+00
7.137759e-03	-1.505850e-01	-1.506229e-01	-1.311607e-01	6.466712e-01	6.690216e-01	4.892526e-01	3.746710e+00
7.135212e-03	-1.505850e-01	-1.506230e-01	-1.311611e-01	6.466689e-01	6.690197e-01	4.892520e-01	3.743775e+00
7.132668e-03	-1.505851e-01	-1.506231e-01	-1.311616e-01	6.466666e-01	6.690177e-01	4.892514e-01	3.740840e+00
7.130125e-03	-1.505852e-01	-1.506232e-01	-1.311620e-01	6.466642e-01	6.690158e-01	4.892508e-01	3.737909e+00
7.127584e-03	-1.505853e-01	-1.506233e-01	-1.311625e-01	6.466619e-01	6.690138e-01	4.892502e-01	3.734980e+00
7.125045e-03	-1.505854e-01	-1.506234e-01	-1.311629e-01	6.466596e-01	6.690118e-01	4.892497e-01	3.732053e+00
7.122507e-03	-1.505855e-01	-1.506234e-01	-1.311634e-01	6.466573e-01	6.690099e-01	4.892490e-01	3.729129e+00
7.119972e-03	-1.505856e-01	-1.506235e-01	-1.311638e-01	6.466550e-01	6.690079e-01	4.892484e-01	3.726207e+00
7.117438e-03	-1.505857e-01	-1.506236e-01	-1.311643e-01	6.466527e-01	6.690059e-01	4.892478e-01	3.723288e+00
7.114906e-03	-1.505857e-01	-1.506237e-01	-1.311648e-01	6.466503e-01	6.690040e-01	4.892472e-01	3.720371e+00
7.112376e-03	-1.505858e-01	-1.506238e-01	-1.311652e-01	6.466480e-01	6.690020e-01	4.892466e-01	3.717457e+00
7.109847e-03	-1.505859e-01	-1.506239e-01	-1.311657e-01	6.466457e-01	6.690000e-01	4.892460e-01	3.714545e+00
7.107321e-03	-1.505860e-01	-1.506240e-01	-1.311661e-01	6.466434e-01	6.689981e-01	4.892454e-01	3.711635e+00
7.104796e-03	-1.505861e-01	-1.506241e-01	-1.311666e-01	6.466411e-01	6.689961e-01	4.892447e-01	3.708728e+00
7.102273e-03	-1.505862e-01	-1.506242e-01	-1.311670e-01	6.466388e-01	6.689941e-01	4.892441e-01	3.705823e+00
7.099752e-03	-1.505863e-01	-1.506242e-01	-1.311675e-01	6.466365e-01	6.689922e-01	4.892435e-01	3.702922e+00
7.097232e-03	-1.505864e-01	-1.506243e-01	-1.311679e-01	6.466341e-01	6.689902e-01	4.892428e-01	3.700022e+00
7.094714e-03	-1.505865e-01	-1.506244e-01	-1.311683e-01	6.466318e-01	6.689882e-01	4.892422e-01	3.697124e+00
7.092199e-03	-1.505865e-01	-1.506245e-01	-1.311688e-01	6.466295e-01	6.689862e-01	4.892416e-01	3.694230e+00
7.089685e-03	-1.505866e-01	-1.506246e-01	-1.311692e-01	6.466272e-01	6.689843e-01	4.892409e-01	3.691337e+00
7.087172e-03	-1.505867e-01	-1.506247e-01	-1.311697e-01	6.466249e-01	6.689823e-01	4.892403e-01	3.688446e+00
7.084662e-03	-1.505868e-01	-1.506248e-01	-1.311701e-01	6.466226e-01	6.689803e-01	4.892396e-01	3.685559e+00
7.082153e-03	-1.505869e-01	-1.506249e-01	-1.311706e-01	6.466203e-01	6.689783e-01	4.892389e-01	3.682674e+00
7.079646e-03	-1.505870e-01	-1.506250e-01	-1.311710e-01	6.466180e-01	6.689764e-01	4.892383e-01	3.679791e+00
7.077141e-03	-1.505871e-01	-1.506251e-01	-1.311715e-01	6.466157e-01	6.689744e-01	4.892376e-01	3.676911e+00
7.074637e-03	-1.505872e-01	-1.506252e-01	-1.311719e-01	6.466134e-01	6.689724e-01	4.892369e-01	3.674033e+00
7.072136e-03	-1.505873e-01	-1.506253e-01	-1.311724e-01	6.466111e-01	6.689704e-01	4.892363e-01	3.671157e+00
7.069636e-03	-1.505874e-01	-1.506253e-01	-1.311728e-01	6.466088e-01	6.689685e-01	4.892356e-01	3.668284e+00
7.067138e-03	-1.505875e-01	-1.506254e-01	-1.311733e-01	6.466065e-01	6.689665e-01	4.892349e-01	3.665413e+00
7.064641e-03	-1.505875e-01	-1.506255e-01	-1.311737e-01	6.466042e-01	6.689645e-01	4.892342e-01	3.662545e+00
7.062147e-03	-1.505876e-01	-1.506256e-01	-1.311741e-01	6.466019e-01	6.689625e-01	4.892336e-01	3.659679e+00
7.059654e-03	-1.505877e-01	-1.506257e-01	-1.311746e-01	6.465996e-01	6.689605e-01	4.892329e-01	3.656815e+00
7.057163e-03	-1.505878e-01	-1.506258e-01	-1.311750e-01	6.465973e-01	6.689586e-01	4.892322e-01	3.653954e+00
7.054674e-03	-1.505879e-01	-1.506259e-01	-1.311755e-01	6.465950e-01	6.689566e-01	4.892315e-01	3.651095e+00
7.052186e-03	-1.505880e-01	-1.506260e-01	-1.311759e-01	6.465927e-01	6.689546e-01	4.892308e-01	3.648238e+00
7.049700e-03	-1.505881e-01	-1.506261e-01	-1.311764e-01	6.465904e-01	6.689526e-01	4.892301e-01	3.645384e+00
7.047216e-03	-1.505882e-01	-1.506262e-01	-1.311768e-01	6.465881e-01	6.689506e-01	4.892294e-01	3.642532e+00
7.044734e-03	-1.505883e-01	-1.506263e-01	-1.311772e-01	6.465858e-01	6.689486e-01	4.892287e-01	3.639682e+00
7.042254e-03	-1.505884e-01	-1.506264e-01	-1.311777e-01	6.465835e-01	6.689467e-01	4.892279e-01	3.636835e+00
7.039775e-03	-1.505885e-01	-1.506265e-01	-1.311781e-01	6.465812e-01	6.689447e-01	4.892272e-01	3.633991e+00
7.037298e-03	-1.505886e-01	-1.506266e-01	-1.311786e-01	6.465789e-01	6.689427e-01	4.892265e-01	3.631148e+00
7.034822e-03	-1.505887e-01	-1.506267e-01	-1.311790e-01	6.465766e-01	6.689407e-01	4.892258e-01	3.628308e+00
7.032349e-03	-1.505888e-01	-1.506268e-01	-1.311794e-01	6.465743e-01	6.689387e-01	4.892251e-01	3.625470e+00
7.029877e-03	-1.505889e-01	-1.506269e-01	-1.311799e-01	6.465720e-01	6.689367e-01	4.892243e-01	3.622634e+00
7.027407e-03	-1.505890e-01	-1.506270e-01	-1.311803e-01	6.465698e-01	6.689347e-01	4.892236e-01	3.619801e+00
7.024939e-03	-1.505891e-01	-1.506271e-01	-1.311807e-01	6.465675e-01	6.689328e-01	4.892229e-01	3.616970e+00
7.022472e-03	-1.505892e-01	-1.506272e-01	-1.311812e-01	6.465652e-01	6.689308e-01	4.892221e-01	3.614141e+00
7.020007e-03	-1.505893e-01	-1.506273e-01	-1.311816e-01	6.465629e-01	6.689288e-01	4.892214e-01	3.611315e+00
7.017544e-03	-1.505894e-01	-1.506274e-01	-1.311821e-01	6.465606e-01	6.689268e-01	4.892206e-01	3.608491e+00
7.015082e-03	-1.505895e-01	-1.506274e-01	-1.311825e-01	6.465583e-01	6.689248e-01	4.892199e-01	3.605670e+00
7.012623e-03	-1.505895e-01	-1.506275e-01	-1.311829e-01	6.465560e-01	6.689228e-01	4.892191e-01	3.602850e+00
7.010165e-03	-1.505896e-01	-1.506276e-01	-1.311834e-01	6.465538e-01	6.689208e-01	4.892184e-01	3.600033e+00
7.007708e-03	-1.505897e-01	-1.506277e-01	-1.311838e-01	6.465515e-01	6.689188e-01	4.892176e-01	3.597218e+00
7.005254e-03	-1.505898e-01	-1.506278e-01	-1.311842e-01	6.465492e-01	6.689168e-01	4.892169e-01	3.594405e+00
7.002801e-03	-1.505899e-01	-1.506279e-01	-1.311847e-01	6.465469e-01	6.689148e-01	4.892161e-01	3.591596e+00
7.000350e-03	-1.505900e-01	-1.506280e-01	-1.311851e-01	6.465446e-01	6.689128e-01	4.892153e-01	3.588787e+00
6.997901e-03	-1.505901e-01	-1.506281e-01	-1.311855e-01	6.465424e-01	6.689108e-01	4.892146e-01	3.585982e+00
6.995453e-03	-1.505902e-01	-1.506282e-01	-1.311860e-01	6.465401e-01	6.689089e-01	4.892138e-01	3.583179e+00
6.993007e-03	-1.505903e-01	-1.506283e-01	-1.311864e-01	6.465378e-01	6.689069e-01	4.892130e-01	3.580378e+00
6.990563e-03	-1.505904e-01	-1.506284e-01	-1.311868e-01	6.465355e-01	6.689049e-01	4.892123e-01	3.577579e+00
6.988120e-03	-1.505905e-01	-1.506285e-01	-1.311873e-01	6.465333e-01	6.689029e-01	4.892115e-01	3.574783e+00
6.985679e-03	-1.505906e-01	-1.506286e-01	-1.311877e-01	6.465310e-01	6.689009e-01	4.892107e-01	3.571988e+00
6.983240e-03	-1.505907e-01	-1.506287e-01	-1.311881e-01	6.465287e-01	6.688989e-01	4.892099e-01	3.569197e+00
6.980803e-03	-1.505908e-01	-1.506288e-01	-1.311886e-01	6.465264e-01	6.688969e-01	4.892091e-01	3.566408e+00
6.978367e-03	-1.505909e-01	-1.506289e-01	-1.311890e-01	6.465242e-01	6.688949e-01	4.892083e-01	3.563621e+00
6.975933e-03	-1.505910e-01	-1.506290e-01	-1.311894e-01	6.465219e-01	6.688929e-01	4.892075e-01	3.560835e+00
6.973501e-03	-1.505911e-01	-1.506291e-01	-1.311899e-01	6.465196e-01	6.688909e-01	4.892067e-01	3.558053e+00
6.971070e-03	-1.505912e-01	-1.506292e-01	-1.311903e-01	6.465174e-01	6.688889e-01	4.892059e-01	3.555273e+00
6.968641e-03	-1.505913e-01	-1.506293e-01	-1.311907e-01	6.465151e-01	6.688869e-01	4.892051e-01	3.552494e+00
6.966214e-03	-1.505914e-01	-1.506294e-01	-1.311912e-01	6.465128e-01	6.688849e-01	4.892043e-01	3.549720e+00
6.963788e-03	-1.505915e-01	-1.506296e-01	-1.311916e-01	6.465106e-01	6.688829e-01	4.892035e-01	3.546946e+00
6.961364e-03	-1.505916e-01	-1.506297e-01	-1.311920e-01	6.465083e-01	6.688809e-01	4.892027e-01	3.544175e+00
6.958942e-03	-1.505917e-01	-1.506298e-01	-1.311924e-01	6.465060e-01	6.688789e-01	4.892019e-01	3.541405e+00
6.956522e-03	-1.505918e-01	-1.506299e-01	-1.311929e-01	6.465038e-01	6.688769e-01	4.892010e-01	3.538640e+00
6.954103e-03	-1.505919e-01	-1.506300e-01	-1.311933e-01	6.465015e-01	6.688749e-01	4.892002e-01	3.535875e+00
6.951686e-03	-1.505920e-01	-1.506301e-01	-1.311937e-01	6.464993e-01	6.688729e-01	4.891994e-01	3.533113e+00
6.949270e-03	-1.505922e-01	-1.506302e-01	-1.311941e-01	6.464970e-01	6.688709e-01	4.891986e-01	3.530353e+00
6.946857e-03	-1.505923e-01	-1.506303e-01	-1.311946e-01	6.464947e-01	6.688689e-01	4.891977e-01	3.527596e+00
6.944444e-03	-1.505924e-01	-1.506304e-01	-1.311950e-01	6.464925e-01	6.688669e-01	4.891969e-01	3.524841e+00
6.942034e-03	-1.505925e-01	-1.506305e-01	-1.311954e-01	6.464902e-01	6.688649e-01	4.891961e-01	3.522088e+00
6.939625e-03	-1.505926e-01	-1.506306e-01	-1.311959e-01	6.464880e-01	6.688629e-01	4.891952e-01	3.519338e+00
6.937218e-03	-1.505927e-01	-1.506307e-01	-1.311963e-01	6.464857e-01	6.688609e-01	4.891944e-01	3.516590e+00
6.934813e-03	-1.505928e-01	-1.506308e-01	-1.311967e-01	6.464835e-01	6.688589e-01	4.891935e-01	3.513843e+00
6.932409e-03	-1.505929e-01	-1.506309e-01	-1.311971e-01	6.464812e-01	6.688568e-01	4.891927e-01	3.511100e+00
6.930007e-03	-1.505930e-01	-1.506310e-01	-1.311975e-01	6.464790e-01	6.688548e-01	4.891918e-01	3.508358e+00
6.927607e-03	-1.505931e-01	-1.506311e-01	-1.311980e-01	6.464767e-01	6.688528e-01	4.891910e-01	3.505620e+00
6.925208e-03	-1.505932e-01	-1.506312e-01	-1.311984e-01	6.464745e-01	6.688508e-01	4.891901e-01	3.502882e+00
6.922811e-03	-1.505933e-01	-1.506313e-01	-1.311988e-01	6.464722e-01	6.688488e-01	4.891892e-01	3.500148e+00
6.920415e-03	-1.505934e-01	-1.506314e-01	-1.311992e-01	6.464700e-01	6.688468e-01	4.891884e-01	3.497415e+00
6.918021e-03	-1.505935e-01	-1.506315e-01	-1.311997e-01	6.464677e-01	6.688448e-01	4.891875e-01	3.494686e+00
6.915629e-03	-1.505936e-01	-1.506316e-01	-1.312001e-01	6.464655e-01	6.688428e-01	4.891866e-01	3.491958e+00
6.913239e-03	-1.505937e-01	-1.506317e-01	-1.312005e-01	6.464632e-01	6.688408e-01	4.891858e-01	3.489232e+00
6.910850e-03	-1.505938e-01	-1.506318e-01	-1.312009e-01	6.464610e-01	6.688388e-01	4.891849e-01	3.486509e+00
6.908463e-03	-1.505939e-01	-1.506320e-01	-1.312013e-01	6.464587e-01	6.688368e-01	4.891840e-01	3.483787e+00
6.906077e-03	-1.505940e-01	-1.506321e-01	-1.312018e-01	6.464565e-01	6.688348e-01	4.891831e-01	3.481069e+00
6.903693e-03	-1.505941e-01	-1.506322e-01	-1.312022e-01	6.464542e-01	6.688328e-01	4.891823e-01	3.478353e+00
6.901311e-03	-1.505942e-01	-1.506323e-01	-1.312026e-01	6.464520e-01	6.688308e-01	4.891814e-01	3.475638e+00
6.898931e-03	-1.505943e-01	-1.506324e-01	-1.312030e-01	6.464498e-01	6.688287e-01	4.891805e-01	3.472927e+00
6.896552e-03	-1.505945e-01	-1.506325e-01	-1.312034e-01	6.464475e-01	6.688267e-01	4.891796e-01	3.470216e+00
6.894174e-03	-1.505946e-01	-1.506326e-01	-1.312039e-01	6.464453e-01	6.688247e-01	4.891787e-01	3.467509e+00
6.891799e-03	-1.505947e-01	-1.506327e-01	-1.312043e-01	6.464430e-01	6.688227e-01	4.891778e-01	3.464804e+00
6.889425e-03	-1.505948e-01	-1.506328e-01	-1.312047e-01	6.464408e-01	6.688207e-01	4.891769e-01	3.462100e+00
6.887052e-03	-1.505949e-01	-1.506329e-01	-1.312051e-01	6.464386e-01	6.688187e-01	4.891760e-01	3.459399e+00
6.884682e-03	-1.505950e-01	-1.506330e-01	-1.312055e-01	6.464363e-01	6.688167e-01	4.891751e-01	3.456700e+00
6.882312e-03	-1.505951e-01	-1.506331e-01	-1.312060e-01	6.464341e-01	6.688147e-01	4.891742e-01	3.454003e+00
6.879945e-03	-1.505952e-01	-1.506332e-01	-1.312064e-01	6.464319e-01	6.688127e-01	4.891733e-01	3.451309e+00
6.877579e-03	-1.505953e-01	-1.506334e-01	-1.312068e-01	6.464296e-01	6.688106e-01	4.891724e-01	3.448617e+00
6.875215e-03	-1.505954e-01	-1.506335e-01	-1.312072e-01	6.464274e-01	6.688086e-01	4.891715e-01	3.445926e+00
6.872852e-03	-1.505955e-01	-1.506336e-01	-1.312076e-01	6.464252e-01	6.688066e-01	4.891706e-01	3.443239e+00
6.870491e-03	-1.505956e-01	-1.506337e-01	-1.312080e-01	6.464229e-01	6.688046e-01	4.891696e-01	3.440553e+00
6.868132e-03	-1.505958e-01	-1.506338e-01	-1.312085e-01	6.464207e-01	6.688026e-01	4.891687e-01	3.437869e+00
6.865774e-03	-1.505959e-01	-1.506339e-01	-1.312089e-01	6.464185e-01	6.688006e-01	4.891678e-01	3.435188e+00
6.863418e-03	-1.505960e-01	-1.506340e-01	-1.312093e-01	6.464163e-01	6.687986e-01	4.891669e-01	3.432507e+00
6.861063e-03	-1.505961e-01	-1.506341e-01	-1.312097e-01	6.464140e-01	6.687966e-01	4.891659e-01	3.429831e+00
6.858711e-03	-1.505962e-01	-1.506342e-01	-1.312101e-01	6.464118e-01	6.687945e-01	4.891650e-01	3.427155e+00
6.856359e-03	-1.505963e-01	-1.506343e-01	-1.312105e-01	6.464096e-01	6.687925e-01	4.891641e-01	3.424482e+00
6.854010e-03	-1.505964e-01	-1.506344e-01	-1.312109e-01	6.464074e-01	6.687905e-01	4.891631e-01	3.421811e+00
6.851662e-03	-1.505965e-01	-1.506346e-01	-1.312113e-01	6.464051e-01	6.687885e-01	4.891622e-01	3.419142e+00
6.849315e-03	-1.505966e-01	-1.506347e-01	-1.312118e-01	6.464029e-01	6.687865e-01	4.891612e-01	3.416475e+00
6.846970e-03	-1.505967e-01	-1.506348e-01	-1.312122e-01	6.464007e-01	6.687845e-01	4.891603e-01	3.413810e+00
6.844627e-03	-1.505968e-01	-1.506349e-01	-1.312126e-01	6.463985e-01	6.687824e-01	4.891594e-01	3.411147e+00
6.842285e-03	-1.505970e-01	-1.506350e-01	-1.312130e-01	6.463963e-01	6.687804e-01	4.891584e-01	3.408487e+00
6.839945e-03	-1.505971e-01	-1.506351e-01	-1.312134e-01	6.463941e-01	6.687784e-01	4.891575e-01	3.405828e+00
6.837607e-03	-1.505972e-01	-1.506352e-01	-1.312138e-01	6.463918e-01	6.687764e-01	4.891565e-01	3.403171e+00
6.835270e-03	-1.505973e-01	-1.506353e-01	-1.312142e-01	6.463896e-01	6.687744e-01	4.891555e-01	3.400516e+00
6.832935e-03	-1.505974e-01	-1.506355e-01	-1.312146e-01	6.463874e-01	6.687724e-01	4.891546e-01	3.397864e+00
6.830601e-03	-1.505975e-01	-1.506356e-01	-1.312150e-01	6.463852e-01	6.687704e-01	4.891536e-01	3.395212e+00
6.828269e-03	-1.505976e-01	-1.506357e-01	-1.312155e-01	6.463830e-01	6.687683e-01	4.891527e-01	3.392564e+00
6.825939e-03	-1.505977e-01	-1.506358e-01	-1.312159e-01	6.463808e-01	6.687663e-01	4.891517e-01	3.389917e+00
6.823610e-03	-1.505979e-01	-1.506359e-01	-1.312163e-01	6.463786e-01	6.687643e-01	4.891507e-01	3.387272e+00
6.821282e-03	-1.505980e-01	-1.506360e-01	-1.312167e-01	6.463764e-01	6.687623e-01	4.891497e-01	3.384629e+00
6.818957e-03	-1.505981e-01	-1.506361e-01	-1.312171e-01	6.463741e-01	6.687603e-01	4.891488e-01	3.381988e+00
6.816633e-03	-1.505982e-01	-1.506362e-01	-1.312175e-01	6.463719e-01	6.687582e-01	4.891478e-01	3.379348e+00
6.814310e-03	-1.505983e-01	-1.506364e-01	-1.312179e-01	6.463697e-01	6.687562e-01	4.891468e-01	3.376711e+00
6.811989e-03	-1.505984e-01	-1.506365e-01	-1.312183e-01	6.463675e-01	6.687542e-01	4.891458e-01	3.374076e+00
6.809670e-03	-1.505985e-01	-1.506366e-01	-1.312187e-01	6.463653e-01	6.687522e-01	4.891449e-01	3.371442e+00
6.807352e-03	-1.505986e-01	-1.506367e-01	-1.312191e-01	6.463631e-01	6.687502e-01	4.891439e-01	3.368811e+00
6.805036e-03	-1.505988e-01	-1.506368e-01	-1.312195e-01	6.463609e-01	6.687482e-01	4.891429e-01	3.366180e+00
6.802721e-03	-1.505989e-01	-1.506369e-01	-1.312199e-01	6.463587e-01	6.687461e-01	4.891419e-01	3.363553e+00
6.800408e-03	-1.505990e-01	-1.506370e-01	-1.312203e-01	6.463565e-01	6.687441e-01	4.891409e-01	3.360926e+00
6.798097e-03	-1.505991e-01	-1.506372e-01	-1.312207e-01	6.463543e-01	6.687421e-01	4.891399e-01	3.358302e+00
6.795787e-03	-1.505992e-01	-1.506373e-01	-1.312211e-01	6.463521e-01	6.687401e-01	4.891389e-01	3.355679e+00
6.793478e-03		-1.505993e-01	-1.506374e-01	-1.312215e-01	6.463499e-01	6.687381e-01	4.891379e-01	3.353059e+00
6.791171e-03	-1.505994e-01	-1.506375e-01	-1.312220e-01	6.463477e-01	6.687360e-01	4.891369e-01	3.350439e+00
6.788866e-03	-1.505995e-01	-1.506376e-01	-1.312224e-01	6.463455e-01	6.687340e-01	4.891359e-01	3.347822e+00
6.786563e-03	-1.505997e-01	-1.506377e-01	-1.312228e-01	6.463433e-01	6.687320e-01	4.891349e-01	3.345206e+00
6.784261e-03	-1.505998e-01	-1.506378e-01	-1.312232e-01	6.463411e-01	6.687300e-01	4.891339e-01	3.342593e+00
6.781960e-03	-1.505999e-01	-1.506380e-01	-1.312236e-01	6.463390e-01	6.687280e-01	4.891329e-01	3.339980e+00
6.779661e-03	-1.506000e-01	-1.506381e-01	-1.312240e-01	6.463368e-01	6.687259e-01	4.891319e-01	3.337369e+00
6.777364e-03	-1.506001e-01	-1.506382e-01	-1.312244e-01	6.463346e-01	6.687239e-01	4.891309e-01	3.334761e+00
6.775068e-03	-1.506002e-01	-1.506383e-01	-1.312248e-01	6.463324e-01	6.687219e-01	4.891298e-01	3.332154e+00
6.772773e-03	-1.506004e-01	-1.506384e-01	-1.312252e-01	6.463302e-01	6.687199e-01	4.891288e-01	3.329548e+00
6.770481e-03	-1.506005e-01	-1.506385e-01	-1.312256e-01	6.463280e-01	6.687179e-01	4.891278e-01	3.326944e+00
6.768190e-03	-1.506006e-01	-1.506387e-01	-1.312260e-01	6.463258e-01	6.687159e-01	4.891268e-01	3.324342e+00
6.765900e-03	-1.506007e-01	-1.506388e-01	-1.312264e-01	6.463236e-01	6.687138e-01	4.891257e-01	3.321741e+00
6.763612e-03	-1.506008e-01	-1.506389e-01	-1.312268e-01	6.463215e-01	6.687118e-01	4.891247e-01	3.319141e+00
6.761325e-03	-1.506009e-01	-1.506390e-01	-1.312272e-01	6.463193e-01	6.687098e-01	4.891237e-01	3.316544e+00
6.759040e-03	-1.506010e-01	-1.506391e-01	-1.312276e-01	6.463171e-01	6.687078e-01	4.891227e-01	3.313949e+00
6.756757e-03	-1.506012e-01	-1.506392e-01	-1.312280e-01	6.463149e-01	6.687057e-01	4.891216e-01	3.311354e+00
6.754475e-03	-1.506013e-01	-1.506394e-01	-1.312284e-01	6.463127e-01	6.687037e-01	4.891206e-01	3.308761e+00
6.752194e-03	-1.506014e-01	-1.506395e-01	-1.312288e-01	6.463105e-01	6.687017e-01	4.891195e-01	3.306170e+00
6.749916e-03	-1.506015e-01	-1.506396e-01	-1.312292e-01	6.463084e-01	6.686997e-01	4.891185e-01	3.303580e+00
6.747638e-03	-1.506016e-01	-1.506397e-01	-1.312296e-01	6.463062e-01	6.686977e-01	4.891175e-01	3.300992e+00
6.745363e-03	-1.506017e-01	-1.506398e-01	-1.312300e-01	6.463040e-01	6.686956e-01	4.891164e-01	3.298405e+00
6.743088e-03	-1.506019e-01	-1.506399e-01	-1.312304e-01	6.463018e-01	6.686936e-01	4.891154e-01	3.295819e+00
6.740816e-03	-1.506020e-01	-1.506401e-01	-1.312308e-01	6.462997e-01	6.686916e-01	4.891143e-01	3.293236e+00
6.738544e-03	-1.506021e-01	-1.506402e-01	-1.312311e-01	6.462975e-01	6.686896e-01	4.891133e-01	3.290653e+00
6.736275e-03	-1.506022e-01	-1.506403e-01	-1.312315e-01	6.462953e-01	6.686876e-01	4.891122e-01	3.288072e+00
6.734007e-03	-1.506023e-01	-1.506404e-01	-1.312319e-01	6.462932e-01	6.686855e-01	4.891112e-01	3.285492e+00
6.731740e-03	-1.506025e-01	-1.506405e-01	-1.312323e-01	6.462910e-01	6.686835e-01	4.891101e-01	3.282915e+00
6.729475e-03	-1.506026e-01	-1.506406e-01	-1.312327e-01	6.462888e-01	6.686815e-01	4.891090e-01	3.280338e+00
6.727212e-03	-1.506027e-01	-1.506408e-01	-1.312331e-01	6.462866e-01	6.686795e-01	4.891080e-01	3.277763e+00
6.724950e-03	-1.506028e-01	-1.506409e-01	-1.312335e-01	6.462845e-01	6.686775e-01	4.891069e-01	3.275189e+00
6.722689e-03	-1.506029e-01	-1.506410e-01	-1.312339e-01	6.462823e-01	6.686754e-01	4.891058e-01	3.272616e+00
6.720430e-03	-1.506030e-01	-1.506411e-01	-1.312343e-01	6.462801e-01	6.686734e-01	4.891048e-01	3.270046e+00
6.718173e-03	-1.506032e-01	-1.506412e-01	-1.312347e-01	6.462780e-01	6.686714e-01	4.891037e-01	3.267475e+00
6.715917e-03	-1.506033e-01	-1.506414e-01	-1.312351e-01	6.462758e-01	6.686694e-01	4.891026e-01	3.264907e+00
6.713662e-03	-1.506034e-01	-1.506415e-01	-1.312355e-01	6.462737e-01	6.686674e-01	4.891016e-01	3.262340e+00
6.711409e-03	-1.506035e-01	-1.506416e-01	-1.312359e-01	6.462715e-01	6.686653e-01	4.891005e-01	3.259775e+00
6.709158e-03	-1.506036e-01	-1.506417e-01	-1.312363e-01	6.462693e-01	6.686633e-01	4.890994e-01	3.257210e+00
6.706908e-03	-1.506038e-01	-1.506418e-01	-1.312367e-01	6.462672e-01	6.686613e-01	4.890983e-01	3.254648e+00
6.704660e-03	-1.506039e-01	-1.506420e-01	-1.312371e-01	6.462650e-01	6.686593e-01	4.890972e-01	3.252085e+00
6.702413e-03	-1.506040e-01	-1.506421e-01	-1.312374e-01	6.462629e-01	6.686572e-01	4.890962e-01	3.249525e+00
6.700168e-03	-1.506041e-01	-1.506422e-01	-1.312378e-01	6.462607e-01	6.686552e-01	4.890951e-01	3.246966e+00
6.697924e-03	-1.506042e-01	-1.506423e-01	-1.312382e-01	6.462586e-01	6.686532e-01	4.890940e-01	3.244408e+00
6.695681e-03	-1.506044e-01	-1.506424e-01	-1.312386e-01	6.462564e-01	6.686512e-01	4.890929e-01	3.241852e+00
6.693440e-03	-1.506045e-01	-1.506426e-01	-1.312390e-01	6.462543e-01	6.686492e-01	4.890918e-01	3.239296e+00
6.691201e-03	-1.506046e-01	-1.506427e-01	-1.312394e-01	6.462521e-01	6.686471e-01	4.890907e-01	3.236743e+00
6.688963e-03	-1.506047e-01	-1.506428e-01	-1.312398e-01	6.462500e-01	6.686451e-01	4.890896e-01	3.234190e+00
6.686727e-03	-1.506048e-01	-1.506429e-01	-1.312402e-01	6.462478e-01	6.686431e-01	4.890885e-01	3.231638e+00
6.684492e-03	-1.506050e-01	-1.506430e-01	-1.312406e-01	6.462457e-01	6.686411e-01	4.890874e-01	3.229088e+00
6.682259e-03	-1.506051e-01	-1.506432e-01	-1.312409e-01	6.462435e-01	6.686391e-01	4.890863e-01	3.226539e+00
6.680027e-03	-1.506052e-01	-1.506433e-01	-1.312413e-01	6.462414e-01	6.686370e-01	4.890852e-01	3.223992e+00
6.677796e-03	-1.506053e-01	-1.506434e-01	-1.312417e-01	6.462392e-01	6.686350e-01	4.890841e-01	3.221445e+00
6.675567e-03	-1.506054e-01	-1.506435e-01	-1.312421e-01	6.462371e-01	6.686330e-01	4.890830e-01	3.218901e+00
6.673340e-03	-1.506056e-01	-1.506437e-01	-1.312425e-01	6.462349e-01	6.686310e-01	4.890819e-01	3.216357e+00
6.671114e-03	-1.506057e-01	-1.506438e-01	-1.312429e-01	6.462328e-01	6.686290e-01	4.890808e-01	3.213814e+00
6.668890e-03	-1.506058e-01	-1.506439e-01	-1.312433e-01	6.462307e-01	6.686269e-01	4.890797e-01	3.211273e+00
6.666667e-03	-1.506059e-01	-1.506440e-01	-1.312437e-01	6.462285e-01	6.686249e-01	4.890786e-01	3.208733e+00
6.664445e-03	-1.506060e-01	-1.506441e-01	-1.312440e-01	6.462264e-01	6.686229e-01	4.890774e-01	3.206195e+00
6.662225e-03	-1.506062e-01	-1.506443e-01	-1.312444e-01	6.462242e-01	6.686209e-01	4.890763e-01	3.203657e+00
6.660007e-03	-1.506063e-01	-1.506444e-01	-1.312448e-01	6.462221e-01	6.686189e-01	4.890752e-01	3.201121e+00
6.657790e-03	-1.506064e-01	-1.506445e-01	-1.312452e-01	6.462200e-01	6.686168e-01	4.890741e-01	3.198586e+00
6.655574e-03	-1.506065e-01	-1.506446e-01	-1.312456e-01	6.462178e-01	6.686148e-01	4.890730e-01	3.196052e+00
6.653360e-03	-1.506067e-01	-1.506448e-01	-1.312460e-01	6.462157e-01	6.686128e-01	4.890718e-01	3.193519e+00
6.651147e-03	-1.506068e-01	-1.506449e-01	-1.312463e-01	6.462136e-01	6.686108e-01	4.890707e-01	3.190988e+00
6.648936e-03	-1.506069e-01	-1.506450e-01	-1.312467e-01	6.462114e-01	6.686088e-01	4.890696e-01	3.188459e+00
6.646726e-03	-1.506070e-01	-1.506451e-01	-1.312471e-01	6.462093e-01	6.686067e-01	4.890685e-01	3.185930e+00
6.644518e-03	-1.506071e-01	-1.506452e-01	-1.312475e-01	6.462072e-01	6.686047e-01	4.890673e-01	3.183402e+00
6.642312e-03	-1.506073e-01	-1.506454e-01	-1.312479e-01	6.462051e-01	6.686027e-01	4.890662e-01	3.180876e+00
6.640106e-03	-1.506074e-01	-1.506455e-01	-1.312483e-01	6.462029e-01	6.686007e-01	4.890651e-01	3.178352e+00
6.637902e-03	-1.506075e-01	-1.506456e-01	-1.312486e-01	6.462008e-01	6.685987e-01	4.890639e-01	3.175828e+00
6.635700e-03	-1.506076e-01	-1.506457e-01	-1.312490e-01	6.461987e-01	6.685967e-01	4.890628e-01	3.173305e+00
6.633499e-03	-1.506078e-01	-1.506459e-01	-1.312494e-01	6.461966e-01	6.685946e-01	4.890616e-01	3.170784e+00
6.631300e-03	-1.506079e-01	-1.506460e-01	-1.312498e-01	6.461944e-01	6.685926e-01	4.890605e-01	3.168265e+00
6.629102e-03	-1.506080e-01	-1.506461e-01	-1.312502e-01	6.461923e-01	6.685906e-01	4.890594e-01	3.165746e+00
6.626905e-03	-1.506081e-01	-1.506462e-01	-1.312505e-01	6.461902e-01	6.685886e-01	4.890582e-01	3.163229e+00
6.624710e-03	-1.506083e-01	-1.506464e-01	-1.312509e-01	6.461881e-01	6.685866e-01	4.890571e-01	3.160713e+00
6.622517e-03	-1.506084e-01	-1.506465e-01	-1.312513e-01	6.461860e-01	6.685845e-01	4.890559e-01	3.158198e+00
6.620324e-03	-1.506085e-01	-1.506466e-01	-1.312517e-01	6.461838e-01	6.685825e-01	4.890548e-01	3.155684e+00
6.618134e-03	-1.506086e-01	-1.506467e-01	-1.312521e-01	6.461817e-01	6.685805e-01	4.890536e-01	3.153174e+00
6.615944e-03	-1.506087e-01	-1.506469e-01	-1.312524e-01	6.461796e-01	6.685785e-01	4.890525e-01	3.150662e+00
6.613757e-03	-1.506089e-01	-1.506470e-01	-1.312528e-01	6.461775e-01	6.685765e-01	4.890513e-01	3.148153e+00
6.611570e-03	-1.506090e-01	-1.506471e-01	-1.312532e-01	6.461754e-01	6.685745e-01	4.890501e-01	3.145644e+00
6.609385e-03	-1.506091e-01	-1.506472e-01	-1.312536e-01	6.461733e-01	6.685724e-01	4.890490e-01	3.143138e+00
6.607202e-03	-1.506092e-01	-1.506474e-01	-1.312539e-01	6.461712e-01	6.685704e-01	4.890478e-01	3.140632e+00
6.605020e-03	-1.506094e-01	-1.506475e-01	-1.312543e-01	6.461691e-01	6.685684e-01	4.890467e-01	3.138129e+00
6.602839e-03	-1.506095e-01	-1.506476e-01	-1.312547e-01	6.461670e-01	6.685664e-01	4.890455e-01	3.135626e+00
6.600660e-03	-1.506096e-01	-1.506477e-01	-1.312551e-01	6.461649e-01	6.685644e-01	4.890443e-01	3.133124e+00
6.598482e-03	-1.506097e-01	-1.506479e-01	-1.312555e-01	6.461627e-01	6.685624e-01	4.890432e-01	3.130624e+00
6.596306e-03	-1.506099e-01	-1.506480e-01	-1.312558e-01	6.461606e-01	6.685603e-01	4.890420e-01	3.128126e+00
6.594131e-03	-1.506100e-01	-1.506481e-01	-1.312562e-01	6.461585e-01	6.685583e-01	4.890408e-01	3.125628e+00
6.591958e-03	-1.506101e-01	-1.506482e-01	-1.312566e-01	6.461564e-01	6.685563e-01	4.890396e-01	3.123132e+00
6.589786e-03	-1.506102e-01	-1.506484e-01	-1.312570e-01	6.461543e-01	6.685543e-01	4.890385e-01	3.120638e+00
6.587615e-03	-1.506104e-01	-1.506485e-01	-1.312573e-01	6.461522e-01	6.685523e-01	4.890373e-01	3.118144e+00
6.585446e-03	-1.506105e-01	-1.506486e-01	-1.312577e-01	6.461501e-01	6.685503e-01	4.890361e-01	3.115653e+00
6.583278e-03	-1.506106e-01	-1.506487e-01	-1.312581e-01	6.461480e-01	6.685483e-01	4.890349e-01	3.113162e+00
6.581112e-03	-1.506107e-01	-1.506489e-01	-1.312585e-01	6.461460e-01	6.685462e-01	4.890338e-01	3.110674e+00
6.578947e-03	-1.506109e-01	-1.506490e-01	-1.312588e-01	6.461439e-01	6.685442e-01	4.890326e-01	3.108186e+00
6.576784e-03	-1.506110e-01	-1.506491e-01	-1.312592e-01	6.461418e-01	6.685422e-01	4.890314e-01	3.105700e+00
6.574622e-03	-1.506111e-01	-1.506492e-01	-1.312596e-01	6.461397e-01	6.685402e-01	4.890302e-01	3.103216e+00
6.572461e-03	-1.506113e-01	-1.506494e-01	-1.312599e-01	6.461376e-01	6.685382e-01	4.890290e-01	3.100733e+00
6.570302e-03	-1.506114e-01	-1.506495e-01	-1.312603e-01	6.461355e-01	6.685362e-01	4.890278e-01	3.098251e+00
6.568144e-03	-1.506115e-01	-1.506496e-01	-1.312607e-01	6.461334e-01	6.685342e-01	4.890267e-01	3.095771e+00
6.565988e-03	-1.506116e-01	-1.506498e-01	-1.312611e-01	6.461313e-01	6.685321e-01	4.890255e-01	3.093292e+00
6.563833e-03	-1.506118e-01	-1.506499e-01	-1.312614e-01	6.461292e-01	6.685301e-01	4.890243e-01	3.090816e+00
6.561680e-03	-1.506119e-01	-1.506500e-01	-1.312618e-01	6.461271e-01	6.685281e-01	4.890231e-01	3.088340e+00
6.559528e-03	-1.506120e-01	-1.506501e-01	-1.312622e-01	6.461251e-01	6.685261e-01	4.890219e-01	3.085865e+00
6.557377e-03	-1.506121e-01	-1.506503e-01	-1.312625e-01	6.461230e-01	6.685241e-01	4.890207e-01	3.083393e+00
6.555228e-03	-1.506123e-01	-1.506504e-01	-1.312629e-01	6.461209e-01	6.685221e-01	4.890195e-01	3.080922e+00
6.553080e-03	-1.506124e-01	-1.506505e-01	-1.312633e-01	6.461188e-01	6.685201e-01	4.890183e-01	3.078452e+00
6.550934e-03	-1.506125e-01	-1.506506e-01	-1.312636e-01	6.461167e-01	6.685181e-01	4.890171e-01	3.075985e+00
6.548788e-03	-1.506126e-01	-1.506508e-01	-1.312640e-01	6.461147e-01	6.685160e-01	4.890159e-01	3.073518e+00
6.546645e-03	-1.506128e-01	-1.506509e-01	-1.312644e-01	6.461126e-01	6.685140e-01	4.890147e-01	3.071054e+00
6.544503e-03	-1.506129e-01	-1.506510e-01	-1.312648e-01	6.461105e-01	6.685120e-01	4.890135e-01	3.068591e+00
6.542362e-03	-1.506130e-01	-1.506512e-01	-1.312651e-01	6.461084e-01	6.685100e-01	4.890123e-01	3.066129e+00
6.540222e-03	-1.506132e-01	-1.506513e-01	-1.312655e-01	6.461064e-01	6.685080e-01	4.890111e-01	3.063670e+00
6.538084e-03	-1.506133e-01	-1.506514e-01	-1.312659e-01	6.461043e-01	6.685060e-01	4.890099e-01	3.061212e+00
6.535948e-03	-1.506134e-01	-1.506515e-01	-1.312662e-01	6.461022e-01	6.685040e-01	4.890086e-01	3.058755e+00
6.533812e-03	-1.506135e-01	-1.506517e-01	-1.312666e-01	6.461001e-01	6.685020e-01	4.890074e-01	3.056300e+00
6.531679e-03	-1.506137e-01	-1.506518e-01	-1.312670e-01	6.460981e-01	6.685000e-01	4.890062e-01	3.053848e+00
6.529546e-03	-1.506138e-01	-1.506519e-01	-1.312673e-01	6.460960e-01	6.684980e-01	4.890050e-01	3.051396e+00
6.527415e-03	-1.506139e-01	-1.506521e-01	-1.312677e-01	6.460939e-01	6.684959e-01	4.890038e-01	3.048947e+00
6.525285e-03	-1.506140e-01	-1.506522e-01	-1.312681e-01	6.460919e-01	6.684939e-01	4.890026e-01	3.046499e+00
6.523157e-03	-1.506142e-01	-1.506523e-01	-1.312684e-01	6.460898e-01	6.684919e-01	4.890013e-01	3.044052e+00
6.521030e-03	-1.506143e-01	-1.506524e-01	-1.312688e-01	6.460877e-01	6.684899e-01	4.890001e-01	3.041608e+00
6.518905e-03	-1.506144e-01	-1.506526e-01	-1.312691e-01	6.460857e-01	6.684879e-01	4.889989e-01	3.039166e+00
6.516781e-03	-1.506146e-01	-1.506527e-01	-1.312695e-01	6.460836e-01	6.684859e-01	4.889977e-01	3.036725e+00
6.514658e-03	-1.506147e-01	-1.506528e-01	-1.312699e-01	6.460816e-01	6.684839e-01	4.889965e-01	3.034286e+00
6.512537e-03	-1.506148e-01	-1.506530e-01	-1.312702e-01	6.460795e-01	6.684819e-01	4.889952e-01	3.031849e+00
6.510417e-03	-1.506149e-01	-1.506531e-01	-1.312706e-01	6.460774e-01	6.684799e-01	4.889940e-01	3.029414e+00
6.508298e-03	-1.506151e-01	-1.506532e-01	-1.312710e-01	6.460754e-01	6.684779e-01	4.889928e-01	3.026980e+00
6.506181e-03	-1.506152e-01	-1.506533e-01	-1.312713e-01	6.460733e-01	6.684759e-01	4.889915e-01	3.024548e+00
6.504065e-03	-1.506153e-01	-1.506535e-01	-1.312717e-01	6.460713e-01	6.684739e-01	4.889903e-01	3.022119e+00
6.501951e-03	-1.506155e-01	-1.506536e-01	-1.312720e-01	6.460692e-01	6.684719e-01	4.889891e-01	3.019690e+00
6.499838e-03	-1.506156e-01	-1.506537e-01	-1.312724e-01	6.460672e-01	6.684699e-01	4.889878e-01	3.017265e+00
6.497726e-03	-1.506157e-01	-1.506539e-01	-1.312728e-01	6.460651e-01	6.684679e-01	4.889866e-01	3.014841e+00
6.495615e-03	-1.506158e-01	-1.506540e-01	-1.312731e-01	6.460631e-01	6.684659e-01	4.889854e-01	3.012419e+00
6.493506e-03	-1.506160e-01	-1.506541e-01	-1.312735e-01	6.460610e-01	6.684639e-01	4.889841e-01	3.009999e+00
6.491399e-03	-1.506161e-01	-1.506543e-01	-1.312739e-01	6.460590e-01	6.684618e-01	4.889829e-01	3.007581e+00
6.489293e-03	-1.506162e-01	-1.506544e-01	-1.312742e-01	6.460569e-01	6.684598e-01	4.889816e-01	3.005164e+00
6.487188e-03	-1.506164e-01	-1.506545e-01	-1.312746e-01	6.460549e-01	6.684578e-01	4.889804e-01	3.002750e+00
6.485084e-03	-1.506165e-01	-1.506546e-01	-1.312749e-01	6.460528e-01	6.684558e-01	4.889792e-01	3.000338e+00
6.482982e-03	-1.506166e-01	-1.506548e-01	-1.312753e-01	6.460508e-01	6.684538e-01	4.889779e-01	2.997928e+00
6.480881e-03	-1.506168e-01	-1.506549e-01	-1.312757e-01	6.460488e-01	6.684518e-01	4.889767e-01	2.995520e+00
6.478782e-03	-1.506169e-01	-1.506550e-01	-1.312760e-01	6.460467e-01	6.684498e-01	4.889754e-01	2.993114e+00
6.476684e-03	-1.506170e-01	-1.506552e-01	-1.312764e-01	6.460447e-01	6.684478e-01	4.889742e-01	2.990710e+00
6.474587e-03	-1.506171e-01	-1.506553e-01	-1.312767e-01	6.460427e-01	6.684458e-01	4.889729e-01	2.988308e+00
6.472492e-03	-1.506173e-01	-1.506554e-01	-1.312771e-01	6.460406e-01	6.684438e-01	4.889717e-01	2.985907e+00
6.470398e-03	-1.506174e-01	-1.506556e-01	-1.312774e-01	6.460386e-01	6.684418e-01	4.889704e-01	2.983510e+00
6.468305e-03	-1.506175e-01	-1.506557e-01	-1.312778e-01	6.460365e-01	6.684398e-01	4.889692e-01	2.981114e+00
6.466214e-03	-1.506177e-01	-1.506558e-01	-1.312782e-01	6.460345e-01	6.684378e-01	4.889679e-01	2.978721e+00
6.464124e-03	-1.506178e-01	-1.506559e-01	-1.312785e-01	6.460325e-01	6.684358e-01	4.889667e-01	2.976329e+00
6.462036e-03	-1.506179e-01	-1.506561e-01	-1.312789e-01	6.460305e-01	6.684338e-01	4.889654e-01	2.973940e+00
6.459948e-03	-1.506180e-01	-1.506562e-01	-1.312792e-01	6.460284e-01	6.684318e-01	4.889641e-01	2.971553e+00
6.457862e-03	-1.506182e-01	-1.506563e-01	-1.312796e-01	6.460264e-01	6.684298e-01	4.889629e-01	2.969167e+00
6.455778e-03	-1.506183e-01	-1.506565e-01	-1.312799e-01	6.460244e-01	6.684278e-01	4.889616e-01	2.966785e+00
6.453695e-03	-1.506184e-01	-1.506566e-01	-1.312803e-01	6.460223e-01	6.684258e-01	4.889604e-01	2.964404e+00
6.451613e-03	-1.506186e-01	-1.506567e-01	-1.312806e-01	6.460203e-01	6.684238e-01	4.889591e-01	2.962026e+00
6.449532e-03	-1.506187e-01	-1.506569e-01	-1.312810e-01	6.460183e-01	6.684219e-01	4.889578e-01	2.959649e+00
6.447453e-03	-1.506188e-01	-1.506570e-01	-1.312814e-01	6.460163e-01	6.684199e-01	4.889566e-01	2.957275e+00
6.445375e-03	-1.506190e-01	-1.506571e-01	-1.312817e-01	6.460143e-01	6.684179e-01	4.889553e-01	2.954903e+00
6.443299e-03	-1.506191e-01	-1.506573e-01	-1.312821e-01	6.460122e-01	6.684159e-01	4.889540e-01	2.952533e+00
6.441224e-03	-1.506192e-01	-1.506574e-01	-1.312824e-01	6.460102e-01	6.684139e-01	4.889528e-01	2.950166e+00
6.439150e-03	-1.506194e-01	-1.506575e-01	-1.312828e-01	6.460082e-01	6.684119e-01	4.889515e-01	2.947800e+00
6.437078e-03	-1.506195e-01	-1.506577e-01	-1.312831e-01	6.460062e-01	6.684099e-01	4.889502e-01	2.945438e+00
6.435006e-03	-1.506196e-01	-1.506578e-01	-1.312835e-01	6.460042e-01	6.684079e-01	4.889489e-01	2.943077e+00
6.432937e-03	-1.506197e-01	-1.506579e-01	-1.312838e-01	6.460022e-01	6.684059e-01	4.889477e-01	2.940719e+00
6.430868e-03	-1.506199e-01	-1.506580e-01	-1.312842e-01	6.460002e-01	6.684039e-01	4.889464e-01	2.938362e+00
6.428801e-03	-1.506200e-01	-1.506582e-01	-1.312845e-01	6.459981e-01	6.684019e-01	4.889451e-01	2.936009e+00
6.426735e-03	-1.506201e-01	-1.506583e-01	-1.312849e-01	6.459961e-01	6.683999e-01	4.889438e-01	2.933657e+00
6.424671e-03	-1.506203e-01	-1.506584e-01	-1.312852e-01	6.459941e-01	6.683979e-01	4.889426e-01	2.931308e+00
6.422608e-03	-1.506204e-01	-1.506586e-01	-1.312856e-01	6.459921e-01	6.683959e-01	4.889413e-01	2.928960e+00
6.420546e-03	-1.506205e-01	-1.506587e-01	-1.312859e-01	6.459901e-01	6.683939e-01	4.889400e-01	2.926616e+00
6.418485e-03	-1.506207e-01	-1.506588e-01	-1.312863e-01	6.459881e-01	6.683919e-01	4.889387e-01	2.924274e+00
6.416426e-03	-1.506208e-01	-1.506590e-01	-1.312866e-01	6.459861e-01	6.683900e-01	4.889374e-01	2.921933e+00
6.414368e-03	-1.506209e-01	-1.506591e-01	-1.312870e-01	6.459841e-01	6.683880e-01	4.889361e-01	2.919596e+00
6.412312e-03	-1.506211e-01	-1.506592e-01	-1.312873e-01	6.459821e-01	6.683860e-01	4.889349e-01	2.917260e+00
6.410256e-03	-1.506212e-01	-1.506594e-01	-1.312877e-01	6.459801e-01	6.683840e-01	4.889336e-01	2.914926e+00
6.408202e-03	-1.506213e-01	-1.506595e-01	-1.312880e-01	6.459781e-01	6.683820e-01	4.889323e-01	2.912596e+00
6.406150e-03	-1.506215e-01	-1.506596e-01	-1.312884e-01	6.459761e-01	6.683800e-01	4.889310e-01	2.910267e+00
6.404099e-03	-1.506216e-01	-1.506598e-01	-1.312887e-01	6.459741e-01	6.683780e-01	4.889297e-01	2.907942e+00
6.402049e-03	-1.506217e-01	-1.506599e-01	-1.312891e-01	6.459721e-01	6.683760e-01	4.889284e-01	2.905617e+00
6.400000e-03	-1.506219e-01	-1.506600e-01	-1.312894e-01	6.459701e-01	6.683741e-01	4.889271e-01	2.903296e+00
6.397953e-03	-1.506220e-01	-1.506602e-01	-1.312898e-01	6.459681e-01	6.683721e-01	4.889258e-01	2.900977e+00
6.395907e-03	-1.506221e-01	-1.506603e-01	-1.312901e-01	6.459661e-01	6.683701e-01	4.889245e-01	2.898660e+00
6.393862e-03	-1.506223e-01	-1.506604e-01	-1.312905e-01	6.459642e-01	6.683681e-01	4.889232e-01	2.896345e+00
6.391818e-03	-1.506224e-01	-1.506606e-01	-1.312908e-01	6.459622e-01	6.683661e-01	4.889220e-01	2.894033e+00
6.389776e-03	-1.506225e-01	-1.506607e-01	-1.312912e-01	6.459602e-01	6.683641e-01	4.889207e-01	2.891724e+00
6.387736e-03	-1.506226e-01	-1.506608e-01	-1.312915e-01	6.459582e-01	6.683621e-01	4.889194e-01	2.889415e+00
6.385696e-03	-1.506228e-01	-1.506610e-01	-1.312918e-01	6.459562e-01	6.683602e-01	4.889181e-01	2.887111e+00
6.383658e-03	-1.506229e-01	-1.506611e-01	-1.312922e-01	6.459542e-01	6.683582e-01	4.889168e-01	2.884808e+00
6.381621e-03	-1.506230e-01	-1.506612e-01	-1.312925e-01	6.459522e-01	6.683562e-01	4.889155e-01	2.882508e+00
6.379585e-03	-1.506232e-01	-1.506614e-01	-1.312929e-01	6.459503e-01	6.683542e-01	4.889142e-01	2.880209e+00
6.377551e-03	-1.506233e-01	-1.506615e-01	-1.312932e-01	6.459483e-01	6.683522e-01	4.889129e-01	2.877915e+00
6.375518e-03	-1.506234e-01	-1.506616e-01	-1.312936e-01	6.459463e-01	6.683502e-01	4.889115e-01	2.875621e+00
6.373486e-03	-1.506236e-01	-1.506618e-01	-1.312939e-01	6.459443e-01	6.683483e-01	4.889102e-01	2.873330e+00
6.371456e-03	-1.506237e-01	-1.506619e-01	-1.312943e-01	6.459424e-01	6.683463e-01	4.889089e-01	2.871041e+00
6.369427e-03	-1.506238e-01	-1.506620e-01	-1.312946e-01	6.459404e-01	6.683443e-01	4.889076e-01	2.868756e+00
6.367399e-03	-1.506240e-01	-1.506622e-01	-1.312949e-01	6.459384e-01	6.683423e-01	4.889063e-01	2.866472e+00
6.365372e-03	-1.506241e-01	-1.506623e-01	-1.312953e-01	6.459364e-01	6.683403e-01	4.889050e-01	2.864190e+00
6.363347e-03	-1.506242e-01	-1.506624e-01	-1.312956e-01	6.459345e-01	6.683384e-01	4.889037e-01	2.861911e+00
6.361323e-03	-1.506244e-01	-1.506626e-01	-1.312960e-01	6.459325e-01	6.683364e-01	4.889024e-01	2.859634e+00
6.359300e-03	-1.506245e-01	-1.506627e-01	-1.312963e-01	6.459305e-01	6.683344e-01	4.889011e-01	2.857360e+00
6.357279e-03	-1.506246e-01	-1.506628e-01	-1.312966e-01	6.459286e-01	6.683324e-01	4.888998e-01	2.855088e+00
6.355259e-03	-1.506248e-01	-1.506630e-01	-1.312970e-01	6.459266e-01	6.683305e-01	4.888985e-01	2.852818e+00
6.353240e-03	-1.506249e-01	-1.506631e-01	-1.312973e-01	6.459246e-01	6.683285e-01	4.888971e-01	2.850551e+00
6.351223e-03	-1.506250e-01	-1.506632e-01	-1.312977e-01	6.459227e-01	6.683265e-01	4.888958e-01	2.848286e+00
6.349206e-03	-1.506252e-01	-1.506634e-01	-1.312980e-01	6.459207e-01	6.683245e-01	4.888945e-01	2.846023e+00
6.347191e-03	-1.506253e-01	-1.506635e-01	-1.312984e-01	6.459187e-01	6.683225e-01	4.888932e-01	2.843762e+00
6.345178e-03	-1.506254e-01	-1.506636e-01	-1.312987e-01	6.459168e-01	6.683206e-01	4.888919e-01	2.841504e+00
6.343165e-03	-1.506256e-01	-1.506638e-01	-1.312990e-01	6.459148e-01	6.683186e-01	4.888906e-01	2.839249e+00
6.341154e-03	-1.506257e-01	-1.506639e-01	-1.312994e-01	6.459129e-01	6.683166e-01	4.888892e-01	2.836995e+00
6.339144e-03	-1.506258e-01	-1.506640e-01	-1.312997e-01	6.459109e-01	6.683147e-01	4.888879e-01	2.834744e+00
6.337136e-03	-1.506260e-01	-1.506642e-01	-1.313000e-01	6.459090e-01	6.683127e-01	4.888866e-01	2.832495e+00
6.335128e-03	-1.506261e-01	-1.506643e-01	-1.313004e-01	6.459070e-01	6.683107e-01	4.888853e-01	2.830249e+00
6.333122e-03	-1.506262e-01	-1.506644e-01	-1.313007e-01	6.459050e-01	6.683087e-01	4.888839e-01	2.828004e+00
6.331117e-03	-1.506264e-01	-1.506646e-01	-1.313011e-01	6.459031e-01	6.683068e-01	4.888826e-01	2.825763e+00
6.329114e-03	-1.506265e-01	-1.506647e-01	-1.313014e-01	6.459011e-01	6.683048e-01	4.888813e-01	2.823523e+00
6.327112e-03	-1.506266e-01	-1.506648e-01	-1.313017e-01	6.458992e-01	6.683028e-01	4.888800e-01	2.821286e+00
6.325111e-03	-1.506268e-01	-1.506650e-01	-1.313021e-01	6.458972e-01	6.683009e-01	4.888786e-01	2.819050e+00
6.323111e-03	-1.506269e-01	-1.506651e-01	-1.313024e-01	6.458953e-01	6.682989e-01	4.888773e-01	2.816818e+00
6.321113e-03	-1.506270e-01	-1.506652e-01	-1.313027e-01	6.458934e-01	6.682969e-01	4.888760e-01	2.814588e+00
6.319115e-03	-1.506272e-01	-1.506654e-01	-1.313031e-01	6.458914e-01	6.682950e-01	4.888746e-01	2.812359e+00
6.317119e-03	-1.506273e-01	-1.506655e-01	-1.313034e-01	6.458895e-01	6.682930e-01	4.888733e-01	2.810133e+00
6.315125e-03	-1.506274e-01	-1.506657e-01	-1.313037e-01	6.458875e-01	6.682910e-01	4.888720e-01	2.807910e+00
6.313131e-03	-1.506276e-01	-1.506658e-01	-1.313041e-01	6.458856e-01	6.682890e-01	4.888707e-01	2.805688e+00
6.311139e-03	-1.506277e-01	-1.506659e-01	-1.313044e-01	6.458837e-01	6.682871e-01	4.888693e-01	2.803469e+00
6.309148e-03	-1.506279e-01	-1.506661e-01	-1.313048e-01	6.458817e-01	6.682851e-01	4.888680e-01	2.801252e+00
6.307159e-03	-1.506280e-01	-1.506662e-01	-1.313051e-01	6.458798e-01	6.682832e-01	4.888666e-01	2.799036e+00
6.305170e-03	-1.506281e-01	-1.506663e-01	-1.313054e-01	6.458778e-01	6.682812e-01	4.888653e-01	2.796824e+00
6.303183e-03	-1.506283e-01	-1.506665e-01	-1.313058e-01	6.458759e-01	6.682792e-01	4.888640e-01	2.794614e+00
6.301197e-03	-1.506284e-01	-1.506666e-01	-1.313061e-01	6.458740e-01	6.682773e-01	4.888626e-01	2.792406e+00
6.299213e-03	-1.506285e-01	-1.506667e-01	-1.313064e-01	6.458720e-01	6.682753e-01	4.888613e-01	2.790199e+00
6.297229e-03	-1.506287e-01	-1.506669e-01	-1.313068e-01	6.458701e-01	6.682733e-01	4.888600e-01	2.787995e+00
6.295247e-03	-1.506288e-01	-1.506670e-01	-1.313071e-01	6.458682e-01	6.682714e-01	4.888586e-01	2.785794e+00
6.293266e-03	-1.506289e-01	-1.506671e-01	-1.313074e-01	6.458663e-01	6.682694e-01	4.888573e-01	2.783593e+00
6.291287e-03	-1.506291e-01	-1.506673e-01	-1.313078e-01	6.458643e-01	6.682675e-01	4.888559e-01	2.781396e+00
6.289308e-03	-1.506292e-01	-1.506674e-01	-1.313081e-01	6.458624e-01	6.682655e-01	4.888546e-01	2.779200e+00
6.287331e-03	-1.506293e-01	-1.506675e-01	-1.313084e-01	6.458605e-01	6.682635e-01	4.888532e-01	2.777007e+00
6.285355e-03	-1.506295e-01	-1.506677e-01	-1.313087e-01	6.458586e-01	6.682616e-01	4.888519e-01	2.774816e+00
6.283380e-03	-1.506296e-01	-1.506678e-01	-1.313091e-01	6.458566e-01	6.682596e-01	4.888506e-01	2.772627e+00
6.281407e-03	-1.506297e-01	-1.506679e-01	-1.313094e-01	6.458547e-01	6.682577e-01	4.888492e-01	2.770440e+00
6.279435e-03	-1.506299e-01	-1.506681e-01	-1.313097e-01	6.458528e-01	6.682557e-01	4.888479e-01	2.768255e+00
6.277464e-03	-1.506300e-01	-1.506682e-01	-1.313101e-01	6.458509e-01	6.682537e-01	4.888465e-01	2.766071e+00
6.275494e-03	-1.506301e-01	-1.506684e-01	-1.313104e-01	6.458490e-01	6.682518e-01	4.888452e-01	2.763892e+00
6.273526e-03	-1.506303e-01	-1.506685e-01	-1.313107e-01	6.458471e-01	6.682498e-01	4.888438e-01	2.761712e+00
6.271558e-03	-1.506304e-01	-1.506686e-01	-1.313111e-01	6.458451e-01	6.682479e-01	4.888425e-01	2.759536e+00
6.269592e-03	-1.506305e-01	-1.506688e-01	-1.313114e-01	6.458432e-01	6.682459e-01	4.888411e-01	2.757361e+00
6.267628e-03	-1.506307e-01	-1.506689e-01	-1.313117e-01	6.458413e-01	6.682440e-01	4.888398e-01	2.755188e+00
6.265664e-03	-1.506308e-01	-1.506690e-01	-1.313120e-01	6.458394e-01	6.682420e-01	4.888384e-01	2.753017e+00
6.263702e-03	-1.506309e-01	-1.506692e-01	-1.313124e-01	6.458375e-01	6.682401e-01	4.888371e-01	2.750848e+00
6.261741e-03	-1.506311e-01	-1.506693e-01	-1.313127e-01	6.458356e-01	6.682381e-01	4.888357e-01	2.748681e+00
6.259781e-03	-1.506312e-01	-1.506694e-01	-1.313130e-01	6.458337e-01	6.682362e-01	4.888344e-01	2.746516e+00
6.257822e-03	-1.506314e-01	-1.506696e-01	-1.313134e-01	6.458318e-01	6.682342e-01	4.888330e-01	2.744353e+00
6.255865e-03	-1.506315e-01	-1.506697e-01	-1.313137e-01	6.458299e-01	6.682322e-01	4.888316e-01	2.742192e+00
6.253909e-03	-1.506316e-01	-1.506698e-01	-1.313140e-01	6.458280e-01	6.682303e-01	4.888303e-01	2.740033e+00
6.251954e-03	-1.506318e-01	-1.506700e-01	-1.313143e-01	6.458261e-01	6.682283e-01	4.888289e-01	2.737875e+00
6.250000e-03	-1.506319e-01	-1.506701e-01	-1.313147e-01	6.458242e-01	6.682264e-01	4.888276e-01	2.735721e+00
6.248047e-03	-1.506320e-01	-1.506703e-01	-1.313150e-01	6.458223e-01	6.682245e-01	4.888262e-01	2.733566e+00
6.246096e-03	-1.506322e-01	-1.506704e-01	-1.313153e-01	6.458204e-01	6.682225e-01	4.888249e-01	2.731414e+00
6.244146e-03	-1.506323e-01	-1.506705e-01	-1.313156e-01	6.458185e-01	6.682206e-01	4.888235e-01	2.729265e+00
6.242197e-03	-1.506324e-01	-1.506707e-01	-1.313160e-01	6.458166e-01	6.682186e-01	4.888221e-01	2.727116e+00
6.240250e-03	-1.506326e-01	-1.506708e-01	-1.313163e-01	6.458147e-01	6.682167e-01	4.888208e-01	2.724970e+00
6.238303e-03	-1.506327e-01	-1.506709e-01	-1.313166e-01	6.458128e-01	6.682147e-01	4.888194e-01	2.722827e+00
6.236358e-03	-1.506328e-01	-1.506711e-01	-1.313169e-01	6.458109e-01	6.682128e-01	4.888181e-01	2.720683e+00
6.234414e-03	-1.506330e-01	-1.506712e-01	-1.313173e-01	6.458090e-01	6.682108e-01	4.888167e-01	2.718543e+00
6.232471e-03	-1.506331e-01	-1.506713e-01	-1.313176e-01	6.458071e-01	6.682089e-01	4.888153e-01	2.716403e+00
6.230530e-03	-1.506332e-01	-1.506715e-01	-1.313179e-01	6.458053e-01	6.682069e-01	4.888140e-01	2.714267e+00
6.228589e-03	-1.506334e-01	-1.506716e-01	-1.313182e-01	6.458034e-01	6.682050e-01	4.888126e-01	2.712131e+00
6.226650e-03	-1.506335e-01	-1.506717e-01	-1.313185e-01	6.458015e-01	6.682031e-01	4.888112e-01	2.709997e+00
6.224712e-03	-1.506337e-01	-1.506719e-01	-1.313189e-01	6.457996e-01	6.682011e-01	4.888099e-01	2.707865e+00
6.222775e-03	-1.506338e-01	-1.506720e-01	-1.313192e-01	6.457977e-01	6.681992e-01	4.888085e-01	2.705735e+00
6.220840e-03	-1.506339e-01	-1.506722e-01	-1.313195e-01	6.457958e-01	6.681972e-01	4.888071e-01	2.703606e+00
6.218905e-03	-1.506341e-01	-1.506723e-01	-1.313198e-01	6.457940e-01	6.681953e-01	4.888058e-01	2.701480e+00
6.216972e-03	-1.506342e-01	-1.506724e-01	-1.313202e-01	6.457921e-01	6.681934e-01	4.888044e-01	2.699355e+00
6.215040e-03	-1.506343e-01	-1.506726e-01	-1.313205e-01	6.457902e-01	6.681914e-01	4.888030e-01	2.697232e+00
6.213110e-03	-1.506345e-01	-1.506727e-01	-1.313208e-01	6.457883e-01	6.681895e-01	4.888017e-01	2.695110e+00
6.211180e-03	-1.506346e-01	-1.506728e-01	-1.313211e-01	6.457865e-01	6.681875e-01	4.888003e-01	2.692991e+00
6.209252e-03	-1.506347e-01	-1.506730e-01	-1.313214e-01	6.457846e-01	6.681856e-01	4.887989e-01	2.690872e+00
6.207325e-03	-1.506349e-01	-1.506731e-01	-1.313218e-01	6.457827e-01	6.681837e-01	4.887975e-01	2.688756e+00
6.205399e-03	-1.506350e-01	-1.506732e-01	-1.313221e-01	6.457808e-01	6.681817e-01	4.887962e-01	2.686641e+00
6.203474e-03	-1.506351e-01	-1.506734e-01	-1.313224e-01	6.457790e-01	6.681798e-01	4.887948e-01	2.684529e+00
6.201550e-03	-1.506353e-01	-1.506735e-01	-1.313227e-01	6.457771e-01	6.681779e-01	4.887934e-01	2.682417e+00
6.199628e-03	-1.506354e-01	-1.506737e-01	-1.313230e-01	6.457752e-01	6.681759e-01	4.887921e-01	2.680307e+00
6.197707e-03	-1.506356e-01	-1.506738e-01	-1.313234e-01	6.457734e-01	6.681740e-01	4.887907e-01	2.678200e+00
6.195787e-03	-1.506357e-01	-1.506739e-01	-1.313237e-01	6.457715e-01	6.681721e-01	4.887893e-01	2.676094e+00
6.193868e-03	-1.506358e-01	-1.506741e-01	-1.313240e-01	6.457697e-01	6.681701e-01	4.887879e-01	2.673989e+00
6.191950e-03	-1.506360e-01	-1.506742e-01	-1.313243e-01	6.457678e-01	6.681682e-01	4.887865e-01	2.671888e+00
6.190034e-03	-1.506361e-01	-1.506743e-01	-1.313246e-01	6.457659e-01	6.681663e-01	4.887852e-01	2.669785e+00
6.188119e-03	-1.506362e-01	-1.506745e-01	-1.313249e-01	6.457641e-01	6.681643e-01	4.887838e-01	2.667687e+00
6.186205e-03	-1.506364e-01	-1.506746e-01	-1.313253e-01	6.457622e-01	6.681624e-01	4.887824e-01	2.665589e+00
6.184292e-03	-1.506365e-01	-1.506747e-01	-1.313256e-01	6.457604e-01	6.681605e-01	4.887810e-01	2.663494e+00
6.182380e-03	-1.506366e-01	-1.506749e-01	-1.313259e-01	6.457585e-01	6.681585e-01	4.887797e-01	2.661399e+00
6.180470e-03	-1.506368e-01	-1.506750e-01	-1.313262e-01	6.457567e-01	6.681566e-01	4.887783e-01	2.659306e+00
6.178560e-03	-1.506369e-01	-1.506752e-01	-1.313265e-01	6.457548e-01	6.681547e-01	4.887769e-01	2.657216e+00
6.176652e-03	-1.506371e-01	-1.506753e-01	-1.313268e-01	6.457530e-01	6.681528e-01	4.887755e-01	2.655126e+00
6.174745e-03	-1.506372e-01	-1.506754e-01	-1.313272e-01	6.457511e-01	6.681508e-01	4.887741e-01	2.653039e+00
6.172840e-03	-1.506373e-01	-1.506756e-01	-1.313275e-01	6.457493e-01	6.681489e-01	4.887728e-01	2.650951e+00
6.170935e-03	-1.506375e-01	-1.506757e-01	-1.313278e-01	6.457474e-01	6.681470e-01	4.887714e-01	2.648867e+00
6.169031e-03	-1.506376e-01	-1.506758e-01	-1.313281e-01	6.457456e-01	6.681451e-01	4.887700e-01	2.646784e+00
6.167129e-03	-1.506377e-01	-1.506760e-01	-1.313284e-01	6.457437e-01	6.681431e-01	4.887686e-01	2.644702e+00
6.165228e-03	-1.506379e-01	-1.506761e-01	-1.313287e-01	6.457419e-01	6.681412e-01	4.887672e-01	2.642622e+00
6.163328e-03	-1.506380e-01	-1.506762e-01	-1.313291e-01	6.457400e-01	6.681393e-01	4.887658e-01	2.640542e+00
6.161429e-03	-1.506381e-01	-1.506764e-01	-1.313294e-01	6.457382e-01	6.681374e-01	4.887645e-01	2.638465e+00
6.159532e-03	-1.506383e-01	-1.506765e-01	-1.313297e-01	6.457364e-01	6.681355e-01	4.887631e-01	2.636388e+00
6.157635e-03	-1.506384e-01	-1.506767e-01	-1.313300e-01	6.457345e-01	6.681335e-01	4.887617e-01	2.634312e+00
6.155740e-03	-1.506385e-01	-1.506768e-01	-1.313303e-01	6.457327e-01	6.681316e-01	4.887603e-01	2.632237e+00
6.153846e-03	-1.506387e-01	-1.506769e-01	-1.313306e-01	6.457308e-01	6.681297e-01	4.887589e-01	2.630165e+00
6.151953e-03	-1.506388e-01	-1.506771e-01	-1.313309e-01	6.457290e-01	6.681278e-01	4.887575e-01	2.628091e+00
6.150062e-03	-1.506390e-01	-1.506772e-01	-1.313312e-01	6.457272e-01	6.681259e-01	4.887561e-01	2.626019e+00
6.148171e-03	-1.506391e-01	-1.506773e-01	-1.313316e-01	6.457253e-01	6.681239e-01	4.887547e-01	2.623948e+00
6.146281e-03	-1.506392e-01	-1.506775e-01	-1.313319e-01	6.457235e-01	6.681220e-01	4.887534e-01	2.621877e+00
6.144393e-03	-1.506394e-01	-1.506776e-01	-1.313322e-01	6.457217e-01	6.681201e-01	4.887520e-01	2.619805e+00
6.142506e-03	-1.506395e-01	-1.506778e-01	-1.313325e-01	6.457199e-01	6.681182e-01	4.887506e-01	2.617735e+00
6.140620e-03	-1.506396e-01	-1.506779e-01	-1.313328e-01	6.457180e-01	6.681163e-01	4.887492e-01	2.615665e+00
6.138735e-03	-1.506398e-01	-1.506780e-01	-1.313331e-01	6.457162e-01	6.681144e-01	4.887478e-01	2.613594e+00
6.136852e-03	-1.506399e-01	-1.506782e-01	-1.313334e-01	6.457144e-01	6.681125e-01	4.887464e-01	2.611523e+00
6.134969e-03	-1.506400e-01	-1.506783e-01	-1.313337e-01	6.457126e-01	6.681105e-01	4.887450e-01	2.609452e+00
6.133088e-03	-1.506402e-01	-1.506784e-01	-1.313340e-01	6.457107e-01	6.681086e-01	4.887436e-01	2.607381e+00
6.131208e-03	-1.506403e-01	-1.506786e-01	-1.313343e-01	6.457089e-01	6.681067e-01	4.887422e-01	2.605308e+00
6.129329e-03	-1.506405e-01	-1.506787e-01	-1.313347e-01	6.457071e-01	6.681048e-01	4.887408e-01	2.603234e+00
6.127451e-03	-1.506406e-01	-1.506788e-01	-1.313350e-01	6.457053e-01	6.681029e-01	4.887394e-01	2.601161e+00
6.125574e-03	-1.506407e-01	-1.506790e-01	-1.313353e-01	6.457035e-01	6.681010e-01	4.887380e-01	2.599085e+00
6.123699e-03	-1.506409e-01	-1.506791e-01	-1.313356e-01	6.457017e-01	6.680991e-01	4.887367e-01	2.597009e+00
6.121824e-03	-1.506410e-01	-1.506793e-01	-1.313359e-01	6.456998e-01	6.680972e-01	4.887353e-01	2.594931e+00
6.119951e-03	-1.506411e-01	-1.506794e-01	-1.313362e-01	6.456980e-01	6.680953e-01	4.887339e-01	2.592851e+00
6.118079e-03	-1.506413e-01	-1.506795e-01	-1.313365e-01	6.456962e-01	6.680934e-01	4.887325e-01	2.590771e+00
6.116208e-03	-1.506414e-01	-1.506797e-01	-1.313368e-01	6.456944e-01	6.680915e-01	4.887311e-01	2.588689e+00
6.114338e-03	-1.506415e-01	-1.506798e-01	-1.313371e-01	6.456926e-01	6.680895e-01	4.887297e-01	2.586604e+00
6.112469e-03	-1.506417e-01	-1.506799e-01	-1.313374e-01	6.456908e-01	6.680876e-01	4.887283e-01	2.584519e+00
6.110602e-03	-1.506418e-01	-1.506801e-01	-1.313377e-01	6.456890e-01	6.680857e-01	4.887269e-01	2.582431e+00
6.108735e-03	-1.506420e-01	-1.506802e-01	-1.313380e-01	6.456872e-01	6.680838e-01	4.887255e-01	2.580343e+00
6.106870e-03	-1.506421e-01	-1.506804e-01	-1.313383e-01	6.456854e-01	6.680819e-01	4.887241e-01	2.578252e+00
6.105006e-03	-1.506422e-01	-1.506805e-01	-1.313386e-01	6.456836e-01	6.680800e-01	4.887227e-01	2.576159e+00
6.103143e-03	-1.506424e-01	-1.506806e-01	-1.313390e-01	6.456818e-01	6.680781e-01	4.887213e-01	2.574066e+00
6.101281e-03	-1.506425e-01	-1.506808e-01	-1.313393e-01	6.456800e-01	6.680762e-01	4.887199e-01	2.571970e+00
6.099421e-03	-1.506426e-01	-1.506809e-01	-1.313396e-01	6.456782e-01	6.680743e-01	4.887185e-01	2.569874e+00
6.097561e-03	-1.506428e-01	-1.506810e-01	-1.313399e-01	6.456764e-01	6.680724e-01	4.887171e-01	2.567776e+00
6.095703e-03	-1.506429e-01	-1.506812e-01	-1.313402e-01	6.456746e-01	6.680705e-01	4.887157e-01	2.565677e+00
6.093845e-03	-1.506430e-01	-1.506813e-01	-1.313405e-01	6.456728e-01	6.680686e-01	4.887143e-01	2.563577e+00
6.091989e-03	-1.506432e-01	-1.506814e-01	-1.313408e-01	6.456710e-01	6.680667e-01	4.887129e-01	2.561477e+00
6.090134e-03	-1.506433e-01	-1.506816e-01	-1.313411e-01	6.456692e-01	6.680648e-01	4.887115e-01	2.559376e+00
6.088280e-03	-1.506435e-01	-1.506817e-01	-1.313414e-01	6.456674e-01	6.680629e-01	4.887101e-01	2.557274e+00
6.086427e-03	-1.506436e-01	-1.506819e-01	-1.313417e-01	6.456656e-01	6.680611e-01	4.887087e-01	2.555172e+00
6.084576e-03	-1.506437e-01	-1.506820e-01	-1.313420e-01	6.456638e-01	6.680592e-01	4.887073e-01	2.553071e+00
6.082725e-03	-1.506439e-01	-1.506821e-01	-1.313423e-01	6.456621e-01	6.680573e-01	4.887059e-01	2.550970e+00
6.080876e-03	-1.506440e-01	-1.506823e-01	-1.313426e-01	6.456603e-01	6.680554e-01	4.887045e-01	2.548869e+00
6.079027e-03	-1.506441e-01	-1.506824e-01	-1.313429e-01	6.456585e-01	6.680535e-01	4.887031e-01	2.546769e+00
6.077180e-03	-1.506443e-01	-1.506825e-01	-1.313432e-01	6.456567e-01	6.680516e-01	4.887017e-01	2.544670e+00
6.075334e-03	-1.506444e-01	-1.506827e-01	-1.313435e-01	6.456549e-01	6.680497e-01	4.887003e-01	2.542572e+00
6.073489e-03	-1.506445e-01	-1.506828e-01	-1.313438e-01	6.456532e-01	6.680478e-01	4.886989e-01	2.540475e+00
6.071645e-03	-1.506447e-01	-1.506830e-01	-1.313441e-01	6.456514e-01	6.680459e-01	4.886975e-01	2.538380e+00
6.069803e-03	-1.506448e-01	-1.506831e-01	-1.313444e-01	6.456496e-01	6.680440e-01	4.886961e-01	2.536287e+00
6.067961e-03	-1.506450e-01	-1.506832e-01	-1.313447e-01	6.456478e-01	6.680421e-01	4.886947e-01	2.534196e+00
6.066121e-03	-1.506451e-01	-1.506834e-01	-1.313450e-01	6.456460e-01	6.680403e-01	4.886933e-01	2.532106e+00
6.064281e-03	-1.506452e-01	-1.506835e-01	-1.313453e-01	6.456443e-01	6.680384e-01	4.886918e-01	2.530019e+00
6.062443e-03	-1.506454e-01	-1.506836e-01	-1.313456e-01	6.456425e-01	6.680365e-01	4.886904e-01	2.527934e+00
6.060606e-03	-1.506455e-01	-1.506838e-01	-1.313459e-01	6.456407e-01	6.680346e-01	4.886890e-01	2.525852e+00
6.058770e-03	-1.506456e-01	-1.506839e-01	-1.313462e-01	6.456390e-01	6.680327e-01	4.886876e-01	2.523773e+00
6.056935e-03	-1.506458e-01	-1.506840e-01	-1.313465e-01	6.456372e-01	6.680308e-01	4.886862e-01	2.521696e+00
6.055101e-03	-1.506459e-01	-1.506842e-01	-1.313468e-01	6.456354e-01	6.680289e-01	4.886848e-01	2.519622e+00
6.053269e-03	-1.506461e-01	-1.506843e-01	-1.313471e-01	6.456337e-01	6.680271e-01	4.886834e-01	2.517552e+00
6.051437e-03	-1.506462e-01	-1.506845e-01	-1.313474e-01	6.456319e-01	6.680252e-01	4.886820e-01	2.515483e+00
6.049607e-03	-1.506463e-01	-1.506846e-01	-1.313477e-01	6.456301e-01	6.680233e-01	4.886806e-01	2.513419e+00
6.047777e-03	-1.506465e-01	-1.506847e-01	-1.313480e-01	6.456284e-01	6.680214e-01	4.886792e-01	2.511356e+00
6.045949e-03	-1.506466e-01	-1.506849e-01	-1.313483e-01	6.456266e-01	6.680195e-01	4.886778e-01	2.509299e+00
6.044122e-03	-1.506467e-01	-1.506850e-01	-1.313486e-01	6.456249e-01	6.680177e-01	4.886764e-01	2.507243e+00
6.042296e-03	-1.506469e-01	-1.506851e-01	-1.313489e-01	6.456231e-01	6.680158e-01	4.886750e-01	2.505191e+00
6.040471e-03	-1.506470e-01	-1.506853e-01	-1.313492e-01	6.456213e-01	6.680139e-01	4.886736e-01	2.503142e+00
6.038647e-03	-1.506471e-01	-1.506854e-01	-1.313495e-01	6.456196e-01	6.680120e-01	4.886721e-01	2.501096e+00
6.036825e-03	-1.506473e-01	-1.506856e-01	-1.313498e-01	6.456178e-01	6.680102e-01	4.886707e-01	2.499053e+00
6.035003e-03	-1.506474e-01	-1.506857e-01	-1.313501e-01	6.456161e-01	6.680083e-01	4.886693e-01	2.497015e+00
6.033183e-03	-1.506476e-01	-1.506858e-01	-1.313504e-01	6.456143e-01	6.680064e-01	4.886679e-01	2.494979e+00
6.031363e-03	-1.506477e-01	-1.506860e-01	-1.313507e-01	6.456126e-01	6.680045e-01	4.886665e-01	2.492946e+00
6.029545e-03	-1.506478e-01	-1.506861e-01	-1.313510e-01	6.456108e-01	6.680027e-01	4.886651e-01	2.490916e+00
6.027728e-03	-1.506480e-01	-1.506862e-01	-1.313513e-01	6.456091e-01	6.680008e-01	4.886637e-01	2.488890e+00
6.025911e-03	-1.506481e-01	-1.506864e-01	-1.313515e-01	6.456073e-01	6.679989e-01	4.886623e-01	2.486868e+00
6.024096e-03	-1.506482e-01	-1.506865e-01	-1.313518e-01	6.456056e-01	6.679971e-01	4.886609e-01	2.484846e+00
6.022282e-03	-1.506484e-01	-1.506866e-01	-1.313521e-01	6.456039e-01	6.679952e-01	4.886594e-01	2.482831e+00
6.020470e-03	-1.506485e-01	-1.506868e-01	-1.313524e-01	6.456021e-01	6.679933e-01	4.886580e-01	2.480817e+00
6.018658e-03	-1.506486e-01	-1.506869e-01	-1.313527e-01	6.456004e-01	6.679915e-01	4.886566e-01	2.478806e+00
6.016847e-03	-1.506488e-01	-1.506871e-01	-1.313530e-01	6.455986e-01	6.679896e-01	4.886552e-01	2.476799e+00
6.015038e-03	-1.506489e-01	-1.506872e-01	-1.313533e-01	6.455969e-01	6.679877e-01	4.886538e-01	2.474795e+00
6.013229e-03	-1.506491e-01	-1.506873e-01	-1.313536e-01	6.455952e-01	6.679859e-01	4.886524e-01	2.472794e+00
6.011422e-03	-1.506492e-01	-1.506875e-01	-1.313539e-01	6.455934e-01	6.679840e-01	4.886510e-01	2.470796e+00
6.009615e-03	-1.506493e-01	-1.506876e-01	-1.313542e-01	6.455917e-01	6.679821e-01	4.886496e-01	2.468799e+00
6.007810e-03	-1.506495e-01	-1.506877e-01	-1.313545e-01	6.455900e-01	6.679803e-01	4.886481e-01	2.466808e+00
6.006006e-03	-1.506496e-01	-1.506879e-01	-1.313548e-01	6.455882e-01	6.679784e-01	4.886467e-01	2.464818e+00
6.004203e-03	-1.506497e-01	-1.506880e-01	-1.313551e-01	6.455865e-01	6.679765e-01	4.886453e-01	2.462833e+00
6.002401e-03	-1.506499e-01	-1.506881e-01	-1.313554e-01	6.455848e-01	6.679747e-01	4.886439e-01	2.460849e+00
6.000600e-03	-1.506500e-01	-1.506883e-01	-1.313556e-01	6.455830e-01	6.679728e-01	4.886425e-01	2.458869e+00
5.998800e-03	-1.506501e-01	-1.506884e-01	-1.313559e-01	6.455813e-01	6.679710e-01	4.886411e-01	2.456892e+00
5.997001e-03	-1.506503e-01	-1.506886e-01	-1.313562e-01	6.455796e-01	6.679691e-01	4.886397e-01	2.454916e+00
5.995204e-03	-1.506504e-01	-1.506887e-01	-1.313565e-01	6.455779e-01	6.679672e-01	4.886382e-01	2.452945e+00
5.993407e-03	-1.506505e-01	-1.506888e-01	-1.313568e-01	6.455762e-01	6.679654e-01	4.886368e-01	2.450976e+00
5.991612e-03	-1.506507e-01	-1.506890e-01	-1.313571e-01	6.455744e-01	6.679635e-01	4.886354e-01	2.449010e+00
5.989817e-03	-1.506508e-01	-1.506891e-01	-1.313574e-01	6.455727e-01	6.679617e-01	4.886340e-01	2.447046e+00
5.988024e-03	-1.506510e-01	-1.506892e-01	-1.313577e-01	6.455710e-01	6.679598e-01	4.886326e-01	2.445087e+00
5.986232e-03	-1.506511e-01	-1.506894e-01	-1.313580e-01	6.455693e-01	6.679580e-01	4.886312e-01	2.443128e+00
5.984440e-03	-1.506512e-01	-1.506895e-01	-1.313582e-01	6.455676e-01	6.679561e-01	4.886298e-01	2.441173e+00
5.982650e-03	-1.506514e-01	-1.506896e-01	-1.313585e-01	6.455658e-01	6.679543e-01	4.886283e-01	2.439221e+00
5.980861e-03	-1.506515e-01	-1.506898e-01	-1.313588e-01	6.455641e-01	6.679524e-01	4.886269e-01	2.437271e+00
5.979073e-03	-1.506516e-01	-1.506899e-01	-1.313591e-01	6.455624e-01	6.679506e-01	4.886255e-01	2.435324e+00
5.977286e-03	-1.506518e-01	-1.506901e-01	-1.313594e-01	6.455607e-01	6.679487e-01	4.886241e-01	2.433380e+00
5.975500e-03	-1.506519e-01	-1.506902e-01	-1.313597e-01	6.455590e-01	6.679469e-01	4.886227e-01	2.431438e+00
5.973716e-03	-1.506520e-01	-1.506903e-01	-1.313600e-01	6.455573e-01	6.679450e-01	4.886213e-01	2.429499e+00
5.971932e-03	-1.506522e-01	-1.506905e-01	-1.313603e-01	6.455556e-01	6.679432e-01	4.886198e-01	2.427563e+00
5.970149e-03	-1.506523e-01	-1.506906e-01	-1.313605e-01	6.455539e-01	6.679413e-01	4.886184e-01	2.425630e+00
5.968368e-03	-1.506525e-01	-1.506907e-01	-1.313608e-01	6.455522e-01	6.679395e-01	4.886170e-01	2.423699e+00
5.966587e-03	-1.506526e-01	-1.506909e-01	-1.313611e-01	6.455505e-01	6.679376e-01	4.886156e-01	2.421771e+00
5.964808e-03	-1.506527e-01	-1.506910e-01	-1.313614e-01	6.455488e-01	6.679358e-01	4.886142e-01	2.419845e+00
5.963029e-03	-1.506529e-01	-1.506911e-01	-1.313617e-01	6.455471e-01	6.679339e-01	4.886128e-01	2.417922e+00
5.961252e-03	-1.506530e-01	-1.506913e-01	-1.313620e-01	6.455454e-01	6.679321e-01	4.886113e-01	2.416002e+00
5.959476e-03	-1.506531e-01	-1.506914e-01	-1.313623e-01	6.455437e-01	6.679302e-01	4.886099e-01	2.414084e+00
5.957700e-03	-1.506533e-01	-1.506916e-01	-1.313625e-01	6.455420e-01	6.679284e-01	4.886085e-01	2.412169e+00
5.955926e-03	-1.506534e-01	-1.506917e-01	-1.313628e-01	6.455403e-01	6.679266e-01	4.886071e-01	2.410257e+00
5.954153e-03	-1.506535e-01	-1.506918e-01	-1.313631e-01	6.455386e-01	6.679247e-01	4.886057e-01	2.408346e+00
5.952381e-03	-1.506537e-01	-1.506920e-01	-1.313634e-01	6.455369e-01	6.679229e-01	4.886042e-01	2.406439e+00
5.950610e-03	-1.506538e-01	-1.506921e-01	-1.313637e-01	6.455352e-01	6.679211e-01	4.886028e-01	2.404534e+00
5.948840e-03	-1.506539e-01	-1.506922e-01	-1.313640e-01	6.455335e-01	6.679192e-01	4.886014e-01	2.402632e+00
5.947071e-03	-1.506541e-01	-1.506924e-01	-1.313642e-01	6.455318e-01	6.679174e-01	4.886000e-01	2.400732e+00
5.945303e-03	-1.506542e-01	-1.506925e-01	-1.313645e-01	6.455301e-01	6.679155e-01	4.885986e-01	2.398835e+00
5.943536e-03	-1.506544e-01	-1.506926e-01	-1.313648e-01	6.455285e-01	6.679137e-01	4.885971e-01	2.396941e+00
5.941771e-03	-1.506545e-01	-1.506928e-01	-1.313651e-01	6.455268e-01	6.679119e-01	4.885957e-01	2.395048e+00
5.940006e-03	-1.506546e-01	-1.506929e-01	-1.313654e-01	6.455251e-01	6.679100e-01	4.885943e-01	2.393159e+00
5.938242e-03	-1.506548e-01	-1.506931e-01	-1.313657e-01	6.455234e-01	6.679082e-01	4.885929e-01	2.391273e+00
5.936480e-03	-1.506549e-01	-1.506932e-01	-1.313659e-01	6.455217e-01	6.679064e-01	4.885915e-01	2.389388e+00
5.934718e-03	-1.506550e-01	-1.506933e-01	-1.313662e-01	6.455201e-01	6.679045e-01	4.885900e-01	2.387506e+00
5.932958e-03	-1.506552e-01	-1.506935e-01	-1.313665e-01	6.455184e-01	6.679027e-01	4.885886e-01	2.385627e+00
5.931198e-03	-1.506553e-01	-1.506936e-01	-1.313668e-01	6.455167e-01	6.679009e-01	4.885872e-01	2.383751e+00
5.929440e-03	-1.506554e-01	-1.506937e-01	-1.313671e-01	6.455150e-01	6.678991e-01	4.885858e-01	2.381876e+00
5.927682e-03	-1.506556e-01	-1.506939e-01	-1.313673e-01	6.455133e-01	6.678972e-01	4.885844e-01	2.380005e+00
5.925926e-03	-1.506557e-01	-1.506940e-01	-1.313676e-01	6.455117e-01	6.678954e-01	4.885829e-01	2.378135e+00
5.924171e-03	-1.506558e-01	-1.506941e-01	-1.313679e-01	6.455100e-01	6.678936e-01	4.885815e-01	2.376269e+00
5.922416e-03	-1.506560e-01	-1.506943e-01	-1.313682e-01	6.455083e-01	6.678918e-01	4.885801e-01	2.374405e+00
5.920663e-03	-1.506561e-01	-1.506944e-01	-1.313685e-01	6.455067e-01	6.678899e-01	4.885787e-01	2.372543e+00
5.918911e-03	-1.506563e-01	-1.506945e-01	-1.313687e-01	6.455050e-01	6.678881e-01	4.885773e-01	2.370684e+00
5.917160e-03	-1.506564e-01	-1.506947e-01	-1.313690e-01	6.455033e-01	6.678863e-01	4.885758e-01	2.368828e+00
5.915410e-03	-1.506565e-01	-1.506948e-01	-1.313693e-01	6.455017e-01	6.678845e-01	4.885744e-01	2.366974e+00
5.913661e-03	-1.506567e-01	-1.506950e-01	-1.313696e-01	6.455000e-01	6.678826e-01	4.885730e-01	2.365122e+00
5.911913e-03	-1.506568e-01	-1.506951e-01	-1.313699e-01	6.454983e-01	6.678808e-01	4.885716e-01	2.363272e+00
5.910165e-03	-1.506569e-01	-1.506952e-01	-1.313701e-01	6.454967e-01	6.678790e-01	4.885702e-01	2.361427e+00
5.908419e-03	-1.506571e-01	-1.506954e-01	-1.313704e-01	6.454950e-01	6.678772e-01	4.885687e-01	2.359582e+00
5.906675e-03	-1.506572e-01	-1.506955e-01	-1.313707e-01	6.454934e-01	6.678754e-01	4.885673e-01	2.357741e+00
5.904931e-03	-1.506573e-01	-1.506956e-01	-1.313710e-01	6.454917e-01	6.678735e-01	4.885659e-01	2.355901e+00
5.903188e-03	-1.506575e-01	-1.506958e-01	-1.313713e-01	6.454900e-01	6.678717e-01	4.885645e-01	2.354065e+00
5.901446e-03	-1.506576e-01	-1.506959e-01	-1.313715e-01	6.454884e-01	6.678699e-01	4.885631e-01	2.352230e+00
5.899705e-03	-1.506577e-01	-1.506960e-01	-1.313718e-01	6.454867e-01	6.678681e-01	4.885616e-01	2.350397e+00
5.897965e-03	-1.506579e-01	-1.506962e-01	-1.313721e-01	6.454851e-01	6.678663e-01	4.885602e-01	2.348568e+00
5.896226e-03	-1.506580e-01	-1.506963e-01	-1.313724e-01	6.454834e-01	6.678645e-01	4.885588e-01	2.346740e+00
5.894489e-03	-1.506581e-01	-1.506964e-01	-1.313726e-01	6.454818e-01	6.678627e-01	4.885574e-01	2.344913e+00
5.892752e-03	-1.506583e-01	-1.506966e-01	-1.313729e-01	6.454801e-01	6.678608e-01	4.885559e-01	2.343090e+00
5.891016e-03	-1.506584e-01	-1.506967e-01	-1.313732e-01	6.454785e-01	6.678590e-01	4.885545e-01	2.341268e+00
5.889282e-03	-1.506586e-01	-1.506969e-01	-1.313735e-01	6.454768e-01	6.678572e-01	4.885531e-01	2.339448e+00
5.887548e-03	-1.506587e-01	-1.506970e-01	-1.313737e-01	6.454752e-01	6.678554e-01	4.885517e-01	2.337629e+00
5.885815e-03	-1.506588e-01	-1.506971e-01	-1.313740e-01	6.454736e-01	6.678536e-01	4.885503e-01	2.335813e+00
5.884084e-03	-1.506590e-01	-1.506973e-01	-1.313743e-01	6.454719e-01	6.678518e-01	4.885488e-01	2.333998e+00
5.882353e-03	-1.506591e-01	-1.506974e-01	-1.313746e-01	6.454703e-01	6.678500e-01	4.885474e-01	2.332185e+00
5.880623e-03	-1.506592e-01	-1.506975e-01	-1.313748e-01	6.454686e-01	6.678482e-01	4.885460e-01	2.330374e+00
5.878895e-03	-1.506594e-01	-1.506977e-01	-1.313751e-01	6.454670e-01	6.678464e-01	4.885446e-01	2.328564e+00
5.877167e-03	-1.506595e-01	-1.506978e-01	-1.313754e-01	6.454654e-01	6.678446e-01	4.885432e-01	2.326757e+00
5.875441e-03	-1.506596e-01	-1.506979e-01	-1.313757e-01	6.454637e-01	6.678428e-01	4.885417e-01	2.324950e+00
5.873715e-03	-1.506598e-01	-1.506981e-01	-1.313759e-01	6.454621e-01	6.678410e-01	4.885403e-01	2.323147e+00
5.871991e-03	-1.506599e-01	-1.506982e-01	-1.313762e-01	6.454605e-01	6.678392e-01	4.885389e-01	2.321344e+00
5.870267e-03	-1.506600e-01	-1.506983e-01	-1.313765e-01	6.454588e-01	6.678374e-01	4.885375e-01	2.319544e+00
5.868545e-03	-1.506602e-01	-1.506985e-01	-1.313767e-01	6.454572e-01	6.678356e-01	4.885360e-01	2.317746e+00
5.866823e-03	-1.506603e-01	-1.506986e-01	-1.313770e-01	6.454556e-01	6.678338e-01	4.885346e-01	2.315949e+00
5.865103e-03	-1.506604e-01	-1.506987e-01	-1.313773e-01	6.454539e-01	6.678320e-01	4.885332e-01	2.314155e+00
5.863383e-03	-1.506606e-01	-1.506989e-01	-1.313776e-01	6.454523e-01	6.678302e-01	4.885318e-01	2.312363e+00
5.861665e-03	-1.506607e-01	-1.506990e-01	-1.313778e-01	6.454507e-01	6.678284e-01	4.885304e-01	2.310572e+00
5.859947e-03	-1.506608e-01	-1.506992e-01	-1.313781e-01	6.454491e-01	6.678266e-01	4.885289e-01	2.308784e+00
5.858231e-03	-1.506610e-01	-1.506993e-01	-1.313784e-01	6.454474e-01	6.678248e-01	4.885275e-01	2.306998e+00
5.856515e-03	-1.506611e-01	-1.506994e-01	-1.313786e-01	6.454458e-01	6.678230e-01	4.885261e-01	2.305213e+00
5.854801e-03	-1.506613e-01	-1.506996e-01	-1.313789e-01	6.454442e-01	6.678212e-01	4.885247e-01	2.303431e+00
5.853088e-03	-1.506614e-01	-1.506997e-01	-1.313792e-01	6.454426e-01	6.678194e-01	4.885232e-01	2.301650e+00
5.851375e-03	-1.506615e-01	-1.506998e-01	-1.313795e-01	6.454410e-01	6.678176e-01	4.885218e-01	2.299871e+00
5.849664e-03	-1.506617e-01	-1.507000e-01	-1.313797e-01	6.454393e-01	6.678158e-01	4.885204e-01	2.298093e+00
5.847953e-03	-1.506618e-01	-1.507001e-01	-1.313800e-01	6.454377e-01	6.678141e-01	4.885190e-01	2.296318e+00
5.846244e-03	-1.506619e-01	-1.507002e-01	-1.313803e-01	6.454361e-01	6.678123e-01	4.885176e-01	2.294543e+00
5.844535e-03	-1.506621e-01	-1.507004e-01	-1.313805e-01	6.454345e-01	6.678105e-01	4.885161e-01	2.292771e+00
5.842828e-03	-1.506622e-01	-1.507005e-01	-1.313808e-01	6.454329e-01	6.678087e-01	4.885147e-01	2.290999e+00
5.841121e-03	-1.506623e-01	-1.507006e-01	-1.313811e-01	6.454313e-01	6.678069e-01	4.885133e-01	2.289230e+00
5.839416e-03	-1.506625e-01	-1.507008e-01	-1.313813e-01	6.454297e-01	6.678051e-01	4.885119e-01	2.287463e+00
5.837712e-03	-1.506626e-01	-1.507009e-01	-1.313816e-01	6.454281e-01	6.678033e-01	4.885105e-01	2.285696e+00
5.836008e-03	-1.506627e-01	-1.507010e-01	-1.313819e-01	6.454265e-01	6.678016e-01	4.885090e-01	2.283933e+00
5.834306e-03	-1.506629e-01	-1.507012e-01	-1.313821e-01	6.454249e-01	6.677998e-01	4.885076e-01	2.282170e+00
5.832604e-03	-1.506630e-01	-1.507013e-01	-1.313824e-01	6.454232e-01	6.677980e-01	4.885062e-01	2.280409e+00
5.830904e-03	-1.506631e-01	-1.507014e-01	-1.313827e-01	6.454216e-01	6.677962e-01	4.885048e-01	2.278652e+00
5.829204e-03	-1.506633e-01	-1.507016e-01	-1.313829e-01	6.454200e-01	6.677944e-01	4.885034e-01	2.276895e+00
5.827506e-03	-1.506634e-01	-1.507017e-01	-1.313832e-01	6.454184e-01	6.677926e-01	4.885019e-01	2.275141e+00
5.825808e-03	-1.506635e-01	-1.507018e-01	-1.313835e-01	6.454168e-01	6.677909e-01	4.885005e-01	2.273389e+00
5.824112e-03	-1.506637e-01	-1.507020e-01	-1.313837e-01	6.454152e-01	6.677891e-01	4.884991e-01	2.271640e+00
5.822416e-03	-1.506638e-01	-1.507021e-01	-1.313840e-01	6.454137e-01	6.677873e-01	4.884977e-01	2.269892e+00
5.820722e-03	-1.506639e-01	-1.507022e-01	-1.313843e-01	6.454121e-01	6.677855e-01	4.884963e-01	2.268147e+00
5.819028e-03	-1.506641e-01	-1.507024e-01	-1.313845e-01	6.454105e-01	6.677838e-01	4.884948e-01	2.266403e+00
5.817336e-03	-1.506642e-01	-1.507025e-01	-1.313848e-01	6.454089e-01	6.677820e-01	4.884934e-01	2.264662e+00
5.815644e-03	-1.506643e-01	-1.507027e-01	-1.313851e-01	6.454073e-01	6.677802e-01	4.884920e-01	2.262924e+00
5.813953e-03	-1.506645e-01	-1.507028e-01	-1.313853e-01	6.454057e-01	6.677784e-01	4.884906e-01	2.261188e+00
5.812264e-03	-1.506646e-01	-1.507029e-01	-1.313856e-01	6.454041e-01	6.677767e-01	4.884892e-01	2.259452e+00
5.810575e-03	-1.506647e-01	-1.507031e-01	-1.313859e-01	6.454025e-01	6.677749e-01	4.884877e-01	2.257721e+00
5.808888e-03	-1.506649e-01	-1.507032e-01	-1.313861e-01	6.454009e-01	6.677731e-01	4.884863e-01	2.255991e+00
5.807201e-03	-1.506650e-01	-1.507033e-01	-1.313864e-01	6.453993e-01	6.677714e-01	4.884849e-01	2.254263e+00
5.805515e-03	-1.506651e-01	-1.507035e-01	-1.313867e-01	6.453978e-01	6.677696e-01	4.884835e-01	2.252537e+00
5.803831e-03	-1.506653e-01	-1.507036e-01	-1.313869e-01	6.453962e-01	6.677678e-01	4.884821e-01	2.250814e+00
5.802147e-03	-1.506654e-01	-1.507037e-01	-1.313872e-01	6.453946e-01	6.677661e-01	4.884806e-01	2.249092e+00
5.800464e-03	-1.506655e-01	-1.507039e-01	-1.313874e-01	6.453930e-01	6.677643e-01	4.884792e-01	2.247373e+00
5.798782e-03	-1.506657e-01	-1.507040e-01	-1.313877e-01	6.453914e-01	6.677625e-01	4.884778e-01	2.245656e+00
5.797101e-03	-1.506658e-01	-1.507041e-01	-1.313880e-01	6.453899e-01	6.677608e-01	4.884764e-01	2.243941e+00
5.795422e-03	-1.506659e-01	-1.507043e-01	-1.313882e-01	6.453883e-01	6.677590e-01	4.884750e-01	2.242227e+00
5.793743e-03	-1.506661e-01	-1.507044e-01	-1.313885e-01	6.453867e-01	6.677573e-01	4.884735e-01	2.240517e+00
5.792065e-03	-1.506662e-01	-1.507045e-01	-1.313888e-01	6.453851e-01	6.677555e-01	4.884721e-01	2.238808e+00
5.790388e-03	-1.506663e-01	-1.507047e-01	-1.313890e-01	6.453836e-01	6.677537e-01	4.884707e-01	2.237101e+00
5.788712e-03	-1.506665e-01	-1.507048e-01	-1.313893e-01	6.453820e-01	6.677520e-01	4.884693e-01	2.235397e+00
5.787037e-03	-1.506666e-01	-1.507049e-01	-1.313895e-01	6.453804e-01	6.677502e-01	4.884679e-01	2.233694e+00
5.785363e-03	-1.506667e-01	-1.507051e-01	-1.313898e-01	6.453789e-01	6.677485e-01	4.884665e-01	2.231993e+00
5.783690e-03	-1.506669e-01	-1.507052e-01	-1.313901e-01	6.453773e-01	6.677467e-01	4.884650e-01	2.230295e+00
5.782018e-03	-1.506670e-01	-1.507053e-01	-1.313903e-01	6.453757e-01	6.677449e-01	4.884636e-01	2.228599e+00
5.780347e-03	-1.506671e-01	-1.507055e-01	-1.313906e-01	6.453742e-01	6.677432e-01	4.884622e-01	2.226903e+00
5.778677e-03	-1.506673e-01	-1.507056e-01	-1.313908e-01	6.453726e-01	6.677414e-01	4.884608e-01	2.225212e+00
5.777008e-03	-1.506674e-01	-1.507057e-01	-1.313911e-01	6.453710e-01	6.677397e-01	4.884594e-01	2.223522e+00
5.775339e-03	-1.506675e-01	-1.507059e-01	-1.313914e-01	6.453695e-01	6.677379e-01	4.884579e-01	2.221834e+00
5.773672e-03	-1.506677e-01	-1.507060e-01	-1.313916e-01	6.453679e-01	6.677362e-01	4.884565e-01	2.220148e+00
5.772006e-03	-1.506678e-01	-1.507061e-01	-1.313919e-01	6.453664e-01	6.677344e-01	4.884551e-01	2.218464e+00
5.770340e-03	-1.506679e-01	-1.507063e-01	-1.313921e-01	6.453648e-01	6.677327e-01	4.884537e-01	2.216782e+00
5.768676e-03	-1.506681e-01	-1.507064e-01	-1.313924e-01	6.453632e-01	6.677309e-01	4.884523e-01	2.215103e+00
5.767013e-03	-1.506682e-01	-1.507065e-01	-1.313927e-01	6.453617e-01	6.677292e-01	4.884509e-01	2.213425e+00
5.765350e-03	-1.506683e-01	-1.507067e-01	-1.313929e-01	6.453601e-01	6.677274e-01	4.884495e-01	2.211751e+00
5.763689e-03	-1.506685e-01	-1.507068e-01	-1.313932e-01	6.453586e-01	6.677257e-01	4.884480e-01	2.210077e+00
5.762028e-03	-1.506686e-01	-1.507069e-01	-1.313934e-01	6.453570e-01	6.677240e-01	4.884466e-01	2.208407e+00
5.760369e-03	-1.506687e-01	-1.507071e-01	-1.313937e-01	6.453555e-01	6.677222e-01	4.884452e-01	2.206737e+00
5.758710e-03	-1.506689e-01	-1.507072e-01	-1.313939e-01	6.453539e-01	6.677205e-01	4.884438e-01	2.205072e+00
5.757052e-03	-1.506690e-01	-1.507073e-01	-1.313942e-01	6.453524e-01	6.677187e-01	4.884424e-01	2.203406e+00
5.755396e-03	-1.506691e-01	-1.507075e-01	-1.313945e-01	6.453508e-01	6.677170e-01	4.884410e-01	2.201744e+00
5.753740e-03	-1.506693e-01	-1.507076e-01	-1.313947e-01	6.453493e-01	6.677152e-01	4.884395e-01	2.200084e+00
5.752085e-03	-1.506694e-01	-1.507077e-01	-1.313950e-01	6.453478e-01	6.677135e-01	4.884381e-01	2.198426e+00
5.750431e-03	-1.506695e-01	-1.507079e-01	-1.313952e-01	6.453462e-01	6.677118e-01	4.884367e-01	2.196771e+00
5.748778e-03	-1.506697e-01	-1.507080e-01	-1.313955e-01	6.453447e-01	6.677100e-01	4.884353e-01	2.195117e+00
5.747126e-03	-1.506698e-01	-1.507081e-01	-1.313957e-01	6.453431e-01	6.677083e-01	4.884339e-01	2.193465e+00
5.745475e-03	-1.506699e-01	-1.507083e-01	-1.313960e-01	6.453416e-01	6.677066e-01	4.884325e-01	2.191816e+00
5.743825e-03	-1.506701e-01	-1.507084e-01	-1.313962e-01	6.453401e-01	6.677048e-01	4.884311e-01	2.190170e+00
5.742176e-03	-1.506702e-01	-1.507085e-01	-1.313965e-01	6.453385e-01	6.677031e-01	4.884297e-01	2.188525e+00
5.740528e-03	-1.506703e-01	-1.507087e-01	-1.313968e-01	6.453370e-01	6.677014e-01	4.884282e-01	2.186881e+00
5.738881e-03	-1.506705e-01	-1.507088e-01	-1.313970e-01	6.453355e-01	6.676996e-01	4.884268e-01	2.185242e+00
5.737235e-03	-1.506706e-01	-1.507089e-01	-1.313973e-01	6.453339e-01	6.676979e-01	4.884254e-01	2.183603e+00
5.735589e-03	-1.506707e-01	-1.507091e-01	-1.313975e-01	6.453324e-01	6.676962e-01	4.884240e-01	2.181968e+00
5.733945e-03	-1.506709e-01	-1.507092e-01	-1.313978e-01	6.453309e-01	6.676944e-01	4.884226e-01	2.180334e+00
5.732302e-03	-1.506710e-01	-1.507093e-01	-1.313980e-01	6.453293e-01	6.676927e-01	4.884212e-01	2.178702e+00
5.730659e-03	-1.506711e-01	-1.507095e-01	-1.313983e-01	6.453278e-01	6.676910e-01	4.884198e-01	2.177073e+00
5.729017e-03	-1.506713e-01	-1.507096e-01	-1.313985e-01	6.453263e-01	6.676893e-01	4.884184e-01	2.175446e+00
5.727377e-03	-1.506714e-01	-1.507097e-01	-1.313988e-01	6.453248e-01	6.676875e-01	4.884169e-01	2.173820e+00
5.725737e-03	-1.506715e-01	-1.507099e-01	-1.313990e-01	6.453232e-01	6.676858e-01	4.884155e-01	2.172199e+00
5.724098e-03	-1.506717e-01	-1.507100e-01	-1.313993e-01	6.453217e-01	6.676841e-01	4.884141e-01	2.170577e+00
5.722461e-03	-1.506718e-01	-1.507101e-01	-1.313995e-01	6.453202e-01	6.676824e-01	4.884127e-01	2.168959e+00
5.720824e-03	-1.506719e-01	-1.507102e-01	-1.313998e-01	6.453187e-01	6.676806e-01	4.884113e-01	2.167342e+00
5.719188e-03	-1.506721e-01	-1.507104e-01	-1.314000e-01	6.453172e-01	6.676789e-01	4.884099e-01	2.165729e+00
5.717553e-03	-1.506722e-01	-1.507105e-01	-1.314003e-01	6.453157e-01	6.676772e-01	4.884085e-01	2.164117e+00
5.715919e-03	-1.506723e-01	-1.507106e-01	-1.314006e-01	6.453141e-01	6.676755e-01	4.884071e-01	2.162507e+00
5.714286e-03	-1.506724e-01	-1.507108e-01	-1.314008e-01	6.453126e-01	6.676738e-01	4.884057e-01	2.160900e+00
5.712654e-03	-1.506726e-01	-1.507109e-01	-1.314011e-01	6.453111e-01	6.676720e-01	4.884043e-01	2.159294e+00
5.711022e-03	-1.506727e-01	-1.507110e-01	-1.314013e-01	6.453096e-01	6.676703e-01	4.884029e-01	2.157691e+00
5.709392e-03	-1.506728e-01	-1.507112e-01	-1.314016e-01	6.453081e-01	6.676686e-01	4.884014e-01	2.156089e+00
5.707763e-03	-1.506730e-01	-1.507113e-01	-1.314018e-01	6.453066e-01	6.676669e-01	4.884000e-01	2.154490e+00
5.706134e-03	-1.506731e-01	-1.507114e-01	-1.314021e-01	6.453051e-01	6.676652e-01	4.883986e-01	2.152892e+00
5.704507e-03	-1.506732e-01	-1.507116e-01	-1.314023e-01	6.453036e-01	6.676635e-01	4.883972e-01	2.151298e+00
5.702880e-03	-1.506734e-01	-1.507117e-01	-1.314026e-01	6.453021e-01	6.676618e-01	4.883958e-01	2.149705e+00
5.701254e-03	-1.506735e-01	-1.507118e-01	-1.314028e-01	6.453006e-01	6.676601e-01	4.883944e-01	2.148114e+00
5.699630e-03	-1.506736e-01	-1.507120e-01	-1.314031e-01	6.452991e-01	6.676583e-01	4.883930e-01	2.146525e+00
5.698006e-03	-1.506738e-01	-1.507121e-01	-1.314033e-01	6.452975e-01	6.676566e-01	4.883916e-01	2.144938e+00
5.696383e-03	-1.506739e-01	-1.507122e-01	-1.314035e-01	6.452960e-01	6.676549e-01	4.883902e-01	2.143353e+00
5.694761e-03	-1.506740e-01	-1.507124e-01	-1.314038e-01	6.452946e-01	6.676532e-01	4.883888e-01	2.141770e+00
5.693140e-03	-1.506742e-01	-1.507125e-01	-1.314040e-01	6.452931e-01	6.676515e-01	4.883874e-01	2.140190e+00
5.691520e-03	-1.506743e-01	-1.507126e-01	-1.314043e-01	6.452916e-01	6.676498e-01	4.883860e-01	2.138610e+00
5.689900e-03	-1.506744e-01	-1.507128e-01	-1.314045e-01	6.452901e-01	6.676481e-01	4.883846e-01	2.137033e+00
5.688282e-03	-1.506746e-01	-1.507129e-01	-1.314048e-01	6.452886e-01	6.676464e-01	4.883832e-01	2.135458e+00
5.686665e-03	-1.506747e-01	-1.507130e-01	-1.314050e-01	6.452871e-01	6.676447e-01	4.883818e-01	2.133885e+00
5.685048e-03	-1.506748e-01	-1.507131e-01	-1.314053e-01	6.452856e-01	6.676430e-01	4.883804e-01	2.132314e+00
5.683433e-03	-1.506749e-01	-1.507133e-01	-1.314055e-01	6.452841e-01	6.676413e-01	4.883790e-01	2.130745e+00
5.681818e-03	-1.506751e-01	-1.507134e-01	-1.314058e-01	6.452826e-01	6.676396e-01	4.883776e-01	2.129177e+00
5.680204e-03	-1.506752e-01	-1.507135e-01	-1.314060e-01	6.452811e-01	6.676379e-01	4.883762e-01	2.127612e+00
5.678592e-03	-1.506753e-01	-1.507137e-01	-1.314063e-01	6.452796e-01	6.676362e-01	4.883748e-01	2.126049e+00
5.676980e-03	-1.506755e-01	-1.507138e-01	-1.314065e-01	6.452781e-01	6.676345e-01	4.883734e-01	2.124488e+00
5.675369e-03	-1.506756e-01	-1.507139e-01	-1.314068e-01	6.452767e-01	6.676328e-01	4.883720e-01	2.122928e+00
5.673759e-03	-1.506757e-01	-1.507141e-01	-1.314070e-01	6.452752e-01	6.676311e-01	4.883705e-01	2.121370e+00
5.672150e-03	-1.506759e-01	-1.507142e-01	-1.314073e-01	6.452737e-01	6.676294e-01	4.883691e-01	2.119814e+00
5.670542e-03	-1.506760e-01	-1.507143e-01	-1.314075e-01	6.452722e-01	6.676277e-01	4.883677e-01	2.118261e+00
5.668934e-03	-1.506761e-01	-1.507145e-01	-1.314077e-01	6.452707e-01	6.676260e-01	4.883663e-01	2.116709e+00
5.667328e-03	-1.506763e-01	-1.507146e-01	-1.314080e-01	6.452693e-01	6.676244e-01	4.883649e-01	2.115159e+00
5.665722e-03	-1.506764e-01	-1.507147e-01	-1.314082e-01	6.452678e-01	6.676227e-01	4.883635e-01	2.113612e+00
5.664118e-03	-1.506765e-01	-1.507149e-01	-1.314085e-01	6.452663e-01	6.676210e-01	4.883621e-01	2.112064e+00
5.662514e-03	-1.506766e-01	-1.507150e-01	-1.314087e-01	6.452648e-01	6.676193e-01	4.883607e-01	2.110521e+00
5.660911e-03	-1.506768e-01	-1.507151e-01	-1.314090e-01	6.452634e-01	6.676176e-01	4.883593e-01	2.108979e+00
5.659310e-03	-1.506769e-01	-1.507152e-01	-1.314092e-01	6.452619e-01	6.676159e-01	4.883580e-01	2.107439e+00
5.657709e-03	-1.506770e-01	-1.507154e-01	-1.314095e-01	6.452604e-01	6.676142e-01	4.883566e-01	2.105901e+00
5.656109e-03	-1.506772e-01	-1.507155e-01	-1.314097e-01	6.452589e-01	6.676125e-01	4.883552e-01	2.104364e+00
5.654509e-03	-1.506773e-01	-1.507156e-01	-1.314099e-01	6.452575e-01	6.676109e-01	4.883538e-01	2.102830e+00
5.652911e-03	-1.506774e-01	-1.507158e-01	-1.314102e-01	6.452560e-01	6.676092e-01	4.883524e-01	2.101298e+00
5.651314e-03	-1.506776e-01	-1.507159e-01	-1.314104e-01	6.452545e-01	6.676075e-01	4.883510e-01	2.099767e+00
5.649718e-03	-1.506777e-01	-1.507160e-01	-1.314107e-01	6.452531e-01	6.676058e-01	4.883496e-01	2.098240e+00
5.648122e-03	-1.506778e-01	-1.507162e-01	-1.314109e-01	6.452516e-01	6.676041e-01	4.883482e-01	2.096714e+00
5.646527e-03	-1.506779e-01	-1.507163e-01	-1.314111e-01	6.452502e-01	6.676025e-01	4.883468e-01	2.095189e+00
5.644934e-03	-1.506781e-01	-1.507164e-01	-1.314114e-01	6.452487e-01	6.676008e-01	4.883454e-01	2.093667e+00
5.643341e-03	-1.506782e-01	-1.507165e-01	-1.314116e-01	6.452472e-01	6.675991e-01	4.883440e-01	2.092148e+00
5.641749e-03	-1.506783e-01	-1.507167e-01	-1.314119e-01	6.452458e-01	6.675974e-01	4.883426e-01	2.090630e+00
5.640158e-03	-1.506785e-01	-1.507168e-01	-1.314121e-01	6.452443e-01	6.675958e-01	4.883412e-01	2.089114e+00
5.638568e-03	-1.506786e-01	-1.507169e-01	-1.314124e-01	6.452429e-01	6.675941e-01	4.883398e-01	2.087601e+00
5.636979e-03	-1.506787e-01	-1.507171e-01	-1.314126e-01	6.452414e-01	6.675924e-01	4.883384e-01	2.086089e+00
5.635390e-03	-1.506789e-01	-1.507172e-01	-1.314128e-01	6.452400e-01	6.675907e-01	4.883370e-01	2.084578e+00
5.633803e-03	-1.506790e-01	-1.507173e-01	-1.314131e-01	6.452385e-01	6.675891e-01	4.883356e-01	2.083073e+00
5.632216e-03	-1.506791e-01	-1.507175e-01	-1.314133e-01	6.452371e-01	6.675874e-01	4.883342e-01	2.081567e+00
5.630631e-03	-1.506792e-01	-1.507176e-01	-1.314136e-01	6.452356e-01	6.675857e-01	4.883328e-01	2.080064e+00
5.629046e-03	-1.506794e-01	-1.507177e-01	-1.314138e-01	6.452342e-01	6.675841e-01	4.883314e-01	2.078563e+00
5.627462e-03	-1.506795e-01	-1.507178e-01	-1.314140e-01	6.452327e-01	6.675824e-01	4.883301e-01	2.077064e+00
5.625879e-03	-1.506796e-01	-1.507180e-01	-1.314143e-01	6.452313e-01	6.675807e-01	4.883287e-01	2.075567e+00
5.624297e-03	-1.506798e-01	-1.507181e-01	-1.314145e-01	6.452298e-01	6.675791e-01	4.883273e-01	2.074072e+00
5.622716e-03	-1.506799e-01	-1.507182e-01	-1.314148e-01	6.452284e-01	6.675774e-01	4.883259e-01	2.072580e+00
5.621135e-03	-1.506800e-01	-1.507184e-01	-1.314150e-01	6.452269e-01	6.675757e-01	4.883245e-01	2.071090e+00
5.619556e-03	-1.506801e-01	-1.507185e-01	-1.314152e-01	6.452255e-01	6.675741e-01	4.883231e-01	2.069602e+00
5.617978e-03	-1.506803e-01	-1.507186e-01	-1.314155e-01	6.452241e-01	6.675724e-01	4.883217e-01	2.068116e+00
5.616400e-03	-1.506804e-01	-1.507188e-01	-1.314157e-01	6.452226e-01	6.675707e-01	4.883203e-01	2.066632e+00
5.614823e-03	-1.506805e-01	-1.507189e-01	-1.314159e-01	6.452212e-01	6.675691e-01	4.883189e-01	2.065151e+00
5.613247e-03	-1.506807e-01	-1.507190e-01	-1.314162e-01	6.452197e-01	6.675674e-01	4.883176e-01	2.063670e+00
5.611672e-03	-1.506808e-01	-1.507191e-01	-1.314164e-01	6.452183e-01	6.675658e-01	4.883162e-01	2.062193e+00
5.610098e-03	-1.506809e-01	-1.507193e-01	-1.314167e-01	6.452169e-01	6.675641e-01	4.883148e-01	2.060718e+00
5.608525e-03	-1.506810e-01	-1.507194e-01	-1.314169e-01	6.452154e-01	6.675625e-01	4.883134e-01	2.059244e+00
5.606953e-03	-1.506812e-01	-1.507195e-01	-1.314171e-01	6.452140e-01	6.675608e-01	4.883120e-01	2.057775e+00
5.605381e-03	-1.506813e-01	-1.507197e-01	-1.314174e-01	6.452126e-01	6.675591e-01	4.883106e-01	2.056304e+00
5.603811e-03	-1.506814e-01	-1.507198e-01	-1.314176e-01	6.452112e-01	6.675575e-01	4.883092e-01	2.054838e+00
5.602241e-03	-1.506816e-01	-1.507199e-01	-1.314178e-01	6.452097e-01	6.675558e-01	4.883079e-01	2.053374e+00
5.600672e-03	-1.506817e-01	-1.507200e-01	-1.314181e-01	6.452083e-01	6.675542e-01	4.883065e-01	2.051911e+00
5.599104e-03	-1.506818e-01	-1.507202e-01	-1.314183e-01	6.452069e-01	6.675525e-01	4.883051e-01	2.050450e+00
5.597537e-03	-1.506819e-01	-1.507203e-01	-1.314185e-01	6.452055e-01	6.675509e-01	4.883037e-01	2.048991e+00
5.595971e-03	-1.506821e-01	-1.507204e-01	-1.314188e-01	6.452040e-01	6.675492e-01	4.883023e-01	2.047534e+00
5.594406e-03	-1.506822e-01	-1.507206e-01	-1.314190e-01	6.452026e-01	6.675476e-01	4.883009e-01	2.046081e+00
5.592841e-03	-1.506823e-01	-1.507207e-01	-1.314192e-01	6.452012e-01	6.675460e-01	4.882996e-01	2.044628e+00
5.591278e-03	-1.506825e-01	-1.507208e-01	-1.314195e-01	6.451998e-01	6.675443e-01	4.882982e-01	2.043178e+00
5.589715e-03	-1.506826e-01	-1.507209e-01	-1.314197e-01	6.451984e-01	6.675427e-01	4.882968e-01	2.041730e+00
5.588153e-03	-1.506827e-01	-1.507211e-01	-1.314199e-01	6.451969e-01	6.675410e-01	4.882954e-01	2.040283e+00
5.586592e-03	-1.506828e-01	-1.507212e-01	-1.314202e-01	6.451955e-01	6.675394e-01	4.882940e-01	2.038840e+00
5.585032e-03	-1.506830e-01	-1.507213e-01	-1.314204e-01	6.451941e-01	6.675377e-01	4.882926e-01	2.037395e+00
5.583473e-03	-1.506831e-01	-1.507215e-01	-1.314206e-01	6.451927e-01	6.675361e-01	4.882913e-01	2.035956e+00
5.581915e-03	-1.506832e-01	-1.507216e-01	-1.314209e-01	6.451913e-01	6.675345e-01	4.882899e-01	2.034517e+00
5.580357e-03	-1.506834e-01	-1.507217e-01	-1.314211e-01	6.451899e-01	6.675328e-01	4.882885e-01	2.033081e+00
5.578801e-03	-1.506835e-01	-1.507218e-01	-1.314213e-01	6.451885e-01	6.675312e-01	4.882871e-01	2.031646e+00
5.577245e-03	-1.506836e-01	-1.507220e-01	-1.314216e-01	6.451871e-01	6.675295e-01	4.882858e-01	2.030214e+00
5.575690e-03	-1.506837e-01	-1.507221e-01	-1.314218e-01	6.451857e-01	6.675279e-01	4.882844e-01	2.028782e+00
5.574136e-03	-1.506839e-01	-1.507222e-01	-1.314220e-01	6.451843e-01	6.675263e-01	4.882830e-01	2.027353e+00
5.572583e-03	-1.506840e-01	-1.507224e-01	-1.314223e-01	6.451829e-01	6.675246e-01	4.882816e-01	2.025926e+00
5.571031e-03	-1.506841e-01	-1.507225e-01	-1.314225e-01	6.451814e-01	6.675230e-01	4.882802e-01	2.024501e+00
5.569479e-03	-1.506843e-01	-1.507226e-01	-1.314227e-01	6.451800e-01	6.675214e-01	4.882789e-01	2.023078e+00
5.567929e-03	-1.506844e-01	-1.507227e-01	-1.314230e-01	6.451786e-01	6.675197e-01	4.882775e-01	2.021655e+00
5.566379e-03	-1.506845e-01	-1.507229e-01	-1.314232e-01	6.451772e-01	6.675181e-01	4.882761e-01	2.020237e+00
5.564830e-03	-1.506846e-01	-1.507230e-01	-1.314234e-01	6.451758e-01	6.675165e-01	4.882747e-01	2.018817e+00
5.563282e-03	-1.506848e-01	-1.507231e-01	-1.314237e-01	6.451745e-01	6.675149e-01	4.882734e-01	2.017401e+00
5.561735e-03	-1.506849e-01	-1.507233e-01	-1.314239e-01	6.451731e-01	6.675132e-01	4.882720e-01	2.015987e+00
5.560189e-03	-1.506850e-01	-1.507234e-01	-1.314241e-01	6.451717e-01	6.675116e-01	4.882706e-01	2.014573e+00
5.558644e-03	-1.506851e-01	-1.507235e-01	-1.314244e-01	6.451703e-01	6.675100e-01	4.882693e-01	2.013163e+00
5.557099e-03	-1.506853e-01	-1.507236e-01	-1.314246e-01	6.451689e-01	6.675084e-01	4.882679e-01	2.011752e+00
5.555556e-03	-1.506854e-01	-1.507238e-01	-1.314248e-01	6.451675e-01	6.675067e-01	4.882665e-01	2.010346e+00
5.554013e-03	-1.506855e-01	-1.507239e-01	-1.314250e-01	6.451661e-01	6.675051e-01	4.882651e-01	2.008939e+00
5.552471e-03	-1.506856e-01	-1.507240e-01	-1.314253e-01	6.451647e-01	6.675035e-01	4.882638e-01	2.007534e+00
5.550930e-03	-1.506858e-01	-1.507241e-01	-1.314255e-01	6.451633e-01	6.675019e-01	4.882624e-01	2.006132e+00
5.549390e-03	-1.506859e-01	-1.507243e-01	-1.314257e-01	6.451619e-01	6.675003e-01	4.882610e-01	2.004730e+00
5.547850e-03	-1.506860e-01	-1.507244e-01	-1.314260e-01	6.451606e-01	6.674986e-01	4.882597e-01	2.003330e+00
5.546312e-03	-1.506862e-01	-1.507245e-01	-1.314262e-01	6.451592e-01	6.674970e-01	4.882583e-01	2.001933e+00
5.544774e-03	-1.506863e-01	-1.507247e-01	-1.314264e-01	6.451578e-01	6.674954e-01	4.882569e-01	2.000536e+00
5.543237e-03	-1.506864e-01	-1.507248e-01	-1.314266e-01	6.451564e-01	6.674938e-01	4.882556e-01	1.999141e+00
5.541701e-03	-1.506865e-01	-1.507249e-01	-1.314269e-01	6.451550e-01	6.674922e-01	4.882542e-01	1.997748e+00
5.540166e-03	-1.506867e-01	-1.507250e-01	-1.314271e-01	6.451536e-01	6.674906e-01	4.882528e-01	1.996355e+00
5.538632e-03	-1.506868e-01	-1.507252e-01	-1.314273e-01	6.451523e-01	6.674889e-01	4.882515e-01	1.994965e+00
5.537099e-03	-1.506869e-01	-1.507253e-01	-1.314276e-01	6.451509e-01	6.674873e-01	4.882501e-01	1.993576e+00
5.535566e-03	-1.506870e-01	-1.507254e-01	-1.314278e-01	6.451495e-01	6.674857e-01	4.882487e-01	1.992188e+00
5.534034e-03	-1.506872e-01	-1.507255e-01	-1.314280e-01	6.451481e-01	6.674841e-01	4.882474e-01	1.990802e+00
5.532503e-03	-1.506873e-01	-1.507257e-01	-1.314282e-01	6.451468e-01	6.674825e-01	4.882460e-01	1.989417e+00
5.530973e-03	-1.506874e-01	-1.507258e-01	-1.314285e-01	6.451454e-01	6.674809e-01	4.882446e-01	1.988034e+00
5.529444e-03	-1.506875e-01	-1.507259e-01	-1.314287e-01	6.451440e-01	6.674793e-01	4.882433e-01	1.986652e+00
5.527916e-03	-1.506877e-01	-1.507260e-01	-1.314289e-01	6.451427e-01	6.674777e-01	4.882419e-01	1.985271e+00
5.526389e-03	-1.506878e-01	-1.507262e-01	-1.314291e-01	6.451413e-01	6.674761e-01	4.882405e-01	1.983892e+00
5.524862e-03	-1.506879e-01	-1.507263e-01	-1.314294e-01	6.451399e-01	6.674745e-01	4.882392e-01	1.982514e+00
5.523336e-03	-1.506881e-01	-1.507264e-01	-1.314296e-01	6.451386e-01	6.674729e-01	4.882378e-01	1.981137e+00
5.521811e-03	-1.506882e-01	-1.507266e-01	-1.314298e-01	6.451372e-01	6.674713e-01	4.882365e-01	1.979762e+00
5.520287e-03	-1.506883e-01	-1.507267e-01	-1.314300e-01	6.451358e-01	6.674697e-01	4.882351e-01	1.978388e+00
5.518764e-03	-1.506884e-01	-1.507268e-01	-1.314303e-01	6.451345e-01	6.674681e-01	4.882337e-01	1.977014e+00
5.517241e-03	-1.506886e-01	-1.507269e-01	-1.314305e-01	6.451331e-01	6.674665e-01	4.882324e-01	1.975643e+00
5.515720e-03	-1.506887e-01	-1.507271e-01	-1.314307e-01	6.451318e-01	6.674649e-01	4.882310e-01	1.974273e+00
5.514199e-03	-1.506888e-01	-1.507272e-01	-1.314309e-01	6.451304e-01	6.674633e-01	4.882297e-01	1.972904e+00
5.512679e-03	-1.506889e-01	-1.507273e-01	-1.314312e-01	6.451290e-01	6.674617e-01	4.882283e-01	1.971535e+00
5.511160e-03	-1.506891e-01	-1.507274e-01	-1.314314e-01	6.451277e-01	6.674601e-01	4.882269e-01	1.970168e+00
5.509642e-03	-1.506892e-01	-1.507276e-01	-1.314316e-01	6.451263e-01	6.674585e-01	4.882256e-01	1.968803e+00
5.508124e-03	-1.506893e-01	-1.507277e-01	-1.314318e-01	6.451250e-01	6.674569e-01	4.882242e-01	1.967438e+00
5.506608e-03	-1.506894e-01	-1.507278e-01	-1.314321e-01	6.451236e-01	6.674553e-01	4.882229e-01	1.966075e+00
5.505092e-03	-1.506896e-01	-1.507279e-01	-1.314323e-01	6.451223e-01	6.674537e-01	4.882215e-01	1.964712e+00
5.503577e-03	-1.506897e-01	-1.507281e-01	-1.314325e-01	6.451209e-01	6.674521e-01	4.882202e-01	1.963350e+00
5.502063e-03	-1.506898e-01	-1.507282e-01	-1.314327e-01	6.451196e-01	6.674505e-01	4.882188e-01	1.961990e+00
5.500550e-03	-1.506899e-01	-1.507283e-01	-1.314329e-01	6.451182e-01	6.674490e-01	4.882175e-01	1.960631e+00
5.499038e-03	-1.506901e-01	-1.507284e-01	-1.314332e-01	6.451169e-01	6.674474e-01	4.882161e-01	1.959273e+00
5.497526e-03	-1.506902e-01	-1.507286e-01	-1.314334e-01	6.451155e-01	6.674458e-01	4.882148e-01	1.957915e+00
5.496015e-03	-1.506903e-01	-1.507287e-01	-1.314336e-01	6.451142e-01	6.674442e-01	4.882134e-01	1.956559e+00
5.494505e-03	-1.506904e-01	-1.507288e-01	-1.314338e-01	6.451129e-01	6.674426e-01	4.882120e-01	1.955204e+00
5.492996e-03	-1.506906e-01	-1.507289e-01	-1.314341e-01	6.451115e-01	6.674410e-01	4.882107e-01	1.953849e+00
5.491488e-03	-1.506907e-01	-1.507291e-01	-1.314343e-01	6.451102e-01	6.674395e-01	4.882093e-01	1.952496e+00
5.489981e-03	-1.506908e-01	-1.507292e-01	-1.314345e-01	6.451088e-01	6.674379e-01	4.882080e-01	1.951143e+00
5.488474e-03	-1.506909e-01	-1.507293e-01	-1.314347e-01	6.451075e-01	6.674363e-01	4.882066e-01	1.949791e+00
5.486968e-03	-1.506911e-01	-1.507294e-01	-1.314349e-01	6.451062e-01	6.674347e-01	4.882053e-01	1.948442e+00
5.485464e-03	-1.506912e-01	-1.507296e-01	-1.314352e-01	6.451048e-01	6.674331e-01	4.882039e-01	1.947091e+00
5.483959e-03	-1.506913e-01	-1.507297e-01	-1.314354e-01	6.451035e-01	6.674316e-01	4.882026e-01	1.945742e+00
5.482456e-03	-1.506914e-01	-1.507298e-01	-1.314356e-01	6.451022e-01	6.674300e-01	4.882013e-01	1.944394e+00
5.480954e-03	-1.506916e-01	-1.507299e-01	-1.314358e-01	6.451008e-01	6.674284e-01	4.881999e-01	1.943047e+00
5.479452e-03	-1.506917e-01	-1.507301e-01	-1.314360e-01	6.450995e-01	6.674268e-01	4.881986e-01	1.941700e+00
5.477951e-03	-1.506918e-01	-1.507302e-01	-1.314363e-01	6.450982e-01	6.674253e-01	4.881972e-01	1.940354e+00
5.476451e-03	-1.506919e-01	-1.507303e-01	-1.314365e-01	6.450968e-01	6.674237e-01	4.881959e-01	1.939009e+00
5.474952e-03	-1.506921e-01	-1.507304e-01	-1.314367e-01	6.450955e-01	6.674221e-01	4.881945e-01	1.937664e+00
5.473454e-03	-1.506922e-01	-1.507306e-01	-1.314369e-01	6.450942e-01	6.674205e-01	4.881932e-01	1.936321e+00
5.471956e-03	-1.506923e-01	-1.507307e-01	-1.314371e-01	6.450929e-01	6.674190e-01	4.881918e-01	1.934977e+00
5.470460e-03	-1.506924e-01	-1.507308e-01	-1.314374e-01	6.450915e-01	6.674174e-01	4.881905e-01	1.933636e+00
5.468964e-03	-1.506925e-01	-1.507309e-01	-1.314376e-01	6.450902e-01	6.674158e-01	4.881892e-01	1.932294e+00
5.467469e-03	-1.506927e-01	-1.507311e-01	-1.314378e-01	6.450889e-01	6.674143e-01	4.881878e-01	1.930953e+00
5.465974e-03	-1.506928e-01	-1.507312e-01	-1.314380e-01	6.450876e-01	6.674127e-01	4.881865e-01	1.929613e+00
5.464481e-03	-1.506929e-01	-1.507313e-01	-1.314382e-01	6.450863e-01	6.674111e-01	4.881851e-01	1.928275e+00
5.462988e-03	-1.506930e-01	-1.507314e-01	-1.314384e-01	6.450849e-01	6.674096e-01	4.881838e-01	1.926934e+00
5.461496e-03	-1.506932e-01	-1.507316e-01	-1.314387e-01	6.450836e-01	6.674080e-01	4.881824e-01	1.925596e+00
5.460005e-03	-1.506933e-01	-1.507317e-01	-1.314389e-01	6.450823e-01	6.674065e-01	4.881811e-01	1.924259e+00
5.458515e-03	-1.506934e-01	-1.507318e-01	-1.314391e-01	6.450810e-01	6.674049e-01	4.881798e-01	1.922922e+00
5.457026e-03	-1.506935e-01	-1.507319e-01	-1.314393e-01	6.450797e-01	6.674033e-01	4.881784e-01	1.921584e+00
5.455537e-03	-1.506937e-01	-1.507320e-01	-1.314395e-01	6.450784e-01	6.674018e-01	4.881771e-01	1.920249e+00
5.454050e-03	-1.506938e-01	-1.507322e-01	-1.314397e-01	6.450771e-01	6.674002e-01	4.881758e-01	1.918913e+00
5.452563e-03	-1.506939e-01	-1.507323e-01	-1.314400e-01	6.450757e-01	6.673987e-01	4.881744e-01	1.917578e+00
5.451077e-03	-1.506940e-01	-1.507324e-01	-1.314402e-01	6.450744e-01	6.673971e-01	4.881731e-01	1.916243e+00
5.449591e-03	-1.506942e-01	-1.507325e-01	-1.314404e-01	6.450731e-01	6.673956e-01	4.881717e-01	1.914910e+00
5.448107e-03	-1.506943e-01	-1.507327e-01	-1.314406e-01	6.450718e-01	6.673940e-01	4.881704e-01	1.913576e+00
5.446623e-03	-1.506944e-01	-1.507328e-01	-1.314408e-01	6.450705e-01	6.673924e-01	4.881691e-01	1.912242e+00
5.445140e-03	-1.506945e-01	-1.507329e-01	-1.314410e-01	6.450692e-01	6.673909e-01	4.881677e-01	1.910910e+00
5.443658e-03	-1.506946e-01	-1.507330e-01	-1.314413e-01	6.450679e-01	6.673893e-01	4.881664e-01	1.909577e+00
5.442177e-03	-1.506948e-01	-1.507332e-01	-1.314415e-01	6.450666e-01	6.673878e-01	4.881651e-01	1.908246e+00
5.440696e-03	-1.506949e-01	-1.507333e-01	-1.314417e-01	6.450653e-01	6.673862e-01	4.881637e-01	1.906914e+00
5.439217e-03	-1.506950e-01	-1.507334e-01	-1.314419e-01	6.450640e-01	6.673847e-01	4.881624e-01	1.905583e+00
5.437738e-03	-1.506951e-01	-1.507335e-01	-1.314421e-01	6.450627e-01	6.673832e-01	4.881611e-01	1.904252e+00
5.436260e-03	-1.506953e-01	-1.507337e-01	-1.314423e-01	6.450614e-01	6.673816e-01	4.881598e-01	1.902922e+00
5.434783e-03	-1.506954e-01	-1.507338e-01	-1.314425e-01	6.450601e-01	6.673801e-01	4.881584e-01	1.901592e+00
5.433306e-03	-1.506955e-01	-1.507339e-01	-1.314428e-01	6.450588e-01	6.673785e-01	4.881571e-01	1.900261e+00
5.431831e-03	-1.506956e-01	-1.507340e-01	-1.314430e-01	6.450575e-01	6.673770e-01	4.881558e-01	1.898932e+00
5.430356e-03	-1.506957e-01	-1.507341e-01	-1.314432e-01	6.450563e-01	6.673754e-01	4.881544e-01	1.897602e+00
5.428882e-03	-1.506959e-01	-1.507343e-01	-1.314434e-01	6.450550e-01	6.673739e-01	4.881531e-01	1.896274e+00
5.427408e-03	-1.506960e-01	-1.507344e-01	-1.314436e-01	6.450537e-01	6.673724e-01	4.881518e-01	1.894945e+00
5.425936e-03	-1.506961e-01	-1.507345e-01	-1.314438e-01	6.450524e-01	6.673708e-01	4.881505e-01	1.893617e+00
5.424464e-03	-1.506962e-01	-1.507346e-01	-1.314440e-01	6.450511e-01	6.673693e-01	4.881491e-01	1.892288e+00
5.422993e-03	-1.506964e-01	-1.507348e-01	-1.314442e-01	6.450498e-01	6.673677e-01	4.881478e-01	1.890960e+00
5.421523e-03	-1.506965e-01	-1.507349e-01	-1.314445e-01	6.450485e-01	6.673662e-01	4.881465e-01	1.889633e+00
5.420054e-03	-1.506966e-01	-1.507350e-01	-1.314447e-01	6.450472e-01	6.673647e-01	4.881452e-01	1.888305e+00
5.418586e-03	-1.506967e-01	-1.507351e-01	-1.314449e-01	6.450460e-01	6.673631e-01	4.881438e-01	1.886977e+00
5.417118e-03	-1.506968e-01	-1.507352e-01	-1.314451e-01	6.450447e-01	6.673616e-01	4.881425e-01	1.885651e+00
5.415651e-03	-1.506970e-01	-1.507354e-01	-1.314453e-01	6.450434e-01	6.673601e-01	4.881412e-01	1.884323e+00
5.414185e-03	-1.506971e-01	-1.507355e-01	-1.314455e-01	6.450421e-01	6.673585e-01	4.881399e-01	1.882996e+00
5.412720e-03	-1.506972e-01	-1.507356e-01	-1.314457e-01	6.450408e-01	6.673570e-01	4.881386e-01	1.881670e+00
5.411255e-03	-1.506973e-01	-1.507357e-01	-1.314459e-01	6.450396e-01	6.673555e-01	4.881372e-01	1.880342e+00
5.409792e-03	-1.506975e-01	-1.507359e-01	-1.314461e-01	6.450383e-01	6.673539e-01	4.881359e-01	1.879015e+00
5.408329e-03	-1.506976e-01	-1.507360e-01	-1.314464e-01	6.450370e-01	6.673524e-01	4.881346e-01	1.877689e+00
5.406867e-03	-1.506977e-01	-1.507361e-01	-1.314466e-01	6.450357e-01	6.673509e-01	4.881333e-01	1.876362e+00
5.405405e-03	-1.506978e-01	-1.507362e-01	-1.314468e-01	6.450345e-01	6.673494e-01	4.881320e-01	1.875036e+00
5.403945e-03	-1.506979e-01	-1.507363e-01	-1.314470e-01	6.450332e-01	6.673478e-01	4.881306e-01	1.873709e+00
5.402485e-03	-1.506981e-01	-1.507365e-01	-1.314472e-01	6.450319e-01	6.673463e-01	4.881293e-01	1.872383e+00
5.401026e-03	-1.506982e-01	-1.507366e-01	-1.314474e-01	6.450307e-01	6.673448e-01	4.881280e-01	1.871057e+00
5.399568e-03	-1.506983e-01	-1.507367e-01	-1.314476e-01	6.450294e-01	6.673433e-01	4.881267e-01	1.869730e+00
5.398111e-03	-1.506984e-01	-1.507368e-01	-1.314478e-01	6.450281e-01	6.673418e-01	4.881254e-01	1.868403e+00
5.396654e-03	-1.506985e-01	-1.507369e-01	-1.314480e-01	6.450269e-01	6.673402e-01	4.881241e-01	1.867078e+00
5.395198e-03	-1.506987e-01	-1.507371e-01	-1.314482e-01	6.450256e-01	6.673387e-01	4.881228e-01	1.865751e+00
5.393743e-03	-1.506988e-01	-1.507372e-01	-1.314484e-01	6.450243e-01	6.673372e-01	4.881214e-01	1.864424e+00
5.392289e-03	-1.506989e-01	-1.507373e-01	-1.314487e-01	6.450231e-01	6.673357e-01	4.881201e-01	1.863097e+00
5.390836e-03	-1.506990e-01	-1.507374e-01	-1.314489e-01	6.450218e-01	6.673342e-01	4.881188e-01	1.861771e+00
5.389383e-03	-1.506991e-01	-1.507376e-01	-1.314491e-01	6.450206e-01	6.673327e-01	4.881175e-01	1.860444e+00
5.387931e-03	-1.506993e-01	-1.507377e-01	-1.314493e-01	6.450193e-01	6.673311e-01	4.881162e-01	1.859117e+00
5.386480e-03	-1.506994e-01	-1.507378e-01	-1.314495e-01	6.450181e-01	6.673296e-01	4.881149e-01	1.857790e+00
5.385030e-03	-1.506995e-01	-1.507379e-01	-1.314497e-01	6.450168e-01	6.673281e-01	4.881136e-01	1.856463e+00
5.383580e-03	-1.506996e-01	-1.507380e-01	-1.314499e-01	6.450155e-01	6.673266e-01	4.881123e-01	1.855136e+00
5.382131e-03	-1.506997e-01	-1.507382e-01	-1.314501e-01	6.450143e-01	6.673251e-01	4.881110e-01	1.853809e+00
5.380683e-03	-1.506999e-01	-1.507383e-01	-1.314503e-01	6.450130e-01	6.673236e-01	4.881097e-01	1.852481e+00
5.379236e-03	-1.507000e-01	-1.507384e-01	-1.314505e-01	6.450118e-01	6.673221e-01	4.881084e-01	1.851153e+00
5.377790e-03	-1.507001e-01	-1.507385e-01	-1.314507e-01	6.450105e-01	6.673206e-01	4.881070e-01	1.849826e+00
5.376344e-03	-1.507002e-01	-1.507386e-01	-1.314509e-01	6.450093e-01	6.673191e-01	4.881057e-01	1.848498e+00
5.374899e-03	-1.507003e-01	-1.507388e-01	-1.314511e-01	6.450080e-01	6.673176e-01	4.881044e-01	1.847170e+00
5.373455e-03	-1.507005e-01	-1.507389e-01	-1.314513e-01	6.450068e-01	6.673161e-01	4.881031e-01	1.845841e+00
5.372012e-03	-1.507006e-01	-1.507390e-01	-1.314515e-01	6.450056e-01	6.673146e-01	4.881018e-01	1.844512e+00
5.370569e-03	-1.507007e-01	-1.507391e-01	-1.314518e-01	6.450043e-01	6.673131e-01	4.881005e-01	1.843185e+00
5.369128e-03	-1.507008e-01	-1.507392e-01	-1.314520e-01	6.450031e-01	6.673116e-01	4.880992e-01	1.841854e+00
5.367687e-03	-1.507009e-01	-1.507394e-01	-1.314522e-01	6.450018e-01	6.673101e-01	4.880979e-01	1.840525e+00
5.366246e-03	-1.507011e-01	-1.507395e-01	-1.314524e-01	6.450006e-01	6.673086e-01	4.880966e-01	1.839195e+00
5.364807e-03	-1.507012e-01	-1.507396e-01	-1.314526e-01	6.449994e-01	6.673071e-01	4.880953e-01	1.837866e+00
5.363368e-03	-1.507013e-01	-1.507397e-01	-1.314528e-01	6.449981e-01	6.673056e-01	4.880940e-01	1.836535e+00
5.361930e-03	-1.507014e-01	-1.507398e-01	-1.314530e-01	6.449969e-01	6.673041e-01	4.880927e-01	1.835205e+00
5.360493e-03	-1.507015e-01	-1.507400e-01	-1.314532e-01	6.449956e-01	6.673026e-01	4.880914e-01	1.833874e+00
5.359057e-03	-1.507017e-01	-1.507401e-01	-1.314534e-01	6.449944e-01	6.673011e-01	4.880901e-01	1.832543e+00
5.357621e-03	-1.507018e-01	-1.507402e-01	-1.314536e-01	6.449932e-01	6.672996e-01	4.880888e-01	1.831212e+00
5.356186e-03	-1.507019e-01	-1.507403e-01	-1.314538e-01	6.449919e-01	6.672981e-01	4.880875e-01	1.829879e+00
5.354752e-03	-1.507020e-01	-1.507404e-01	-1.314540e-01	6.449907e-01	6.672966e-01	4.880862e-01	1.828547e+00
5.353319e-03	-1.507021e-01	-1.507406e-01	-1.314542e-01	6.449895e-01	6.672951e-01	4.880850e-01	1.827215e+00
5.351887e-03	-1.507023e-01	-1.507407e-01	-1.314544e-01	6.449883e-01	6.672936e-01	4.880837e-01	1.825882e+00
5.350455e-03	-1.507024e-01	-1.507408e-01	-1.314546e-01	6.449870e-01	6.672921e-01	4.880824e-01	1.824548e+00
5.349024e-03	-1.507025e-01	-1.507409e-01	-1.314548e-01	6.449858e-01	6.672907e-01	4.880811e-01	1.823214e+00
5.347594e-03	-1.507026e-01	-1.507410e-01	-1.314550e-01	6.449846e-01	6.672892e-01	4.880798e-01	1.821880e+00
5.346164e-03	-1.507027e-01	-1.507411e-01	-1.314552e-01	6.449834e-01	6.672877e-01	4.880785e-01	1.820546e+00
5.344735e-03	-1.507029e-01	-1.507413e-01	-1.314554e-01	6.449821e-01	6.672862e-01	4.880772e-01	1.819210e+00
5.343308e-03	-1.507030e-01	-1.507414e-01	-1.314556e-01	6.449809e-01	6.672847e-01	4.880759e-01	1.817874e+00
5.341880e-03	-1.507031e-01	-1.507415e-01	-1.314558e-01	6.449797e-01	6.672832e-01	4.880746e-01	1.816538e+00
5.340454e-03	-1.507032e-01	-1.507416e-01	-1.314560e-01	6.449785e-01	6.672818e-01	4.880733e-01	1.815202e+00
5.339028e-03	-1.507033e-01	-1.507417e-01	-1.314562e-01	6.449773e-01	6.672803e-01	4.880720e-01	1.813864e+00
5.337603e-03	-1.507034e-01	-1.507419e-01	-1.314564e-01	6.449760e-01	6.672788e-01	4.880708e-01	1.812526e+00
5.336179e-03	-1.507036e-01	-1.507420e-01	-1.314566e-01	6.449748e-01	6.672773e-01	4.880695e-01	1.811188e+00
5.334756e-03	-1.507037e-01	-1.507421e-01	-1.314568e-01	6.449736e-01	6.672759e-01	4.880682e-01	1.809849e+00
5.333333e-03	-1.507038e-01	-1.507422e-01	-1.314570e-01	6.449724e-01	6.672744e-01	4.880669e-01	1.808509e+00
5.331911e-03	-1.507039e-01	-1.507423e-01	-1.314572e-01	6.449712e-01	6.672729e-01	4.880656e-01	1.807170e+00
5.330490e-03	-1.507040e-01	-1.507425e-01	-1.314574e-01	6.449700e-01	6.672714e-01	4.880643e-01	1.805828e+00
5.329070e-03	-1.507042e-01	-1.507426e-01	-1.314576e-01	6.449688e-01	6.672700e-01	4.880630e-01	1.804488e+00
5.327651e-03	-1.507043e-01	-1.507427e-01	-1.314578e-01	6.449676e-01	6.672685e-01	4.880618e-01	1.803145e+00
5.326232e-03	-1.507044e-01	-1.507428e-01	-1.314580e-01	6.449663e-01	6.672670e-01	4.880605e-01	1.801802e+00
5.324814e-03	-1.507045e-01	-1.507429e-01	-1.314582e-01	6.449651e-01	6.672655e-01	4.880592e-01	1.800460e+00
5.323396e-03	-1.507046e-01	-1.507430e-01	-1.314584e-01	6.449639e-01	6.672641e-01	4.880579e-01	1.799116e+00
5.321980e-03	-1.507047e-01	-1.507432e-01	-1.314586e-01	6.449627e-01	6.672626e-01	4.880566e-01	1.797772e+00
5.320564e-03	-1.507049e-01	-1.507433e-01	-1.314588e-01	6.449615e-01	6.672611e-01	4.880554e-01	1.796427e+00
5.319149e-03	-1.507050e-01	-1.507434e-01	-1.314590e-01	6.449603e-01	6.672597e-01	4.880541e-01	1.795081e+00
5.317735e-03	-1.507051e-01	-1.507435e-01	-1.314592e-01	6.449591e-01	6.672582e-01	4.880528e-01	1.793735e+00
5.316321e-03	-1.507052e-01	-1.507436e-01	-1.314594e-01	6.449579e-01	6.672567e-01	4.880515e-01	1.792388e+00
5.314908e-03	-1.507053e-01	-1.507437e-01	-1.314596e-01	6.449567e-01	6.672553e-01	4.880502e-01	1.791042e+00
5.313496e-03	-1.507054e-01	-1.507439e-01	-1.314598e-01	6.449555e-01	6.672538e-01	4.880490e-01	1.789693e+00
5.312085e-03	-1.507056e-01	-1.507440e-01	-1.314600e-01	6.449543e-01	6.672524e-01	4.880477e-01	1.788343e+00
5.310674e-03	-1.507057e-01	-1.507441e-01	-1.314602e-01	6.449531e-01	6.672509e-01	4.880464e-01	1.786996e+00
5.309265e-03	-1.507058e-01	-1.507442e-01	-1.314604e-01	6.449519e-01	6.672494e-01	4.880451e-01	1.785646e+00
5.307856e-03	-1.507059e-01	-1.507443e-01	-1.314606e-01	6.449508e-01	6.672480e-01	4.880439e-01	1.784294e+00
5.306447e-03	-1.507060e-01	-1.507445e-01	-1.314608e-01	6.449496e-01	6.672465e-01	4.880426e-01	1.782945e+00
5.305040e-03	-1.507061e-01	-1.507446e-01	-1.314610e-01	6.449484e-01	6.672451e-01	4.880413e-01	1.781594e+00
5.303633e-03	-1.507063e-01	-1.507447e-01	-1.314612e-01	6.449472e-01	6.672436e-01	4.880401e-01	1.780242e+00
5.302227e-03	-1.507064e-01	-1.507448e-01	-1.314614e-01	6.449460e-01	6.672422e-01	4.880388e-01	1.778890e+00
5.300822e-03	-1.507065e-01	-1.507449e-01	-1.314616e-01	6.449448e-01	6.672407e-01	4.880375e-01	1.777537e+00
5.299417e-03	-1.507066e-01	-1.507450e-01	-1.314618e-01	6.449436e-01	6.672393e-01	4.880362e-01	1.776185e+00
5.298013e-03	-1.507067e-01	-1.507452e-01	-1.314620e-01	6.449424e-01	6.672378e-01	4.880350e-01	1.774833e+00
5.296610e-03	-1.507068e-01	-1.507453e-01	-1.314622e-01	6.449413e-01	6.672364e-01	4.880337e-01	1.773478e+00
5.295208e-03	-1.507070e-01	-1.507454e-01	-1.314624e-01	6.449401e-01	6.672349e-01	4.880324e-01	1.772125e+00
5.293806e-03	-1.507071e-01	-1.507455e-01	-1.314626e-01	6.449389e-01	6.672335e-01	4.880312e-01	1.770772e+00
5.292405e-03	-1.507072e-01	-1.507456e-01	-1.314627e-01	6.449377e-01	6.672320e-01	4.880299e-01	1.769416e+00
5.291005e-03	-1.507073e-01	-1.507457e-01	-1.314629e-01	6.449365e-01	6.672306e-01	4.880286e-01	1.768064e+00
5.289606e-03	-1.507074e-01	-1.507459e-01	-1.314631e-01	6.449354e-01	6.672291e-01	4.880274e-01	1.766709e+00
5.288207e-03	-1.507075e-01	-1.507460e-01	-1.314633e-01	6.449342e-01	6.672277e-01	4.880261e-01	1.765355e+00
5.286809e-03	-1.507077e-01	-1.507461e-01	-1.314635e-01	6.449330e-01	6.672262e-01	4.880249e-01	1.764002e+00
5.285412e-03	-1.507078e-01	-1.507462e-01	-1.314637e-01	6.449318e-01	6.672248e-01	4.880236e-01	1.762646e+00
5.284016e-03	-1.507079e-01	-1.507463e-01	-1.314639e-01	6.449307e-01	6.672234e-01	4.880223e-01	1.761293e+00
5.282620e-03	-1.507080e-01	-1.507464e-01	-1.314641e-01	6.449295e-01	6.672219e-01	4.880211e-01	1.759938e+00
5.281225e-03	-1.507081e-01	-1.507465e-01	-1.314643e-01	6.449283e-01	6.672205e-01	4.880198e-01	1.758586e+00
5.279831e-03	-1.507082e-01	-1.507467e-01	-1.314645e-01	6.449272e-01	6.672190e-01	4.880186e-01	1.757232e+00
5.278438e-03	-1.507084e-01	-1.507468e-01	-1.314647e-01	6.449260e-01	6.672176e-01	4.880173e-01	1.755879e+00
5.277045e-03	-1.507085e-01	-1.507469e-01	-1.314649e-01	6.449248e-01	6.672162e-01	4.880160e-01	1.754525e+00
5.275653e-03	-1.507086e-01	-1.507470e-01	-1.314651e-01	6.449237e-01	6.672147e-01	4.880148e-01	1.753174e+00
5.274262e-03	-1.507087e-01	-1.507471e-01	-1.314653e-01	6.449225e-01	6.672133e-01	4.880135e-01	1.751821e+00
5.272871e-03	-1.507088e-01	-1.507472e-01	-1.314655e-01	6.449213e-01	6.672119e-01	4.880123e-01	1.750470e+00
5.271481e-03	-1.507089e-01	-1.507474e-01	-1.314656e-01	6.449202e-01	6.672104e-01	4.880110e-01	1.749119e+00
5.270092e-03	-1.507090e-01	-1.507475e-01	-1.314658e-01	6.449190e-01	6.672090e-01	4.880098e-01	1.747768e+00
5.268704e-03	-1.507092e-01	-1.507476e-01	-1.314660e-01	6.449178e-01	6.672076e-01	4.880085e-01	1.746418e+00
5.267316e-03	-1.507093e-01	-1.507477e-01	-1.314662e-01	6.449167e-01	6.672061e-01	4.880073e-01	1.745069e+00
5.265929e-03	-1.507094e-01	-1.507478e-01	-1.314664e-01	6.449155e-01	6.672047e-01	4.880060e-01	1.743719e+00
5.264543e-03	-1.507095e-01	-1.507479e-01	-1.314666e-01	6.449144e-01	6.672033e-01	4.880047e-01	1.742373e+00
5.263158e-03	-1.507096e-01	-1.507480e-01	-1.314668e-01	6.449132e-01	6.672019e-01	4.880035e-01	1.741024e+00
5.261773e-03	-1.507097e-01	-1.507482e-01	-1.314670e-01	6.449121e-01	6.672004e-01	4.880022e-01	1.739678e+00
5.260389e-03	-1.507098e-01	-1.507483e-01	-1.314672e-01	6.449109e-01	6.671990e-01	4.880010e-01	1.738332e+00
5.259006e-03	-1.507100e-01	-1.507484e-01	-1.314674e-01	6.449098e-01	6.671976e-01	4.879997e-01	1.736988e+00
5.257624e-03	-1.507101e-01	-1.507485e-01	-1.314676e-01	6.449086e-01	6.671962e-01	4.879985e-01	1.735644e+00
5.256242e-03	-1.507102e-01	-1.507486e-01	-1.314677e-01	6.449075e-01	6.671948e-01	4.879973e-01	1.734300e+00
5.254861e-03	-1.507103e-01	-1.507487e-01	-1.314679e-01	6.449063e-01	6.671933e-01	4.879960e-01	1.732959e+00
5.253480e-03	-1.507104e-01	-1.507488e-01	-1.314681e-01	6.449052e-01	6.671919e-01	4.879948e-01	1.731617e+00
5.252101e-03	-1.507105e-01	-1.507490e-01	-1.314683e-01	6.449040e-01	6.671905e-01	4.879935e-01	1.730277e+00
5.250722e-03	-1.507106e-01	-1.507491e-01	-1.314685e-01	6.449029e-01	6.671891e-01	4.879923e-01	1.728938e+00
5.249344e-03	-1.507108e-01	-1.507492e-01	-1.314687e-01	6.449017e-01	6.671877e-01	4.879910e-01	1.727600e+00
5.247966e-03	-1.507109e-01	-1.507493e-01	-1.314689e-01	6.449006e-01	6.671862e-01	4.879898e-01	1.726263e+00
5.246590e-03	-1.507110e-01	-1.507494e-01	-1.314691e-01	6.448994e-01	6.671848e-01	4.879885e-01	1.724927e+00
5.245214e-03	-1.507111e-01	-1.507495e-01	-1.314693e-01	6.448983e-01	6.671834e-01	4.879873e-01	1.723592e+00
5.243838e-03	-1.507112e-01	-1.507496e-01	-1.314694e-01	6.448972e-01	6.671820e-01	4.879861e-01	1.722259e+00
5.242464e-03	-1.507113e-01	-1.507498e-01	-1.314696e-01	6.448960e-01	6.671806e-01	4.879848e-01	1.720926e+00
5.241090e-03	-1.507114e-01	-1.507499e-01	-1.314698e-01	6.448949e-01	6.671792e-01	4.879836e-01	1.719595e+00
5.239717e-03	-1.507116e-01	-1.507500e-01	-1.314700e-01	6.448937e-01	6.671778e-01	4.879823e-01	1.718265e+00
5.238345e-03	-1.507117e-01	-1.507501e-01	-1.314702e-01	6.448926e-01	6.671764e-01	4.879811e-01	1.716937e+00
5.236973e-03	-1.507118e-01	-1.507502e-01	-1.314704e-01	6.448915e-01	6.671750e-01	4.879799e-01	1.715609e+00
5.235602e-03	-1.507119e-01	-1.507503e-01	-1.314706e-01	6.448903e-01	6.671736e-01	4.879786e-01	1.714283e+00
5.234232e-03	-1.507120e-01	-1.507504e-01	-1.314708e-01	6.448892e-01	6.671722e-01	4.879774e-01	1.712958e+00
5.232862e-03	-1.507121e-01	-1.507506e-01	-1.314709e-01	6.448881e-01	6.671708e-01	4.879762e-01	1.711635e+00
5.231494e-03	-1.507122e-01	-1.507507e-01	-1.314711e-01	6.448870e-01	6.671694e-01	4.879749e-01	1.710312e+00
5.230126e-03	-1.507123e-01	-1.507508e-01	-1.314713e-01	6.448858e-01	6.671679e-01	4.879737e-01	1.708992e+00
5.228758e-03	-1.507125e-01	-1.507509e-01	-1.314715e-01	6.448847e-01	6.671665e-01	4.879725e-01	1.707672e+00
5.227392e-03	-1.507126e-01	-1.507510e-01	-1.314717e-01	6.448836e-01	6.671651e-01	4.879712e-01	1.706355e+00
5.226026e-03	-1.507127e-01	-1.507511e-01	-1.314719e-01	6.448824e-01	6.671638e-01	4.879700e-01	1.705038e+00
5.224660e-03	-1.507128e-01	-1.507512e-01	-1.314721e-01	6.448813e-01	6.671624e-01	4.879688e-01	1.703723e+00
5.223296e-03	-1.507129e-01	-1.507513e-01	-1.314722e-01	6.448802e-01	6.671610e-01	4.879675e-01	1.702410e+00
5.221932e-03	-1.507130e-01	-1.507515e-01	-1.314724e-01	6.448791e-01	6.671596e-01	4.879663e-01	1.701098e+00
5.220569e-03	-1.507131e-01	-1.507516e-01	-1.314726e-01	6.448780e-01	6.671582e-01	4.879651e-01	1.699786e+00
5.219207e-03	-1.507132e-01	-1.507517e-01	-1.314728e-01	6.448768e-01	6.671568e-01	4.879639e-01	1.698478e+00
5.217845e-03	-1.507134e-01	-1.507518e-01	-1.314730e-01	6.448757e-01	6.671554e-01	4.879626e-01	1.697171e+00
5.216484e-03	-1.507135e-01	-1.507519e-01	-1.314732e-01	6.448746e-01	6.671540e-01	4.879614e-01	1.695864e+00
5.215124e-03	-1.507136e-01	-1.507520e-01	-1.314733e-01	6.448735e-01	6.671526e-01	4.879602e-01	1.694560e+00
5.213764e-03	-1.507137e-01	-1.507521e-01	-1.314735e-01	6.448724e-01	6.671512e-01	4.879590e-01	1.693257e+00
5.212406e-03	-1.507138e-01	-1.507522e-01	-1.314737e-01	6.448713e-01	6.671498e-01	4.879577e-01	1.691956e+00
5.211047e-03	-1.507139e-01	-1.507524e-01	-1.314739e-01	6.448701e-01	6.671484e-01	4.879565e-01	1.690656e+00
5.209690e-03	-1.507140e-01	-1.507525e-01	-1.314741e-01	6.448690e-01	6.671470e-01	4.879553e-01	1.689359e+00
5.208333e-03	-1.507141e-01	-1.507526e-01	-1.314743e-01	6.448679e-01	6.671457e-01	4.879541e-01	1.688062e+00
5.206977e-03	-1.507143e-01	-1.507527e-01	-1.314745e-01	6.448668e-01	6.671443e-01	4.879529e-01	1.686768e+00
5.205622e-03	-1.507144e-01	-1.507528e-01	-1.314746e-01	6.448657e-01	6.671429e-01	4.879516e-01	1.685476e+00
5.204267e-03	-1.507145e-01	-1.507529e-01	-1.314748e-01	6.448646e-01	6.671415e-01	4.879504e-01	1.684183e+00
5.202914e-03	-1.507146e-01	-1.507530e-01	-1.314750e-01	6.448635e-01	6.671401e-01	4.879492e-01	1.682893e+00
5.201560e-03	-1.507147e-01	-1.507531e-01	-1.314752e-01	6.448624e-01	6.671387e-01	4.879480e-01	1.681607e+00
5.200208e-03	-1.507148e-01	-1.507533e-01	-1.314754e-01	6.448613e-01	6.671374e-01	4.879468e-01	1.680320e+00
5.198856e-03	-1.507149e-01	-1.507534e-01	-1.314755e-01	6.448602e-01	6.671360e-01	4.879455e-01	1.679036e+00
5.197505e-03	-1.507150e-01	-1.507535e-01	-1.314757e-01	6.448591e-01	6.671346e-01	4.879443e-01	1.677753e+00
5.196155e-03	-1.507151e-01	-1.507536e-01	-1.314759e-01	6.448580e-01	6.671332e-01	4.879431e-01	1.676473e+00
5.194805e-03	-1.507153e-01	-1.507537e-01	-1.314761e-01	6.448569e-01	6.671319e-01	4.879419e-01	1.675193e+00
5.193456e-03	-1.507154e-01	-1.507538e-01	-1.314763e-01	6.448558e-01	6.671305e-01	4.879407e-01	1.673918e+00
5.192108e-03	-1.507155e-01	-1.507539e-01	-1.314765e-01	6.448547e-01	6.671291e-01	4.879395e-01	1.672640e+00
5.190760e-03	-1.507156e-01	-1.507540e-01	-1.314766e-01	6.448536e-01	6.671277e-01	4.879383e-01	1.671368e+00
5.189414e-03	-1.507157e-01	-1.507541e-01	-1.314768e-01	6.448525e-01	6.671264e-01	4.879371e-01	1.670096e+00
5.188067e-03	-1.507158e-01	-1.507543e-01	-1.314770e-01	6.448514e-01	6.671250e-01	4.879358e-01	1.668826e+00
5.186722e-03	-1.507159e-01	-1.507544e-01	-1.314772e-01	6.448503e-01	6.671236e-01	4.879346e-01	1.667559e+00
5.185377e-03	-1.507160e-01	-1.507545e-01	-1.314774e-01	6.448492e-01	6.671223e-01	4.879334e-01	1.666292e+00
5.184033e-03	-1.507161e-01	-1.507546e-01	-1.314775e-01	6.448481e-01	6.671209e-01	4.879322e-01	1.665029e+00
5.182690e-03	-1.507163e-01	-1.507547e-01	-1.314777e-01	6.448470e-01	6.671195e-01	4.879310e-01	1.663765e+00
5.181347e-03	-1.507164e-01	-1.507548e-01	-1.314779e-01	6.448460e-01	6.671182e-01	4.879298e-01	1.662507e+00
5.180005e-03	-1.507165e-01	-1.507549e-01	-1.314781e-01	6.448449e-01	6.671168e-01	4.879286e-01	1.661247e+00
5.178664e-03	-1.507166e-01	-1.507550e-01	-1.314783e-01	6.448438e-01	6.671154e-01	4.879274e-01	1.659991e+00
5.177323e-03	-1.507167e-01	-1.507551e-01	-1.314784e-01	6.448427e-01	6.671141e-01	4.879262e-01	1.658737e+00
5.175983e-03	-1.507168e-01	-1.507553e-01	-1.314786e-01	6.448416e-01	6.671127e-01	4.879250e-01	1.657484e+00
5.174644e-03	-1.507169e-01	-1.507554e-01	-1.314788e-01	6.448405e-01	6.671113e-01	4.879238e-01	1.656233e+00
5.173306e-03	-1.507170e-01	-1.507555e-01	-1.314790e-01	6.448395e-01	6.671100e-01	4.879226e-01	1.654986e+00
5.171968e-03	-1.507171e-01	-1.507556e-01	-1.314791e-01	6.448384e-01	6.671086e-01	4.879214e-01	1.653738e+00
5.170631e-03	-1.507172e-01	-1.507557e-01	-1.314793e-01	6.448373e-01	6.671073e-01	4.879202e-01	1.652495e+00
5.169294e-03	-1.507174e-01	-1.507558e-01	-1.314795e-01	6.448362e-01	6.671059e-01	4.879190e-01	1.651251e+00
5.167959e-03	-1.507175e-01	-1.507559e-01	-1.314797e-01	6.448351e-01	6.671046e-01	4.879178e-01	1.650010e+00
5.166624e-03	-1.507176e-01	-1.507560e-01	-1.314799e-01	6.448341e-01	6.671032e-01	4.879166e-01	1.648773e+00
5.165289e-03	-1.507177e-01	-1.507561e-01	-1.314800e-01	6.448330e-01	6.671018e-01	4.879154e-01	1.647536e+00
5.163956e-03	-1.507178e-01	-1.507562e-01	-1.314802e-01	6.448319e-01	6.671005e-01	4.879142e-01	1.646300e+00
5.162623e-03	-1.507179e-01	-1.507564e-01	-1.314804e-01	6.448308e-01	6.670991e-01	4.879130e-01	1.645069e+00
5.161290e-03	-1.507180e-01	-1.507565e-01	-1.314806e-01	6.448298e-01	6.670978e-01	4.879118e-01	1.643838e+00
5.159959e-03	-1.507181e-01	-1.507566e-01	-1.314807e-01	6.448287e-01	6.670964e-01	4.879106e-01	1.642610e+00
5.158628e-03	-1.507182e-01	-1.507567e-01	-1.314809e-01	6.448276e-01	6.670951e-01	4.879094e-01	1.641384e+00
5.157298e-03	-1.507183e-01	-1.507568e-01	-1.314811e-01	6.448266e-01	6.670937e-01	4.879082e-01	1.640159e+00
5.155968e-03	-1.507184e-01	-1.507569e-01	-1.314813e-01	6.448255e-01	6.670924e-01	4.879070e-01	1.638936e+00
5.154639e-03	-1.507186e-01	-1.507570e-01	-1.314815e-01	6.448244e-01	6.670910e-01	4.879058e-01	1.637717e+00
5.153311e-03	-1.507187e-01	-1.507571e-01	-1.314816e-01	6.448234e-01	6.670897e-01	4.879047e-01	1.636499e+00
5.151984e-03	-1.507188e-01	-1.507572e-01	-1.314818e-01	6.448223e-01	6.670884e-01	4.879035e-01	1.635281e+00
5.150657e-03	-1.507189e-01	-1.507573e-01	-1.314820e-01	6.448212e-01	6.670870e-01	4.879023e-01	1.634069e+00
5.149331e-03	-1.507190e-01	-1.507574e-01	-1.314822e-01	6.448202e-01	6.670857e-01	4.879011e-01	1.632855e+00
5.148005e-03	-1.507191e-01	-1.507576e-01	-1.314823e-01	6.448191e-01	6.670843e-01	4.878999e-01	1.631646e+00
5.146680e-03	-1.507192e-01	-1.507577e-01	-1.314825e-01	6.448181e-01	6.670830e-01	4.878987e-01	1.630437e+00
5.145356e-03	-1.507193e-01	-1.507578e-01	-1.314827e-01	6.448170e-01	6.670817e-01	4.878975e-01	1.629232e+00
5.144033e-03	-1.507194e-01	-1.507579e-01	-1.314829e-01	6.448159e-01	6.670803e-01	4.878963e-01	1.628027e+00
5.142710e-03	-1.507195e-01	-1.507580e-01	-1.314830e-01	6.448149e-01	6.670790e-01	4.878952e-01	1.626826e+00
5.141388e-03	-1.507196e-01	-1.507581e-01	-1.314832e-01	6.448138e-01	6.670776e-01	4.878940e-01	1.625627e+00
5.140067e-03	-1.507198e-01	-1.507582e-01	-1.314834e-01	6.448128e-01	6.670763e-01	4.878928e-01	1.624428e+00
5.138746e-03	-1.507199e-01	-1.507583e-01	-1.314835e-01	6.448117e-01	6.670750e-01	4.878916e-01	1.623233e+00
5.137426e-03	-1.507200e-01	-1.507584e-01	-1.314837e-01	6.448107e-01	6.670736e-01	4.878904e-01	1.622040e+00
5.136107e-03	-1.507201e-01	-1.507585e-01	-1.314839e-01	6.448096e-01	6.670723e-01	4.878893e-01	1.620846e+00
5.134788e-03	-1.507202e-01	-1.507586e-01	-1.314841e-01	6.448086e-01	6.670710e-01	4.878881e-01	1.619657e+00
5.133470e-03	-1.507203e-01	-1.507587e-01	-1.314842e-01	6.448075e-01	6.670696e-01	4.878869e-01	1.618470e+00
5.132153e-03	-1.507204e-01	-1.507589e-01	-1.314844e-01	6.448065e-01	6.670683e-01	4.878857e-01	1.617284e+00
5.130836e-03	-1.507205e-01	-1.507590e-01	-1.314846e-01	6.448054e-01	6.670670e-01	4.878845e-01	1.616100e+00
5.129520e-03	-1.507206e-01	-1.507591e-01	-1.314848e-01	6.448044e-01	6.670657e-01	4.878834e-01	1.614919e+00
5.128205e-03	-1.507207e-01	-1.507592e-01	-1.314849e-01	6.448033e-01	6.670643e-01	4.878822e-01	1.613740e+00
5.126891e-03	-1.507208e-01	-1.507593e-01	-1.314851e-01	6.448023e-01	6.670630e-01	4.878810e-01	1.612562e+00
5.125577e-03	-1.507209e-01	-1.507594e-01	-1.314853e-01	6.448013e-01	6.670617e-01	4.878798e-01	1.611387e+00
5.124263e-03	-1.507210e-01	-1.507595e-01	-1.314855e-01	6.448002e-01	6.670604e-01	4.878787e-01	1.610213e+00
5.122951e-03	-1.507211e-01	-1.507596e-01	-1.314856e-01	6.447992e-01	6.670590e-01	4.878775e-01	1.609042e+00
5.121639e-03	-1.507213e-01	-1.507597e-01	-1.314858e-01	6.447981e-01	6.670577e-01	4.878763e-01	1.607873e+00
5.120328e-03	-1.507214e-01	-1.507598e-01	-1.314860e-01	6.447971e-01	6.670564e-01	4.878751e-01	1.606705e+00
5.119017e-03	-1.507215e-01	-1.507599e-01	-1.314861e-01	6.447961e-01	6.670551e-01	4.878740e-01	1.605539e+00
5.117707e-03	-1.507216e-01	-1.507600e-01	-1.314863e-01	6.447950e-01	6.670538e-01	4.878728e-01	1.604376e+00
5.116398e-03	-1.507217e-01	-1.507601e-01	-1.314865e-01	6.447940e-01	6.670524e-01	4.878716e-01	1.603215e+00
5.115090e-03	-1.507218e-01	-1.507602e-01	-1.314867e-01	6.447930e-01	6.670511e-01	4.878705e-01	1.602055e+00
5.113782e-03	-1.507219e-01	-1.507604e-01	-1.314868e-01	6.447919e-01	6.670498e-01	4.878693e-01	1.600899e+00
5.112474e-03	-1.507220e-01	-1.507605e-01	-1.314870e-01	6.447909e-01	6.670485e-01	4.878681e-01	1.599742e+00
5.111168e-03	-1.507221e-01	-1.507606e-01	-1.314872e-01	6.447899e-01	6.670472e-01	4.878670e-01	1.598591e+00
5.109862e-03	-1.507222e-01	-1.507607e-01	-1.314873e-01	6.447888e-01	6.670459e-01	4.878658e-01	1.597438e+00
5.108557e-03	-1.507223e-01	-1.507608e-01	-1.314875e-01	6.447878e-01	6.670445e-01	4.878646e-01	1.596289e+00
5.107252e-03	-1.507224e-01	-1.507609e-01	-1.314877e-01	6.447868e-01	6.670432e-01	4.878635e-01	1.595143e+00
5.105948e-03	-1.507225e-01	-1.507610e-01	-1.314878e-01	6.447858e-01	6.670419e-01	4.878623e-01	1.593997e+00
5.104645e-03	-1.507226e-01	-1.507611e-01	-1.314880e-01	6.447847e-01	6.670406e-01	4.878611e-01	1.592854e+00
5.103343e-03	-1.507227e-01	-1.507612e-01	-1.314882e-01	6.447837e-01	6.670393e-01	4.878600e-01	1.591713e+00
5.102041e-03	-1.507229e-01	-1.507613e-01	-1.314884e-01	6.447827e-01	6.670380e-01	4.878588e-01	1.590574e+00
5.100740e-03	-1.507230e-01	-1.507614e-01	-1.314885e-01	6.447817e-01	6.670367e-01	4.878577e-01	1.589437e+00
5.099439e-03	-1.507231e-01	-1.507615e-01	-1.314887e-01	6.447806e-01	6.670354e-01	4.878565e-01	1.588303e+00
5.098139e-03	-1.507232e-01	-1.507616e-01	-1.314889e-01	6.447796e-01	6.670341e-01	4.878553e-01	1.587169e+00
5.096840e-03	-1.507233e-01	-1.507617e-01	-1.314890e-01	6.447786e-01	6.670328e-01	4.878542e-01	1.586038e+00
5.095541e-03	-1.507234e-01	-1.507618e-01	-1.314892e-01	6.447776e-01	6.670315e-01	4.878530e-01	1.584909e+00
5.094244e-03	-1.507235e-01	-1.507619e-01	-1.314894e-01	6.447766e-01	6.670302e-01	4.878519e-01	1.583782e+00
5.092946e-03	-1.507236e-01	-1.507621e-01	-1.314895e-01	6.447755e-01	6.670289e-01	4.878507e-01	1.582657e+00
5.091650e-03	-1.507237e-01	-1.507622e-01	-1.314897e-01	6.447745e-01	6.670276e-01	4.878496e-01	1.581535e+00
5.090354e-03	-1.507238e-01	-1.507623e-01	-1.314899e-01	6.447735e-01	6.670263e-01	4.878484e-01	1.580414e+00
5.089059e-03	-1.507239e-01	-1.507624e-01	-1.314900e-01	6.447725e-01	6.670250e-01	4.878473e-01	1.579294e+00
5.087764e-03	-1.507240e-01	-1.507625e-01	-1.314902e-01	6.447715e-01	6.670237e-01	4.878461e-01	1.578177e+00
5.086470e-03	-1.507241e-01	-1.507626e-01	-1.314904e-01	6.447705e-01	6.670224e-01	4.878450e-01	1.577063e+00
5.085177e-03	-1.507242e-01	-1.507627e-01	-1.314905e-01	6.447695e-01	6.670211e-01	4.878438e-01	1.575950e+00
5.083884e-03	-1.507243e-01	-1.507628e-01	-1.314907e-01	6.447685e-01	6.670198e-01	4.878426e-01	1.574839e+00
5.082592e-03	-1.507244e-01	-1.507629e-01	-1.314909e-01	6.447675e-01	6.670185e-01	4.878415e-01	1.573730e+00
5.081301e-03	-1.507245e-01	-1.507630e-01	-1.314910e-01	6.447664e-01	6.670172e-01	4.878403e-01	1.572623e+00
5.080010e-03	-1.507246e-01	-1.507631e-01	-1.314912e-01	6.447654e-01	6.670159e-01	4.878392e-01	1.571518e+00
5.078720e-03	-1.507248e-01	-1.507632e-01	-1.314914e-01	6.447644e-01	6.670146e-01	4.878381e-01	1.570416e+00
5.077431e-03	-1.507249e-01	-1.507633e-01	-1.314915e-01	6.447634e-01	6.670133e-01	4.878369e-01	1.569314e+00
5.076142e-03	-1.507250e-01	-1.507634e-01	-1.314917e-01	6.447624e-01	6.670121e-01	4.878358e-01	1.568213e+00
5.074854e-03	-1.507251e-01	-1.507635e-01	-1.314919e-01	6.447614e-01	6.670108e-01	4.878346e-01	1.567117e+00
5.073567e-03	-1.507252e-01	-1.507636e-01	-1.314920e-01	6.447604e-01	6.670095e-01	4.878335e-01	1.566021e+00
5.072280e-03	-1.507253e-01	-1.507637e-01	-1.314922e-01	6.447594e-01	6.670082e-01	4.878323e-01	1.564928e+00
5.070994e-03	-1.507254e-01	-1.507638e-01	-1.314924e-01	6.447584e-01	6.670069e-01	4.878312e-01	1.563836e+00
5.069708e-03	-1.507255e-01	-1.507639e-01	-1.314925e-01	6.447574e-01	6.670056e-01	4.878300e-01	1.562746e+00
5.068424e-03	-1.507256e-01	-1.507640e-01	-1.314927e-01	6.447564e-01	6.670043e-01	4.878289e-01	1.561658e+00
5.067140e-03	-1.507257e-01	-1.507642e-01	-1.314929e-01	6.447554e-01	6.670031e-01	4.878278e-01	1.560571e+00
5.065856e-03	-1.507258e-01	-1.507643e-01	-1.314930e-01	6.447544e-01	6.670018e-01	4.878266e-01	1.559488e+00
5.064573e-03	-1.507259e-01	-1.507644e-01	-1.314932e-01	6.447535e-01	6.670005e-01	4.878255e-01	1.558404e+00
5.063291e-03	-1.507260e-01	-1.507645e-01	-1.314933e-01	6.447525e-01	6.669992e-01	4.878243e-01	1.557322e+00
5.062010e-03	-1.507261e-01	-1.507646e-01	-1.314935e-01	6.447515e-01	6.669979e-01	4.878232e-01	1.556244e+00
5.060729e-03	-1.507262e-01	-1.507647e-01	-1.314937e-01	6.447505e-01	6.669967e-01	4.878221e-01	1.555165e+00
5.059449e-03	-1.507263e-01	-1.507648e-01	-1.314938e-01	6.447495e-01	6.669954e-01	4.878209e-01	1.554090e+00
5.058169e-03	-1.507264e-01	-1.507649e-01	-1.314940e-01	6.447485e-01	6.669941e-01	4.878198e-01	1.553015e+00
5.056890e-03	-1.507265e-01	-1.507650e-01	-1.314942e-01	6.447475e-01	6.669928e-01	4.878187e-01	1.551943e+00
5.055612e-03	-1.507266e-01	-1.507651e-01	-1.314943e-01	6.447465e-01	6.669916e-01	4.878175e-01	1.550870e+00
5.054334e-03	-1.507267e-01	-1.507652e-01	-1.314945e-01	6.447455e-01	6.669903e-01	4.878164e-01	1.549800e+00
5.053057e-03	-1.507268e-01	-1.507653e-01	-1.314947e-01	6.447446e-01	6.669890e-01	4.878153e-01	1.548732e+00
5.051781e-03	-1.507269e-01	-1.507654e-01	-1.314948e-01	6.447436e-01	6.669878e-01	4.878141e-01	1.547666e+00
5.050505e-03	-1.507270e-01	-1.507655e-01	-1.314950e-01	6.447426e-01	6.669865e-01	4.878130e-01	1.546599e+00
5.049230e-03	-1.507271e-01	-1.507656e-01	-1.314951e-01	6.447416e-01	6.669852e-01	4.878119e-01	1.545536e+00
5.047956e-03	-1.507272e-01	-1.507657e-01	-1.314953e-01	6.447406e-01	6.669839e-01	4.878107e-01	1.544472e+00
5.046682e-03	-1.507273e-01	-1.507658e-01	-1.314955e-01	6.447397e-01	6.669827e-01	4.878096e-01	1.543411e+00
5.045409e-03	-1.507274e-01	-1.507659e-01	-1.314956e-01	6.447387e-01	6.669814e-01	4.878085e-01	1.542351e+00
5.044136e-03	-1.507276e-01	-1.507660e-01	-1.314958e-01	6.447377e-01	6.669802e-01	4.878073e-01	1.541290e+00
5.042864e-03	-1.507277e-01	-1.507661e-01	-1.314959e-01	6.447367e-01	6.669789e-01	4.878062e-01	1.540233e+00
5.041593e-03	-1.507278e-01	-1.507662e-01	-1.314961e-01	6.447357e-01	6.669776e-01	4.878051e-01	1.539175e+00
5.040323e-03	-1.507279e-01	-1.507663e-01	-1.314963e-01	6.447348e-01	6.669764e-01	4.878040e-01	1.538119e+00
5.039053e-03	-1.507280e-01	-1.507664e-01	-1.314964e-01	6.447338e-01	6.669751e-01	4.878028e-01	1.537064e+00
5.037783e-03	-1.507281e-01	-1.507665e-01	-1.314966e-01	6.447328e-01	6.669738e-01	4.878017e-01	1.536010e+00
5.036515e-03	-1.507282e-01	-1.507666e-01	-1.314968e-01	6.447319e-01	6.669726e-01	4.878006e-01	1.534957e+00
5.035247e-03	-1.507283e-01	-1.507667e-01	-1.314969e-01	6.447309e-01	6.669713e-01	4.877995e-01	1.533904e+00
5.033979e-03	-1.507284e-01	-1.507668e-01	-1.314971e-01	6.447299e-01	6.669701e-01	4.877983e-01	1.532853e+00
5.032713e-03	-1.507285e-01	-1.507669e-01	-1.314972e-01	6.447290e-01	6.669688e-01	4.877972e-01	1.531802e+00
5.031447e-03	-1.507286e-01	-1.507670e-01	-1.314974e-01	6.447280e-01	6.669676e-01	4.877961e-01	1.530751e+00
5.030181e-03	-1.507287e-01	-1.507671e-01	-1.314976e-01	6.447270e-01	6.669663e-01	4.877950e-01	1.529702e+00
5.028916e-03	-1.507288e-01	-1.507672e-01	-1.314977e-01	6.447261e-01	6.669650e-01	4.877939e-01	1.528653e+00
5.027652e-03	-1.507289e-01	-1.507673e-01	-1.314979e-01	6.447251e-01	6.669638e-01	4.877928e-01	1.527606e+00
5.026389e-03	-1.507290e-01	-1.507674e-01	-1.314980e-01	6.447241e-01	6.669625e-01	4.877916e-01	1.526556e+00
5.025126e-03	-1.507291e-01	-1.507676e-01	-1.314982e-01	6.447232e-01	6.669613e-01	4.877905e-01	1.525510e+00
5.023863e-03	-1.507292e-01	-1.507677e-01	-1.314984e-01	6.447222e-01	6.669600e-01	4.877894e-01	1.524462e+00
5.022602e-03	-1.507293e-01	-1.507678e-01	-1.314985e-01	6.447212e-01	6.669588e-01	4.877883e-01	1.523416e+00
5.021341e-03	-1.507294e-01	-1.507679e-01	-1.314987e-01	6.447203e-01	6.669575e-01	4.877872e-01	1.522368e+00
5.020080e-03	-1.507295e-01	-1.507680e-01	-1.314988e-01	6.447193e-01	6.669563e-01	4.877861e-01	1.521323e+00
5.018821e-03	-1.507296e-01	-1.507681e-01	-1.314990e-01	6.447184e-01	6.669550e-01	4.877849e-01	1.520277e+00
5.017561e-03	-1.507297e-01	-1.507682e-01	-1.314991e-01	6.447174e-01	6.669538e-01	4.877838e-01	1.519230e+00
5.016303e-03	-1.507298e-01	-1.507683e-01	-1.314993e-01	6.447165e-01	6.669526e-01	4.877827e-01	1.518186e+00
5.015045e-03	-1.507299e-01	-1.507684e-01	-1.314995e-01	6.447155e-01	6.669513e-01	4.877816e-01	1.517139e+00
5.013788e-03	-1.507300e-01	-1.507685e-01	-1.314996e-01	6.447145e-01	6.669501e-01	4.877805e-01	1.516093e+00
5.012531e-03	-1.507301e-01	-1.507686e-01	-1.314998e-01	6.447136e-01	6.669488e-01	4.877794e-01	1.515048e+00
5.011275e-03	-1.507302e-01	-1.507687e-01	-1.314999e-01	6.447126e-01	6.669476e-01	4.877783e-01	1.514001e+00
5.010020e-03	-1.507303e-01	-1.507688e-01	-1.315001e-01	6.447117e-01	6.669463e-01	4.877772e-01	1.512957e+00
5.008765e-03	-1.507304e-01	-1.507689e-01	-1.315003e-01	6.447107e-01	6.669451e-01	4.877761e-01	1.511909e+00
5.007511e-03	-1.507305e-01	-1.507690e-01	-1.315004e-01	6.447098e-01	6.669439e-01	4.877750e-01	1.510864e+00
5.006258e-03	-1.507306e-01	-1.507691e-01	-1.315006e-01	6.447088e-01	6.669426e-01	4.877738e-01	1.509817e+00
5.005005e-03	-1.507307e-01	-1.507692e-01	-1.315007e-01	6.447079e-01	6.669414e-01	4.877727e-01	1.508771e+00
5.003753e-03	-1.507308e-01	-1.507693e-01	-1.315009e-01	6.447069e-01	6.669402e-01	4.877716e-01	1.507723e+00
5.002501e-03	-1.507309e-01	-1.507694e-01	-1.315010e-01	6.447060e-01	6.669389e-01	4.877705e-01	1.506676e+00
5.001250e-03	-1.507310e-01	-1.507695e-01	-1.315012e-01	6.447051e-01	6.669377e-01	4.877694e-01	1.505628e+00