# Finite Temperature Data for Kitaev Ladder
# chi_max = 150, h = 1.0000
# Columns: T | Sigmax | Sigmay | Sigmaz | S1 | S2 | Wp | Cv
# 
2.000000e+01	-8.907516e-02	-8.907585e-02	-8.888204e-02	8.803009e-05	8.742216e-05	-5.249746e-06	9.248492e-01
1.000000e+01	-1.249947e-01	-1.249970e-01	-1.245811e-01	3.590362e-04	3.552715e-04	-2.801171e-05	3.137240e+00
6.666667e+00	-1.555115e-01	-1.555162e-01	-1.548172e-01	8.986136e-04	8.859485e-04	-8.270077e-05	5.860913e+00
5.000000e+00	-1.812741e-01	-1.812819e-01	-1.802563e-01	1.725056e-03	1.694645e-03	-1.782940e-04	8.533632e+00
4.000000e+00	-2.030130e-01	-2.030244e-01	-2.016440e-01	2.807372e-03	2.748365e-03	-3.184434e-04	1.083974e+01
3.333333e+00	-2.214282e-01	-2.214433e-01	-2.196929e-01	4.087440e-03	3.988470e-03	-5.041118e-04	1.265831e+01
2.857143e+00	-2.371357e-01	-2.371545e-01	-2.350289e-01	5.498874e-03	5.349379e-03	-7.356771e-04	1.399059e+01
2.500000e+00	-2.506515e-01	-2.506738e-01	-2.481757e-01	6.978924e-03	6.770062e-03	-1.013627e-03	1.489952e+01
2.222222e+00	-2.623950e-01	-2.624207e-01	-2.595583e-01	8.474352e-03	8.199493e-03	-1.338365e-03	1.546986e+01
2.000000e+00	-2.727017e-01	-2.727304e-01	-2.695157e-01	9.943334e-03	9.598190e-03	-1.709743e-03	1.578587e+01
1.818182e+00	-2.818372e-01	-2.818687e-01	-2.783163e-01	1.135513e-02	1.093766e-02	-2.126709e-03	1.592107e+01
1.666667e+00	-2.900115e-01	-2.900454e-01	-2.861715e-01	1.268868e-02	1.219886e-02	-2.587168e-03	1.593489e+01
1.538462e+00	-2.973901e-01	-2.974261e-01	-2.932476e-01	1.393095e-02	1.337047e-02	-3.088024e-03	1.587292e+01
1.428571e+00	-3.041043e-01	-3.041422e-01	-2.996762e-01	1.507511e-02	1.444709e-02	-3.625351e-03	1.576874e+01
1.333333e+00	-3.102585e-01	-3.102979e-01	-3.055615e-01	1.611913e-02	1.542779e-02	-4.194612e-03	1.564614e+01
1.250000e+00	-3.159360e-01	-3.159769e-01	-3.109867e-01	1.706440e-02	1.631482e-02	-4.790884e-03	1.552133e+01
1.176471e+00	-3.212043e-01	-3.212463e-01	-3.160185e-01	1.791475e-02	1.711264e-02	-5.409068e-03	1.540479e+01
1.111111e+00	-3.261178e-01	-3.261607e-01	-3.207110e-01	1.867567e-02	1.782714e-02	-6.044057e-03	1.530281e+01
1.052632e+00	-3.307211e-01	-3.307648e-01	-3.251081e-01	1.935360e-02	1.846503e-02	-6.690875e-03	1.521869e+01
1.000000e+00	-3.350510e-01	-3.350954e-01	-3.292460e-01	1.995556e-02	1.903343e-02	-7.344773e-03	1.515363e+01
9.523810e-01	-3.391379e-01	-3.391829e-01	-3.331545e-01	2.048876e-02	1.953955e-02	-8.001303e-03	1.510743e+01
9.090909e-01	-3.430075e-01	-3.430528e-01	-3.368586e-01	2.096035e-02	1.999045e-02	-8.656358e-03	1.507897e+01
8.695652e-01	-3.466812e-01	-3.467268e-01	-3.403792e-01	2.137727e-02	2.039292e-02	-9.306204e-03	1.506659e+01
8.333333e-01	-3.501774e-01	-3.502232e-01	-3.437341e-01	2.174614e-02	2.075334e-02	-9.947481e-03	1.506831e+01
8.000000e-01	-3.535116e-01	-3.535576e-01	-3.469384e-01	2.207316e-02	2.107766e-02	-1.057721e-02	1.508204e+01
7.692308e-01	-3.566976e-01	-3.567436e-01	-3.500052e-01	2.236410e-02	2.137136e-02	-1.119278e-02	1.510572e+01
7.407407e-01	-3.597469e-01	-3.597929e-01	-3.529457e-01	2.262424e-02	2.163942e-02	-1.179193e-02	1.513734e+01
7.142857e-01	-3.626699e-01	-3.627158e-01	-3.557696e-01	2.285841e-02	2.188635e-02	-1.237273e-02	1.517505e+01
6.896552e-01	-3.654757e-01	-3.655214e-01	-3.584858e-01	2.307099e-02	2.211619e-02	-1.293355e-02	1.521715e+01
6.666667e-01	-3.681722e-01	-3.682177e-01	-3.611016e-01	2.326592e-02	2.233256e-02	-1.347308e-02	1.526213e+01
6.451613e-01	-3.707667e-01	-3.708119e-01	-3.636239e-01	2.344669e-02	2.253864e-02	-1.399023e-02	1.530866e+01
6.250000e-01	-3.732655e-01	-3.733104e-01	-3.660587e-01	2.361644e-02	2.273725e-02	-1.448418e-02	1.535560e+01
6.060606e-01	-3.756743e-01	-3.757190e-01	-3.684114e-01	2.377794e-02	2.293085e-02	-1.495432e-02	1.540196e+01
5.882353e-01	-3.779985e-01	-3.780428e-01	-3.706868e-01	2.393361e-02	2.312158e-02	-1.540021e-02	1.544692e+01
5.714286e-01	-3.802428e-01	-3.802867e-01	-3.728893e-01	2.408557e-02	2.331129e-02	-1.582163e-02	1.548981e+01
5.555556e-01	-3.824116e-01	-3.824550e-01	-3.750230e-01	2.423567e-02	2.350155e-02	-1.621846e-02	1.553008e+01
5.405405e-01	-3.845087e-01	-3.845518e-01	-3.770915e-01	2.438550e-02	2.369371e-02	-1.659076e-02	1.556732e+01
5.263158e-01	-3.865380e-01	-3.865806e-01	-3.790982e-01	2.453642e-02	2.388890e-02	-1.693868e-02	1.560118e+01
5.128205e-01	-3.885028e-01	-3.885449e-01	-3.810462e-01	2.468960e-02	2.408806e-02	-1.726248e-02	1.563145e+01
5.000000e-01	-3.904061e-01	-3.904478e-01	-3.829383e-01	2.484601e-02	2.429196e-02	-1.756251e-02	1.565797e+01
4.878049e-01	-3.922511e-01	-3.922922e-01	-3.847772e-01	2.500647e-02	2.450123e-02	-1.783918e-02	1.568064e+01
4.761905e-01	-3.940403e-01	-3.940809e-01	-3.865653e-01	2.517165e-02	2.471636e-02	-1.809300e-02	1.569944e+01
4.651163e-01	-3.957763e-01	-3.958164e-01	-3.883048e-01	2.534208e-02	2.493773e-02	-1.832448e-02	1.571437e+01
4.545455e-01	-3.974615e-01	-3.975010e-01	-3.899981e-01	2.551821e-02	2.516563e-02	-1.853421e-02	1.572550e+01
4.444444e-01	-3.990981e-01	-3.991371e-01	-3.916469e-01	2.570036e-02	2.540023e-02	-1.872281e-02	1.573290e+01
4.347826e-01	-4.006882e-01	-4.007267e-01	-3.932533e-01	2.588879e-02	2.564166e-02	-1.889091e-02	1.573669e+01
4.255319e-01	-4.022338e-01	-4.022717e-01	-3.948189e-01	2.608366e-02	2.588998e-02	-1.903917e-02	1.573699e+01
4.166667e-01	-4.037367e-01	-4.037741e-01	-3.963454e-01	2.628508e-02	2.614518e-02	-1.916826e-02	1.573396e+01
4.081633e-01	-4.051987e-01	-4.052355e-01	-3.978344e-01	2.649312e-02	2.640722e-02	-1.927886e-02	1.572775e+01
4.000000e-01	-4.066214e-01	-4.066577e-01	-3.992873e-01	2.670777e-02	2.667601e-02	-1.937166e-02	1.571851e+01
3.921569e-01	-4.080064e-01	-4.080421e-01	-4.007056e-01	2.692899e-02	2.695143e-02	-1.944734e-02	1.570644e+01
3.846154e-01	-4.093552e-01	-4.093903e-01	-4.020905e-01	2.715673e-02	2.723334e-02	-1.950657e-02	1.569168e+01
3.773585e-01	-4.106692e-01	-4.107037e-01	-4.034432e-01	2.739089e-02	2.752156e-02	-1.955004e-02	1.567443e+01
3.703704e-01	-4.119496e-01	-4.119836e-01	-4.047651e-01	2.763134e-02	2.781592e-02	-1.957840e-02	1.565484e+01
3.636364e-01	-4.131979e-01	-4.132313e-01	-4.060571e-01	2.787795e-02	2.811622e-02	-1.959231e-02	1.563309e+01
3.571429e-01	-4.144151e-01	-4.144480e-01	-4.073203e-01	2.813056e-02	2.842225e-02	-1.959241e-02	1.560935e+01
3.508772e-01	-4.156024e-01	-4.156347e-01	-4.085558e-01	2.838901e-02	2.873379e-02	-1.957932e-02	1.558376e+01
3.448276e-01	-4.167610e-01	-4.167927e-01	-4.097646e-01	2.865312e-02	2.905063e-02	-1.955366e-02	1.555650e+01
3.389831e-01	-4.178918e-01	-4.179230e-01	-4.109474e-01	2.892271e-02	2.937255e-02	-1.951603e-02	1.552771e+01
3.333333e-01	-4.189958e-01	-4.190264e-01	-4.121053e-01	2.919758e-02	2.969931e-02	-1.946699e-02	1.549753e+01
3.278689e-01	-4.200740e-01	-4.201040e-01	-4.132390e-01	2.947756e-02	3.003070e-02	-1.940711e-02	1.546610e+01
3.225806e-01	-4.211272e-01	-4.211567e-01	-4.143493e-01	2.976245e-02	3.036650e-02	-1.933693e-02	1.543355e+01
3.174603e-01	-4.221564e-01	-4.221854e-01	-4.154371e-01	3.005206e-02	3.070648e-02	-1.925698e-02	1.540001e+01
3.125000e-01	-4.231623e-01	-4.231907e-01	-4.165029e-01	3.034618e-02	3.105044e-02	-1.916776e-02	1.536560e+01
3.076923e-01	-4.241457e-01	-4.241736e-01	-4.175476e-01	3.064465e-02	3.139816e-02	-1.906977e-02	1.533042e+01
3.030303e-01	-4.251074e-01	-4.251348e-01	-4.185718e-01	3.094726e-02	3.174944e-02	-1.896347e-02	1.529459e+01
2.985075e-01	-4.260481e-01	-4.260749e-01	-4.195761e-01	3.125384e-02	3.210408e-02	-1.884932e-02	1.525820e+01
2.941176e-01	-4.269684e-01	-4.269948e-01	-4.205611e-01	3.156420e-02	3.246188e-02	-1.872775e-02	1.522134e+01
2.898551e-01	-4.278691e-01	-4.278949e-01	-4.215274e-01	3.187817e-02	3.282266e-02	-1.859920e-02	1.518410e+01
2.857143e-01	-4.287507e-01	-4.287760e-01	-4.224756e-01	3.219557e-02	3.318623e-02	-1.846405e-02	1.514656e+01
2.816901e-01	-4.296139e-01	-4.296386e-01	-4.234062e-01	3.251623e-02	3.355241e-02	-1.832269e-02	1.510879e+01
2.777778e-01	-4.304592e-01	-4.304834e-01	-4.243197e-01	3.284000e-02	3.392103e-02	-1.817550e-02	1.507087e+01
2.739726e-01	-4.312871e-01	-4.313109e-01	-4.252166e-01	3.316671e-02	3.429194e-02	-1.802283e-02	1.503286e+01
2.702703e-01	-4.320983e-01	-4.321215e-01	-4.260973e-01	3.349621e-02	3.466496e-02	-1.786503e-02	1.499482e+01
2.666667e-01	-4.328931e-01	-4.329158e-01	-4.269624e-01	3.382834e-02	3.503994e-02	-1.770242e-02	1.495680e+01
2.631579e-01	-4.336721e-01	-4.336944e-01	-4.278123e-01	3.416297e-02	3.541675e-02	-1.753530e-02	1.491885e+01
2.597403e-01	-4.344358e-01	-4.344576e-01	-4.286473e-01	3.449995e-02	3.579523e-02	-1.736399e-02	1.488101e+01
2.564103e-01	-4.351846e-01	-4.352059e-01	-4.294680e-01	3.483914e-02	3.617524e-02	-1.718877e-02	1.484333e+01
2.531646e-01	-4.359190e-01	-4.359398e-01	-4.302746e-01	3.518041e-02	3.655667e-02	-1.700990e-02	1.480584e+01
2.500000e-01	-4.366392e-01	-4.366596e-01	-4.310675e-01	3.552364e-02	3.693937e-02	-1.682766e-02	1.476857e+01
2.469136e-01	-4.373458e-01	-4.373657e-01	-4.318471e-01	3.586870e-02	3.732323e-02	-1.664229e-02	1.473155e+01
2.439024e-01	-4.380392e-01	-4.380586e-01	-4.326137e-01	3.621547e-02	3.770813e-02	-1.645404e-02	1.469481e+01
2.409639e-01	-4.387196e-01	-4.387385e-01	-4.333678e-01	3.656383e-02	3.809395e-02	-1.626312e-02	1.465837e+01
2.380952e-01	-4.393874e-01	-4.394059e-01	-4.341094e-01	3.691367e-02	3.848059e-02	-1.606976e-02	1.462224e+01
2.352941e-01	-4.400431e-01	-4.400611e-01	-4.348391e-01	3.726488e-02	3.886795e-02	-1.587416e-02	1.458645e+01
2.325581e-01	-4.406868e-01	-4.407044e-01	-4.355571e-01	3.761736e-02	3.925591e-02	-1.567653e-02	1.455100e+01
2.298851e-01	-4.413190e-01	-4.413361e-01	-4.362636e-01	3.797100e-02	3.964439e-02	-1.547705e-02	1.451590e+01
2.272727e-01	-4.419398e-01	-4.419565e-01	-4.369590e-01	3.832570e-02	4.003329e-02	-1.527590e-02	1.448116e+01
2.247191e-01	-4.425497e-01	-4.425660e-01	-4.376434e-01	3.868138e-02	4.042252e-02	-1.507326e-02	1.444678e+01
2.222222e-01	-4.431489e-01	-4.431647e-01	-4.383172e-01	3.903792e-02	4.081199e-02	-1.486930e-02	1.441277e+01
2.197802e-01	-4.437376e-01	-4.437530e-01	-4.389806e-01	3.939525e-02	4.120162e-02	-1.466416e-02	1.437912e+01
2.173913e-01	-4.443162e-01	-4.443312e-01	-4.396338e-01	3.975328e-02	4.159132e-02	-1.445800e-02	1.434584e+01
2.150538e-01	-4.448848e-01	-4.448994e-01	-4.402771e-01	4.011191e-02	4.198103e-02	-1.425096e-02	1.431292e+01
2.127660e-01	-4.454437e-01	-4.454579e-01	-4.409106e-01	4.047107e-02	4.237066e-02	-1.404317e-02	1.428036e+01
2.105263e-01	-4.459932e-01	-4.460070e-01	-4.415346e-01	4.083068e-02	4.276013e-02	-1.383478e-02	1.424814e+01
2.083333e-01	-4.465334e-01	-4.465468e-01	-4.421494e-01	4.119066e-02	4.314939e-02	-1.362589e-02	1.421626e+01
2.061856e-01	-4.470647e-01	-4.470776e-01	-4.427550e-01	4.155093e-02	4.353835e-02	-1.341663e-02	1.418471e+01
2.040816e-01	-4.475871e-01	-4.475996e-01	-4.433516e-01	4.191141e-02	4.392696e-02	-1.320711e-02	1.415348e+01
2.020202e-01	-4.481009e-01	-4.481131e-01	-4.439396e-01	4.227204e-02	4.431514e-02	-1.299744e-02	1.412255e+01
2.000000e-01	-4.486063e-01	-4.486181e-01	-4.445189e-01	4.263274e-02	4.470284e-02	-1.278771e-02	1.409191e+01
1.980198e-01	-4.491035e-01	-4.491149e-01	-4.450899e-01	4.299344e-02	4.508999e-02	-1.257804e-02	1.406155e+01
1.960784e-01	-4.495926e-01	-4.496037e-01	-4.456526e-01	4.335409e-02	4.547655e-02	-1.236850e-02	1.403146e+01
1.941748e-01	-4.500739e-01	-4.500846e-01	-4.462073e-01	4.371460e-02	4.586244e-02	-1.215918e-02	1.400161e+01
1.923077e-01	-4.505475e-01	-4.505578e-01	-4.467540e-01	4.407493e-02	4.624761e-02	-1.195018e-02	1.397199e+01
1.904762e-01	-4.510136e-01	-4.510235e-01	-4.472930e-01	4.443500e-02	4.663201e-02	-1.174156e-02	1.394258e+01
1.886792e-01	-4.514723e-01	-4.514818e-01	-4.478243e-01	4.479476e-02	4.701559e-02	-1.153341e-02	1.391336e+01
1.869159e-01	-4.519238e-01	-4.519329e-01	-4.483482e-01	4.515415e-02	4.739830e-02	-1.132580e-02	1.388432e+01
1.851852e-01	-4.523682e-01	-4.523770e-01	-4.488648e-01	4.551311e-02	4.778009e-02	-1.111879e-02	1.385543e+01
1.834862e-01	-4.528057e-01	-4.528142e-01	-4.493741e-01	4.587158e-02	4.816090e-02	-1.091244e-02	1.382669e+01
1.818182e-01	-4.532364e-01	-4.532445e-01	-4.498763e-01	4.622951e-02	4.854070e-02	-1.070684e-02	1.379806e+01
1.801802e-01	-4.536605e-01	-4.536683e-01	-4.503716e-01	4.658684e-02	4.891943e-02	-1.050201e-02	1.376952e+01
1.785714e-01	-4.540780e-01	-4.540855e-01	-4.508600e-01	4.694353e-02	4.929706e-02	-1.029804e-02	1.374107e+01
1.769912e-01	-4.544892e-01	-4.544963e-01	-4.513417e-01	4.729951e-02	4.967353e-02	-1.009496e-02	1.371267e+01
1.754386e-01	-4.548941e-01	-4.549009e-01	-4.518168e-01	4.765475e-02	5.004882e-02	-9.892831e-03	1.368432e+01
1.739130e-01	-4.552929e-01	-4.552993e-01	-4.522854e-01	4.800920e-02	5.042287e-02	-9.691695e-03	1.365598e+01
1.724138e-01	-4.556856e-01	-4.556917e-01	-4.527476e-01	4.836279e-02	5.079564e-02	-9.491598e-03	1.362764e+01
1.709402e-01	-4.560724e-01	-4.560782e-01	-4.532035e-01	4.871550e-02	5.116711e-02	-9.292582e-03	1.359927e+01
1.694915e-01	-4.564534e-01	-4.564589e-01	-4.536532e-01	4.906727e-02	5.153723e-02	-9.094688e-03	1.357087e+01
1.680672e-01	-4.568288e-01	-4.568340e-01	-4.540969e-01	4.941806e-02	5.190596e-02	-8.897952e-03	1.354241e+01
1.666667e-01	-4.571985e-01	-4.572034e-01	-4.545345e-01	4.976783e-02	5.227328e-02	-8.702411e-03	1.351387e+01
1.652893e-01	-4.575627e-01	-4.575673e-01	-4.549662e-01	5.011653e-02	5.263913e-02	-8.508098e-03	1.348523e+01
1.639344e-01	-4.579216e-01	-4.579258e-01	-4.553921e-01	5.046412e-02	5.300350e-02	-8.315044e-03	1.345648e+01
1.626016e-01	-4.582751e-01	-4.582791e-01	-4.558123e-01	5.081057e-02	5.336635e-02	-8.123279e-03	1.342759e+01
1.612903e-01	-4.586234e-01	-4.586271e-01	-4.562268e-01	5.115583e-02	5.372765e-02	-7.932831e-03	1.339854e+01
1.600000e-01	-4.589666e-01	-4.589700e-01	-4.566358e-01	5.149987e-02	5.408736e-02	-7.743726e-03	1.336933e+01
1.587302e-01	-4.593048e-01	-4.593079e-01	-4.570393e-01	5.184264e-02	5.444546e-02	-7.555989e-03	1.333993e+01
1.574803e-01	-4.596381e-01	-4.596409e-01	-4.574374e-01	5.218413e-02	5.480191e-02	-7.369642e-03	1.331032e+01
1.562500e-01	-4.599664e-01	-4.599689e-01	-4.578302e-01	5.252427e-02	5.515669e-02	-7.184706e-03	1.328050e+01
1.550388e-01	-4.602900e-01	-4.602923e-01	-4.582177e-01	5.286306e-02	5.550978e-02	-7.001201e-03	1.325044e+01
1.538462e-01	-4.606089e-01	-4.606109e-01	-4.586001e-01	5.320044e-02	5.586114e-02	-6.819146e-03	1.322013e+01
1.526718e-01	-4.609232e-01	-4.609248e-01	-4.589774e-01	5.353639e-02	5.621075e-02	-6.638558e-03	1.318955e+01
1.515152e-01	-4.612329e-01	-4.612343e-01	-4.593497e-01	5.387088e-02	5.655859e-02	-6.459452e-03	1.315869e+01
1.503759e-01	-4.615381e-01	-4.615393e-01	-4.597170e-01	5.420388e-02	5.690463e-02	-6.281843e-03	1.312754e+01
1.492537e-01	-4.618389e-01	-4.618398e-01	-4.600794e-01	5.453535e-02	5.724884e-02	-6.105744e-03	1.309608e+01
1.481481e-01	-4.621354e-01	-4.621360e-01	-4.604370e-01	5.486527e-02	5.759121e-02	-5.931167e-03	1.306430e+01
1.470588e-01	-4.624277e-01	-4.624280e-01	-4.607898e-01	5.519362e-02	5.793172e-02	-5.758123e-03	1.303218e+01
1.459854e-01	-4.627157e-01	-4.627158e-01	-4.611379e-01	5.552036e-02	5.827034e-02	-5.586622e-03	1.299973e+01
1.449275e-01	-4.629996e-01	-4.629994e-01	-4.614814e-01	5.584546e-02	5.860705e-02	-5.416673e-03	1.296692e+01
1.438849e-01	-4.632794e-01	-4.632790e-01	-4.618204e-01	5.616891e-02	5.894183e-02	-5.248283e-03	1.293374e+01
1.428571e-01	-4.635552e-01	-4.635546e-01	-4.621548e-01	5.649068e-02	5.927467e-02	-5.081460e-03	1.290019e+01
1.418440e-01	-4.638271e-01	-4.638262e-01	-4.624847e-01	5.681074e-02	5.960555e-02	-4.916209e-03	1.286626e+01
1.408451e-01	-4.640950e-01	-4.640939e-01	-4.628103e-01	5.712908e-02	5.993445e-02	-4.752535e-03	1.283193e+01
1.398601e-01	-4.643592e-01	-4.643578e-01	-4.631316e-01	5.744566e-02	6.026135e-02	-4.590444e-03	1.279721e+01
1.388889e-01	-4.646196e-01	-4.646179e-01	-4.634485e-01	5.776048e-02	6.058623e-02	-4.429938e-03	1.276207e+01
1.379310e-01	-4.648762e-01	-4.648744e-01	-4.637612e-01	5.807350e-02	6.090910e-02	-4.271019e-03	1.272652e+01
1.369863e-01	-4.651292e-01	-4.651271e-01	-4.640698e-01	5.838471e-02	6.122992e-02	-4.113691e-03	1.269055e+01
1.360544e-01	-4.653786e-01	-4.653763e-01	-4.643742e-01	5.869410e-02	6.154868e-02	-3.957953e-03	1.265415e+01
1.351351e-01	-4.656244e-01	-4.656219e-01	-4.646746e-01	5.900164e-02	6.186538e-02	-3.803806e-03	1.261732e+01
1.342282e-01	-4.658668e-01	-4.658640e-01	-4.649709e-01	5.930732e-02	6.218000e-02	-3.651251e-03	1.258006e+01
1.333333e-01	-4.661056e-01	-4.661027e-01	-4.652633e-01	5.961111e-02	6.249252e-02	-3.500286e-03	1.254235e+01
1.324503e-01	-4.663411e-01	-4.663379e-01	-4.655518e-01	5.991301e-02	6.280295e-02	-3.350910e-03	1.250420e+01
1.315789e-01	-4.665732e-01	-4.665698e-01	-4.658363e-01	6.021300e-02	6.311126e-02	-3.203121e-03	1.246560e+01
1.307190e-01	-4.668020e-01	-4.667984e-01	-4.661171e-01	6.051107e-02	6.341745e-02	-3.056916e-03	1.242655e+01
1.298701e-01	-4.670276e-01	-4.670238e-01	-4.663941e-01	6.080719e-02	6.372151e-02	-2.912292e-03	1.238704e+01
1.290323e-01	-4.672500e-01	-4.672459e-01	-4.666674e-01	6.110137e-02	6.402343e-02	-2.769245e-03	1.234709e+01
1.282051e-01	-4.674691e-01	-4.674649e-01	-4.669370e-01	6.139358e-02	6.432320e-02	-2.627771e-03	1.230668e+01
1.273885e-01	-4.676852e-01	-4.676808e-01	-4.672029e-01	6.168382e-02	6.462082e-02	-2.487866e-03	1.226581e+01
1.265823e-01	-4.678982e-01	-4.678935e-01	-4.674653e-01	6.197208e-02	6.491627e-02	-2.349524e-03	1.222449e+01
1.257862e-01	-4.681081e-01	-4.681033e-01	-4.677241e-01	6.225834e-02	6.520956e-02	-2.212740e-03	1.218272e+01
1.250000e-01	-4.683151e-01	-4.683101e-01	-4.679794e-01	6.254260e-02	6.550068e-02	-2.077508e-03	1.214049e+01
1.242236e-01	-4.685191e-01	-4.685139e-01	-4.682312e-01	6.282484e-02	6.578962e-02	-1.943821e-03	1.209782e+01
1.234568e-01	-4.687202e-01	-4.687148e-01	-4.684797e-01	6.310507e-02	6.607638e-02	-1.811673e-03	1.205469e+01
1.226994e-01	-4.689184e-01	-4.689128e-01	-4.687247e-01	6.338327e-02	6.636096e-02	-1.681056e-03	1.201111e+01
1.219512e-01	-4.691138e-01	-4.691081e-01	-4.689664e-01	6.365943e-02	6.664334e-02	-1.551963e-03	1.196709e+01
1.212121e-01	-4.693065e-01	-4.693005e-01	-4.692049e-01	6.393355e-02	6.692354e-02	-1.424387e-03	1.192263e+01
1.204819e-01	-4.694963e-01	-4.694902e-01	-4.694400e-01	6.420563e-02	6.720155e-02	-1.298318e-03	1.187773e+01
1.197605e-01	-4.696835e-01	-4.696772e-01	-4.696720e-01	6.447565e-02	6.747736e-02	-1.173749e-03	1.183240e+01
1.190476e-01	-4.698680e-01	-4.698615e-01	-4.699008e-01	6.474362e-02	6.775097e-02	-1.050670e-03	1.178663e+01
1.183432e-01	-4.700498e-01	-4.700431e-01	-4.701264e-01	6.500953e-02	6.802239e-02	-9.290739e-04	1.174044e+01
1.176471e-01	-4.702290e-01	-4.702222e-01	-4.703490e-01	6.527338e-02	6.829162e-02	-8.089498e-04	1.169383e+01
1.169591e-01	-4.704057e-01	-4.703987e-01	-4.705685e-01	6.553517e-02	6.855865e-02	-6.902886e-04	1.164680e+01
1.162791e-01	-4.705799e-01	-4.705727e-01	-4.707850e-01	6.579489e-02	6.882349e-02	-5.730807e-04	1.159937e+01
1.156069e-01	-4.707515e-01	-4.707442e-01	-4.709985e-01	6.605254e-02	6.908613e-02	-4.573161e-04	1.155153e+01
1.149425e-01	-4.709207e-01	-4.709132e-01	-4.712090e-01	6.630812e-02	6.934658e-02	-3.429845e-04	1.150329e+01
1.142857e-01	-4.710875e-01	-4.710798e-01	-4.714167e-01	6.656163e-02	6.960485e-02	-2.300756e-04	1.145466e+01
1.136364e-01	-4.712519e-01	-4.712440e-01	-4.716215e-01	6.681307e-02	6.986093e-02	-1.185788e-04	1.140565e+01
1.129944e-01	-4.714139e-01	-4.714059e-01	-4.718234e-01	6.706243e-02	7.011482e-02	-8.483335e-06	1.135626e+01
1.123596e-01	-4.715736e-01	-4.715654e-01	-4.720225e-01	6.730974e-02	7.036654e-02	1.002216e-04	1.130650e+01
1.117318e-01	-4.717310e-01	-4.717227e-01	-4.722189e-01	6.755497e-02	7.061608e-02	2.075472e-04	1.125637e+01
1.111111e-01	-4.718861e-01	-4.718776e-01	-4.724125e-01	6.779814e-02	7.086345e-02	3.135045e-04	1.120590e+01
1.104972e-01	-4.720390e-01	-4.720304e-01	-4.726034e-01	6.803924e-02	7.110866e-02	4.181050e-04	1.115507e+01
1.098901e-01	-4.721897e-01	-4.721809e-01	-4.727917e-01	6.827828e-02	7.135171e-02	5.213600e-04	1.110390e+01
1.092896e-01	-4.723382e-01	-4.723293e-01	-4.729773e-01	6.851527e-02	7.159259e-02	6.232812e-04	1.105240e+01
1.086957e-01	-4.724846e-01	-4.724755e-01	-4.731604e-01	6.875020e-02	7.183134e-02	7.238801e-04	1.100058e+01
1.081081e-01	-4.726288e-01	-4.726196e-01	-4.733409e-01	6.898308e-02	7.206793e-02	8.231686e-04	1.094845e+01
1.075269e-01	-4.727710e-01	-4.727617e-01	-4.735188e-01	6.921392e-02	7.230239e-02	9.211585e-04	1.089601e+01
1.069519e-01	-4.729111e-01	-4.729017e-01	-4.736942e-01	6.944271e-02	7.253472e-02	1.017862e-03	1.084327e+01
1.063830e-01	-4.730492e-01	-4.730396e-01	-4.738672e-01	6.966947e-02	7.276493e-02	1.113290e-03	1.079024e+01
1.058201e-01	-4.731853e-01	-4.731756e-01	-4.740377e-01	6.989420e-02	7.299302e-02	1.207456e-03	1.073693e+01
1.052632e-01	-4.733195e-01	-4.733096e-01	-4.742059e-01	7.011690e-02	7.321901e-02	1.300372e-03	1.068336e+01
1.047120e-01	-4.734516e-01	-4.734417e-01	-4.743716e-01	7.033758e-02	7.344289e-02	1.392049e-03	1.062952e+01
1.041667e-01	-4.735819e-01	-4.735718e-01	-4.745350e-01	7.055625e-02	7.366469e-02	1.482500e-03	1.057543e+01
1.036269e-01	-4.737103e-01	-4.737000e-01	-4.746961e-01	7.077292e-02	7.388440e-02	1.571737e-03	1.052109e+01
1.030928e-01	-4.738368e-01	-4.738264e-01	-4.748549e-01	7.098759e-02	7.410204e-02	1.659772e-03	1.046653e+01
1.025641e-01	-4.739615e-01	-4.739510e-01	-4.750115e-01	7.120026e-02	7.431761e-02	1.746618e-03	1.041174e+01
1.020408e-01	-4.740843e-01	-4.740737e-01	-4.751658e-01	7.141095e-02	7.453113e-02	1.832287e-03	1.035673e+01
1.015228e-01	-4.742054e-01	-4.741947e-01	-4.753179e-01	7.161967e-02	7.474261e-02	1.916791e-03	1.030152e+01
1.010101e-01	-4.743247e-01	-4.743139e-01	-4.754679e-01	7.182641e-02	7.495205e-02	2.000143e-03	1.024611e+01
1.005025e-01	-4.744423e-01	-4.744313e-01	-4.756157e-01	7.203120e-02	7.515946e-02	2.082354e-03	1.019052e+01
1.000000e-01	-4.745582e-01	-4.745471e-01	-4.757614e-01	7.223404e-02	7.536486e-02	2.163438e-03	1.013475e+01
9.950249e-02	-4.746724e-01	-4.746611e-01	-4.759050e-01	7.243493e-02	7.556826e-02	2.243406e-03	1.007881e+01
9.900990e-02	-4.747849e-01	-4.747735e-01	-4.760466e-01	7.263390e-02	7.576966e-02	2.322271e-03	1.002272e+01
9.852217e-02	-4.748957e-01	-4.748843e-01	-4.761861e-01	7.283094e-02	7.596907e-02	2.400045e-03	9.966476e+00
9.803922e-02	-4.750050e-01	-4.749934e-01	-4.763237e-01	7.302606e-02	7.616652e-02	2.476740e-03	9.910094e+00
9.756098e-02	-4.751126e-01	-4.751010e-01	-4.764592e-01	7.321929e-02	7.636201e-02	2.552368e-03	9.853581e+00
9.708738e-02	-4.752187e-01	-4.752069e-01	-4.765928e-01	7.341062e-02	7.655554e-02	2.626942e-03	9.796949e+00
9.661836e-02	-4.753232e-01	-4.753114e-01	-4.767245e-01	7.360006e-02	7.674714e-02	2.700474e-03	9.740205e+00
9.615385e-02	-4.754262e-01	-4.754143e-01	-4.768543e-01	7.378764e-02	7.693682e-02	2.772975e-03	9.683359e+00
9.569378e-02	-4.755277e-01	-4.755156e-01	-4.769822e-01	7.397335e-02	7.712457e-02	2.844458e-03	9.626420e+00
9.523810e-02	-4.756277e-01	-4.756155e-01	-4.771083e-01	7.415721e-02	7.731043e-02	2.914935e-03	9.569398e+00
9.478673e-02	-4.757262e-01	-4.757140e-01	-4.772325e-01	7.433923e-02	7.749440e-02	2.984418e-03	9.512301e+00
9.433962e-02	-4.758233e-01	-4.758110e-01	-4.773550e-01	7.451942e-02	7.767649e-02	3.052918e-03	9.455138e+00
9.389671e-02	-4.759190e-01	-4.759065e-01	-4.774756e-01	7.469779e-02	7.785672e-02	3.120447e-03	9.397919e+00
9.345794e-02	-4.760132e-01	-4.760007e-01	-4.775946e-01	7.487435e-02	7.803509e-02	3.187018e-03	9.340652e+00
9.302326e-02	-4.761061e-01	-4.760935e-01	-4.777118e-01	7.504912e-02	7.821162e-02	3.252642e-03	9.283345e+00
9.259259e-02	-4.761976e-01	-4.761849e-01	-4.778273e-01	7.522210e-02	7.838633e-02	3.317330e-03	9.226008e+00
9.216590e-02	-4.762878e-01	-4.762750e-01	-4.779411e-01	7.539332e-02	7.855922e-02	3.381094e-03	9.168648e+00
9.174312e-02	-4.763766e-01	-4.763637e-01	-4.780532e-01	7.556277e-02	7.873031e-02	3.443945e-03	9.111275e+00
9.132420e-02	-4.764642e-01	-4.764511e-01	-4.781637e-01	7.573047e-02	7.889961e-02	3.505896e-03	9.053896e+00
9.090909e-02	-4.765504e-01	-4.765373e-01	-4.782727e-01	7.589644e-02	7.906714e-02	3.566956e-03	8.996520e+00
9.049774e-02	-4.766354e-01	-4.766222e-01	-4.783800e-01	7.606068e-02	7.923290e-02	3.627139e-03	8.939155e+00
9.009009e-02	-4.767191e-01	-4.767058e-01	-4.784857e-01	7.622321e-02	7.939691e-02	3.686454e-03	8.881809e+00
8.968610e-02	-4.768016e-01	-4.767882e-01	-4.785900e-01	7.638404e-02	7.955919e-02	3.744912e-03	8.824490e+00
8.928571e-02	-4.768829e-01	-4.768694e-01	-4.786926e-01	7.654318e-02	7.971975e-02	3.802526e-03	8.767205e+00
8.888889e-02	-4.769629e-01	-4.769494e-01	-4.787938e-01	7.670065e-02	7.987859e-02	3.859305e-03	8.709963e+00
8.849558e-02	-4.770418e-01	-4.770282e-01	-4.788935e-01	7.685646e-02	8.003574e-02	3.915261e-03	8.652770e+00
8.810573e-02	-4.771196e-01	-4.771059e-01	-4.789918e-01	7.701061e-02	8.019120e-02	3.970404e-03	8.595634e+00
8.771930e-02	-4.771961e-01	-4.771824e-01	-4.790886e-01	7.716313e-02	8.034500e-02	4.024745e-03	8.538562e+00
8.733624e-02	-4.772716e-01	-4.772577e-01	-4.791840e-01	7.731402e-02	8.049714e-02	4.078294e-03	8.481562e+00
8.695652e-02	-4.773459e-01	-4.773320e-01	-4.792779e-01	7.746330e-02	8.064764e-02	4.131063e-03	8.424640e+00
8.658009e-02	-4.774192e-01	-4.774052e-01	-4.793706e-01	7.761098e-02	8.079651e-02	4.183061e-03	8.367804e+00
8.620690e-02	-4.774913e-01	-4.774773e-01	-4.794618e-01	7.775708e-02	8.094376e-02	4.234298e-03	8.311060e+00
8.583691e-02	-4.775624e-01	-4.775483e-01	-4.795517e-01	7.790160e-02	8.108941e-02	4.284786e-03	8.254415e+00
8.547009e-02	-4.776325e-01	-4.776183e-01	-4.796403e-01	7.804456e-02	8.123348e-02	4.334533e-03	8.197875e+00
8.510638e-02	-4.777015e-01	-4.776872e-01	-4.797276e-01	7.818597e-02	8.137596e-02	4.383550e-03	8.141446e+00
8.474576e-02	-4.777695e-01	-4.777551e-01	-4.798135e-01	7.832585e-02	8.151689e-02	4.431848e-03	8.085136e+00
8.438819e-02	-4.778365e-01	-4.778220e-01	-4.798983e-01	7.846420e-02	8.165627e-02	4.479435e-03	8.028949e+00
8.403361e-02	-4.779025e-01	-4.778879e-01	-4.799817e-01	7.860104e-02	8.179411e-02	4.526321e-03	7.972892e+00
8.368201e-02	-4.779675e-01	-4.779529e-01	-4.800640e-01	7.873639e-02	8.193044e-02	4.572516e-03	7.916972e+00
8.333333e-02	-4.780315e-01	-4.780169e-01	-4.801450e-01	7.887025e-02	8.206525e-02	4.618030e-03	7.861192e+00
8.298755e-02	-4.780946e-01	-4.780799e-01	-4.802248e-01	7.900265e-02	8.219857e-02	4.662872e-03	7.805560e+00
8.264463e-02	-4.781568e-01	-4.781420e-01	-4.803035e-01	7.913358e-02	8.233041e-02	4.707051e-03	7.750080e+00
8.230453e-02	-4.782181e-01	-4.782032e-01	-4.803810e-01	7.926307e-02	8.246078e-02	4.750577e-03	7.694758e+00
8.196721e-02	-4.782784e-01	-4.782635e-01	-4.804574e-01	7.939112e-02	8.258970e-02	4.793458e-03	7.639599e+00
8.163265e-02	-4.783379e-01	-4.783229e-01	-4.805326e-01	7.951776e-02	8.271718e-02	4.835704e-03	7.584608e+00
8.130081e-02	-4.783965e-01	-4.783814e-01	-4.806067e-01	7.964299e-02	8.284323e-02	4.877324e-03	7.529790e+00
8.097166e-02	-4.784542e-01	-4.784391e-01	-4.806797e-01	7.976682e-02	8.296787e-02	4.918326e-03	7.475150e+00
8.064516e-02	-4.785110e-01	-4.784959e-01	-4.807516e-01	7.988928e-02	8.309110e-02	4.958719e-03	7.420692e+00
8.032129e-02	-4.785670e-01	-4.785518e-01	-4.808225e-01	8.001036e-02	8.321295e-02	4.998512e-03	7.366421e+00
8.000000e-02	-4.786222e-01	-4.786070e-01	-4.808923e-01	8.013009e-02	8.333343e-02	5.037713e-03	7.312341e+00
7.968127e-02	-4.786766e-01	-4.786613e-01	-4.809611e-01	8.024847e-02	8.345254e-02	5.076331e-03	7.258457e+00
7.936508e-02	-4.787302e-01	-4.787148e-01	-4.810289e-01	8.036553e-02	8.357030e-02	5.114374e-03	7.204773e+00
7.905138e-02	-4.787829e-01	-4.787675e-01	-4.810956e-01	8.048126e-02	8.368673e-02	5.151850e-03	7.151292e+00
7.874016e-02	-4.788349e-01	-4.788194e-01	-4.811614e-01	8.059569e-02	8.380183e-02	5.188768e-03	7.098019e+00
7.843137e-02	-4.788862e-01	-4.788706e-01	-4.812262e-01	8.070882e-02	8.391563e-02	5.225135e-03	7.044957e+00
7.812500e-02	-4.789366e-01	-4.789210e-01	-4.812901e-01	8.082068e-02	8.402813e-02	5.260960e-03	6.992111e+00
7.782101e-02	-4.789864e-01	-4.789707e-01	-4.813530e-01	8.093126e-02	8.413934e-02	5.296249e-03	6.939483e+00
7.751938e-02	-4.790353e-01	-4.790196e-01	-4.814149e-01	8.104059e-02	8.424928e-02	5.331012e-03	6.887077e+00
7.722008e-02	-4.790836e-01	-4.790678e-01	-4.814760e-01	8.114867e-02	8.435796e-02	5.365255e-03	6.834896e+00
7.692308e-02	-4.791312e-01	-4.791153e-01	-4.815361e-01	8.125553e-02	8.446540e-02	5.398987e-03	6.782944e+00
7.662835e-02	-4.791780e-01	-4.791621e-01	-4.815954e-01	8.136116e-02	8.457160e-02	5.432214e-03	6.731224e+00
7.633588e-02	-4.792242e-01	-4.792083e-01	-4.816537e-01	8.146558e-02	8.467658e-02	5.464944e-03	6.679738e+00
7.604563e-02	-4.792696e-01	-4.792537e-01	-4.817112e-01	8.156881e-02	8.478035e-02	5.497185e-03	6.628489e+00
7.575758e-02	-4.793144e-01	-4.792984e-01	-4.817679e-01	8.167085e-02	8.488293e-02	5.528943e-03	6.577481e+00
7.547170e-02	-4.793586e-01	-4.793425e-01	-4.818237e-01	8.177172e-02	8.498432e-02	5.560225e-03	6.526715e+00
7.518797e-02	-4.794021e-01	-4.793860e-01	-4.818787e-01	8.187143e-02	8.508454e-02	5.591040e-03	6.476194e+00
7.490637e-02	-4.794449e-01	-4.794288e-01	-4.819328e-01	8.196999e-02	8.518359e-02	5.621392e-03	6.425922e+00
7.462687e-02	-4.794871e-01	-4.794709e-01	-4.819862e-01	8.206742e-02	8.528150e-02	5.651290e-03	6.375899e+00
7.434944e-02	-4.795287e-01	-4.795125e-01	-4.820388e-01	8.216371e-02	8.537827e-02	5.680740e-03	6.326129e+00
7.407407e-02	-4.795697e-01	-4.795534e-01	-4.820906e-01	8.225890e-02	8.547391e-02	5.709749e-03	6.276613e+00
7.380074e-02	-4.796101e-01	-4.795937e-01	-4.821416e-01	8.235298e-02	8.556845e-02	5.738323e-03	6.227353e+00
7.352941e-02	-4.796498e-01	-4.796335e-01	-4.821919e-01	8.244597e-02	8.566188e-02	5.766468e-03	6.178351e+00
7.326007e-02	-4.796890e-01	-4.796726e-01	-4.822414e-01	8.253788e-02	8.575422e-02	5.794192e-03	6.129610e+00
7.299270e-02	-4.797277e-01	-4.797112e-01	-4.822902e-01	8.262873e-02	8.584548e-02	5.821500e-03	6.081131e+00
7.272727e-02	-4.797657e-01	-4.797492e-01	-4.823383e-01	8.271851e-02	8.593567e-02	5.848398e-03	6.032914e+00
7.246377e-02	-4.798032e-01	-4.797867e-01	-4.823856e-01	8.280725e-02	8.602481e-02	5.874893e-03	5.984964e+00
7.220217e-02	-4.798401e-01	-4.798236e-01	-4.824323e-01	8.289495e-02	8.611290e-02	5.900991e-03	5.937279e+00
7.194245e-02	-4.798765e-01	-4.798599e-01	-4.824783e-01	8.298163e-02	8.619996e-02	5.926698e-03	5.889862e+00
7.168459e-02	-4.799124e-01	-4.798957e-01	-4.825235e-01	8.306730e-02	8.628600e-02	5.952019e-03	5.842715e+00
7.142857e-02	-4.799477e-01	-4.799310e-01	-4.825682e-01	8.315196e-02	8.637103e-02	5.976960e-03	5.795838e+00
7.117438e-02	-4.799825e-01	-4.799658e-01	-4.826121e-01	8.323563e-02	8.645505e-02	6.001528e-03	5.749232e+00
7.092199e-02	-4.800168e-01	-4.800000e-01	-4.826554e-01	8.331832e-02	8.653809e-02	6.025727e-03	5.702899e+00
7.067138e-02	-4.800506e-01	-4.800338e-01	-4.826981e-01	8.340004e-02	8.662015e-02	6.049563e-03	5.656840e+00
7.042254e-02	-4.800839e-01	-4.800671e-01	-4.827401e-01	8.348080e-02	8.670124e-02	6.073042e-03	5.611054e+00
7.017544e-02	-4.801167e-01	-4.800998e-01	-4.827815e-01	8.356060e-02	8.678137e-02	6.096169e-03	5.565544e+00
6.993007e-02	-4.801490e-01	-4.801321e-01	-4.828223e-01	8.363947e-02	8.686055e-02	6.118949e-03	5.520310e+00
6.968641e-02	-4.801809e-01	-4.801639e-01	-4.828625e-01	8.371741e-02	8.693880e-02	6.141388e-03	5.475353e+00
6.944444e-02	-4.802123e-01	-4.801953e-01	-4.829021e-01	8.379443e-02	8.701612e-02	6.163491e-03	5.430673e+00
6.920415e-02	-4.802432e-01	-4.802262e-01	-4.829411e-01	8.387053e-02	8.709252e-02	6.185263e-03	5.386270e+00
6.896552e-02	-4.802737e-01	-4.802566e-01	-4.829796e-01	8.394574e-02	8.716802e-02	6.206709e-03	5.342146e+00
6.872852e-02	-4.803037e-01	-4.802866e-01	-4.830174e-01	8.402006e-02	8.724262e-02	6.227833e-03	5.298300e+00
6.849315e-02	-4.803333e-01	-4.803162e-01	-4.830547e-01	8.409350e-02	8.731633e-02	6.248642e-03	5.254734e+00
6.825939e-02	-4.803624e-01	-4.803453e-01	-4.830915e-01	8.416607e-02	8.738917e-02	6.269138e-03	5.211446e+00
6.802721e-02	-4.803912e-01	-4.803740e-01	-4.831277e-01	8.423778e-02	8.746114e-02	6.289329e-03	5.168438e+00
6.779661e-02	-4.804195e-01	-4.804023e-01	-4.831634e-01	8.430863e-02	8.753225e-02	6.309217e-03	5.125709e+00
6.756757e-02	-4.804474e-01	-4.804302e-01	-4.831986e-01	8.437865e-02	8.760252e-02	6.328807e-03	5.083261e+00
6.734007e-02	-4.804749e-01	-4.804576e-01	-4.832332e-01	8.444783e-02	8.767195e-02	6.348105e-03	5.041091e+00
6.711409e-02	-4.805019e-01	-4.804847e-01	-4.832673e-01	8.451619e-02	8.774054e-02	6.367114e-03	4.999202e+00
6.688963e-02	-4.805286e-01	-4.805113e-01	-4.833010e-01	8.458374e-02	8.780832e-02	6.385840e-03	4.957592e+00
6.666667e-02	-4.805549e-01	-4.805376e-01	-4.833341e-01	8.465048e-02	8.787529e-02	6.404285e-03	4.916261e+00
6.644518e-02	-4.805809e-01	-4.805635e-01	-4.833667e-01	8.471642e-02	8.794146e-02	6.422455e-03	4.875210e+00
6.622517e-02	-4.806064e-01	-4.805890e-01	-4.833989e-01	8.478158e-02	8.800684e-02	6.440354e-03	4.834438e+00
6.600660e-02	-4.806316e-01	-4.806141e-01	-4.834306e-01	8.484596e-02	8.807144e-02	6.457986e-03	4.793945e+00
6.578947e-02	-4.806564e-01	-4.806389e-01	-4.834618e-01	8.490957e-02	8.813526e-02	6.475354e-03	4.753730e+00
6.557377e-02	-4.806808e-01	-4.806633e-01	-4.834926e-01	8.497242e-02	8.819831e-02	6.492464e-03	4.713793e+00
6.535948e-02	-4.807049e-01	-4.806874e-01	-4.835229e-01	8.503452e-02	8.826061e-02	6.509319e-03	4.674135e+00
6.514658e-02	-4.807286e-01	-4.807111e-01	-4.835528e-01	8.509588e-02	8.832216e-02	6.525922e-03	4.634753e+00
6.493506e-02	-4.807520e-01	-4.807345e-01	-4.835822e-01	8.515650e-02	8.838298e-02	6.542278e-03	4.595648e+00
6.472492e-02	-4.807751e-01	-4.807575e-01	-4.836112e-01	8.521640e-02	8.844306e-02	6.558391e-03	4.556819e+00
6.451613e-02	-4.807978e-01	-4.807802e-01	-4.836398e-01	8.527557e-02	8.850242e-02	6.574264e-03	4.518266e+00
6.430868e-02	-4.808202e-01	-4.808026e-01	-4.836680e-01	8.533404e-02	8.856106e-02	6.589901e-03	4.479988e+00
6.410256e-02	-4.808423e-01	-4.808246e-01	-4.836957e-01	8.539180e-02	8.861900e-02	6.605305e-03	4.441984e+00
6.389776e-02	-4.808640e-01	-4.808463e-01	-4.837230e-01	8.544887e-02	8.867625e-02	6.620480e-03	4.404254e+00
6.369427e-02	-4.808854e-01	-4.808677e-01	-4.837500e-01	8.550526e-02	8.873280e-02	6.635430e-03	4.366797e+00
6.349206e-02	-4.809066e-01	-4.808888e-01	-4.837765e-01	8.556097e-02	8.878867e-02	6.650158e-03	4.329612e+00
6.329114e-02	-4.809274e-01	-4.809096e-01	-4.838027e-01	8.561601e-02	8.884387e-02	6.664668e-03	4.292699e+00
6.309148e-02	-4.809479e-01	-4.809301e-01	-4.838284e-01	8.567038e-02	8.889840e-02	6.678962e-03	4.256056e+00
6.289308e-02	-4.809681e-01	-4.809503e-01	-4.838538e-01	8.572410e-02	8.895227e-02	6.693044e-03	4.219683e+00
6.269592e-02	-4.809880e-01	-4.809702e-01	-4.838789e-01	8.577717e-02	8.900550e-02	6.706918e-03	4.183578e+00
6.250000e-02	-4.810077e-01	-4.809898e-01	-4.839035e-01	8.582961e-02	8.905808e-02	6.720586e-03	4.147742e+00
6.230530e-02	-4.810270e-01	-4.810092e-01	-4.839278e-01	8.588141e-02	8.911002e-02	6.734052e-03	4.112173e+00
6.211180e-02	-4.810461e-01	-4.810282e-01	-4.839518e-01	8.593259e-02	8.916134e-02	6.747319e-03	4.076870e+00
6.191950e-02	-4.810649e-01	-4.810470e-01	-4.839754e-01	8.598315e-02	8.921204e-02	6.760389e-03	4.041832e+00
6.172840e-02	-4.810835e-01	-4.810655e-01	-4.839986e-01	8.603310e-02	8.926212e-02	6.773266e-03	4.007058e+00
6.153846e-02	-4.811017e-01	-4.810838e-01	-4.840216e-01	8.608244e-02	8.931160e-02	6.785953e-03	3.972547e+00
6.134969e-02	-4.811197e-01	-4.811018e-01	-4.840441e-01	8.613119e-02	8.936048e-02	6.798453e-03	3.938298e+00
6.116208e-02	-4.811375e-01	-4.811195e-01	-4.840664e-01	8.617935e-02	8.940877e-02	6.810769e-03	3.904310e+00
6.097561e-02	-4.811550e-01	-4.811370e-01	-4.840883e-01	8.622693e-02	8.945647e-02	6.822902e-03	3.870581e+00
6.079027e-02	-4.811722e-01	-4.811542e-01	-4.841099e-01	8.627394e-02	8.950359e-02	6.834857e-03	3.837112e+00
6.060606e-02	-4.811892e-01	-4.811711e-01	-4.841312e-01	8.632037e-02	8.955014e-02	6.846636e-03	3.803900e+00
6.042296e-02	-4.812059e-01	-4.811879e-01	-4.841522e-01	8.636624e-02	8.959613e-02	6.858242e-03	3.770944e+00
6.024096e-02	-4.812225e-01	-4.812044e-01	-4.841729e-01	8.641156e-02	8.964156e-02	6.869677e-03	3.738243e+00
6.006006e-02	-4.812387e-01	-4.812206e-01	-4.841933e-01	8.645633e-02	8.968644e-02	6.880943e-03	3.705797e+00
5.988024e-02	-4.812548e-01	-4.812366e-01	-4.842134e-01	8.650055e-02	8.973078e-02	6.892044e-03	3.673603e+00
5.970149e-02	-4.812706e-01	-4.812524e-01	-4.842332e-01	8.654424e-02	8.977457e-02	6.902983e-03	3.641661e+00
5.952381e-02	-4.812862e-01	-4.812680e-01	-4.842527e-01	8.658740e-02	8.981784e-02	6.913760e-03	3.609969e+00
5.934718e-02	-4.813015e-01	-4.812834e-01	-4.842719e-01	8.663004e-02	8.986058e-02	6.924380e-03	3.578527e+00
5.917160e-02	-4.813167e-01	-4.812985e-01	-4.842909e-01	8.667216e-02	8.990280e-02	6.934844e-03	3.547332e+00
5.899705e-02	-4.813316e-01	-4.813134e-01	-4.843096e-01	8.671377e-02	8.994451e-02	6.945155e-03	3.516383e+00
5.882353e-02	-4.813463e-01	-4.813281e-01	-4.843280e-01	8.675487e-02	8.998571e-02	6.955314e-03	3.485680e+00
5.865103e-02	-4.813608e-01	-4.813426e-01	-4.843461e-01	8.679548e-02	9.002640e-02	6.965326e-03	3.455221e+00
5.847953e-02	-4.813751e-01	-4.813569e-01	-4.843640e-01	8.683559e-02	9.006661e-02	6.975191e-03	3.425005e+00
5.830904e-02	-4.813892e-01	-4.813709e-01	-4.843816e-01	8.687522e-02	9.010632e-02	6.984911e-03	3.395029e+00
5.813953e-02	-4.814031e-01	-4.813848e-01	-4.843990e-01	8.691436e-02	9.014556e-02	6.994490e-03	3.365294e+00
5.797101e-02	-4.814168e-01	-4.813985e-01	-4.844161e-01	8.695303e-02	9.018431e-02	7.003929e-03	3.335797e+00
5.780347e-02	-4.814303e-01	-4.814120e-01	-4.844330e-01	8.699123e-02	9.022259e-02	7.013231e-03	3.306538e+00
5.763689e-02	-4.814436e-01	-4.814253e-01	-4.844497e-01	8.702896e-02	9.026041e-02	7.022397e-03	3.277514e+00
5.747126e-02	-4.814567e-01	-4.814384e-01	-4.844661e-01	8.706624e-02	9.029777e-02	7.031429e-03	3.248725e+00
5.730659e-02	-4.814697e-01	-4.814513e-01	-4.844822e-01	8.710306e-02	9.033467e-02	7.040331e-03	3.220170e+00
5.714286e-02	-4.814824e-01	-4.814641e-01	-4.844981e-01	8.713943e-02	9.037112e-02	7.049102e-03	3.191846e+00
5.698006e-02	-4.814950e-01	-4.814766e-01	-4.845138e-01	8.717536e-02	9.040713e-02	7.057747e-03	3.163752e+00
5.681818e-02	-4.815074e-01	-4.814890e-01	-4.845293e-01	8.721086e-02	9.044270e-02	7.066266e-03	3.135888e+00
5.665722e-02	-4.815196e-01	-4.815012e-01	-4.845446e-01	8.724592e-02	9.047783e-02	7.074661e-03	3.108251e+00
5.649718e-02	-4.815317e-01	-4.815133e-01	-4.845596e-01	8.728056e-02	9.051254e-02	7.082934e-03	3.080840e+00
5.633803e-02	-4.815436e-01	-4.815251e-01	-4.845744e-01	8.731477e-02	9.054682e-02	7.091088e-03	3.053654e+00
5.617978e-02	-4.815553e-01	-4.815368e-01	-4.845890e-01	8.734857e-02	9.058069e-02	7.099124e-03	3.026691e+00
5.602241e-02	-4.815668e-01	-4.815483e-01	-4.846034e-01	8.738195e-02	9.061414e-02	7.107043e-03	2.999951e+00
5.586592e-02	-4.815782e-01	-4.815597e-01	-4.846176e-01	8.741493e-02	9.064719e-02	7.114848e-03	2.973431e+00
5.571031e-02	-4.815894e-01	-4.815709e-01	-4.846316e-01	8.744751e-02	9.067983e-02	7.122540e-03	2.947130e+00
5.555556e-02	-4.816005e-01	-4.815820e-01	-4.846454e-01	8.747969e-02	9.071208e-02	7.130121e-03	2.921047e+00
5.540166e-02	-4.816114e-01	-4.815929e-01	-4.846590e-01	8.751148e-02	9.074393e-02	7.137593e-03	2.895180e+00
5.524862e-02	-4.816222e-01	-4.816036e-01	-4.846724e-01	8.754288e-02	9.077539e-02	7.144957e-03	2.869528e+00
5.509642e-02	-4.816328e-01	-4.816142e-01	-4.846856e-01	8.757390e-02	9.080647e-02	7.152215e-03	2.844090e+00
5.494505e-02	-4.816432e-01	-4.816247e-01	-4.846987e-01	8.760454e-02	9.083717e-02	7.159369e-03	2.818864e+00
5.479452e-02	-4.816535e-01	-4.816350e-01	-4.847115e-01	8.763480e-02	9.086749e-02	7.166419e-03	2.793848e+00
5.464481e-02	-4.816637e-01	-4.816451e-01	-4.847242e-01	8.766470e-02	9.089744e-02	7.173369e-03	2.769041e+00
5.449591e-02	-4.816737e-01	-4.816551e-01	-4.847366e-01	8.769423e-02	9.092703e-02	7.180218e-03	2.744443e+00
5.434783e-02	-4.816836e-01	-4.816650e-01	-4.847489e-01	8.772341e-02	9.095626e-02	7.186969e-03	2.720050e+00
5.420054e-02	-4.816934e-01	-4.816747e-01	-4.847611e-01	8.775222e-02	9.098513e-02	7.193624e-03	2.695863e+00
5.405405e-02	-4.817030e-01	-4.816843e-01	-4.847730e-01	8.778069e-02	9.101365e-02	7.200183e-03	2.671879e+00
5.390836e-02	-4.817124e-01	-4.816938e-01	-4.847848e-01	8.780881e-02	9.104182e-02	7.206648e-03	2.648097e+00
5.376344e-02	-4.817218e-01	-4.817031e-01	-4.847964e-01	8.783658e-02	9.106964e-02	7.213021e-03	2.624516e+00
5.361930e-02	-4.817310e-01	-4.817123e-01	-4.848079e-01	8.786402e-02	9.109713e-02	7.219302e-03	2.601134e+00
5.347594e-02	-4.817401e-01	-4.817214e-01	-4.848192e-01	8.789112e-02	9.112428e-02	7.225494e-03	2.577950e+00
5.333333e-02	-4.817491e-01	-4.817304e-01	-4.848303e-01	8.791789e-02	9.115110e-02	7.231597e-03	2.554962e+00
5.319149e-02	-4.817579e-01	-4.817392e-01	-4.848413e-01	8.794434e-02	9.117759e-02	7.237614e-03	2.532170e+00
5.305040e-02	-4.817666e-01	-4.817479e-01	-4.848521e-01	8.797046e-02	9.120376e-02	7.243544e-03	2.509571e+00
5.291005e-02	-4.817752e-01	-4.817565e-01	-4.848628e-01	8.799626e-02	9.122961e-02	7.249390e-03	2.487164e+00
5.277045e-02	-4.817837e-01	-4.817649e-01	-4.848733e-01	8.802175e-02	9.125514e-02	7.255153e-03	2.464948e+00
5.263158e-02	-4.817920e-01	-4.817733e-01	-4.848837e-01	8.804693e-02	9.128036e-02	7.260834e-03	2.442922e+00
5.249344e-02	-4.818003e-01	-4.817815e-01	-4.848939e-01	8.807180e-02	9.130527e-02	7.266434e-03	2.421083e+00
5.235602e-02	-4.818084e-01	-4.817896e-01	-4.849040e-01	8.809636e-02	9.132988e-02	7.271955e-03	2.399431e+00
5.221932e-02	-4.818164e-01	-4.817976e-01	-4.849139e-01	8.812063e-02	9.135419e-02	7.277397e-03	2.377965e+00
5.208333e-02	-4.818243e-01	-4.818055e-01	-4.849237e-01	8.814460e-02	9.137820e-02	7.282762e-03	2.356682e+00
5.194805e-02	-4.818321e-01	-4.818133e-01	-4.849334e-01	8.816828e-02	9.140191e-02	7.288051e-03	2.335582e+00
5.181347e-02	-4.818398e-01	-4.818210e-01	-4.849429e-01	8.819167e-02	9.142534e-02	7.293266e-03	2.314663e+00
5.167959e-02	-4.818473e-01	-4.818286e-01	-4.849523e-01	8.821477e-02	9.144848e-02	7.298406e-03	2.293924e+00
5.154639e-02	-4.818548e-01	-4.818360e-01	-4.849616e-01	8.823759e-02	9.147134e-02	7.303474e-03	2.273364e+00
5.141388e-02	-4.818622e-01	-4.818434e-01	-4.849707e-01	8.826013e-02	9.149392e-02	7.308470e-03	2.252980e+00
5.128205e-02	-4.818695e-01	-4.818506e-01	-4.849797e-01	8.828240e-02	9.151622e-02	7.313396e-03	2.232772e+00
5.115090e-02	-4.818766e-01	-4.818578e-01	-4.849886e-01	8.830439e-02	9.153825e-02	7.318252e-03	2.212739e+00
5.102041e-02	-4.818837e-01	-4.818649e-01	-4.849974e-01	8.832612e-02	9.156001e-02	7.323040e-03	2.192878e+00
5.089059e-02	-4.818907e-01	-4.818718e-01	-4.850060e-01	8.834758e-02	9.158151e-02	7.327760e-03	2.173189e+00
5.076142e-02	-4.818975e-01	-4.818787e-01	-4.850145e-01	8.836878e-02	9.160274e-02	7.332414e-03	2.153671e+00
5.063291e-02	-4.819043e-01	-4.818855e-01	-4.850229e-01	8.838972e-02	9.162371e-02	7.337003e-03	2.134322e+00
5.050505e-02	-4.819110e-01	-4.818921e-01	-4.850312e-01	8.841040e-02	9.164443e-02	7.341527e-03	2.115140e+00
5.037783e-02	-4.819176e-01	-4.818987e-01	-4.850394e-01	8.843084e-02	9.166489e-02	7.345987e-03	2.096125e+00
5.025126e-02	-4.819241e-01	-4.819052e-01	-4.850474e-01	8.845102e-02	9.168511e-02	7.350385e-03	2.077275e+00
5.012531e-02	-4.819305e-01	-4.819116e-01	-4.850554e-01	8.847096e-02	9.170507e-02	7.354721e-03	2.058589e+00
5.000000e-02	-4.819369e-01	-4.819180e-01	-4.850632e-01	8.849065e-02	9.172479e-02	7.358997e-03	2.040066e+00
4.987531e-02	-4.819431e-01	-4.819242e-01	-4.850709e-01	8.851010e-02	9.174428e-02	7.363212e-03	2.021703e+00
4.975124e-02	-4.819493e-01	-4.819304e-01	-4.850785e-01	8.852932e-02	9.176352e-02	7.367369e-03	2.003501e+00
4.962779e-02	-4.819553e-01	-4.819364e-01	-4.850860e-01	8.854830e-02	9.178253e-02	7.371468e-03	1.985458e+00
4.950495e-02	-4.819613e-01	-4.819424e-01	-4.850935e-01	8.856705e-02	9.180131e-02	7.375509e-03	1.967571e+00
4.938272e-02	-4.819672e-01	-4.819483e-01	-4.851008e-01	8.858557e-02	9.181985e-02	7.379494e-03	1.949842e+00
4.926108e-02	-4.819731e-01	-4.819541e-01	-4.851080e-01	8.860386e-02	9.183817e-02	7.383423e-03	1.932267e+00
4.914005e-02	-4.819788e-01	-4.819599e-01	-4.851151e-01	8.862193e-02	9.185627e-02	7.387298e-03	1.914845e+00
4.901961e-02	-4.819845e-01	-4.819655e-01	-4.851221e-01	8.863978e-02	9.187415e-02	7.391119e-03	1.897577e+00
4.889976e-02	-4.819901e-01	-4.819711e-01	-4.851290e-01	8.865741e-02	9.189180e-02	7.394886e-03	1.880459e+00
4.878049e-02	-4.819956e-01	-4.819766e-01	-4.851358e-01	8.867483e-02	9.190924e-02	7.398601e-03	1.863492e+00
4.866180e-02	-4.820011e-01	-4.819821e-01	-4.851425e-01	8.869203e-02	9.192647e-02	7.402265e-03	1.846673e+00
4.854369e-02	-4.820064e-01	-4.819874e-01	-4.851491e-01	8.870903e-02	9.194349e-02	7.405877e-03	1.830002e+00
4.842615e-02	-4.820117e-01	-4.819927e-01	-4.851557e-01	8.872581e-02	9.196030e-02	7.409440e-03	1.813477e+00
4.830918e-02	-4.820169e-01	-4.819980e-01	-4.851621e-01	8.874239e-02	9.197691e-02	7.412953e-03	1.797098e+00
4.819277e-02	-4.820221e-01	-4.820031e-01	-4.851685e-01	8.875877e-02	9.199331e-02	7.416417e-03	1.780863e+00
4.807692e-02	-4.820272e-01	-4.820082e-01	-4.851747e-01	8.877495e-02	9.200951e-02	7.419834e-03	1.764770e+00
4.796163e-02	-4.820322e-01	-4.820132e-01	-4.851809e-01	8.879094e-02	9.202551e-02	7.423203e-03	1.748819e+00
4.784689e-02	-4.820371e-01	-4.820181e-01	-4.851870e-01	8.880672e-02	9.204132e-02	7.426526e-03	1.733009e+00
4.773270e-02	-4.820420e-01	-4.820230e-01	-4.851930e-01	8.882232e-02	9.205694e-02	7.429803e-03	1.717338e+00
4.761905e-02	-4.820468e-01	-4.820278e-01	-4.851990e-01	8.883772e-02	9.207236e-02	7.433034e-03	1.701805e+00
4.750594e-02	-4.820516e-01	-4.820326e-01	-4.852048e-01	8.885294e-02	9.208760e-02	7.436221e-03	1.686409e+00
4.739336e-02	-4.820563e-01	-4.820372e-01	-4.852106e-01	8.886797e-02	9.210265e-02	7.439364e-03	1.671149e+00
4.728132e-02	-4.820609e-01	-4.820418e-01	-4.852163e-01	8.888282e-02	9.211752e-02	7.442464e-03	1.656024e+00
4.716981e-02	-4.820654e-01	-4.820464e-01	-4.852219e-01	8.889748e-02	9.213221e-02	7.445521e-03	1.641033e+00
4.705882e-02	-4.820699e-01	-4.820509e-01	-4.852274e-01	8.891197e-02	9.214671e-02	7.448537e-03	1.626174e+00
4.694836e-02	-4.820744e-01	-4.820553e-01	-4.852329e-01	8.892628e-02	9.216104e-02	7.451510e-03	1.611446e+00
4.683841e-02	-4.820788e-01	-4.820597e-01	-4.852383e-01	8.894042e-02	9.217520e-02	7.454443e-03	1.596849e+00
4.672897e-02	-4.820831e-01	-4.820640e-01	-4.852436e-01	8.895438e-02	9.218918e-02	7.457336e-03	1.582382e+00
4.662005e-02	-4.820873e-01	-4.820683e-01	-4.852489e-01	8.896817e-02	9.220299e-02	7.460189e-03	1.568042e+00
4.651163e-02	-4.820915e-01	-4.820725e-01	-4.852540e-01	8.898180e-02	9.221663e-02	7.463003e-03	1.553829e+00
4.640371e-02	-4.820957e-01	-4.820766e-01	-4.852591e-01	8.899526e-02	9.223011e-02	7.465778e-03	1.539743e+00
4.629630e-02	-4.820998e-01	-4.820807e-01	-4.852642e-01	8.900855e-02	9.224342e-02	7.468515e-03	1.525782e+00
4.618938e-02	-4.821038e-01	-4.820847e-01	-4.852691e-01	8.902169e-02	9.225657e-02	7.471215e-03	1.511944e+00
4.608295e-02	-4.821078e-01	-4.820887e-01	-4.852740e-01	8.903466e-02	9.226956e-02	7.473879e-03	1.498229e+00
4.597701e-02	-4.821117e-01	-4.820926e-01	-4.852788e-01	8.904748e-02	9.228239e-02	7.476505e-03	1.484636e+00
4.587156e-02	-4.821156e-01	-4.820965e-01	-4.852836e-01	8.906013e-02	9.229507e-02	7.479096e-03	1.471164e+00
4.576659e-02	-4.821194e-01	-4.821003e-01	-4.852883e-01	8.907264e-02	9.230759e-02	7.481652e-03	1.457812e+00
4.566210e-02	-4.821232e-01	-4.821041e-01	-4.852929e-01	8.908499e-02	9.231995e-02	7.484173e-03	1.444579e+00
4.555809e-02	-4.821269e-01	-4.821078e-01	-4.852975e-01	8.909719e-02	9.233217e-02	7.486659e-03	1.431463e+00
4.545455e-02	-4.821306e-01	-4.821115e-01	-4.853020e-01	8.910925e-02	9.234424e-02	7.489112e-03	1.418464e+00
4.535147e-02	-4.821342e-01	-4.821151e-01	-4.853065e-01	8.912115e-02	9.235616e-02	7.491531e-03	1.405581e+00
4.524887e-02	-4.821378e-01	-4.821187e-01	-4.853109e-01	8.913291e-02	9.236794e-02	7.493918e-03	1.392812e+00
4.514673e-02	-4.821413e-01	-4.821222e-01	-4.853152e-01	8.914453e-02	9.237957e-02	7.496272e-03	1.380158e+00
4.504505e-02	-4.821448e-01	-4.821257e-01	-4.853195e-01	8.915601e-02	9.239106e-02	7.498594e-03	1.367616e+00
4.494382e-02	-4.821483e-01	-4.821291e-01	-4.853237e-01	8.916734e-02	9.240241e-02	7.500885e-03	1.355186e+00
4.484305e-02	-4.821516e-01	-4.821325e-01	-4.853279e-01	8.917854e-02	9.241362e-02	7.503145e-03	1.342867e+00
4.474273e-02	-4.821550e-01	-4.821358e-01	-4.853320e-01	8.918960e-02	9.242470e-02	7.505374e-03	1.330657e+00
4.464286e-02	-4.821583e-01	-4.821391e-01	-4.853360e-01	8.920053e-02	9.243564e-02	7.507573e-03	1.318557e+00
4.454343e-02	-4.821615e-01	-4.821424e-01	-4.853400e-01	8.921133e-02	9.244644e-02	7.509742e-03	1.306565e+00
4.444444e-02	-4.821648e-01	-4.821456e-01	-4.853439e-01	8.922199e-02	9.245712e-02	7.511882e-03	1.294680e+00
4.434590e-02	-4.821679e-01	-4.821488e-01	-4.853478e-01	8.923252e-02	9.246766e-02	7.513993e-03	1.282901e+00
4.424779e-02	-4.821711e-01	-4.821519e-01	-4.853517e-01	8.924293e-02	9.247808e-02	7.516076e-03	1.271228e+00
4.415011e-02	-4.821741e-01	-4.821550e-01	-4.853554e-01	8.925321e-02	9.248837e-02	7.518130e-03	1.259659e+00
4.405286e-02	-4.821772e-01	-4.821580e-01	-4.853592e-01	8.926336e-02	9.249854e-02	7.520157e-03	1.248193e+00
4.395604e-02	-4.821802e-01	-4.821610e-01	-4.853629e-01	8.927339e-02	9.250858e-02	7.522157e-03	1.236830e+00
4.385965e-02	-4.821832e-01	-4.821640e-01	-4.853665e-01	8.928330e-02	9.251850e-02	7.524130e-03	1.225569e+00
4.376368e-02	-4.821861e-01	-4.821669e-01	-4.853701e-01	8.929309e-02	9.252830e-02	7.526076e-03	1.214408e+00
4.366812e-02	-4.821890e-01	-4.821698e-01	-4.853736e-01	8.930275e-02	9.253798e-02	7.527996e-03	1.203348e+00
4.357298e-02	-4.821918e-01	-4.821726e-01	-4.853771e-01	8.931230e-02	9.254754e-02	7.529890e-03	1.192386e+00
4.347826e-02	-4.821946e-01	-4.821754e-01	-4.853805e-01	8.932174e-02	9.255698e-02	7.531759e-03	1.181523e+00
4.338395e-02	-4.821974e-01	-4.821782e-01	-4.853839e-01	8.933106e-02	9.256631e-02	7.533603e-03	1.170757e+00
4.329004e-02	-4.822002e-01	-4.821809e-01	-4.853873e-01	8.934027e-02	9.257553e-02	7.535422e-03	1.160088e+00
4.319654e-02	-4.822029e-01	-4.821836e-01	-4.853906e-01	8.934936e-02	9.258464e-02	7.537217e-03	1.149514e+00
4.310345e-02	-4.822055e-01	-4.821863e-01	-4.853939e-01	8.935834e-02	9.259363e-02	7.538988e-03	1.139035e+00
4.301075e-02	-4.822082e-01	-4.821889e-01	-4.853971e-01	8.936722e-02	9.260251e-02	7.540735e-03	1.128650e+00
4.291845e-02	-4.822108e-01	-4.821915e-01	-4.854003e-01	8.937599e-02	9.261129e-02	7.542459e-03	1.118358e+00
4.282655e-02	-4.822133e-01	-4.821941e-01	-4.854034e-01	8.938465e-02	9.261996e-02	7.544159e-03	1.108159e+00
4.273504e-02	-4.822158e-01	-4.821966e-01	-4.854065e-01	8.939320e-02	9.262853e-02	7.545837e-03	1.098051e+00
4.264392e-02	-4.822183e-01	-4.821991e-01	-4.854095e-01	8.940165e-02	9.263699e-02	7.547493e-03	1.088034e+00
4.255319e-02	-4.822208e-01	-4.822016e-01	-4.854125e-01	8.941000e-02	9.264534e-02	7.549127e-03	1.078107e+00
4.246285e-02	-4.822232e-01	-4.822040e-01	-4.854155e-01	8.941825e-02	9.265360e-02	7.550739e-03	1.068270e+00
4.237288e-02	-4.822256e-01	-4.822064e-01	-4.854185e-01	8.942640e-02	9.266176e-02	7.552329e-03	1.058520e+00
4.228330e-02	-4.822280e-01	-4.822088e-01	-4.854213e-01	8.943445e-02	9.266981e-02	7.553898e-03	1.048859e+00
4.219409e-02	-4.822303e-01	-4.822111e-01	-4.854242e-01	8.944240e-02	9.267777e-02	7.555447e-03	1.039284e+00
4.210526e-02	-4.822326e-01	-4.822134e-01	-4.854270e-01	8.945025e-02	9.268563e-02	7.556975e-03	1.029795e+00
4.201681e-02	-4.822349e-01	-4.822157e-01	-4.854298e-01	8.945801e-02	9.269340e-02	7.558482e-03	1.020391e+00
4.192872e-02	-4.822372e-01	-4.822179e-01	-4.854325e-01	8.946567e-02	9.270107e-02	7.559970e-03	1.011073e+00
4.184100e-02	-4.822394e-01	-4.822201e-01	-4.854352e-01	8.947324e-02	9.270865e-02	7.561438e-03	1.001838e+00
4.175365e-02	-4.822416e-01	-4.822223e-01	-4.854379e-01	8.948072e-02	9.271614e-02	7.562886e-03	9.926856e-01
4.166667e-02	-4.822437e-01	-4.822245e-01	-4.854406e-01	8.948811e-02	9.272354e-02	7.564315e-03	9.836162e-01
4.158004e-02	-4.822459e-01	-4.822266e-01	-4.854432e-01	8.949541e-02	9.273084e-02	7.565726e-03	9.746283e-01
4.149378e-02	-4.822480e-01	-4.822287e-01	-4.854457e-01	8.950262e-02	9.273806e-02	7.567117e-03	9.657214e-01
4.140787e-02	-4.822500e-01	-4.822308e-01	-4.854483e-01	8.950975e-02	9.274519e-02	7.568490e-03	9.568947e-01
4.132231e-02	-4.822521e-01	-4.822328e-01	-4.854508e-01	8.951678e-02	9.275224e-02	7.569846e-03	9.481476e-01
4.123711e-02	-4.822541e-01	-4.822348e-01	-4.854532e-01	8.952373e-02	9.275919e-02	7.571183e-03	9.394792e-01
4.115226e-02	-4.822561e-01	-4.822368e-01	-4.854557e-01	8.953060e-02	9.276607e-02	7.572502e-03	9.308890e-01
4.106776e-02	-4.822581e-01	-4.822388e-01	-4.854581e-01	8.953739e-02	9.277286e-02	7.573805e-03	9.223762e-01
4.098361e-02	-4.822600e-01	-4.822408e-01	-4.854604e-01	8.954409e-02	9.277957e-02	7.575090e-03	9.139402e-01
4.089980e-02	-4.822619e-01	-4.822427e-01	-4.854628e-01	8.955071e-02	9.278620e-02	7.576358e-03	9.055801e-01
4.081633e-02	-4.822638e-01	-4.822446e-01	-4.854651e-01	8.955725e-02	9.279274e-02	7.577609e-03	8.972956e-01
4.073320e-02	-4.822657e-01	-4.822464e-01	-4.854674e-01	8.956371e-02	9.279921e-02	7.578844e-03	8.890856e-01
4.065041e-02	-4.822676e-01	-4.822483e-01	-4.854696e-01	8.957009e-02	9.280560e-02	7.580063e-03	8.809498e-01
4.056795e-02	-4.822694e-01	-4.822501e-01	-4.854718e-01	8.957640e-02	9.281191e-02	7.581266e-03	8.728874e-01
4.048583e-02	-4.822712e-01	-4.822519e-01	-4.854740e-01	8.958263e-02	9.281814e-02	7.582452e-03	8.648978e-01
4.040404e-02	-4.822729e-01	-4.822537e-01	-4.854762e-01	8.958878e-02	9.282430e-02	7.583624e-03	8.569803e-01
4.032258e-02	-4.822747e-01	-4.822554e-01	-4.854783e-01	8.959486e-02	9.283039e-02	7.584780e-03	8.491342e-01
4.024145e-02	-4.822764e-01	-4.822571e-01	-4.854804e-01	8.960086e-02	9.283640e-02	7.585921e-03	8.413591e-01
4.016064e-02	-4.822781e-01	-4.822588e-01	-4.854825e-01	8.960680e-02	9.284234e-02	7.587047e-03	8.336540e-01
4.008016e-02	-4.822798e-01	-4.822605e-01	-4.854845e-01	8.961266e-02	9.284821e-02	7.588158e-03	8.260186e-01
4.000000e-02	-4.822815e-01	-4.822622e-01	-4.854866e-01	8.961845e-02	9.285400e-02	7.589254e-03	8.184522e-01
3.992016e-02	-4.822831e-01	-4.822638e-01	-4.854886e-01	8.962417e-02	9.285973e-02	7.590337e-03	8.109541e-01
3.984064e-02	-4.822847e-01	-4.822654e-01	-4.854905e-01	8.962982e-02	9.286538e-02	7.591405e-03	8.035238e-01
3.976143e-02	-4.822863e-01	-4.822670e-01	-4.854925e-01	8.963540e-02	9.287097e-02	7.592459e-03	7.961606e-01
3.968254e-02	-4.822879e-01	-4.822686e-01	-4.854944e-01	8.964091e-02	9.287649e-02	7.593499e-03	7.888640e-01
3.960396e-02	-4.822895e-01	-4.822702e-01	-4.854963e-01	8.964636e-02	9.288194e-02	7.594526e-03	7.816333e-01
3.952569e-02	-4.822910e-01	-4.822717e-01	-4.854982e-01	8.965174e-02	9.288733e-02	7.595539e-03	7.744680e-01
3.944773e-02	-4.822925e-01	-4.822732e-01	-4.855000e-01	8.965706e-02	9.289265e-02	7.596540e-03	7.673676e-01
3.937008e-02	-4.822940e-01	-4.822747e-01	-4.855018e-01	8.966231e-02	9.289791e-02	7.597527e-03	7.603313e-01
3.929273e-02	-4.822955e-01	-4.822762e-01	-4.855036e-01	8.966750e-02	9.290310e-02	7.598501e-03	7.533586e-01
3.921569e-02	-4.822970e-01	-4.822777e-01	-4.855054e-01	8.967263e-02	9.290823e-02	7.599463e-03	7.464491e-01
3.913894e-02	-4.822984e-01	-4.822791e-01	-4.855072e-01	8.967769e-02	9.291330e-02	7.600412e-03	7.396020e-01
3.906250e-02	-4.822998e-01	-4.822805e-01	-4.855089e-01	8.968270e-02	9.291831e-02	7.601349e-03	7.328169e-01
3.898635e-02	-4.823012e-01	-4.822819e-01	-4.855106e-01	8.968764e-02	9.292326e-02	7.602274e-03	7.260932e-01
3.891051e-02	-4.823026e-01	-4.822833e-01	-4.855123e-01	8.969252e-02	9.292815e-02	7.603186e-03	7.194304e-01
3.883495e-02	-4.823040e-01	-4.822847e-01	-4.855139e-01	8.969734e-02	9.293297e-02	7.604087e-03	7.128279e-01
3.875969e-02	-4.823054e-01	-4.822860e-01	-4.855156e-01	8.970211e-02	9.293774e-02	7.604976e-03	7.062852e-01
3.868472e-02	-4.823067e-01	-4.822874e-01	-4.855172e-01	8.970682e-02	9.294246e-02	7.605854e-03	6.998017e-01
3.861004e-02	-4.823080e-01	-4.822887e-01	-4.855188e-01	8.971147e-02	9.294711e-02	7.606720e-03	6.933769e-01
3.853565e-02	-4.823093e-01	-4.822900e-01	-4.855204e-01	8.971606e-02	9.295171e-02	7.607575e-03	6.870104e-01
3.846154e-02	-4.823106e-01	-4.822912e-01	-4.855219e-01	8.972060e-02	9.295625e-02	7.608419e-03	6.807014e-01
3.838772e-02	-4.823119e-01	-4.822925e-01	-4.855235e-01	8.972509e-02	9.296074e-02	7.609252e-03	6.744497e-01
3.831418e-02	-4.823131e-01	-4.822938e-01	-4.855250e-01	8.972952e-02	9.296518e-02	7.610074e-03	6.682546e-01
3.824092e-02	-4.823143e-01	-4.822950e-01	-4.855265e-01	8.973390e-02	9.296956e-02	7.610886e-03	6.621157e-01
3.816794e-02	-4.823156e-01	-4.822962e-01	-4.855280e-01	8.973822e-02	9.297389e-02	7.611687e-03	6.560323e-01
3.809524e-02	-4.823168e-01	-4.822974e-01	-4.855294e-01	8.974249e-02	9.297816e-02	7.612478e-03	6.500041e-01
3.802281e-02	-4.823179e-01	-4.822986e-01	-4.855309e-01	8.974671e-02	9.298239e-02	7.613259e-03	6.440306e-01
3.795066e-02	-4.823191e-01	-4.822998e-01	-4.855323e-01	8.975088e-02	9.298656e-02	7.614029e-03	6.381112e-01
3.787879e-02	-4.823203e-01	-4.823009e-01	-4.855337e-01	8.975500e-02	9.299068e-02	7.614790e-03	6.322455e-01
3.780718e-02	-4.823214e-01	-4.823021e-01	-4.855351e-01	8.975907e-02	9.299476e-02	7.615541e-03	6.264331e-01
3.773585e-02	-4.823225e-01	-4.823032e-01	-4.855364e-01	8.976309e-02	9.299878e-02	7.616282e-03	6.206732e-01
3.766478e-02	-4.823237e-01	-4.823043e-01	-4.855378e-01	8.976706e-02	9.300276e-02	7.617014e-03	6.149657e-01
3.759398e-02	-4.823248e-01	-4.823054e-01	-4.855391e-01	8.977099e-02	9.300668e-02	7.617736e-03	6.093100e-01
3.752345e-02	-4.823258e-01	-4.823065e-01	-4.855404e-01	8.977487e-02	9.301056e-02	7.618449e-03	6.037056e-01
3.745318e-02	-4.823269e-01	-4.823076e-01	-4.855417e-01	8.977870e-02	9.301440e-02	7.619153e-03	5.981520e-01
3.738318e-02	-4.823280e-01	-4.823086e-01	-4.855430e-01	8.978248e-02	9.301818e-02	7.619847e-03	5.926488e-01
3.731343e-02	-4.823290e-01	-4.823097e-01	-4.855443e-01	8.978622e-02	9.302193e-02	7.620533e-03	5.871956e-01
3.724395e-02	-4.823301e-01	-4.823107e-01	-4.855455e-01	8.978991e-02	9.302562e-02	7.621210e-03	5.817919e-01
3.717472e-02	-4.823311e-01	-4.823117e-01	-4.855468e-01	8.979356e-02	9.302927e-02	7.621879e-03	5.764372e-01
3.710575e-02	-4.823321e-01	-4.823127e-01	-4.855480e-01	8.979716e-02	9.303288e-02	7.622539e-03	5.711312e-01
3.703704e-02	-4.823331e-01	-4.823137e-01	-4.855492e-01	8.980073e-02	9.303645e-02	7.623190e-03	5.658734e-01
3.696858e-02	-4.823341e-01	-4.823147e-01	-4.855504e-01	8.980424e-02	9.303997e-02	7.623833e-03	5.606632e-01
3.690037e-02	-4.823350e-01	-4.823157e-01	-4.855516e-01	8.980772e-02	9.304345e-02	7.624468e-03	5.555005e-01
3.683241e-02	-4.823360e-01	-4.823166e-01	-4.855527e-01	8.981115e-02	9.304688e-02	7.625094e-03	5.503846e-01
3.676471e-02	-4.823369e-01	-4.823176e-01	-4.855539e-01	8.981455e-02	9.305028e-02	7.625713e-03	5.453152e-01
3.669725e-02	-4.823378e-01	-4.823185e-01	-4.855550e-01	8.981790e-02	9.305363e-02	7.626324e-03	5.402918e-01
3.663004e-02	-4.823388e-01	-4.823194e-01	-4.855561e-01	8.982121e-02	9.305695e-02	7.626927e-03	5.353142e-01
3.656307e-02	-4.823397e-01	-4.823203e-01	-4.855572e-01	8.982448e-02	9.306022e-02	7.627522e-03	5.303818e-01
3.649635e-02	-4.823406e-01	-4.823212e-01	-4.855583e-01	8.982772e-02	9.306346e-02	7.628110e-03	5.254942e-01
3.642987e-02	-4.823415e-01	-4.823221e-01	-4.855594e-01	8.983091e-02	9.306665e-02	7.628690e-03	5.206510e-01
3.636364e-02	-4.823423e-01	-4.823230e-01	-4.855604e-01	8.983406e-02	9.306981e-02	7.629263e-03	5.158519e-01
3.629764e-02	-4.823432e-01	-4.823238e-01	-4.855615e-01	8.983718e-02	9.307293e-02	7.629828e-03	5.110964e-01
3.623188e-02	-4.823440e-01	-4.823247e-01	-4.855625e-01	8.984026e-02	9.307601e-02	7.630387e-03	5.063841e-01
3.616637e-02	-4.823449e-01	-4.823255e-01	-4.855635e-01	8.984330e-02	9.307906e-02	7.630938e-03	5.017148e-01
3.610108e-02	-4.823457e-01	-4.823263e-01	-4.855645e-01	8.984631e-02	9.308207e-02	7.631482e-03	4.970879e-01
3.603604e-02	-4.823465e-01	-4.823272e-01	-4.855655e-01	8.984928e-02	9.308504e-02	7.632019e-03	4.925030e-01
3.597122e-02	-4.823473e-01	-4.823280e-01	-4.855665e-01	8.985221e-02	9.308798e-02	7.632550e-03	4.879599e-01
3.590664e-02	-4.823481e-01	-4.823288e-01	-4.855674e-01	8.985511e-02	9.309088e-02	7.633074e-03	4.834581e-01
3.584229e-02	-4.823489e-01	-4.823296e-01	-4.855684e-01	8.985798e-02	9.309374e-02	7.633591e-03	4.789973e-01
3.577818e-02	-4.823497e-01	-4.823303e-01	-4.855693e-01	8.986081e-02	9.309657e-02	7.634101e-03	4.745771e-01
3.571429e-02	-4.823505e-01	-4.823311e-01	-4.855703e-01	8.986360e-02	9.309937e-02	7.634605e-03	4.701972e-01
3.565062e-02	-4.823512e-01	-4.823319e-01	-4.855712e-01	8.986636e-02	9.310214e-02	7.635103e-03	4.658570e-01
3.558719e-02	-4.823520e-01	-4.823326e-01	-4.855721e-01	8.986909e-02	9.310487e-02	7.635594e-03	4.615565e-01
3.552398e-02	-4.823527e-01	-4.823334e-01	-4.855730e-01	8.987179e-02	9.310757e-02	7.636079e-03	4.572951e-01
3.546099e-02	-4.823535e-01	-4.823341e-01	-4.855739e-01	8.987445e-02	9.311023e-02	7.636558e-03	4.530725e-01
3.539823e-02	-4.823542e-01	-4.823348e-01	-4.855748e-01	8.987708e-02	9.311287e-02	7.637031e-03	4.488883e-01
3.533569e-02	-4.823549e-01	-4.823355e-01	-4.855756e-01	8.987968e-02	9.311547e-02	7.637498e-03	4.447423e-01
3.527337e-02	-4.823556e-01	-4.823362e-01	-4.855765e-01	8.988225e-02	9.311804e-02	7.637959e-03	4.406340e-01
3.521127e-02	-4.823563e-01	-4.823369e-01	-4.855773e-01	8.988479e-02	9.312058e-02	7.638414e-03	4.365633e-01
3.514938e-02	-4.823570e-01	-4.823376e-01	-4.855781e-01	8.988730e-02	9.312309e-02	7.638864e-03	4.325295e-01
3.508772e-02	-4.823577e-01	-4.823383e-01	-4.855790e-01	8.988978e-02	9.312557e-02	7.639307e-03	4.285325e-01
3.502627e-02	-4.823583e-01	-4.823389e-01	-4.855798e-01	8.989222e-02	9.312802e-02	7.639746e-03	4.245720e-01
3.496503e-02	-4.823590e-01	-4.823396e-01	-4.855806e-01	8.989464e-02	9.313044e-02	7.640178e-03	4.206476e-01
3.490401e-02	-4.823597e-01	-4.823403e-01	-4.855813e-01	8.989703e-02	9.313283e-02	7.640605e-03	4.167589e-01
3.484321e-02	-4.823603e-01	-4.823409e-01	-4.855821e-01	8.989939e-02	9.313519e-02	7.641027e-03	4.129056e-01
3.478261e-02	-4.823609e-01	-4.823415e-01	-4.855829e-01	8.990172e-02	9.313752e-02	7.641444e-03	4.090876e-01
3.472222e-02	-4.823616e-01	-4.823422e-01	-4.855837e-01	8.990403e-02	9.313983e-02	7.641855e-03	4.053043e-01
3.466205e-02	-4.823622e-01	-4.823428e-01	-4.855844e-01	8.990630e-02	9.314211e-02	7.642261e-03	4.015556e-01
3.460208e-02	-4.823628e-01	-4.823434e-01	-4.855851e-01	8.990855e-02	9.314436e-02	7.642662e-03	3.978410e-01
3.454231e-02	-4.823634e-01	-4.823440e-01	-4.855859e-01	8.991078e-02	9.314658e-02	7.643058e-03	3.941604e-01
3.448276e-02	-4.823640e-01	-4.823446e-01	-4.855866e-01	8.991297e-02	9.314878e-02	7.643449e-03	3.905132e-01
3.442341e-02	-4.823646e-01	-4.823452e-01	-4.855873e-01	8.991514e-02	9.315095e-02	7.643835e-03	3.868994e-01
3.436426e-02	-4.823652e-01	-4.823458e-01	-4.855880e-01	8.991729e-02	9.315310e-02	7.644216e-03	3.833186e-01
3.430532e-02	-4.823657e-01	-4.823463e-01	-4.855887e-01	8.991940e-02	9.315522e-02	7.644592e-03	3.797705e-01
3.424658e-02	-4.823663e-01	-4.823469e-01	-4.855894e-01	8.992150e-02	9.315731e-02	7.644964e-03	3.762546e-01
3.418803e-02	-4.823669e-01	-4.823475e-01	-4.855901e-01	8.992356e-02	9.315938e-02	7.645331e-03	3.727709e-01
3.412969e-02	-4.823674e-01	-4.823480e-01	-4.855907e-01	8.992561e-02	9.316142e-02	7.645693e-03	3.693191e-01
3.407155e-02	-4.823680e-01	-4.823486e-01	-4.855914e-01	8.992762e-02	9.316344e-02	7.646051e-03	3.658988e-01
3.401361e-02	-4.823685e-01	-4.823491e-01	-4.855920e-01	8.992962e-02	9.316544e-02	7.646404e-03	3.625096e-01
3.395586e-02	-4.823691e-01	-4.823496e-01	-4.855927e-01	8.993159e-02	9.316741e-02	7.646753e-03	3.591514e-01
3.389831e-02	-4.823696e-01	-4.823502e-01	-4.855933e-01	8.993353e-02	9.316936e-02	7.647098e-03	3.558239e-01
3.384095e-02	-4.823701e-01	-4.823507e-01	-4.855940e-01	8.993546e-02	9.317128e-02	7.647438e-03	3.525268e-01
3.378378e-02	-4.823706e-01	-4.823512e-01	-4.855946e-01	8.993736e-02	9.317318e-02	7.647774e-03	3.492598e-01
3.372681e-02	-4.823711e-01	-4.823517e-01	-4.855952e-01	8.993923e-02	9.317506e-02	7.648106e-03	3.460226e-01
3.367003e-02	-4.823716e-01	-4.823522e-01	-4.855958e-01	8.994109e-02	9.317692e-02	7.648433e-03	3.428151e-01
3.361345e-02	-4.823721e-01	-4.823527e-01	-4.855964e-01	8.994292e-02	9.317875e-02	7.648757e-03	3.396368e-01
3.355705e-02	-4.823726e-01	-4.823532e-01	-4.855970e-01	8.994473e-02	9.318056e-02	7.649076e-03	3.364876e-01
3.350084e-02	-4.823731e-01	-4.823537e-01	-4.855976e-01	8.994652e-02	9.318235e-02	7.649392e-03	3.333671e-01
3.344482e-02	-4.823736e-01	-4.823542e-01	-4.855981e-01	8.994829e-02	9.318412e-02	7.649703e-03	3.302753e-01
3.338898e-02	-4.823740e-01	-4.823546e-01	-4.855987e-01	8.995004e-02	9.318587e-02	7.650011e-03	3.272116e-01
3.333333e-02	-4.823745e-01	-4.823551e-01	-4.855993e-01	8.995176e-02	9.318760e-02	7.650315e-03	3.241759e-01
3.327787e-02	-4.823750e-01	-4.823555e-01	-4.855998e-01	8.995347e-02	9.318930e-02	7.650615e-03	3.211680e-01
3.322259e-02	-4.823754e-01	-4.823560e-01	-4.856004e-01	8.995515e-02	9.319099e-02	7.650911e-03	3.181877e-01
3.316750e-02	-4.823759e-01	-4.823564e-01	-4.856009e-01	8.995682e-02	9.319266e-02	7.651204e-03	3.152345e-01
3.311258e-02	-4.823763e-01	-4.823569e-01	-4.856014e-01	8.995846e-02	9.319430e-02	7.651493e-03	3.123085e-01
3.305785e-02	-4.823767e-01	-4.823573e-01	-4.856020e-01	8.996008e-02	9.319593e-02	7.651778e-03	3.094090e-01
3.300330e-02	-4.823772e-01	-4.823578e-01	-4.856025e-01	8.996169e-02	9.319753e-02	7.652060e-03	3.065362e-01
3.294893e-02	-4.823776e-01	-4.823582e-01	-4.856030e-01	8.996328e-02	9.319912e-02	7.652338e-03	3.036896e-01
3.289474e-02	-4.823780e-01	-4.823586e-01	-4.856035e-01	8.996484e-02	9.320069e-02	7.652613e-03	3.008691e-01
3.284072e-02	-4.823784e-01	-4.823590e-01	-4.856040e-01	8.996639e-02	9.320224e-02	7.652885e-03	2.980744e-01
3.278689e-02	-4.823788e-01	-4.823594e-01	-4.856045e-01	8.996792e-02	9.320377e-02	7.653153e-03	2.953053e-01
3.273322e-02	-4.823792e-01	-4.823598e-01	-4.856050e-01	8.996943e-02	9.320528e-02	7.653417e-03	2.925616e-01
3.267974e-02	-4.823796e-01	-4.823602e-01	-4.856055e-01	8.997093e-02	9.320678e-02	7.653679e-03	2.898428e-01
3.262643e-02	-4.823800e-01	-4.823606e-01	-4.856059e-01	8.997240e-02	9.320825e-02	7.653937e-03	2.871491e-01
3.257329e-02	-4.823804e-01	-4.823610e-01	-4.856064e-01	8.997386e-02	9.320971e-02	7.654192e-03	2.844800e-01
3.252033e-02	-4.823808e-01	-4.823614e-01	-4.856069e-01	8.997530e-02	9.321116e-02	7.654444e-03	2.818353e-01
3.246753e-02	-4.823812e-01	-4.823618e-01	-4.856073e-01	8.997673e-02	9.321258e-02	7.654693e-03	2.792149e-01
3.241491e-02	-4.823816e-01	-4.823622e-01	-4.856078e-01	8.997813e-02	9.321399e-02	7.654938e-03	2.766184e-01
3.236246e-02	-4.823819e-01	-4.823625e-01	-4.856082e-01	8.997952e-02	9.321538e-02	7.655181e-03	2.740457e-01
3.231018e-02	-4.823823e-01	-4.823629e-01	-4.856087e-01	8.998090e-02	9.321675e-02	7.655420e-03	2.714966e-01
3.225806e-02	-4.823827e-01	-4.823633e-01	-4.856091e-01	8.998225e-02	9.321811e-02	7.655657e-03	2.689709e-01
3.220612e-02	-4.823830e-01	-4.823636e-01	-4.856095e-01	8.998359e-02	9.321945e-02	7.655891e-03	2.664683e-01
3.215434e-02	-4.823834e-01	-4.823640e-01	-4.856100e-01	8.998492e-02	9.322078e-02	7.656121e-03	2.639886e-01
3.210273e-02	-4.823837e-01	-4.823643e-01	-4.856104e-01	8.998623e-02	9.322209e-02	7.656349e-03	2.615317e-01
3.205128e-02	-4.823841e-01	-4.823647e-01	-4.856108e-01	8.998752e-02	9.322338e-02	7.656574e-03	2.590973e-01
3.200000e-02	-4.823844e-01	-4.823650e-01	-4.856112e-01	8.998880e-02	9.322466e-02	7.656797e-03	2.566853e-01
3.194888e-02	-4.823848e-01	-4.823653e-01	-4.856116e-01	8.999006e-02	9.322592e-02	7.657016e-03	2.542953e-01
3.189793e-02	-4.823851e-01	-4.823657e-01	-4.856120e-01	8.999131e-02	9.322717e-02	7.657233e-03	2.519273e-01
3.184713e-02	-4.823854e-01	-4.823660e-01	-4.856124e-01	8.999254e-02	9.322840e-02	7.657447e-03	2.495809e-01
3.179650e-02	-4.823857e-01	-4.823663e-01	-4.856128e-01	8.999376e-02	9.322962e-02	7.657659e-03	2.472560e-01
3.174603e-02	-4.823861e-01	-4.823666e-01	-4.856132e-01	8.999496e-02	9.323083e-02	7.657868e-03	2.449527e-01
3.169572e-02	-4.823864e-01	-4.823669e-01	-4.856135e-01	8.999615e-02	9.323202e-02	7.658074e-03	2.426704e-01
3.164557e-02	-4.823867e-01	-4.823673e-01	-4.856139e-01	8.999733e-02	9.323319e-02	7.658278e-03	2.404089e-01
3.159558e-02	-4.823870e-01	-4.823676e-01	-4.856143e-01	8.999849e-02	9.323435e-02	7.658479e-03	2.381683e-01
3.154574e-02	-4.823873e-01	-4.823679e-01	-4.856147e-01	8.999963e-02	9.323550e-02	7.658678e-03	2.359483e-01
3.149606e-02	-4.823876e-01	-4.823682e-01	-4.856150e-01	9.000077e-02	9.323664e-02	7.658874e-03	2.337486e-01
3.144654e-02	-4.823879e-01	-4.823685e-01	-4.856154e-01	9.000189e-02	9.323776e-02	7.659068e-03	2.315692e-01
3.139717e-02	-4.823882e-01	-4.823688e-01	-4.856157e-01	9.000299e-02	9.323886e-02	7.659259e-03	2.294097e-01
3.134796e-02	-4.823885e-01	-4.823691e-01	-4.856161e-01	9.000409e-02	9.323996e-02	7.659449e-03	2.272701e-01
3.129890e-02	-4.823888e-01	-4.823693e-01	-4.856164e-01	9.000517e-02	9.324104e-02	7.659635e-03	2.251501e-01
3.125000e-02	-4.823891e-01	-4.823696e-01	-4.856168e-01	9.000624e-02	9.324211e-02	7.659820e-03	2.230496e-01
3.120125e-02	-4.823893e-01	-4.823699e-01	-4.856171e-01	9.000729e-02	9.324316e-02	7.660002e-03	2.209686e-01
3.115265e-02	-4.823896e-01	-4.823702e-01	-4.856174e-01	9.000833e-02	9.324421e-02	7.660182e-03	2.189064e-01
3.110420e-02	-4.823899e-01	-4.823704e-01	-4.856178e-01	9.000936e-02	9.324524e-02	7.660360e-03	2.168634e-01
3.105590e-02	-4.823901e-01	-4.823707e-01	-4.856181e-01	9.001038e-02	9.324625e-02	7.660536e-03	2.148391e-01
3.100775e-02	-4.823904e-01	-4.823710e-01	-4.856184e-01	9.001139e-02	9.324726e-02	7.660709e-03	2.128334e-01
3.095975e-02	-4.823907e-01	-4.823712e-01	-4.856187e-01	9.001238e-02	9.324825e-02	7.660880e-03	2.108462e-01
3.091190e-02	-4.823909e-01	-4.823715e-01	-4.856190e-01	9.001336e-02	9.324924e-02	7.661049e-03	2.088772e-01
3.086420e-02	-4.823912e-01	-4.823718e-01	-4.856193e-01	9.001433e-02	9.325021e-02	7.661217e-03	2.069264e-01
3.081664e-02	-4.823914e-01	-4.823720e-01	-4.856196e-01	9.001529e-02	9.325117e-02	7.661382e-03	2.049934e-01
3.076923e-02	-4.823917e-01	-4.823723e-01	-4.856199e-01	9.001624e-02	9.325211e-02	7.661545e-03	2.030783e-01
3.072197e-02	-4.823919e-01	-4.823725e-01	-4.856202e-01	9.001717e-02	9.325305e-02	7.661706e-03	2.011809e-01
3.067485e-02	-4.823922e-01	-4.823727e-01	-4.856205e-01	9.001810e-02	9.325397e-02	7.661865e-03	1.993009e-01
3.062787e-02	-4.823924e-01	-4.823730e-01	-4.856208e-01	9.001901e-02	9.325489e-02	7.662022e-03	1.974381e-01
3.058104e-02	-4.823927e-01	-4.823732e-01	-4.856211e-01	9.001991e-02	9.325579e-02	7.662177e-03	1.955926e-01
3.053435e-02	-4.823929e-01	-4.823735e-01	-4.856214e-01	9.002080e-02	9.325668e-02	7.662330e-03	1.937640e-01
3.048780e-02	-4.823931e-01	-4.823737e-01	-4.856217e-01	9.002169e-02	9.325757e-02	7.662482e-03	1.919523e-01
3.044140e-02	-4.823934e-01	-4.823739e-01	-4.856219e-01	9.002256e-02	9.325844e-02	7.662631e-03	1.901572e-01
3.039514e-02	-4.823936e-01	-4.823741e-01	-4.856222e-01	9.002342e-02	9.325930e-02	7.662779e-03	1.883787e-01
3.034901e-02	-4.823938e-01	-4.823744e-01	-4.856225e-01	9.002427e-02	9.326015e-02	7.662925e-03	1.866167e-01
3.030303e-02	-4.823940e-01	-4.823746e-01	-4.856227e-01	9.002511e-02	9.326099e-02	7.663069e-03	1.848708e-01
3.025719e-02	-4.823942e-01	-4.823748e-01	-4.856230e-01	9.002594e-02	9.326182e-02	7.663211e-03	1.831409e-01
3.021148e-02	-4.823945e-01	-4.823750e-01	-4.856233e-01	9.002676e-02	9.326264e-02	7.663351e-03	1.814271e-01
3.016591e-02	-4.823947e-01	-4.823752e-01	-4.856235e-01	9.002757e-02	9.326345e-02	7.663490e-03	1.797291e-01
3.012048e-02	-4.823949e-01	-4.823754e-01	-4.856238e-01	9.002837e-02	9.326425e-02	7.663627e-03	1.780466e-01
3.007519e-02	-4.823951e-01	-4.823757e-01	-4.856240e-01	9.002916e-02	9.326505e-02	7.663763e-03	1.763799e-01
3.003003e-02	-4.823953e-01	-4.823759e-01	-4.856243e-01	9.002994e-02	9.326583e-02	7.663897e-03	1.747282e-01
2.998501e-02	-4.823955e-01	-4.823761e-01	-4.856245e-01	9.003072e-02	9.326660e-02	7.664029e-03	1.730920e-01
2.994012e-02	-4.823957e-01	-4.823763e-01	-4.856247e-01	9.003148e-02	9.326737e-02	7.664159e-03	1.714708e-01
2.989537e-02	-4.823959e-01	-4.823765e-01	-4.856250e-01	9.003224e-02	9.326812e-02	7.664288e-03	1.698647e-01
2.985075e-02	-4.823961e-01	-4.823767e-01	-4.856252e-01	9.003298e-02	9.326887e-02	7.664416e-03	1.682731e-01
2.980626e-02	-4.823963e-01	-4.823768e-01	-4.856254e-01	9.003372e-02	9.326960e-02	7.664541e-03	1.666965e-01
2.976190e-02	-4.823965e-01	-4.823770e-01	-4.856257e-01	9.003445e-02	9.327033e-02	7.664666e-03	1.651344e-01
2.971768e-02	-4.823967e-01	-4.823772e-01	-4.856259e-01	9.003516e-02	9.327105e-02	7.664788e-03	1.635865e-01
2.967359e-02	-4.823969e-01	-4.823774e-01	-4.856261e-01	9.003588e-02	9.327176e-02	7.664910e-03	1.620532e-01
2.962963e-02	-4.823970e-01	-4.823776e-01	-4.856263e-01	9.003658e-02	9.327247e-02	7.665029e-03	1.605338e-01
2.958580e-02	-4.823972e-01	-4.823778e-01	-4.856266e-01	9.003727e-02	9.327316e-02	7.665148e-03	1.590286e-01
2.954210e-02	-4.823974e-01	-4.823780e-01	-4.856268e-01	9.003796e-02	9.327385e-02	7.665265e-03	1.575372e-01
2.949853e-02	-4.823976e-01	-4.823781e-01	-4.856270e-01	9.003864e-02	9.327453e-02	7.665380e-03	1.560596e-01
2.945508e-02	-4.823977e-01	-4.823783e-01	-4.856272e-01	9.003931e-02	9.327520e-02	7.665494e-03	1.545957e-01
2.941176e-02	-4.823979e-01	-4.823785e-01	-4.856274e-01	9.003997e-02	9.327586e-02	7.665607e-03	1.531453e-01
2.936858e-02	-4.823981e-01	-4.823786e-01	-4.856276e-01	9.004062e-02	9.327651e-02	7.665718e-03	1.517083e-01
2.932551e-02	-4.823983e-01	-4.823788e-01	-4.856278e-01	9.004127e-02	9.327716e-02	7.665828e-03	1.502846e-01
2.928258e-02	-4.823984e-01	-4.823790e-01	-4.856280e-01	9.004191e-02	9.327780e-02	7.665936e-03	1.488741e-01
2.923977e-02	-4.823986e-01	-4.823791e-01	-4.856282e-01	9.004254e-02	9.327843e-02	7.666044e-03	1.474765e-01
2.919708e-02	-4.823988e-01	-4.823793e-01	-4.856284e-01	9.004316e-02	9.327905e-02	7.666149e-03	1.460919e-01
2.915452e-02	-4.823989e-01	-4.823795e-01	-4.856286e-01	9.004378e-02	9.327967e-02	7.666254e-03	1.447201e-01
2.911208e-02	-4.823991e-01	-4.823796e-01	-4.856288e-01	9.004438e-02	9.328028e-02	7.666357e-03	1.433611e-01
2.906977e-02	-4.823992e-01	-4.823798e-01	-4.856290e-01	9.004499e-02	9.328088e-02	7.666459e-03	1.420146e-01
2.902758e-02	-4.823994e-01	-4.823799e-01	-4.856292e-01	9.004558e-02	9.328147e-02	7.666560e-03	1.406805e-01
2.898551e-02	-4.823995e-01	-4.823801e-01	-4.856293e-01	9.004617e-02	9.328206e-02	7.666660e-03	1.393588e-01
2.894356e-02	-4.823997e-01	-4.823802e-01	-4.856295e-01	9.004675e-02	9.328264e-02	7.666758e-03	1.380493e-01
2.890173e-02	-4.823998e-01	-4.823804e-01	-4.856297e-01	9.004732e-02	9.328322e-02	7.666856e-03	1.367520e-01
2.886003e-02	-4.824000e-01	-4.823805e-01	-4.856299e-01	9.004789e-02	9.328378e-02	7.666952e-03	1.354666e-01
2.881844e-02	-4.824001e-01	-4.823807e-01	-4.856301e-01	9.004845e-02	9.328434e-02	7.667046e-03	1.341931e-01
2.877698e-02	-4.824003e-01	-4.823808e-01	-4.856302e-01	9.004900e-02	9.328490e-02	7.667140e-03	1.329315e-01
2.873563e-02	-4.824004e-01	-4.823810e-01	-4.856304e-01	9.004955e-02	9.328544e-02	7.667233e-03	1.316815e-01
2.869440e-02	-4.824006e-01	-4.823811e-01	-4.856306e-01	9.005009e-02	9.328598e-02	7.667324e-03	1.304432e-01
2.865330e-02	-4.824007e-01	-4.823812e-01	-4.856307e-01	9.005062e-02	9.328652e-02	7.667414e-03	1.292163e-01
2.861230e-02	-4.824008e-01	-4.823814e-01	-4.856309e-01	9.005115e-02	9.328705e-02	7.667504e-03	1.280007e-01
2.857143e-02	-4.824010e-01	-4.823815e-01	-4.856311e-01	9.005167e-02	9.328757e-02	7.667592e-03	1.267965e-01
2.853067e-02	-4.824011e-01	-4.823817e-01	-4.856312e-01	9.005219e-02	9.328808e-02	7.667679e-03	1.256034e-01
2.849003e-02	-4.824012e-01	-4.823818e-01	-4.856314e-01	9.005270e-02	9.328859e-02	7.667765e-03	1.244213e-01
2.844950e-02	-4.824014e-01	-4.823819e-01	-4.856315e-01	9.005320e-02	9.328910e-02	7.667850e-03	1.232503e-01
2.840909e-02	-4.824015e-01	-4.823820e-01	-4.856317e-01	9.005370e-02	9.328959e-02	7.667934e-03	1.220900e-01
2.836879e-02	-4.824016e-01	-4.823822e-01	-4.856318e-01	9.005419e-02	9.329008e-02	7.668017e-03	1.209406e-01
2.832861e-02	-4.824017e-01	-4.823823e-01	-4.856320e-01	9.005467e-02	9.329057e-02	7.668098e-03	1.198017e-01
2.828854e-02	-4.824019e-01	-4.823824e-01	-4.856321e-01	9.005515e-02	9.329105e-02	7.668179e-03	1.186735e-01
2.824859e-02	-4.824020e-01	-4.823825e-01	-4.856323e-01	9.005563e-02	9.329152e-02	7.668259e-03	1.175557e-01
2.820874e-02	-4.824021e-01	-4.823827e-01	-4.856324e-01	9.005609e-02	9.329199e-02	7.668338e-03	1.164484e-01
2.816901e-02	-4.824022e-01	-4.823828e-01	-4.856326e-01	9.005656e-02	9.329246e-02	7.668416e-03	1.153513e-01
2.812940e-02	-4.824023e-01	-4.823829e-01	-4.856327e-01	9.005701e-02	9.329291e-02	7.668493e-03	1.142644e-01
2.808989e-02	-4.824025e-01	-4.823830e-01	-4.856329e-01	9.005747e-02	9.329337e-02	7.668569e-03	1.131875e-01
2.805049e-02	-4.824026e-01	-4.823831e-01	-4.856330e-01	9.005791e-02	9.329381e-02	7.668645e-03	1.121207e-01
2.801120e-02	-4.824027e-01	-4.823832e-01	-4.856331e-01	9.005835e-02	9.329425e-02	7.668719e-03	1.110638e-01
2.797203e-02	-4.824028e-01	-4.823834e-01	-4.856333e-01	9.005879e-02	9.329469e-02	7.668792e-03	1.100166e-01
2.793296e-02	-4.824029e-01	-4.823835e-01	-4.856334e-01	9.005922e-02	9.329512e-02	7.668865e-03	1.089792e-01
2.789400e-02	-4.824030e-01	-4.823836e-01	-4.856335e-01	9.005965e-02	9.329555e-02	7.668936e-03	1.079515e-01
2.785515e-02	-4.824031e-01	-4.823837e-01	-4.856337e-01	9.006007e-02	9.329597e-02	7.669007e-03	1.069334e-01
2.781641e-02	-4.824032e-01	-4.823838e-01	-4.856338e-01	9.006048e-02	9.329638e-02	7.669077e-03	1.059246e-01
2.777778e-02	-4.824033e-01	-4.823839e-01	-4.856339e-01	9.006090e-02	9.329680e-02	7.669146e-03	1.049254e-01
2.773925e-02	-4.824035e-01	-4.823840e-01	-4.856340e-01	9.006130e-02	9.329720e-02	7.669214e-03	1.039352e-01
2.770083e-02	-4.824036e-01	-4.823841e-01	-4.856342e-01	9.006170e-02	9.329760e-02	7.669282e-03	1.029544e-01
2.766252e-02	-4.824037e-01	-4.823842e-01	-4.856343e-01	9.006210e-02	9.329800e-02	7.669348e-03	1.019826e-01
2.762431e-02	-4.824038e-01	-4.823843e-01	-4.856344e-01	9.006249e-02	9.329839e-02	7.669414e-03	1.010200e-01
2.758621e-02	-4.824039e-01	-4.823844e-01	-4.856345e-01	9.006288e-02	9.329878e-02	7.669479e-03	1.000663e-01
2.754821e-02	-4.824040e-01	-4.823845e-01	-4.856346e-01	9.006326e-02	9.329916e-02	7.669543e-03	9.912146e-02
2.751032e-02	-4.824041e-01	-4.823846e-01	-4.856348e-01	9.006364e-02	9.329954e-02	7.669607e-03	9.818530e-02
2.747253e-02	-4.824042e-01	-4.823847e-01	-4.856349e-01	9.006401e-02	9.329992e-02	7.669669e-03	9.725797e-02
2.743484e-02	-4.824042e-01	-4.823848e-01	-4.856350e-01	9.006438e-02	9.330028e-02	7.669731e-03	9.633929e-02
2.739726e-02	-4.824043e-01	-4.823849e-01	-4.856351e-01	9.006475e-02	9.330065e-02	7.669792e-03	9.542903e-02
2.735978e-02	-4.824044e-01	-4.823850e-01	-4.856352e-01	9.006511e-02	9.330101e-02	7.669853e-03	9.452748e-02
2.732240e-02	-4.824045e-01	-4.823851e-01	-4.856353e-01	9.006546e-02	9.330137e-02	7.669912e-03	9.363409e-02
2.728513e-02	-4.824046e-01	-4.823852e-01	-4.856354e-01	9.006582e-02	9.330172e-02	7.669971e-03	9.274913e-02
2.724796e-02	-4.824047e-01	-4.823853e-01	-4.856355e-01	9.006616e-02	9.330207e-02	7.670030e-03	9.187248e-02
2.721088e-02	-4.824048e-01	-4.823853e-01	-4.856356e-01	9.006651e-02	9.330241e-02	7.670087e-03	9.100383e-02
2.717391e-02	-4.824049e-01	-4.823854e-01	-4.856357e-01	9.006685e-02	9.330275e-02	7.670144e-03	9.014339e-02
2.713704e-02	-4.824050e-01	-4.823855e-01	-4.856358e-01	9.006718e-02	9.330309e-02	7.670200e-03	8.929102e-02
2.710027e-02	-4.824051e-01	-4.823856e-01	-4.856359e-01	9.006752e-02	9.330342e-02	7.670256e-03	8.844637e-02
2.706360e-02	-4.824051e-01	-4.823857e-01	-4.856360e-01	9.006784e-02	9.330375e-02	7.670311e-03	8.760983e-02
2.702703e-02	-4.824052e-01	-4.823858e-01	-4.856361e-01	9.006817e-02	9.330407e-02	7.670365e-03	8.678099e-02
2.699055e-02	-4.824053e-01	-4.823858e-01	-4.856362e-01	9.006849e-02	9.330439e-02	7.670418e-03	8.595987e-02
2.695418e-02	-4.824054e-01	-4.823859e-01	-4.856363e-01	9.006880e-02	9.330471e-02	7.670471e-03	8.514651e-02
2.691790e-02	-4.824055e-01	-4.823860e-01	-4.856364e-01	9.006912e-02	9.330502e-02	7.670523e-03	8.434054e-02
2.688172e-02	-4.824055e-01	-4.823861e-01	-4.856365e-01	9.006943e-02	9.330533e-02	7.670575e-03	8.354219e-02
2.684564e-02	-4.824056e-01	-4.823862e-01	-4.856366e-01	9.006973e-02	9.330564e-02	7.670626e-03	8.275137e-02
2.680965e-02	-4.824057e-01	-4.823862e-01	-4.856367e-01	9.007003e-02	9.330594e-02	7.670676e-03	8.196782e-02
2.677376e-02	-4.824058e-01	-4.823863e-01	-4.856368e-01	9.007033e-02	9.330624e-02	7.670726e-03	8.119153e-02
2.673797e-02	-4.824058e-01	-4.823864e-01	-4.856369e-01	9.007063e-02	9.330653e-02	7.670775e-03	8.042268e-02
2.670227e-02	-4.824059e-01	-4.823865e-01	-4.856370e-01	9.007092e-02	9.330682e-02	7.670824e-03	7.966081e-02
2.666667e-02	-4.824060e-01	-4.823865e-01	-4.856371e-01	9.007121e-02	9.330711e-02	7.670872e-03	7.890617e-02
2.663116e-02	-4.824061e-01	-4.823866e-01	-4.856372e-01	9.007149e-02	9.330740e-02	7.670919e-03	7.815855e-02
2.659574e-02	-4.824061e-01	-4.823867e-01	-4.856373e-01	9.007177e-02	9.330768e-02	7.670966e-03	7.741787e-02
2.656042e-02	-4.824062e-01	-4.823868e-01	-4.856373e-01	9.007205e-02	9.330795e-02	7.671012e-03	7.668414e-02
2.652520e-02	-4.824063e-01	-4.823868e-01	-4.856374e-01	9.007232e-02	9.330823e-02	7.671058e-03	7.595727e-02
2.649007e-02	-4.824064e-01	-4.823869e-01	-4.856375e-01	9.007259e-02	9.330850e-02	7.671103e-03	7.523713e-02
2.645503e-02	-4.824064e-01	-4.823870e-01	-4.856376e-01	9.007286e-02	9.330877e-02	7.671148e-03	7.452378e-02
2.642008e-02	-4.824065e-01	-4.823870e-01	-4.856377e-01	9.007313e-02	9.330903e-02	7.671192e-03	7.381702e-02
2.638522e-02	-4.824066e-01	-4.823871e-01	-4.856377e-01	9.007339e-02	9.330930e-02	7.671235e-03	7.311698e-02
2.635046e-02	-4.824066e-01	-4.823872e-01	-4.856378e-01	9.007365e-02	9.330955e-02	7.671278e-03	7.242340e-02
2.631579e-02	-4.824067e-01	-4.823872e-01	-4.856379e-01	9.007390e-02	9.330981e-02	7.671321e-03	7.173627e-02
2.628121e-02	-4.824067e-01	-4.823873e-01	-4.856380e-01	9.007416e-02	9.331006e-02	7.671363e-03	7.105568e-02
2.624672e-02	-4.824068e-01	-4.823874e-01	-4.856381e-01	9.007441e-02	9.331031e-02	7.671404e-03	7.038127e-02
2.621232e-02	-4.824069e-01	-4.823874e-01	-4.856381e-01	9.007465e-02	9.331056e-02	7.671445e-03	6.971339e-02
2.617801e-02	-4.824069e-01	-4.823875e-01	-4.856382e-01	9.007490e-02	9.331080e-02	7.671486e-03	6.905153e-02
2.614379e-02	-4.824070e-01	-4.823875e-01	-4.856383e-01	9.007514e-02	9.331104e-02	7.671526e-03	6.839609e-02
2.610966e-02	-4.824071e-01	-4.823876e-01	-4.856384e-01	9.007538e-02	9.331128e-02	7.671565e-03	6.774655e-02
2.607562e-02	-4.824071e-01	-4.823877e-01	-4.856384e-01	9.007561e-02	9.331152e-02	7.671604e-03	6.710327e-02
2.604167e-02	-4.824072e-01	-4.823877e-01	-4.856385e-01	9.007584e-02	9.331175e-02	7.671643e-03	6.646583e-02
2.600780e-02	-4.824072e-01	-4.823878e-01	-4.856386e-01	9.007607e-02	9.331198e-02	7.671681e-03	6.583459e-02
2.597403e-02	-4.824073e-01	-4.823878e-01	-4.856386e-01	9.007630e-02	9.331221e-02	7.671719e-03	6.520906e-02
2.594034e-02	-4.824074e-01	-4.823879e-01	-4.856387e-01	9.007653e-02	9.331243e-02	7.671756e-03	6.458936e-02
2.590674e-02	-4.824074e-01	-4.823880e-01	-4.856388e-01	9.007675e-02	9.331265e-02	7.671793e-03	6.397572e-02
2.587322e-02	-4.824075e-01	-4.823880e-01	-4.856388e-01	9.007697e-02	9.331287e-02	7.671829e-03	6.336756e-02
2.583979e-02	-4.824075e-01	-4.823881e-01	-4.856389e-01	9.007718e-02	9.331309e-02	7.671865e-03	6.276526e-02
2.580645e-02	-4.824076e-01	-4.823881e-01	-4.856390e-01	9.007740e-02	9.331330e-02	7.671900e-03	6.216855e-02
2.577320e-02	-4.824076e-01	-4.823882e-01	-4.856390e-01	9.007761e-02	9.331352e-02	7.671935e-03	6.157737e-02
2.574003e-02	-4.824077e-01	-4.823882e-01	-4.856391e-01	9.007782e-02	9.331373e-02	7.671970e-03	6.099182e-02
2.570694e-02	-4.824077e-01	-4.823883e-01	-4.856392e-01	9.007802e-02	9.331393e-02	7.672004e-03	6.041170e-02
2.567394e-02	-4.824078e-01	-4.823883e-01	-4.856392e-01	9.007823e-02	9.331414e-02	7.672038e-03	5.983711e-02
2.564103e-02	-4.824078e-01	-4.823884e-01	-4.856393e-01	9.007843e-02	9.331434e-02	7.672071e-03	5.926782e-02
2.560819e-02	-4.824079e-01	-4.823884e-01	-4.856393e-01	9.007863e-02	9.331454e-02	7.672104e-03	5.870381e-02
2.557545e-02	-4.824079e-01	-4.823885e-01	-4.856394e-01	9.007883e-02	9.331474e-02	7.672137e-03	5.814530e-02
2.554278e-02	-4.824080e-01	-4.823885e-01	-4.856395e-01	9.007902e-02	9.331493e-02	7.672169e-03	5.759188e-02
2.551020e-02	-4.824080e-01	-4.823886e-01	-4.856395e-01	9.007921e-02	9.331512e-02	7.672201e-03	5.704369e-02
2.547771e-02	-4.824081e-01	-4.823886e-01	-4.856396e-01	9.007940e-02	9.331531e-02	7.672232e-03	5.650063e-02
2.544529e-02	-4.824081e-01	-4.823887e-01	-4.856396e-01	9.007959e-02	9.331550e-02	7.672263e-03	5.596269e-02
2.541296e-02	-4.824082e-01	-4.823887e-01	-4.856397e-01	9.007978e-02	9.331569e-02	7.672294e-03	5.542971e-02
2.538071e-02	-4.824082e-01	-4.823888e-01	-4.856397e-01	9.007996e-02	9.331587e-02	7.672324e-03	5.490194e-02
2.534854e-02	-4.824083e-01	-4.823888e-01	-4.856398e-01	9.008014e-02	9.331605e-02	7.672354e-03	5.437899e-02
2.531646e-02	-4.824083e-01	-4.823889e-01	-4.856399e-01	9.008032e-02	9.331623e-02	7.672384e-03	5.386096e-02
2.528445e-02	-4.824084e-01	-4.823889e-01	-4.856399e-01	9.008050e-02	9.331641e-02	7.672413e-03	5.334789e-02
2.525253e-02	-4.824084e-01	-4.823889e-01	-4.856400e-01	9.008068e-02	9.331658e-02	7.672442e-03	5.283955e-02
2.522068e-02	-4.824084e-01	-4.823890e-01	-4.856400e-01	9.008085e-02	9.331676e-02	7.672471e-03	5.233592e-02
2.518892e-02	-4.824085e-01	-4.823890e-01	-4.856401e-01	9.008102e-02	9.331693e-02	7.672499e-03	5.183729e-02
2.515723e-02	-4.824085e-01	-4.823891e-01	-4.856401e-01	9.008119e-02	9.331710e-02	7.672527e-03	5.134312e-02
2.512563e-02	-4.824086e-01	-4.823891e-01	-4.856402e-01	9.008136e-02	9.331726e-02	7.672554e-03	5.085360e-02
2.509410e-02	-4.824086e-01	-4.823892e-01	-4.856402e-01	9.008152e-02	9.331743e-02	7.672582e-03	5.036875e-02
2.506266e-02	-4.824087e-01	-4.823892e-01	-4.856403e-01	9.008168e-02	9.331759e-02	7.672608e-03	4.988851e-02
2.503129e-02	-4.824087e-01	-4.823892e-01	-4.856403e-01	9.008184e-02	9.331775e-02	7.672635e-03	4.941279e-02
2.500000e-02	-4.824087e-01	-4.823893e-01	-4.856404e-01	9.008200e-02	9.331791e-02	7.672661e-03	4.894145e-02
2.496879e-02	-4.824088e-01	-4.823893e-01	-4.856404e-01	9.008216e-02	9.331807e-02	7.672687e-03	4.847456e-02
2.493766e-02	-4.824088e-01	-4.823894e-01	-4.856405e-01	9.008232e-02	9.331823e-02	7.672713e-03	4.801214e-02
2.490660e-02	-4.824089e-01	-4.823894e-01	-4.856405e-01	9.008247e-02	9.331838e-02	7.672738e-03	4.755407e-02
2.487562e-02	-4.824089e-01	-4.823894e-01	-4.856405e-01	9.008262e-02	9.331853e-02	7.672763e-03	4.710019e-02
2.484472e-02	-4.824089e-01	-4.823895e-01	-4.856406e-01	9.008277e-02	9.331868e-02	7.672788e-03	4.665072e-02
2.481390e-02	-4.824090e-01	-4.823895e-01	-4.856406e-01	9.008292e-02	9.331883e-02	7.672812e-03	4.620542e-02
2.478315e-02	-4.824090e-01	-4.823896e-01	-4.856407e-01	9.008307e-02	9.331898e-02	7.672837e-03	4.576439e-02
2.475248e-02	-4.824090e-01	-4.823896e-01	-4.856407e-01	9.008321e-02	9.331912e-02	7.672860e-03	4.532736e-02
2.472188e-02	-4.824091e-01	-4.823896e-01	-4.856408e-01	9.008336e-02	9.331927e-02	7.672884e-03	4.489451e-02
2.469136e-02	-4.824091e-01	-4.823897e-01	-4.856408e-01	9.008350e-02	9.331941e-02	7.672907e-03	4.446580e-02
2.466091e-02	-4.824092e-01	-4.823897e-01	-4.856409e-01	9.008364e-02	9.331955e-02	7.672930e-03	4.404108e-02
2.463054e-02	-4.824092e-01	-4.823897e-01	-4.856409e-01	9.008378e-02	9.331969e-02	7.672953e-03	4.362024e-02
2.460025e-02	-4.824092e-01	-4.823898e-01	-4.856409e-01	9.008391e-02	9.331982e-02	7.672976e-03	4.320364e-02
2.457002e-02	-4.824093e-01	-4.823898e-01	-4.856410e-01	9.008405e-02	9.331996e-02	7.672998e-03	4.279065e-02
2.453988e-02	-4.824093e-01	-4.823898e-01	-4.856410e-01	9.008418e-02	9.332009e-02	7.673020e-03	4.238184e-02
2.450980e-02	-4.824093e-01	-4.823899e-01	-4.856411e-01	9.008431e-02	9.332022e-02	7.673041e-03	4.197663e-02
2.447980e-02	-4.824094e-01	-4.823899e-01	-4.856411e-01	9.008444e-02	9.332035e-02	7.673063e-03	4.157533e-02
2.444988e-02	-4.824094e-01	-4.823899e-01	-4.856411e-01	9.008457e-02	9.332048e-02	7.673084e-03	4.117782e-02
2.442002e-02	-4.824094e-01	-4.823900e-01	-4.856412e-01	9.008470e-02	9.332061e-02	7.673105e-03	4.078400e-02
2.439024e-02	-4.824095e-01	-4.823900e-01	-4.856412e-01	9.008483e-02	9.332074e-02	7.673126e-03	4.039400e-02
2.436054e-02	-4.824095e-01	-4.823900e-01	-4.856412e-01	9.008495e-02	9.332086e-02	7.673146e-03	4.000750e-02
2.433090e-02	-4.824095e-01	-4.823901e-01	-4.856413e-01	9.008507e-02	9.332098e-02	7.673166e-03	3.962474e-02
2.430134e-02	-4.824095e-01	-4.823901e-01	-4.856413e-01	9.008519e-02	9.332111e-02	7.673186e-03	3.924555e-02
2.427184e-02	-4.824096e-01	-4.823901e-01	-4.856414e-01	9.008532e-02	9.332123e-02	7.673206e-03	3.886989e-02
2.424242e-02	-4.824096e-01	-4.823901e-01	-4.856414e-01	9.008543e-02	9.332134e-02	7.673226e-03	3.849797e-02
2.421308e-02	-4.824096e-01	-4.823902e-01	-4.856414e-01	9.008555e-02	9.332146e-02	7.673245e-03	3.812931e-02
2.418380e-02	-4.824097e-01	-4.823902e-01	-4.856415e-01	9.008567e-02	9.332158e-02	7.673264e-03	3.776417e-02
2.415459e-02	-4.824097e-01	-4.823902e-01	-4.856415e-01	9.008578e-02	9.332169e-02	7.673283e-03	3.740250e-02
2.412545e-02	-4.824097e-01	-4.823903e-01	-4.856415e-01	9.008589e-02	9.332181e-02	7.673302e-03	3.704431e-02
2.409639e-02	-4.824097e-01	-4.823903e-01	-4.856416e-01	9.008601e-02	9.332192e-02	7.673320e-03	3.668929e-02
2.406739e-02	-4.824098e-01	-4.823903e-01	-4.856416e-01	9.008612e-02	9.332203e-02	7.673338e-03	3.633781e-02
2.403846e-02	-4.824098e-01	-4.823903e-01	-4.856416e-01	9.008623e-02	9.332214e-02	7.673356e-03	3.598964e-02
2.400960e-02	-4.824098e-01	-4.823904e-01	-4.856417e-01	9.008633e-02	9.332225e-02	7.673374e-03	3.564461e-02
2.398082e-02	-4.824099e-01	-4.823904e-01	-4.856417e-01	9.008644e-02	9.332235e-02	7.673391e-03	3.530291e-02
2.395210e-02	-4.824099e-01	-4.823904e-01	-4.856417e-01	9.008655e-02	9.332246e-02	7.673409e-03	3.496440e-02
2.392344e-02	-4.824099e-01	-4.823905e-01	-4.856418e-01	9.008665e-02	9.332256e-02	7.673426e-03	3.462914e-02
2.389486e-02	-4.824099e-01	-4.823905e-01	-4.856418e-01	9.008675e-02	9.332266e-02	7.673443e-03	3.429697e-02
2.386635e-02	-4.824100e-01	-4.823905e-01	-4.856418e-01	9.008686e-02	9.332277e-02	7.673460e-03	3.396802e-02
2.383790e-02	-4.824100e-01	-4.823905e-01	-4.856419e-01	9.008696e-02	9.332287e-02	7.673476e-03	3.364208e-02
2.380952e-02	-4.824100e-01	-4.823906e-01	-4.856419e-01	9.008706e-02	9.332297e-02	7.673493e-03	3.331925e-02
2.378121e-02	-4.824100e-01	-4.823906e-01	-4.856419e-01	9.008715e-02	9.332307e-02	7.673509e-03	3.299957e-02
2.375297e-02	-4.824101e-01	-4.823906e-01	-4.856419e-01	9.008725e-02	9.332316e-02	7.673525e-03	3.268281e-02
2.372479e-02	-4.824101e-01	-4.823906e-01	-4.856420e-01	9.008735e-02	9.332326e-02	7.673541e-03	3.236906e-02
2.369668e-02	-4.824101e-01	-4.823907e-01	-4.856420e-01	9.008744e-02	9.332335e-02	7.673556e-03	3.205830e-02
2.366864e-02	-4.824101e-01	-4.823907e-01	-4.856420e-01	9.008754e-02	9.332345e-02	7.673572e-03	3.175045e-02
2.364066e-02	-4.824102e-01	-4.823907e-01	-4.856421e-01	9.008763e-02	9.332354e-02	7.673587e-03	3.144557e-02
2.361275e-02	-4.824102e-01	-4.823907e-01	-4.856421e-01	9.008772e-02	9.332363e-02	7.673602e-03	3.114339e-02
2.358491e-02	-4.824102e-01	-4.823907e-01	-4.856421e-01	9.008781e-02	9.332372e-02	7.673617e-03	3.084431e-02
2.355713e-02	-4.824102e-01	-4.823908e-01	-4.856421e-01	9.008790e-02	9.332381e-02	7.673632e-03	3.054793e-02
2.352941e-02	-4.824102e-01	-4.823908e-01	-4.856422e-01	9.008799e-02	9.332390e-02	7.673646e-03	3.025441e-02
2.350176e-02	-4.824103e-01	-4.823908e-01	-4.856422e-01	9.008808e-02	9.332399e-02	7.673661e-03	2.996369e-02
2.347418e-02	-4.824103e-01	-4.823908e-01	-4.856422e-01	9.008816e-02	9.332407e-02	7.673675e-03	2.967562e-02
2.344666e-02	-4.824103e-01	-4.823909e-01	-4.856422e-01	9.008825e-02	9.332416e-02	7.673689e-03	2.939053e-02
2.341920e-02	-4.824103e-01	-4.823909e-01	-4.856423e-01	9.008833e-02	9.332424e-02	7.673703e-03	2.910777e-02
2.339181e-02	-4.824104e-01	-4.823909e-01	-4.856423e-01	9.008842e-02	9.332433e-02	7.673717e-03	2.882805e-02
2.336449e-02	-4.824104e-01	-4.823909e-01	-4.856423e-01	9.008850e-02	9.332441e-02	7.673730e-03	2.855074e-02
2.333722e-02	-4.824104e-01	-4.823909e-01	-4.856423e-01	9.008858e-02	9.332449e-02	7.673744e-03	2.827622e-02
2.331002e-02	-4.824104e-01	-4.823910e-01	-4.856424e-01	9.008866e-02	9.332457e-02	7.673757e-03	2.800417e-02
2.328289e-02	-4.824104e-01	-4.823910e-01	-4.856424e-01	9.008874e-02	9.332465e-02	7.673770e-03	2.773480e-02
2.325581e-02	-4.824105e-01	-4.823910e-01	-4.856424e-01	9.008882e-02	9.332473e-02	7.673783e-03	2.746797e-02
2.322880e-02	-4.824105e-01	-4.823910e-01	-4.856424e-01	9.008890e-02	9.332481e-02	7.673796e-03	2.720368e-02
2.320186e-02	-4.824105e-01	-4.823910e-01	-4.856425e-01	9.008897e-02	9.332488e-02	7.673808e-03	2.694182e-02
2.317497e-02	-4.824105e-01	-4.823911e-01	-4.856425e-01	9.008905e-02	9.332496e-02	7.673821e-03	2.668251e-02
2.314815e-02	-4.824105e-01	-4.823911e-01	-4.856425e-01	9.008912e-02	9.332504e-02	7.673833e-03	2.642567e-02
2.312139e-02	-4.824105e-01	-4.823911e-01	-4.856425e-01	9.008920e-02	9.332511e-02	7.673845e-03	2.617133e-02
2.309469e-02	-4.824106e-01	-4.823911e-01	-4.856425e-01	9.008927e-02	9.332518e-02	7.673858e-03	2.591930e-02
2.306805e-02	-4.824106e-01	-4.823911e-01	-4.856426e-01	9.008934e-02	9.332526e-02	7.673869e-03	2.566982e-02
2.304147e-02	-4.824106e-01	-4.823911e-01	-4.856426e-01	9.008942e-02	9.332533e-02	7.673881e-03	2.542245e-02
2.301496e-02	-4.824106e-01	-4.823912e-01	-4.856426e-01	9.008949e-02	9.332540e-02	7.673893e-03	2.517775e-02
2.298851e-02	-4.824106e-01	-4.823912e-01	-4.856426e-01	9.008956e-02	9.332547e-02	7.673904e-03	2.493510e-02
2.296211e-02	-4.824107e-01	-4.823912e-01	-4.856426e-01	9.008963e-02	9.332554e-02	7.673916e-03	2.469490e-02
2.293578e-02	-4.824107e-01	-4.823912e-01	-4.856427e-01	9.008969e-02	9.332561e-02	7.673927e-03	2.445698e-02
2.290951e-02	-4.824107e-01	-4.823912e-01	-4.856427e-01	9.008976e-02	9.332567e-02	7.673938e-03	2.422129e-02
2.288330e-02	-4.824107e-01	-4.823912e-01	-4.856427e-01	9.008983e-02	9.332574e-02	7.673949e-03	2.398784e-02
2.285714e-02	-4.824107e-01	-4.823913e-01	-4.856427e-01	9.008989e-02	9.332581e-02	7.673960e-03	2.375667e-02
2.283105e-02	-4.824107e-01	-4.823913e-01	-4.856427e-01	9.008996e-02	9.332587e-02	7.673971e-03	2.352761e-02
2.280502e-02	-4.824108e-01	-4.823913e-01	-4.856428e-01	9.009002e-02	9.332594e-02	7.673981e-03	2.330091e-02
2.277904e-02	-4.824108e-01	-4.823913e-01	-4.856428e-01	9.009009e-02	9.332600e-02	7.673992e-03	2.307604e-02
2.275313e-02	-4.824108e-01	-4.823913e-01	-4.856428e-01	9.009015e-02	9.332606e-02	7.674002e-03	2.285362e-02
2.272727e-02	-4.824108e-01	-4.823913e-01	-4.856428e-01	9.009021e-02	9.332612e-02	7.674012e-03	2.263314e-02
2.270148e-02	-4.824108e-01	-4.823914e-01	-4.856428e-01	9.009027e-02	9.332619e-02	7.674022e-03	2.241501e-02
2.267574e-02	-4.824108e-01	-4.823914e-01	-4.856429e-01	9.009033e-02	9.332625e-02	7.674032e-03	2.219868e-02
2.265006e-02	-4.824108e-01	-4.823914e-01	-4.856429e-01	9.009039e-02	9.332631e-02	7.674042e-03	2.198450e-02
2.262443e-02	-4.824109e-01	-4.823914e-01	-4.856429e-01	9.009045e-02	9.332637e-02	7.674052e-03	2.177241e-02
2.259887e-02	-4.824109e-01	-4.823914e-01	-4.856429e-01	9.009051e-02	9.332642e-02	7.674062e-03	2.156227e-02
2.257336e-02	-4.824109e-01	-4.823914e-01	-4.856429e-01	9.009057e-02	9.332648e-02	7.674071e-03	2.135427e-02
2.254791e-02	-4.824109e-01	-4.823914e-01	-4.856429e-01	9.009063e-02	9.332654e-02	7.674081e-03	2.114799e-02
2.252252e-02	-4.824109e-01	-4.823915e-01	-4.856430e-01	9.009068e-02	9.332660e-02	7.674090e-03	2.094395e-02
2.249719e-02	-4.824109e-01	-4.823915e-01	-4.856430e-01	9.009074e-02	9.332665e-02	7.674099e-03	2.074173e-02
2.247191e-02	-4.824109e-01	-4.823915e-01	-4.856430e-01	9.009080e-02	9.332671e-02	7.674108e-03	2.054138e-02
2.244669e-02	-4.824110e-01	-4.823915e-01	-4.856430e-01	9.009085e-02	9.332676e-02	7.674117e-03	2.034306e-02
2.242152e-02	-4.824110e-01	-4.823915e-01	-4.856430e-01	9.009091e-02	9.332682e-02	7.674126e-03	2.014664e-02
2.239642e-02	-4.824110e-01	-4.823915e-01	-4.856430e-01	9.009096e-02	9.332687e-02	7.674135e-03	1.995204e-02
2.237136e-02	-4.824110e-01	-4.823915e-01	-4.856431e-01	9.009101e-02	9.332692e-02	7.674143e-03	1.975924e-02
2.234637e-02	-4.824110e-01	-4.823916e-01	-4.856431e-01	9.009106e-02	9.332698e-02	7.674152e-03	1.956834e-02
2.232143e-02	-4.824110e-01	-4.823916e-01	-4.856431e-01	9.009112e-02	9.332703e-02	7.674160e-03	1.937920e-02
2.229654e-02	-4.824110e-01	-4.823916e-01	-4.856431e-01	9.009117e-02	9.332708e-02	7.674169e-03	1.919204e-02
2.227171e-02	-4.824110e-01	-4.823916e-01	-4.856431e-01	9.009122e-02	9.332713e-02	7.674177e-03	1.900650e-02
2.224694e-02	-4.824111e-01	-4.823916e-01	-4.856431e-01	9.009127e-02	9.332718e-02	7.674185e-03	1.882265e-02
2.222222e-02	-4.824111e-01	-4.823916e-01	-4.856431e-01	9.009132e-02	9.332723e-02	7.674193e-03	1.864086e-02
2.219756e-02	-4.824111e-01	-4.823916e-01	-4.856432e-01	9.009136e-02	9.332728e-02	7.674201e-03	1.846053e-02
2.217295e-02	-4.824111e-01	-4.823916e-01	-4.856432e-01	9.009141e-02	9.332732e-02	7.674209e-03	1.828213e-02
2.214839e-02	-4.824111e-01	-4.823916e-01	-4.856432e-01	9.009146e-02	9.332737e-02	7.674217e-03	1.810532e-02
2.212389e-02	-4.824111e-01	-4.823917e-01	-4.856432e-01	9.009151e-02	9.332742e-02	7.674225e-03	1.793017e-02
2.209945e-02	-4.824111e-01	-4.823917e-01	-4.856432e-01	9.009155e-02	9.332747e-02	7.674232e-03	1.775675e-02
2.207506e-02	-4.824111e-01	-4.823917e-01	-4.856432e-01	9.009160e-02	9.332751e-02	7.674240e-03	1.758499e-02
2.205072e-02	-4.824112e-01	-4.823917e-01	-4.856432e-01	9.009164e-02	9.332756e-02	7.674247e-03	1.741473e-02
2.202643e-02	-4.824112e-01	-4.823917e-01	-4.856433e-01	9.009169e-02	9.332760e-02	7.674254e-03	1.724645e-02
2.200220e-02	-4.824112e-01	-4.823917e-01	-4.856433e-01	9.009173e-02	9.332765e-02	7.674262e-03	1.707937e-02
2.197802e-02	-4.824112e-01	-4.823917e-01	-4.856433e-01	9.009178e-02	9.332769e-02	7.674269e-03	1.691414e-02
2.195390e-02	-4.824112e-01	-4.823917e-01	-4.856433e-01	9.009182e-02	9.332773e-02	7.674276e-03	1.675035e-02
2.192982e-02	-4.824112e-01	-4.823917e-01	-4.856433e-01	9.009186e-02	9.332778e-02	7.674283e-03	1.658814e-02
2.190581e-02	-4.824112e-01	-4.823918e-01	-4.856433e-01	9.009191e-02	9.332782e-02	7.674290e-03	1.642760e-02
2.188184e-02	-4.824112e-01	-4.823918e-01	-4.856433e-01	9.009195e-02	9.332786e-02	7.674297e-03	1.626854e-02
2.185792e-02	-4.824112e-01	-4.823918e-01	-4.856433e-01	9.009199e-02	9.332790e-02	7.674303e-03	1.611103e-02
2.183406e-02	-4.824112e-01	-4.823918e-01	-4.856434e-01	9.009203e-02	9.332794e-02	7.674310e-03	1.595497e-02
2.181025e-02	-4.824113e-01	-4.823918e-01	-4.856434e-01	9.009207e-02	9.332798e-02	7.674317e-03	1.580043e-02
2.178649e-02	-4.824113e-01	-4.823918e-01	-4.856434e-01	9.009211e-02	9.332802e-02	7.674323e-03	1.564732e-02
2.176279e-02	-4.824113e-01	-4.823918e-01	-4.856434e-01	9.009215e-02	9.332806e-02	7.674330e-03	1.549580e-02
2.173913e-02	-4.824113e-01	-4.823918e-01	-4.856434e-01	9.009219e-02	9.332810e-02	7.674336e-03	1.534557e-02
2.171553e-02	-4.824113e-01	-4.823918e-01	-4.856434e-01	9.009223e-02	9.332814e-02	7.674342e-03	1.519686e-02
2.169197e-02	-4.824113e-01	-4.823918e-01	-4.856434e-01	9.009227e-02	9.332818e-02	7.674348e-03	1.504965e-02
2.166847e-02	-4.824113e-01	-4.823919e-01	-4.856434e-01	9.009230e-02	9.332822e-02	7.674355e-03	1.490363e-02
2.164502e-02	-4.824113e-01	-4.823919e-01	-4.856435e-01	9.009234e-02	9.332825e-02	7.674361e-03	1.475921e-02
2.162162e-02	-4.824113e-01	-4.823919e-01	-4.856435e-01	9.009238e-02	9.332829e-02	7.674367e-03	1.461605e-02
2.159827e-02	-4.824113e-01	-4.823919e-01	-4.856435e-01	9.009241e-02	9.332833e-02	7.674373e-03	1.447448e-02
2.157497e-02	-4.824114e-01	-4.823919e-01	-4.856435e-01	9.009245e-02	9.332836e-02	7.674378e-03	1.433397e-02
2.155172e-02	-4.824114e-01	-4.823919e-01	-4.856435e-01	9.009249e-02	9.332840e-02	7.674384e-03	1.419496e-02
2.152853e-02	-4.824114e-01	-4.823919e-01	-4.856435e-01	9.009252e-02	9.332843e-02	7.674390e-03	1.405731e-02
2.150538e-02	-4.824114e-01	-4.823919e-01	-4.856435e-01	9.009256e-02	9.332847e-02	7.674396e-03	1.392090e-02
2.148228e-02	-4.824114e-01	-4.823919e-01	-4.856435e-01	9.009259e-02	9.332850e-02	7.674401e-03	1.378585e-02
2.145923e-02	-4.824114e-01	-4.823919e-01	-4.856435e-01	9.009262e-02	9.332854e-02	7.674407e-03	1.365212e-02
2.143623e-02	-4.824114e-01	-4.823919e-01	-4.856435e-01	9.009266e-02	9.332857e-02	7.674412e-03	1.351953e-02
2.141328e-02	-4.824114e-01	-4.823920e-01	-4.856436e-01	9.009269e-02	9.332860e-02	7.674417e-03	1.338834e-02
2.139037e-02	-4.824114e-01	-4.823920e-01	-4.856436e-01	9.009272e-02	9.332864e-02	7.674423e-03	1.325856e-02
2.136752e-02	-4.824114e-01	-4.823920e-01	-4.856436e-01	9.009276e-02	9.332867e-02	7.674428e-03	1.312961e-02
2.134472e-02	-4.824114e-01	-4.823920e-01	-4.856436e-01	9.009279e-02	9.332870e-02	7.674433e-03	1.300225e-02
2.132196e-02	-4.824114e-01	-4.823920e-01	-4.856436e-01	9.009282e-02	9.332873e-02	7.674438e-03	1.287605e-02
2.129925e-02	-4.824115e-01	-4.823920e-01	-4.856436e-01	9.009285e-02	9.332876e-02	7.674443e-03	1.275087e-02
2.127660e-02	-4.824115e-01	-4.823920e-01	-4.856436e-01	9.009288e-02	9.332879e-02	7.674448e-03	1.262718e-02
2.125399e-02	-4.824115e-01	-4.823920e-01	-4.856436e-01	9.009291e-02	9.332882e-02	7.674453e-03	1.250451e-02
2.123142e-02	-4.824115e-01	-4.823920e-01	-4.856436e-01	9.009294e-02	9.332885e-02	7.674458e-03	1.238283e-02
2.120891e-02	-4.824115e-01	-4.823920e-01	-4.856436e-01	9.009297e-02	9.332888e-02	7.674463e-03	1.226274e-02
2.118644e-02	-4.824115e-01	-4.823920e-01	-4.856436e-01	9.009300e-02	9.332891e-02	7.674468e-03	1.214349e-02
2.116402e-02	-4.824115e-01	-4.823920e-01	-4.856437e-01	9.009303e-02	9.332894e-02	7.674473e-03	1.202551e-02
2.114165e-02	-4.824115e-01	-4.823920e-01	-4.856437e-01	9.009306e-02	9.332897e-02	7.674477e-03	1.190871e-02
2.111932e-02	-4.824115e-01	-4.823921e-01	-4.856437e-01	9.009309e-02	9.332900e-02	7.674482e-03	1.179288e-02
2.109705e-02	-4.824115e-01	-4.823921e-01	-4.856437e-01	9.009312e-02	9.332903e-02	7.674487e-03	1.167824e-02
2.107482e-02	-4.824115e-01	-4.823921e-01	-4.856437e-01	9.009314e-02	9.332906e-02	7.674491e-03	1.156477e-02
2.105263e-02	-4.824115e-01	-4.823921e-01	-4.856437e-01	9.009317e-02	9.332908e-02	7.674495e-03	1.145227e-02
2.103049e-02	-4.824115e-01	-4.823921e-01	-4.856437e-01	9.009320e-02	9.332911e-02	7.674500e-03	1.134102e-02
2.100840e-02	-4.824115e-01	-4.823921e-01	-4.856437e-01	9.009323e-02	9.332914e-02	7.674504e-03	1.123053e-02
2.098636e-02	-4.824115e-01	-4.823921e-01	-4.856437e-01	9.009325e-02	9.332916e-02	7.674509e-03	1.112146e-02
2.096436e-02	-4.824116e-01	-4.823921e-01	-4.856437e-01	9.009328e-02	9.332919e-02	7.674513e-03	1.101318e-02
2.094241e-02	-4.824116e-01	-4.823921e-01	-4.856437e-01	9.009330e-02	9.332922e-02	7.674517e-03	1.090596e-02
2.092050e-02	-4.824116e-01	-4.823921e-01	-4.856437e-01	9.009333e-02	9.332924e-02	7.674521e-03	1.080005e-02
2.089864e-02	-4.824116e-01	-4.823921e-01	-4.856437e-01	9.009336e-02	9.332927e-02	7.674525e-03	1.069488e-02
2.087683e-02	-4.824116e-01	-4.823921e-01	-4.856438e-01	9.009338e-02	9.332929e-02	7.674529e-03	1.059084e-02
2.085506e-02	-4.824116e-01	-4.823921e-01	-4.856438e-01	9.009340e-02	9.332932e-02	7.674533e-03	1.048773e-02
2.083333e-02	-4.824116e-01	-4.823921e-01	-4.856438e-01	9.009343e-02	9.332934e-02	7.674537e-03	1.038563e-02
2.081165e-02	-4.824116e-01	-4.823921e-01	-4.856438e-01	9.009345e-02	9.332937e-02	7.674541e-03	1.028458e-02
2.079002e-02	-4.824116e-01	-4.823921e-01	-4.856438e-01	9.009348e-02	9.332939e-02	7.674545e-03	1.018434e-02
2.076843e-02	-4.824116e-01	-4.823922e-01	-4.856438e-01	9.009350e-02	9.332941e-02	7.674549e-03	1.008529e-02
2.074689e-02	-4.824116e-01	-4.823922e-01	-4.856438e-01	9.009352e-02	9.332944e-02	7.674553e-03	9.987049e-03
2.072539e-02	-4.824116e-01	-4.823922e-01	-4.856438e-01	9.009355e-02	9.332946e-02	7.674556e-03	9.889736e-03
2.070393e-02	-4.824116e-01	-4.823922e-01	-4.856438e-01	9.009357e-02	9.332948e-02	7.674560e-03	9.793435e-03
2.068252e-02	-4.824116e-01	-4.823922e-01	-4.856438e-01	9.009359e-02	9.332951e-02	7.674564e-03	9.698055e-03
2.066116e-02	-4.824116e-01	-4.823922e-01	-4.856438e-01	9.009362e-02	9.332953e-02	7.674567e-03	9.603538e-03
2.063983e-02	-4.824116e-01	-4.823922e-01	-4.856438e-01	9.009364e-02	9.332955e-02	7.674571e-03	9.510075e-03
2.061856e-02	-4.824116e-01	-4.823922e-01	-4.856438e-01	9.009366e-02	9.332957e-02	7.674574e-03	9.417434e-03
2.059732e-02	-4.824117e-01	-4.823922e-01	-4.856438e-01	9.009368e-02	9.332959e-02	7.674578e-03	9.325484e-03
2.057613e-02	-4.824117e-01	-4.823922e-01	-4.856438e-01	9.009370e-02	9.332961e-02	7.674581e-03	9.234653e-03
2.055498e-02	-4.824117e-01	-4.823922e-01	-4.856439e-01	9.009372e-02	9.332964e-02	7.674585e-03	9.144605e-03
2.053388e-02	-4.824117e-01	-4.823922e-01	-4.856439e-01	9.009374e-02	9.332966e-02	7.674588e-03	9.055620e-03
2.051282e-02	-4.824117e-01	-4.823922e-01	-4.856439e-01	9.009377e-02	9.332968e-02	7.674591e-03	8.967260e-03
2.049180e-02	-4.824117e-01	-4.823922e-01	-4.856439e-01	9.009379e-02	9.332970e-02	7.674595e-03	8.879760e-03
2.047083e-02	-4.824117e-01	-4.823922e-01	-4.856439e-01	9.009381e-02	9.332972e-02	7.674598e-03	8.793218e-03
2.044990e-02	-4.824117e-01	-4.823922e-01	-4.856439e-01	9.009383e-02	9.332974e-02	7.674601e-03	8.707407e-03
2.042901e-02	-4.824117e-01	-4.823922e-01	-4.856439e-01	9.009385e-02	9.332976e-02	7.674604e-03	8.622595e-03
2.040816e-02	-4.824117e-01	-4.823922e-01	-4.856439e-01	9.009386e-02	9.332978e-02	7.674607e-03	8.538422e-03
2.038736e-02	-4.824117e-01	-4.823922e-01	-4.856439e-01	9.009388e-02	9.332980e-02	7.674610e-03	8.455132e-03
2.036660e-02	-4.824117e-01	-4.823922e-01	-4.856439e-01	9.009390e-02	9.332982e-02	7.674613e-03	8.372715e-03
2.034588e-02	-4.824117e-01	-4.823923e-01	-4.856439e-01	9.009392e-02	9.332983e-02	7.674616e-03	8.290774e-03
2.032520e-02	-4.824117e-01	-4.823923e-01	-4.856439e-01	9.009394e-02	9.332985e-02	7.674619e-03	8.210126e-03
2.030457e-02	-4.824117e-01	-4.823923e-01	-4.856439e-01	9.009396e-02	9.332987e-02	7.674622e-03	8.129890e-03
2.028398e-02	-4.824117e-01	-4.823923e-01	-4.856439e-01	9.009398e-02	9.332989e-02	7.674625e-03	8.050501e-03
2.026342e-02	-4.824117e-01	-4.823923e-01	-4.856439e-01	9.009399e-02	9.332991e-02	7.674628e-03	7.972040e-03
2.024291e-02	-4.824117e-01	-4.823923e-01	-4.856439e-01	9.009401e-02	9.332992e-02	7.674631e-03	7.894288e-03
2.022245e-02	-4.824117e-01	-4.823923e-01	-4.856439e-01	9.009403e-02	9.332994e-02	7.674634e-03	7.817108e-03
2.020202e-02	-4.824117e-01	-4.823923e-01	-4.856439e-01	9.009405e-02	9.332996e-02	7.674637e-03	7.740736e-03
2.018163e-02	-4.824117e-01	-4.823923e-01	-4.856440e-01	9.009406e-02	9.332998e-02	7.674639e-03	7.665197e-03
2.016129e-02	-4.824118e-01	-4.823923e-01	-4.856440e-01	9.009408e-02	9.332999e-02	7.674642e-03	7.590273e-03
2.014099e-02	-4.824118e-01	-4.823923e-01	-4.856440e-01	9.009410e-02	9.333001e-02	7.674645e-03	7.516170e-03
2.012072e-02	-4.824118e-01	-4.823923e-01	-4.856440e-01	9.009411e-02	9.333003e-02	7.674647e-03	7.442751e-03
2.010050e-02	-4.824118e-01	-4.823923e-01	-4.856440e-01	9.009413e-02	9.333004e-02	7.674650e-03	7.369982e-03
2.008032e-02	-4.824118e-01	-4.823923e-01	-4.856440e-01	9.009415e-02	9.333006e-02	7.674653e-03	7.298140e-03
2.006018e-02	-4.824118e-01	-4.823923e-01	-4.856440e-01	9.009416e-02	9.333008e-02	7.674655e-03	7.226747e-03
2.004008e-02	-4.824118e-01	-4.823923e-01	-4.856440e-01	9.009418e-02	9.333009e-02	7.674658e-03	7.156135e-03
2.002002e-02	-4.824118e-01	-4.823923e-01	-4.856440e-01	9.009419e-02	9.333011e-02	7.674660e-03	7.086275e-03
2.000000e-02	-4.824118e-01	-4.823923e-01	-4.856440e-01	9.009421e-02	9.333012e-02	7.674663e-03	7.016956e-03
1.998002e-02	-4.824118e-01	-4.823923e-01	-4.856440e-01	9.009423e-02	9.333014e-02	7.674665e-03	6.948291e-03
1.996008e-02	-4.824118e-01	-4.823923e-01	-4.856440e-01	9.009424e-02	9.333015e-02	7.674668e-03	6.880444e-03
1.994018e-02	-4.824118e-01	-4.823923e-01	-4.856440e-01	9.009426e-02	9.333017e-02	7.674670e-03	6.813199e-03
1.992032e-02	-4.824118e-01	-4.823923e-01	-4.856440e-01	9.009427e-02	9.333018e-02	7.674672e-03	6.746491e-03
1.990050e-02	-4.824118e-01	-4.823923e-01	-4.856440e-01	9.009428e-02	9.333020e-02	7.674675e-03	6.680669e-03
1.988072e-02	-4.824118e-01	-4.823923e-01	-4.856440e-01	9.009430e-02	9.333021e-02	7.674677e-03	6.615270e-03
1.986097e-02	-4.824118e-01	-4.823923e-01	-4.856440e-01	9.009431e-02	9.333023e-02	7.674679e-03	6.550536e-03
1.984127e-02	-4.824118e-01	-4.823924e-01	-4.856440e-01	9.009433e-02	9.333024e-02	7.674681e-03	6.486357e-03
1.982161e-02	-4.824118e-01	-4.823924e-01	-4.856440e-01	9.009434e-02	9.333025e-02	7.674684e-03	6.423051e-03
1.980198e-02	-4.824118e-01	-4.823924e-01	-4.856440e-01	9.009435e-02	9.333027e-02	7.674686e-03	6.360106e-03
1.978239e-02	-4.824118e-01	-4.823924e-01	-4.856440e-01	9.009437e-02	9.333028e-02	7.674688e-03	6.297990e-03
1.976285e-02	-4.824118e-01	-4.823924e-01	-4.856440e-01	9.009438e-02	9.333029e-02	7.674690e-03	6.236317e-03
1.974334e-02	-4.824118e-01	-4.823924e-01	-4.856441e-01	9.009440e-02	9.333031e-02	7.674692e-03	6.175447e-03
1.972387e-02	-4.824118e-01	-4.823924e-01	-4.856441e-01	9.009441e-02	9.333032e-02	7.674694e-03	6.114737e-03
1.970443e-02	-4.824118e-01	-4.823924e-01	-4.856441e-01	9.009442e-02	9.333033e-02	7.674696e-03	6.055045e-03
1.968504e-02	-4.824118e-01	-4.823924e-01	-4.856441e-01	9.009443e-02	9.333035e-02	7.674698e-03	5.995764e-03
1.966568e-02	-4.824118e-01	-4.823924e-01	-4.856441e-01	9.009445e-02	9.333036e-02	7.674700e-03	5.937123e-03
1.964637e-02	-4.824118e-01	-4.823924e-01	-4.856441e-01	9.009446e-02	9.333037e-02	7.674702e-03	5.878907e-03
1.962709e-02	-4.824118e-01	-4.823924e-01	-4.856441e-01	9.009447e-02	9.333038e-02	7.674704e-03	5.821297e-03
1.960784e-02	-4.824118e-01	-4.823924e-01	-4.856441e-01	9.009448e-02	9.333040e-02	7.674706e-03	5.764389e-03
1.958864e-02	-4.824119e-01	-4.823924e-01	-4.856441e-01	9.009450e-02	9.333041e-02	7.674708e-03	5.707903e-03
1.956947e-02	-4.824119e-01	-4.823924e-01	-4.856441e-01	9.009451e-02	9.333042e-02	7.674710e-03	5.652018e-03
1.955034e-02	-4.824119e-01	-4.823924e-01	-4.856441e-01	9.009452e-02	9.333043e-02	7.674712e-03	5.596810e-03
1.953125e-02	-4.824119e-01	-4.823924e-01	-4.856441e-01	9.009453e-02	9.333044e-02	7.674714e-03	5.541734e-03
1.951220e-02	-4.824119e-01	-4.823924e-01	-4.856441e-01	9.009454e-02	9.333046e-02	7.674716e-03	5.487526e-03
1.949318e-02	-4.824119e-01	-4.823924e-01	-4.856441e-01	9.009455e-02	9.333047e-02	7.674718e-03	5.433702e-03
1.947420e-02	-4.824119e-01	-4.823924e-01	-4.856441e-01	9.009457e-02	9.333048e-02	7.674719e-03	5.380645e-03
1.945525e-02	-4.824119e-01	-4.823924e-01	-4.856441e-01	9.009458e-02	9.333049e-02	7.674721e-03	5.327788e-03
1.943635e-02	-4.824119e-01	-4.823924e-01	-4.856441e-01	9.009459e-02	9.333050e-02	7.674723e-03	5.275595e-03
1.941748e-02	-4.824119e-01	-4.823924e-01	-4.856441e-01	9.009460e-02	9.333051e-02	7.674725e-03	5.224060e-03
1.939864e-02	-4.824119e-01	-4.823924e-01	-4.856441e-01	9.009461e-02	9.333052e-02	7.674726e-03	5.172646e-03
1.937984e-02	-4.824119e-01	-4.823924e-01	-4.856441e-01	9.009462e-02	9.333053e-02	7.674728e-03	5.121855e-03
1.936108e-02	-4.824119e-01	-4.823924e-01	-4.856441e-01	9.009463e-02	9.333054e-02	7.674730e-03	5.071854e-03
1.934236e-02	-4.824119e-01	-4.823924e-01	-4.856441e-01	9.009464e-02	9.333055e-02	7.674731e-03	5.021981e-03
1.932367e-02	-4.824119e-01	-4.823924e-01	-4.856441e-01	9.009465e-02	9.333056e-02	7.674733e-03	4.972964e-03
1.930502e-02	-4.824119e-01	-4.823924e-01	-4.856441e-01	9.009466e-02	9.333057e-02	7.674735e-03	4.924062e-03
1.928640e-02	-4.824119e-01	-4.823924e-01	-4.856441e-01	9.009467e-02	9.333058e-02	7.674736e-03	4.875852e-03
1.926782e-02	-4.824119e-01	-4.823924e-01	-4.856441e-01	9.009468e-02	9.333059e-02	7.674738e-03	4.827810e-03
1.924928e-02	-4.824119e-01	-4.823924e-01	-4.856441e-01	9.009469e-02	9.333060e-02	7.674739e-03	4.780590e-03
1.923077e-02	-4.824119e-01	-4.823924e-01	-4.856441e-01	9.009470e-02	9.333061e-02	7.674741e-03	4.733745e-03
1.921230e-02	-4.824119e-01	-4.823924e-01	-4.856441e-01	9.009471e-02	9.333062e-02	7.674742e-03	4.687273e-03
1.919386e-02	-4.824119e-01	-4.823924e-01	-4.856441e-01	9.009472e-02	9.333063e-02	7.674744e-03	4.641276e-03
1.917546e-02	-4.824119e-01	-4.823924e-01	-4.856441e-01	9.009473e-02	9.333064e-02	7.674745e-03	4.595815e-03
1.915709e-02	-4.824119e-01	-4.823925e-01	-4.856441e-01	9.009474e-02	9.333065e-02	7.674747e-03	4.550580e-03
1.913876e-02	-4.824119e-01	-4.823925e-01	-4.856442e-01	9.009475e-02	9.333066e-02	7.674748e-03	4.506053e-03
1.912046e-02	-4.824119e-01	-4.823925e-01	-4.856442e-01	9.009476e-02	9.333067e-02	7.674750e-03	4.461752e-03
1.910220e-02	-4.824119e-01	-4.823925e-01	-4.856442e-01	9.009477e-02	9.333068e-02	7.674751e-03	4.418039e-03
1.908397e-02	-4.824119e-01	-4.823925e-01	-4.856442e-01	9.009478e-02	9.333069e-02	7.674753e-03	4.374468e-03
1.906578e-02	-4.824119e-01	-4.823925e-01	-4.856442e-01	9.009478e-02	9.333070e-02	7.674754e-03	4.331673e-03
1.904762e-02	-4.824119e-01	-4.823925e-01	-4.856442e-01	9.009479e-02	9.333071e-02	7.674755e-03	4.289369e-03
1.902950e-02	-4.824119e-01	-4.823925e-01	-4.856442e-01	9.009480e-02	9.333071e-02	7.674757e-03	4.246942e-03
1.901141e-02	-4.824119e-01	-4.823925e-01	-4.856442e-01	9.009481e-02	9.333072e-02	7.674758e-03	4.205338e-03
1.899335e-02	-4.824119e-01	-4.823925e-01	-4.856442e-01	9.009482e-02	9.333073e-02	7.674759e-03	4.164182e-03
1.897533e-02	-4.824119e-01	-4.823925e-01	-4.856442e-01	9.009483e-02	9.333074e-02	7.674761e-03	4.123094e-03
1.895735e-02	-4.824119e-01	-4.823925e-01	-4.856442e-01	9.009484e-02	9.333075e-02	7.674762e-03	4.082554e-03
1.893939e-02	-4.824119e-01	-4.823925e-01	-4.856442e-01	9.009484e-02	9.333076e-02	7.674763e-03	4.042688e-03
1.892148e-02	-4.824119e-01	-4.823925e-01	-4.856442e-01	9.009485e-02	9.333076e-02	7.674765e-03	4.002927e-03
1.890359e-02	-4.824119e-01	-4.823925e-01	-4.856442e-01	9.009486e-02	9.333077e-02	7.674766e-03	3.963578e-03
1.888574e-02	-4.824119e-01	-4.823925e-01	-4.856442e-01	9.009487e-02	9.333078e-02	7.674767e-03	3.924519e-03
1.886792e-02	-4.824119e-01	-4.823925e-01	-4.856442e-01	9.009487e-02	9.333079e-02	7.674768e-03	3.886127e-03
1.885014e-02	-4.824119e-01	-4.823925e-01	-4.856442e-01	9.009488e-02	9.333080e-02	7.674769e-03	3.847918e-03
1.883239e-02	-4.824119e-01	-4.823925e-01	-4.856442e-01	9.009489e-02	9.333080e-02	7.674771e-03	3.809922e-03
1.881468e-02	-4.824119e-01	-4.823925e-01	-4.856442e-01	9.009490e-02	9.333081e-02	7.674772e-03	3.772629e-03
1.879699e-02	-4.824119e-01	-4.823925e-01	-4.856442e-01	9.009491e-02	9.333082e-02	7.674773e-03	3.735689e-03
1.877934e-02	-4.824120e-01	-4.823925e-01	-4.856442e-01	9.009491e-02	9.333083e-02	7.674774e-03	3.698805e-03
1.876173e-02	-4.824120e-01	-4.823925e-01	-4.856442e-01	9.009492e-02	9.333083e-02	7.674775e-03	3.662516e-03
1.874414e-02	-4.824120e-01	-4.823925e-01	-4.856442e-01	9.009493e-02	9.333084e-02	7.674776e-03	3.626551e-03
1.872659e-02	-4.824120e-01	-4.823925e-01	-4.856442e-01	9.009493e-02	9.333085e-02	7.674778e-03	3.590876e-03
1.870907e-02	-4.824120e-01	-4.823925e-01	-4.856442e-01	9.009494e-02	9.333085e-02	7.674779e-03	3.555387e-03
1.869159e-02	-4.824120e-01	-4.823925e-01	-4.856442e-01	9.009495e-02	9.333086e-02	7.674780e-03	3.520706e-03
1.867414e-02	-4.824120e-01	-4.823925e-01	-4.856442e-01	9.009495e-02	9.333087e-02	7.674781e-03	3.485898e-03
1.865672e-02	-4.824120e-01	-4.823925e-01	-4.856442e-01	9.009496e-02	9.333087e-02	7.674782e-03	3.451600e-03
1.863933e-02	-4.824120e-01	-4.823925e-01	-4.856442e-01	9.009497e-02	9.333088e-02	7.674783e-03	3.417906e-03
1.862197e-02	-4.824120e-01	-4.823925e-01	-4.856442e-01	9.009497e-02	9.333089e-02	7.674784e-03	3.384209e-03
1.860465e-02	-4.824120e-01	-4.823925e-01	-4.856442e-01	9.009498e-02	9.333089e-02	7.674785e-03	3.350929e-03
1.858736e-02	-4.824120e-01	-4.823925e-01	-4.856442e-01	9.009499e-02	9.333090e-02	7.674786e-03	3.317786e-03
1.857010e-02	-4.824120e-01	-4.823925e-01	-4.856442e-01	9.009499e-02	9.333091e-02	7.674787e-03	3.285343e-03
1.855288e-02	-4.824120e-01	-4.823925e-01	-4.856442e-01	9.009500e-02	9.333091e-02	7.674788e-03	3.252899e-03
1.853568e-02	-4.824120e-01	-4.823925e-01	-4.856442e-01	9.009501e-02	9.333092e-02	7.674789e-03	3.221058e-03
1.851852e-02	-4.824120e-01	-4.823925e-01	-4.856442e-01	9.009501e-02	9.333093e-02	7.674790e-03	3.189142e-03
1.850139e-02	-4.824120e-01	-4.823925e-01	-4.856442e-01	9.009502e-02	9.333093e-02	7.674791e-03	3.157951e-03
1.848429e-02	-4.824120e-01	-4.823925e-01	-4.856442e-01	9.009502e-02	9.333094e-02	7.674792e-03	3.126904e-03
1.846722e-02	-4.824120e-01	-4.823925e-01	-4.856442e-01	9.009503e-02	9.333094e-02	7.674793e-03	3.096012e-03
1.845018e-02	-4.824120e-01	-4.823925e-01	-4.856442e-01	9.009504e-02	9.333095e-02	7.674794e-03	3.065590e-03
1.843318e-02	-4.824120e-01	-4.823925e-01	-4.856442e-01	9.009504e-02	9.333096e-02	7.674795e-03	3.035439e-03
1.841621e-02	-4.824120e-01	-4.823925e-01	-4.856442e-01	9.009505e-02	9.333096e-02	7.674795e-03	3.005583e-03
1.839926e-02	-4.824120e-01	-4.823925e-01	-4.856442e-01	9.009505e-02	9.333097e-02	7.674796e-03	2.975970e-03
1.838235e-02	-4.824120e-01	-4.823925e-01	-4.856442e-01	9.009506e-02	9.333097e-02	7.674797e-03	2.946653e-03
1.836547e-02	-4.824120e-01	-4.823925e-01	-4.856442e-01	9.009507e-02	9.333098e-02	7.674798e-03	2.917689e-03
1.834862e-02	-4.824120e-01	-4.823925e-01	-4.856442e-01	9.009507e-02	9.333098e-02	7.674799e-03	2.888941e-03
1.833181e-02	-4.824120e-01	-4.823925e-01	-4.856442e-01	9.009508e-02	9.333099e-02	7.674800e-03	2.860609e-03
1.831502e-02	-4.824120e-01	-4.823925e-01	-4.856442e-01	9.009508e-02	9.333099e-02	7.674801e-03	2.832325e-03
1.829826e-02	-4.824120e-01	-4.823925e-01	-4.856442e-01	9.009509e-02	9.333100e-02	7.674801e-03	2.804402e-03
1.828154e-02	-4.824120e-01	-4.823925e-01	-4.856443e-01	9.009509e-02	9.333100e-02	7.674802e-03	2.776952e-03
1.826484e-02	-4.824120e-01	-4.823925e-01	-4.856443e-01	9.009510e-02	9.333101e-02	7.674803e-03	2.749362e-03
1.824818e-02	-4.824120e-01	-4.823925e-01	-4.856443e-01	9.009510e-02	9.333102e-02	7.674804e-03	2.722461e-03
1.823154e-02	-4.824120e-01	-4.823925e-01	-4.856443e-01	9.009511e-02	9.333102e-02	7.674805e-03	2.695594e-03
1.821494e-02	-4.824120e-01	-4.823925e-01	-4.856443e-01	9.009511e-02	9.333103e-02	7.674805e-03	2.669226e-03
1.819836e-02	-4.824120e-01	-4.823925e-01	-4.856443e-01	9.009512e-02	9.333103e-02	7.674806e-03	2.642873e-03
1.818182e-02	-4.824120e-01	-4.823925e-01	-4.856443e-01	9.009512e-02	9.333103e-02	7.674807e-03	2.616578e-03
1.816530e-02	-4.824120e-01	-4.823925e-01	-4.856443e-01	9.009513e-02	9.333104e-02	7.674808e-03	2.591113e-03
1.814882e-02	-4.824120e-01	-4.823925e-01	-4.856443e-01	9.009513e-02	9.333104e-02	7.674809e-03	2.565375e-03
1.813237e-02	-4.824120e-01	-4.823925e-01	-4.856443e-01	9.009514e-02	9.333105e-02	7.674809e-03	2.540308e-03
1.811594e-02	-4.824120e-01	-4.823925e-01	-4.856443e-01	9.009514e-02	9.333105e-02	7.674810e-03	2.515120e-03
1.809955e-02	-4.824120e-01	-4.823925e-01	-4.856443e-01	9.009515e-02	9.333106e-02	7.674811e-03	2.490476e-03
1.808318e-02	-4.824120e-01	-4.823925e-01	-4.856443e-01	9.009515e-02	9.333106e-02	7.674811e-03	2.465781e-03
1.806685e-02	-4.824120e-01	-4.823925e-01	-4.856443e-01	9.009516e-02	9.333107e-02	7.674812e-03	2.441613e-03
1.805054e-02	-4.824120e-01	-4.823925e-01	-4.856443e-01	9.009516e-02	9.333107e-02	7.674813e-03	2.417535e-03
1.803427e-02	-4.824120e-01	-4.823926e-01	-4.856443e-01	9.009516e-02	9.333108e-02	7.674814e-03	2.393660e-03
1.801802e-02	-4.824120e-01	-4.823926e-01	-4.856443e-01	9.009517e-02	9.333108e-02	7.674814e-03	2.370146e-03
1.800180e-02	-4.824120e-01	-4.823926e-01	-4.856443e-01	9.009517e-02	9.333109e-02	7.674815e-03	2.346662e-03
1.798561e-02	-4.824120e-01	-4.823926e-01	-4.856443e-01	9.009518e-02	9.333109e-02	7.674816e-03	2.323699e-03
1.796945e-02	-4.824120e-01	-4.823926e-01	-4.856443e-01	9.009518e-02	9.333109e-02	7.674816e-03	2.300766e-03
1.795332e-02	-4.824120e-01	-4.823926e-01	-4.856443e-01	9.009519e-02	9.333110e-02	7.674817e-03	2.278102e-03
1.793722e-02	-4.824120e-01	-4.823926e-01	-4.856443e-01	9.009519e-02	9.333110e-02	7.674817e-03	2.255678e-03
1.792115e-02	-4.824120e-01	-4.823926e-01	-4.856443e-01	9.009519e-02	9.333111e-02	7.674818e-03	2.233452e-03
1.790510e-02	-4.824120e-01	-4.823926e-01	-4.856443e-01	9.009520e-02	9.333111e-02	7.674819e-03	2.211238e-03
1.788909e-02	-4.824120e-01	-4.823926e-01	-4.856443e-01	9.009520e-02	9.333111e-02	7.674819e-03	2.189603e-03
1.787310e-02	-4.824120e-01	-4.823926e-01	-4.856443e-01	9.009521e-02	9.333112e-02	7.674820e-03	2.167934e-03
1.785714e-02	-4.824120e-01	-4.823926e-01	-4.856443e-01	9.009521e-02	9.333112e-02	7.674821e-03	2.146515e-03
1.784121e-02	-4.824120e-01	-4.823926e-01	-4.856443e-01	9.009521e-02	9.333113e-02	7.674821e-03	2.125417e-03
1.782531e-02	-4.824120e-01	-4.823926e-01	-4.856443e-01	9.009522e-02	9.333113e-02	7.674822e-03	2.104601e-03
1.780944e-02	-4.824120e-01	-4.823926e-01	-4.856443e-01	9.009522e-02	9.333113e-02	7.674822e-03	2.083703e-03
1.779359e-02	-4.824120e-01	-4.823926e-01	-4.856443e-01	9.009522e-02	9.333114e-02	7.674823e-03	2.063219e-03
1.777778e-02	-4.824120e-01	-4.823926e-01	-4.856443e-01	9.009523e-02	9.333114e-02	7.674824e-03	2.042844e-03
1.776199e-02	-4.824120e-01	-4.823926e-01	-4.856443e-01	9.009523e-02	9.333114e-02	7.674824e-03	2.022609e-03
1.774623e-02	-4.824120e-01	-4.823926e-01	-4.856443e-01	9.009524e-02	9.333115e-02	7.674825e-03	2.002753e-03
1.773050e-02	-4.824120e-01	-4.823926e-01	-4.856443e-01	9.009524e-02	9.333115e-02	7.674825e-03	1.983087e-03
1.771479e-02	-4.824120e-01	-4.823926e-01	-4.856443e-01	9.009524e-02	9.333116e-02	7.674826e-03	1.963587e-03
1.769912e-02	-4.824120e-01	-4.823926e-01	-4.856443e-01	9.009525e-02	9.333116e-02	7.674826e-03	1.943989e-03
1.768347e-02	-4.824120e-01	-4.823926e-01	-4.856443e-01	9.009525e-02	9.333116e-02	7.674827e-03	1.925069e-03
1.766784e-02	-4.824120e-01	-4.823926e-01	-4.856443e-01	9.009525e-02	9.333117e-02	7.674827e-03	1.905830e-03
1.765225e-02	-4.824120e-01	-4.823926e-01	-4.856443e-01	9.009526e-02	9.333117e-02	7.674828e-03	1.887275e-03
1.763668e-02	-4.824120e-01	-4.823926e-01	-4.856443e-01	9.009526e-02	9.333117e-02	7.674828e-03	1.868577e-03
1.762115e-02	-4.824120e-01	-4.823926e-01	-4.856443e-01	9.009526e-02	9.333118e-02	7.674829e-03	1.850116e-03
1.760563e-02	-4.824120e-01	-4.823926e-01	-4.856443e-01	9.009527e-02	9.333118e-02	7.674829e-03	1.831781e-03
1.759015e-02	-4.824120e-01	-4.823926e-01	-4.856443e-01	9.009527e-02	9.333118e-02	7.674830e-03	1.813932e-03
1.757469e-02	-4.824120e-01	-4.823926e-01	-4.856443e-01	9.009527e-02	9.333119e-02	7.674830e-03	1.795857e-03
1.755926e-02	-4.824120e-01	-4.823926e-01	-4.856443e-01	9.009528e-02	9.333119e-02	7.674831e-03	1.778167e-03
1.754386e-02	-4.824120e-01	-4.823926e-01	-4.856443e-01	9.009528e-02	9.333119e-02	7.674831e-03	1.760741e-03
1.752848e-02	-4.824120e-01	-4.823926e-01	-4.856443e-01	9.009528e-02	9.333119e-02	7.674832e-03	1.743244e-03
1.751313e-02	-4.824120e-01	-4.823926e-01	-4.856443e-01	9.009529e-02	9.333120e-02	7.674832e-03	1.726092e-03
1.749781e-02	-4.824120e-01	-4.823926e-01	-4.856443e-01	9.009529e-02	9.333120e-02	7.674833e-03	1.709234e-03
1.748252e-02	-4.824120e-01	-4.823926e-01	-4.856443e-01	9.009529e-02	9.333120e-02	7.674833e-03	1.692105e-03
1.746725e-02	-4.824120e-01	-4.823926e-01	-4.856443e-01	9.009529e-02	9.333121e-02	7.674834e-03	1.675595e-03
1.745201e-02	-4.824120e-01	-4.823926e-01	-4.856443e-01	9.009530e-02	9.333121e-02	7.674834e-03	1.659078e-03
1.743679e-02	-4.824120e-01	-4.823926e-01	-4.856443e-01	9.009530e-02	9.333121e-02	7.674835e-03	1.642473e-03
1.742160e-02	-4.824120e-01	-4.823926e-01	-4.856443e-01	9.009530e-02	9.333122e-02	7.674835e-03	1.626512e-03
1.740644e-02	-4.824120e-01	-4.823926e-01	-4.856443e-01	9.009531e-02	9.333122e-02	7.674835e-03	1.610383e-03
1.739130e-02	-4.824120e-01	-4.823926e-01	-4.856443e-01	9.009531e-02	9.333122e-02	7.674836e-03	1.594514e-03
1.737619e-02	-4.824120e-01	-4.823926e-01	-4.856443e-01	9.009531e-02	9.333122e-02	7.674836e-03	1.578652e-03
1.736111e-02	-4.824120e-01	-4.823926e-01	-4.856443e-01	9.009531e-02	9.333123e-02	7.674837e-03	1.563306e-03
1.734605e-02	-4.824120e-01	-4.823926e-01	-4.856443e-01	9.009532e-02	9.333123e-02	7.674837e-03	1.547910e-03
1.733102e-02	-4.824120e-01	-4.823926e-01	-4.856443e-01	9.009532e-02	9.333123e-02	7.674838e-03	1.532509e-03
1.731602e-02	-4.824120e-01	-4.823926e-01	-4.856443e-01	9.009532e-02	9.333123e-02	7.674838e-03	1.517472e-03
1.730104e-02	-4.824120e-01	-4.823926e-01	-4.856443e-01	9.009532e-02	9.333124e-02	7.674838e-03	1.502333e-03
1.728608e-02	-4.824120e-01	-4.823926e-01	-4.856443e-01	9.009533e-02	9.333124e-02	7.674839e-03	1.487561e-03
1.727116e-02	-4.824120e-01	-4.823926e-01	-4.856443e-01	9.009533e-02	9.333124e-02	7.674839e-03	1.472962e-03
1.725626e-02	-4.824121e-01	-4.823926e-01	-4.856443e-01	9.009533e-02	9.333124e-02	7.674839e-03	1.458203e-03
1.724138e-02	-4.824121e-01	-4.823926e-01	-4.856443e-01	9.009533e-02	9.333125e-02	7.674840e-03	1.444046e-03
1.722653e-02	-4.824121e-01	-4.823926e-01	-4.856443e-01	9.009534e-02	9.333125e-02	7.674840e-03	1.429831e-03
1.721170e-02	-4.824121e-01	-4.823926e-01	-4.856443e-01	9.009534e-02	9.333125e-02	7.674841e-03	1.415796e-03
1.719690e-02	-4.824121e-01	-4.823926e-01	-4.856443e-01	9.009534e-02	9.333125e-02	7.674841e-03	1.401526e-03
1.718213e-02	-4.824121e-01	-4.823926e-01	-4.856443e-01	9.009534e-02	9.333126e-02	7.674841e-03	1.387926e-03
1.716738e-02	-4.824121e-01	-4.823926e-01	-4.856443e-01	9.009535e-02	9.333126e-02	7.674842e-03	1.374102e-03
1.715266e-02	-4.824121e-01	-4.823926e-01	-4.856443e-01	9.009535e-02	9.333126e-02	7.674842e-03	1.360685e-03
1.713796e-02	-4.824121e-01	-4.823926e-01	-4.856443e-01	9.009535e-02	9.333126e-02	7.674842e-03	1.347259e-03
1.712329e-02	-4.824121e-01	-4.823926e-01	-4.856443e-01	9.009535e-02	9.333127e-02	7.674843e-03	1.333991e-03
1.710864e-02	-4.824121e-01	-4.823926e-01	-4.856443e-01	9.009536e-02	9.333127e-02	7.674843e-03	1.320560e-03
1.709402e-02	-4.824121e-01	-4.823926e-01	-4.856443e-01	9.009536e-02	9.333127e-02	7.674843e-03	1.307777e-03
1.707942e-02	-4.824121e-01	-4.823926e-01	-4.856443e-01	9.009536e-02	9.333127e-02	7.674844e-03	1.294849e-03
1.706485e-02	-4.824121e-01	-4.823926e-01	-4.856443e-01	9.009536e-02	9.333127e-02	7.674844e-03	1.282201e-03
1.705030e-02	-4.824121e-01	-4.823926e-01	-4.856443e-01	9.009536e-02	9.333128e-02	7.674844e-03	1.269389e-03
1.703578e-02	-4.824121e-01	-4.823926e-01	-4.856443e-01	9.009537e-02	9.333128e-02	7.674845e-03	1.256888e-03
1.702128e-02	-4.824121e-01	-4.823926e-01	-4.856443e-01	9.009537e-02	9.333128e-02	7.674845e-03	1.244478e-03
1.700680e-02	-4.824121e-01	-4.823926e-01	-4.856443e-01	9.009537e-02	9.333128e-02	7.674845e-03	1.232284e-03
1.699235e-02	-4.824121e-01	-4.823926e-01	-4.856443e-01	9.009537e-02	9.333129e-02	7.674846e-03	1.220180e-03
1.697793e-02	-4.824121e-01	-4.823926e-01	-4.856443e-01	9.009537e-02	9.333129e-02	7.674846e-03	1.207922e-03
1.696353e-02	-4.824121e-01	-4.823926e-01	-4.856443e-01	9.009538e-02	9.333129e-02	7.674846e-03	1.196251e-03
1.694915e-02	-4.824121e-01	-4.823926e-01	-4.856443e-01	9.009538e-02	9.333129e-02	7.674847e-03	1.184349e-03
1.693480e-02	-4.824121e-01	-4.823926e-01	-4.856443e-01	9.009538e-02	9.333129e-02	7.674847e-03	1.172581e-03
1.692047e-02	-4.824121e-01	-4.823926e-01	-4.856443e-01	9.009538e-02	9.333129e-02	7.674847e-03	1.161097e-03
1.690617e-02	-4.824121e-01	-4.823926e-01	-4.856443e-01	9.009538e-02	9.333130e-02	7.674848e-03	1.149564e-03
1.689189e-02	-4.824121e-01	-4.823926e-01	-4.856443e-01	9.009539e-02	9.333130e-02	7.674848e-03	1.138299e-03
1.687764e-02	-4.824121e-01	-4.823926e-01	-4.856443e-01	9.009539e-02	9.333130e-02	7.674848e-03	1.127194e-03
1.686341e-02	-4.824121e-01	-4.823926e-01	-4.856443e-01	9.009539e-02	9.333130e-02	7.674848e-03	1.116020e-03
1.684920e-02	-4.824121e-01	-4.823926e-01	-4.856443e-01	9.009539e-02	9.333130e-02	7.674849e-03	1.105042e-03
1.683502e-02	-4.824121e-01	-4.823926e-01	-4.856443e-01	9.009539e-02	9.333131e-02	7.674849e-03	1.093985e-03
1.682086e-02	-4.824121e-01	-4.823926e-01	-4.856443e-01	9.009540e-02	9.333131e-02	7.674849e-03	1.083327e-03
1.680672e-02	-4.824121e-01	-4.823926e-01	-4.856443e-01	9.009540e-02	9.333131e-02	7.674849e-03	1.072548e-03
1.679261e-02	-4.824121e-01	-4.823926e-01	-4.856443e-01	9.009540e-02	9.333131e-02	7.674850e-03	1.062162e-03
1.677852e-02	-4.824121e-01	-4.823926e-01	-4.856443e-01	9.009540e-02	9.333131e-02	7.674850e-03	1.051807e-03
1.676446e-02	-4.824121e-01	-4.823926e-01	-4.856443e-01	9.009540e-02	9.333131e-02	7.674850e-03	1.041029e-03
1.675042e-02	-4.824121e-01	-4.823926e-01	-4.856443e-01	9.009540e-02	9.333132e-02	7.674851e-03	1.030970e-03
1.673640e-02	-4.824121e-01	-4.823926e-01	-4.856443e-01	9.009541e-02	9.333132e-02	7.674851e-03	1.020722e-03
1.672241e-02	-4.824121e-01	-4.823926e-01	-4.856443e-01	9.009541e-02	9.333132e-02	7.674851e-03	1.010865e-03
1.670844e-02	-4.824121e-01	-4.823926e-01	-4.856443e-01	9.009541e-02	9.333132e-02	7.674851e-03	1.000714e-03
1.669449e-02	-4.824121e-01	-4.823926e-01	-4.856443e-01	9.009541e-02	9.333132e-02	7.674852e-03	9.908917e-04
1.668057e-02	-4.824121e-01	-4.823926e-01	-4.856443e-01	9.009541e-02	9.333132e-02	7.674852e-03	9.812410e-04
1.666667e-02	-4.824121e-01	-4.823926e-01	-4.856443e-01	9.009541e-02	9.333133e-02	7.674852e-03	9.714556e-04
1.665279e-02	-4.824121e-01	-4.823926e-01	-4.856443e-01	9.009541e-02	9.333133e-02	7.674852e-03	9.621091e-04
1.663894e-02	-4.824121e-01	-4.823926e-01	-4.856443e-01	9.009542e-02	9.333133e-02	7.674853e-03	9.524830e-04
1.662510e-02	-4.824121e-01	-4.823926e-01	-4.856443e-01	9.009542e-02	9.333133e-02	7.674853e-03	9.430410e-04
1.661130e-02	-4.824121e-01	-4.823926e-01	-4.856443e-01	9.009542e-02	9.333133e-02	7.674853e-03	9.338479e-04
1.659751e-02	-4.824121e-01	-4.823926e-01	-4.856443e-01	9.009542e-02	9.333133e-02	7.674853e-03	9.246141e-04
1.658375e-02	-4.824121e-01	-4.823926e-01	-4.856443e-01	9.009542e-02	9.333134e-02	7.674853e-03	9.156352e-04
1.657001e-02	-4.824121e-01	-4.823926e-01	-4.856443e-01	9.009542e-02	9.333134e-02	7.674854e-03	9.062748e-04
1.655629e-02	-4.824121e-01	-4.823926e-01	-4.856443e-01	9.009543e-02	9.333134e-02	7.674854e-03	8.978169e-04
1.654260e-02	-4.824121e-01	-4.823926e-01	-4.856443e-01	9.009543e-02	9.333134e-02	7.674854e-03	8.887935e-04
1.652893e-02	-4.824121e-01	-4.823926e-01	-4.856443e-01	9.009543e-02	9.333134e-02	7.674854e-03	8.799508e-04
1.651528e-02	-4.824121e-01	-4.823926e-01	-4.856443e-01	9.009543e-02	9.333134e-02	7.674855e-03	8.714775e-04
1.650165e-02	-4.824121e-01	-4.823926e-01	-4.856443e-01	9.009543e-02	9.333134e-02	7.674855e-03	8.627596e-04
1.648805e-02	-4.824121e-01	-4.823926e-01	-4.856443e-01	9.009543e-02	9.333135e-02	7.674855e-03	8.543523e-04
1.647446e-02	-4.824121e-01	-4.823926e-01	-4.856443e-01	9.009543e-02	9.333135e-02	7.674855e-03	8.459744e-04
1.646091e-02	-4.824121e-01	-4.823926e-01	-4.856443e-01	9.009544e-02	9.333135e-02	7.674855e-03	8.375927e-04
1.644737e-02	-4.824121e-01	-4.823926e-01	-4.856443e-01	9.009544e-02	9.333135e-02	7.674856e-03	8.295898e-04
1.643385e-02	-4.824121e-01	-4.823926e-01	-4.856443e-01	9.009544e-02	9.333135e-02	7.674856e-03	8.211635e-04
1.642036e-02	-4.824121e-01	-4.823926e-01	-4.856443e-01	9.009544e-02	9.333135e-02	7.674856e-03	8.131067e-04
1.640689e-02	-4.824121e-01	-4.823926e-01	-4.856443e-01	9.009544e-02	9.333135e-02	7.674856e-03	8.052671e-04
1.639344e-02	-4.824121e-01	-4.823926e-01	-4.856443e-01	9.009544e-02	9.333135e-02	7.674856e-03	7.975170e-04
1.638002e-02	-4.824121e-01	-4.823926e-01	-4.856443e-01	9.009544e-02	9.333136e-02	7.674857e-03	7.893209e-04
1.636661e-02	-4.824121e-01	-4.823926e-01	-4.856443e-01	9.009544e-02	9.333136e-02	7.674857e-03	7.818522e-04
1.635323e-02	-4.824121e-01	-4.823926e-01	-4.856443e-01	9.009545e-02	9.333136e-02	7.674857e-03	7.742390e-04
1.633987e-02	-4.824121e-01	-4.823926e-01	-4.856443e-01	9.009545e-02	9.333136e-02	7.674857e-03	7.664956e-04
1.632653e-02	-4.824121e-01	-4.823926e-01	-4.856444e-01	9.009545e-02	9.333136e-02	7.674857e-03	7.591311e-04
1.631321e-02	-4.824121e-01	-4.823926e-01	-4.856444e-01	9.009545e-02	9.333136e-02	7.674858e-03	7.518440e-04
1.629992e-02	-4.824121e-01	-4.823926e-01	-4.856444e-01	9.009545e-02	9.333136e-02	7.674858e-03	7.441259e-04
1.628664e-02	-4.824121e-01	-4.823926e-01	-4.856444e-01	9.009545e-02	9.333136e-02	7.674858e-03	7.369945e-04
1.627339e-02	-4.824121e-01	-4.823926e-01	-4.856444e-01	9.009545e-02	9.333136e-02	7.674858e-03	7.299057e-04
1.626016e-02	-4.824121e-01	-4.823926e-01	-4.856444e-01	9.009545e-02	9.333137e-02	7.674858e-03	7.226382e-04
1.624695e-02	-4.824121e-01	-4.823926e-01	-4.856444e-01	9.009545e-02	9.333137e-02	7.674858e-03	7.156327e-04
1.623377e-02	-4.824121e-01	-4.823926e-01	-4.856444e-01	9.009546e-02	9.333137e-02	7.674859e-03	7.087116e-04
1.622060e-02	-4.824121e-01	-4.823926e-01	-4.856444e-01	9.009546e-02	9.333137e-02	7.674859e-03	7.017046e-04
1.620746e-02	-4.824121e-01	-4.823926e-01	-4.856444e-01	9.009546e-02	9.333137e-02	7.674859e-03	6.950855e-04
1.619433e-02	-4.824121e-01	-4.823926e-01	-4.856444e-01	9.009546e-02	9.333137e-02	7.674859e-03	6.879999e-04
1.618123e-02	-4.824121e-01	-4.823926e-01	-4.856444e-01	9.009546e-02	9.333137e-02	7.674859e-03	6.812730e-04
1.616815e-02	-4.824121e-01	-4.823926e-01	-4.856444e-01	9.009546e-02	9.333137e-02	7.674860e-03	6.750151e-04
1.615509e-02	-4.824121e-01	-4.823926e-01	-4.856444e-01	9.009546e-02	9.333137e-02	7.674860e-03	6.679982e-04
1.614205e-02	-4.824121e-01	-4.823926e-01	-4.856444e-01	9.009546e-02	9.333138e-02	7.674860e-03	6.615776e-04
1.612903e-02	-4.824121e-01	-4.823926e-01	-4.856444e-01	9.009546e-02	9.333138e-02	7.674860e-03	6.552364e-04
1.611604e-02	-4.824121e-01	-4.823926e-01	-4.856444e-01	9.009546e-02	9.333138e-02	7.674860e-03	6.487212e-04
1.610306e-02	-4.824121e-01	-4.823926e-01	-4.856444e-01	9.009547e-02	9.333138e-02	7.674860e-03	6.424849e-04
1.609010e-02	-4.824121e-01	-4.823926e-01	-4.856444e-01	9.009547e-02	9.333138e-02	7.674861e-03	6.361776e-04
1.607717e-02	-4.824121e-01	-4.823926e-01	-4.856444e-01	9.009547e-02	9.333138e-02	7.674861e-03	6.298520e-04
1.606426e-02	-4.824121e-01	-4.823926e-01	-4.856444e-01	9.009547e-02	9.333138e-02	7.674861e-03	6.236842e-04
1.605136e-02	-4.824121e-01	-4.823926e-01	-4.856444e-01	9.009547e-02	9.333138e-02	7.674861e-03	6.178030e-04
1.603849e-02	-4.824121e-01	-4.823926e-01	-4.856444e-01	9.009547e-02	9.333138e-02	7.674861e-03	6.114519e-04
1.602564e-02	-4.824121e-01	-4.823926e-01	-4.856444e-01	9.009547e-02	9.333138e-02	7.674861e-03	6.055605e-04
1.601281e-02	-4.824121e-01	-4.823926e-01	-4.856444e-01	9.009547e-02	9.333139e-02	7.674861e-03	5.997255e-04
1.600000e-02	-4.824121e-01	-4.823926e-01	-4.856444e-01	9.009547e-02	9.333139e-02	7.674862e-03	5.938960e-04
1.598721e-02	-4.824121e-01	-4.823926e-01	-4.856444e-01	9.009547e-02	9.333139e-02	7.674862e-03	5.878833e-04
1.597444e-02	-4.824121e-01	-4.823926e-01	-4.856444e-01	9.009547e-02	9.333139e-02	7.674862e-03	5.822523e-04
1.596169e-02	-4.824121e-01	-4.823926e-01	-4.856444e-01	9.009548e-02	9.333139e-02	7.674862e-03	5.765563e-04
1.594896e-02	-4.824121e-01	-4.823926e-01	-4.856444e-01	9.009548e-02	9.333139e-02	7.674862e-03	5.707707e-04
1.593625e-02	-4.824121e-01	-4.823926e-01	-4.856444e-01	9.009548e-02	9.333139e-02	7.674862e-03	5.651882e-04
1.592357e-02	-4.824121e-01	-4.823926e-01	-4.856444e-01	9.009548e-02	9.333139e-02	7.674862e-03	5.597270e-04
1.591090e-02	-4.824121e-01	-4.823926e-01	-4.856444e-01	9.009548e-02	9.333139e-02	7.674863e-03	5.541520e-04
1.589825e-02	-4.824121e-01	-4.823926e-01	-4.856444e-01	9.009548e-02	9.333139e-02	7.674863e-03	5.489101e-04
1.588562e-02	-4.824121e-01	-4.823926e-01	-4.856444e-01	9.009548e-02	9.333139e-02	7.674863e-03	5.432913e-04
1.587302e-02	-4.824121e-01	-4.823926e-01	-4.856444e-01	9.009548e-02	9.333139e-02	7.674863e-03	5.381354e-04
1.586043e-02	-4.824121e-01	-4.823926e-01	-4.856444e-01	9.009548e-02	9.333140e-02	7.674863e-03	5.326921e-04
1.584786e-02	-4.824121e-01	-4.823926e-01	-4.856444e-01	9.009548e-02	9.333140e-02	7.674863e-03	5.275012e-04
1.583531e-02	-4.824121e-01	-4.823926e-01	-4.856444e-01	9.009548e-02	9.333140e-02	7.674863e-03	5.224685e-04
1.582278e-02	-4.824121e-01	-4.823926e-01	-4.856444e-01	9.009548e-02	9.333140e-02	7.674863e-03	5.173135e-04
1.581028e-02	-4.824121e-01	-4.823926e-01	-4.856444e-01	9.009549e-02	9.333140e-02	7.674864e-03	5.123586e-04
1.579779e-02	-4.824121e-01	-4.823926e-01	-4.856444e-01	9.009549e-02	9.333140e-02	7.674864e-03	5.070147e-04
1.578532e-02	-4.824121e-01	-4.823926e-01	-4.856444e-01	9.009549e-02	9.333140e-02	7.674864e-03	5.024459e-04
1.577287e-02	-4.824121e-01	-4.823926e-01	-4.856444e-01	9.009549e-02	9.333140e-02	7.674864e-03	4.974473e-04
1.576044e-02	-4.824121e-01	-4.823926e-01	-4.856444e-01	9.009549e-02	9.333140e-02	7.674864e-03	4.922822e-04
1.574803e-02	-4.824121e-01	-4.823926e-01	-4.856444e-01	9.009549e-02	9.333140e-02	7.674864e-03	4.877797e-04
1.573564e-02	-4.824121e-01	-4.823926e-01	-4.856444e-01	9.009549e-02	9.333140e-02	7.674864e-03	4.828916e-04
1.572327e-02	-4.824121e-01	-4.823926e-01	-4.856444e-01	9.009549e-02	9.333140e-02	7.674864e-03	4.783703e-04
1.571092e-02	-4.824121e-01	-4.823926e-01	-4.856444e-01	9.009549e-02	9.333140e-02	7.674865e-03	4.734070e-04
1.569859e-02	-4.824121e-01	-4.823926e-01	-4.856444e-01	9.009549e-02	9.333140e-02	7.674865e-03	4.690444e-04
1.568627e-02	-4.824121e-01	-4.823926e-01	-4.856444e-01	9.009549e-02	9.333141e-02	7.674865e-03	4.643013e-04
1.567398e-02	-4.824121e-01	-4.823926e-01	-4.856444e-01	9.009549e-02	9.333141e-02	7.674865e-03	4.598563e-04
1.566171e-02	-4.824121e-01	-4.823926e-01	-4.856444e-01	9.009549e-02	9.333141e-02	7.674865e-03	4.554142e-04
1.564945e-02	-4.824121e-01	-4.823926e-01	-4.856444e-01	9.009549e-02	9.333141e-02	7.674865e-03	4.510330e-04
1.563722e-02	-4.824121e-01	-4.823926e-01	-4.856444e-01	9.009550e-02	9.333141e-02	7.674865e-03	4.465923e-04
1.562500e-02	-4.824121e-01	-4.823926e-01	-4.856444e-01	9.009550e-02	9.333141e-02	7.674865e-03	4.420779e-04
1.561280e-02	-4.824121e-01	-4.823926e-01	-4.856444e-01	9.009550e-02	9.333141e-02	7.674865e-03	4.380280e-04
1.560062e-02	-4.824121e-01	-4.823926e-01	-4.856444e-01	9.009550e-02	9.333141e-02	7.674865e-03	4.338121e-04
1.558846e-02	-4.824121e-01	-4.823926e-01	-4.856444e-01	9.009550e-02	9.333141e-02	7.674866e-03	4.293756e-04
1.557632e-02	-4.824121e-01	-4.823926e-01	-4.856444e-01	9.009550e-02	9.333141e-02	7.674866e-03	4.252891e-04
1.556420e-02	-4.824121e-01	-4.823926e-01	-4.856444e-01	9.009550e-02	9.333141e-02	7.674866e-03	4.212048e-04
1.555210e-02	-4.824121e-01	-4.823926e-01	-4.856444e-01	9.009550e-02	9.333141e-02	7.674866e-03	4.172331e-04
1.554002e-02	-4.824121e-01	-4.823926e-01	-4.856444e-01	9.009550e-02	9.333141e-02	7.674866e-03	4.131204e-04
1.552795e-02	-4.824121e-01	-4.823926e-01	-4.856444e-01	9.009550e-02	9.333141e-02	7.674866e-03	4.091019e-04
1.551590e-02	-4.824121e-01	-4.823926e-01	-4.856444e-01	9.009550e-02	9.333141e-02	7.674866e-03	4.051048e-04
1.550388e-02	-4.824121e-01	-4.823926e-01	-4.856444e-01	9.009550e-02	9.333141e-02	7.674866e-03	4.014036e-04
1.549187e-02	-4.824121e-01	-4.823926e-01	-4.856444e-01	9.009550e-02	9.333142e-02	7.674866e-03	3.972300e-04
1.547988e-02	-4.824121e-01	-4.823926e-01	-4.856444e-01	9.009550e-02	9.333142e-02	7.674866e-03	3.935496e-04
1.546790e-02	-4.824121e-01	-4.823926e-01	-4.856444e-01	9.009550e-02	9.333142e-02	7.674866e-03	3.898184e-04
1.545595e-02	-4.824121e-01	-4.823926e-01	-4.856444e-01	9.009550e-02	9.333142e-02	7.674867e-03	3.859647e-04
1.544402e-02	-4.824121e-01	-4.823926e-01	-4.856444e-01	9.009550e-02	9.333142e-02	7.674867e-03	3.823671e-04
1.543210e-02	-4.824121e-01	-4.823926e-01	-4.856444e-01	9.009551e-02	9.333142e-02	7.674867e-03	3.788500e-04
1.542020e-02	-4.824121e-01	-4.823926e-01	-4.856444e-01	9.009551e-02	9.333142e-02	7.674867e-03	3.750363e-04
1.540832e-02	-4.824121e-01	-4.823926e-01	-4.856444e-01	9.009551e-02	9.333142e-02	7.674867e-03	3.712884e-04
1.539646e-02	-4.824121e-01	-4.823926e-01	-4.856444e-01	9.009551e-02	9.333142e-02	7.674867e-03	3.680792e-04
1.538462e-02	-4.824121e-01	-4.823926e-01	-4.856444e-01	9.009551e-02	9.333142e-02	7.674867e-03	3.643976e-04
1.537279e-02	-4.824121e-01	-4.823926e-01	-4.856444e-01	9.009551e-02	9.333142e-02	7.674867e-03	3.608309e-04
1.536098e-02	-4.824121e-01	-4.823926e-01	-4.856444e-01	9.009551e-02	9.333142e-02	7.674867e-03	3.575217e-04
1.534919e-02	-4.824121e-01	-4.823926e-01	-4.856444e-01	9.009551e-02	9.333142e-02	7.674867e-03	3.539791e-04
1.533742e-02	-4.824121e-01	-4.823926e-01	-4.856444e-01	9.009551e-02	9.333142e-02	7.674867e-03	3.506926e-04
1.532567e-02	-4.824121e-01	-4.823926e-01	-4.856444e-01	9.009551e-02	9.333142e-02	7.674867e-03	3.475666e-04
1.531394e-02	-4.824121e-01	-4.823926e-01	-4.856444e-01	9.009551e-02	9.333142e-02	7.674868e-03	3.439716e-04
1.530222e-02	-4.824121e-01	-4.823926e-01	-4.856444e-01	9.009551e-02	9.333142e-02	7.674868e-03	3.410587e-04
1.529052e-02	-4.824121e-01	-4.823926e-01	-4.856444e-01	9.009551e-02	9.333142e-02	7.674868e-03	3.375595e-04
1.527884e-02	-4.824121e-01	-4.823926e-01	-4.856444e-01	9.009551e-02	9.333142e-02	7.674868e-03	3.344647e-04
1.526718e-02	-4.824121e-01	-4.823926e-01	-4.856444e-01	9.009551e-02	9.333142e-02	7.674868e-03	3.312886e-04
1.525553e-02	-4.824121e-01	-4.823926e-01	-4.856444e-01	9.009551e-02	9.333143e-02	7.674868e-03	3.284533e-04
1.524390e-02	-4.824121e-01	-4.823926e-01	-4.856444e-01	9.009551e-02	9.333143e-02	7.674868e-03	3.250260e-04
1.523229e-02	-4.824121e-01	-4.823926e-01	-4.856444e-01	9.009551e-02	9.333143e-02	7.674868e-03	3.222633e-04
1.522070e-02	-4.824121e-01	-4.823926e-01	-4.856444e-01	9.009551e-02	9.333143e-02	7.674868e-03	3.190984e-04
1.520913e-02	-4.824121e-01	-4.823926e-01	-4.856444e-01	9.009551e-02	9.333143e-02	7.674868e-03	3.162742e-04
1.519757e-02	-4.824121e-01	-4.823926e-01	-4.856444e-01	9.009551e-02	9.333143e-02	7.674868e-03	3.131843e-04
1.518603e-02	-4.824121e-01	-4.823926e-01	-4.856444e-01	9.009551e-02	9.333143e-02	7.674868e-03	3.102023e-04
1.517451e-02	-4.824121e-01	-4.823926e-01	-4.856444e-01	9.009552e-02	9.333143e-02	7.674868e-03	3.077087e-04
1.516300e-02	-4.824121e-01	-4.823926e-01	-4.856444e-01	9.009552e-02	9.333143e-02	7.674868e-03	3.047319e-04
1.515152e-02	-4.824121e-01	-4.823926e-01	-4.856444e-01	9.009552e-02	9.333143e-02	7.674868e-03	3.019578e-04
1.514005e-02	-4.824121e-01	-4.823926e-01	-4.856444e-01	9.009552e-02	9.333143e-02	7.674869e-03	2.991248e-04
1.512859e-02	-4.824121e-01	-4.823926e-01	-4.856444e-01	9.009552e-02	9.333143e-02	7.674869e-03	2.965428e-04
1.511716e-02	-4.824121e-01	-4.823926e-01	-4.856444e-01	9.009552e-02	9.333143e-02	7.674869e-03	2.940192e-04
1.510574e-02	-4.824121e-01	-4.823926e-01	-4.856444e-01	9.009552e-02	9.333143e-02	7.674869e-03	2.911482e-04
1.509434e-02	-4.824121e-01	-4.823926e-01	-4.856444e-01	9.009552e-02	9.333143e-02	7.674869e-03	2.886043e-04
1.508296e-02	-4.824121e-01	-4.823926e-01	-4.856444e-01	9.009552e-02	9.333143e-02	7.674869e-03	2.860666e-04
1.507159e-02	-4.824121e-01	-4.823926e-01	-4.856444e-01	9.009552e-02	9.333143e-02	7.674869e-03	2.836605e-04
1.506024e-02	-4.824121e-01	-4.823926e-01	-4.856444e-01	9.009552e-02	9.333143e-02	7.674869e-03	2.810858e-04
1.504891e-02	-4.824121e-01	-4.823926e-01	-4.856444e-01	9.009552e-02	9.333143e-02	7.674869e-03	2.786479e-04
1.503759e-02	-4.824121e-01	-4.823926e-01	-4.856444e-01	9.009552e-02	9.333143e-02	7.674869e-03	2.763701e-04
1.502630e-02	-4.824121e-01	-4.823926e-01	-4.856444e-01	9.009552e-02	9.333143e-02	7.674869e-03	2.740317e-04
1.501502e-02	-4.824121e-01	-4.823926e-01	-4.856444e-01	9.009552e-02	9.333143e-02	7.674869e-03	2.716222e-04
1.500375e-02	-4.824121e-01	-4.823926e-01	-4.856444e-01	9.009552e-02	9.333143e-02	7.674869e-03	2.692349e-04
1.499250e-02	-4.824121e-01	-4.823926e-01	-4.856444e-01	9.009552e-02	9.333143e-02	7.674869e-03	2.671278e-04
1.498127e-02	-4.824121e-01	-4.823926e-01	-4.856444e-01	9.009552e-02	9.333143e-02	7.674869e-03	2.648565e-04
1.497006e-02	-4.824121e-01	-4.823926e-01	-4.856444e-01	9.009552e-02	9.333143e-02	7.674869e-03	2.626459e-04
1.495886e-02	-4.824121e-01	-4.823926e-01	-4.856444e-01	9.009552e-02	9.333144e-02	7.674870e-03	2.606615e-04
1.494768e-02	-4.824121e-01	-4.823926e-01	-4.856444e-01	9.009552e-02	9.333144e-02	7.674870e-03	2.584057e-04
1.493652e-02	-4.824121e-01	-4.823926e-01	-4.856444e-01	9.009552e-02	9.333144e-02	7.674870e-03	2.564685e-04
1.492537e-02	-4.824121e-01	-4.823926e-01	-4.856444e-01	9.009552e-02	9.333144e-02	7.674870e-03	2.543918e-04
1.491424e-02	-4.824121e-01	-4.823926e-01	-4.856444e-01	9.009552e-02	9.333144e-02	7.674870e-03	2.524692e-04
1.490313e-02	-4.824121e-01	-4.823926e-01	-4.856444e-01	9.009552e-02	9.333144e-02	7.674870e-03	2.505373e-04
1.489203e-02	-4.824121e-01	-4.823926e-01	-4.856444e-01	9.009552e-02	9.333144e-02	7.674870e-03	2.486091e-04
1.488095e-02	-4.824121e-01	-4.823926e-01	-4.856444e-01	9.009552e-02	9.333144e-02	7.674870e-03	2.469028e-04
1.486989e-02	-4.824121e-01	-4.823926e-01	-4.856444e-01	9.009552e-02	9.333144e-02	7.674870e-03	2.450390e-04
1.485884e-02	-4.824121e-01	-4.823926e-01	-4.856444e-01	9.009553e-02	9.333144e-02	7.674870e-03	2.433824e-04
1.484781e-02	-4.824121e-01	-4.823926e-01	-4.856444e-01	9.009553e-02	9.333144e-02	7.674870e-03	2.415035e-04
1.483680e-02	-4.824121e-01	-4.823926e-01	-4.856444e-01	9.009553e-02	9.333144e-02	7.674870e-03	2.398971e-04
1.482580e-02	-4.824121e-01	-4.823926e-01	-4.856444e-01	9.009553e-02	9.333144e-02	7.674870e-03	2.383395e-04
1.481481e-02	-4.824121e-01	-4.823926e-01	-4.856444e-01	9.009553e-02	9.333144e-02	7.674870e-03	2.366392e-04
1.480385e-02	-4.824121e-01	-4.823926e-01	-4.856444e-01	9.009553e-02	9.333144e-02	7.674870e-03	2.351742e-04
1.479290e-02	-4.824121e-01	-4.823926e-01	-4.856444e-01	9.009553e-02	9.333144e-02	7.674870e-03	2.338003e-04
1.478197e-02	-4.824121e-01	-4.823926e-01	-4.856444e-01	9.009553e-02	9.333144e-02	7.674870e-03	2.323643e-04
1.477105e-02	-4.824121e-01	-4.823926e-01	-4.856444e-01	9.009553e-02	9.333144e-02	7.674870e-03	2.309858e-04
1.476015e-02	-4.824121e-01	-4.823926e-01	-4.856444e-01	9.009553e-02	9.333144e-02	7.674870e-03	2.295946e-04
1.474926e-02	-4.824121e-01	-4.823926e-01	-4.856444e-01	9.009553e-02	9.333144e-02	7.674871e-03	2.285749e-04
1.473839e-02	-4.824121e-01	-4.823926e-01	-4.856444e-01	9.009553e-02	9.333144e-02	7.674871e-03	2.272059e-04
1.472754e-02	-4.824121e-01	-4.823926e-01	-4.856444e-01	9.009553e-02	9.333144e-02	7.674871e-03	2.259973e-04
1.471670e-02	-4.824121e-01	-4.823926e-01	-4.856444e-01	9.009553e-02	9.333144e-02	7.674871e-03	2.250547e-04
1.470588e-02	-4.824121e-01	-4.823926e-01	-4.856444e-01	9.009553e-02	9.333144e-02	7.674871e-03	2.240666e-04
1.469508e-02	-4.824121e-01	-4.823926e-01	-4.856444e-01	9.009553e-02	9.333144e-02	7.674871e-03	2.231275e-04
1.468429e-02	-4.824121e-01	-4.823926e-01	-4.856444e-01	9.009553e-02	9.333144e-02	7.674871e-03	2.223430e-04
1.467351e-02	-4.824121e-01	-4.823926e-01	-4.856444e-01	9.009553e-02	9.333144e-02	7.674871e-03	2.212176e-04
1.466276e-02	-4.824121e-01	-4.823926e-01	-4.856444e-01	9.009553e-02	9.333144e-02	7.674871e-03	2.207861e-04
1.465201e-02	-4.824121e-01	-4.823926e-01	-4.856444e-01	9.009553e-02	9.333144e-02	7.674871e-03	2.200562e-04
1.464129e-02	-4.824121e-01	-4.823926e-01	-4.856444e-01	9.009553e-02	9.333144e-02	7.674871e-03	2.194082e-04
1.463058e-02	-4.824121e-01	-4.823926e-01	-4.856444e-01	9.009553e-02	9.333144e-02	7.674871e-03	2.187895e-04
1.461988e-02	-4.824121e-01	-4.823926e-01	-4.856444e-01	9.009553e-02	9.333144e-02	7.674871e-03	2.188012e-04
1.460920e-02	-4.824121e-01	-4.823926e-01	-4.856444e-01	9.009553e-02	9.333144e-02	7.674871e-03	2.180239e-04
1.459854e-02	-4.824121e-01	-4.823926e-01	-4.856444e-01	9.009553e-02	9.333144e-02	7.674871e-03	2.180251e-04
1.458789e-02	-4.824121e-01	-4.823926e-01	-4.856444e-01	9.009553e-02	9.333144e-02	7.674871e-03	2.175342e-04
1.457726e-02	-4.824121e-01	-4.823926e-01	-4.856444e-01	9.009553e-02	9.333144e-02	7.674871e-03	2.174959e-04
1.456664e-02	-4.824121e-01	-4.823926e-01	-4.856444e-01	9.009553e-02	9.333145e-02	7.674871e-03	2.174460e-04
1.455604e-02	-4.824121e-01	-4.823926e-01	-4.856444e-01	9.009553e-02	9.333145e-02	7.674871e-03	2.176207e-04
1.454545e-02	-4.824121e-01	-4.823926e-01	-4.856444e-01	9.009553e-02	9.333145e-02	7.674871e-03	2.175023e-04
1.453488e-02	-4.824121e-01	-4.823926e-01	-4.856444e-01	9.009553e-02	9.333145e-02	7.674871e-03	2.179049e-04
1.452433e-02	-4.824121e-01	-4.823926e-01	-4.856444e-01	9.009553e-02	9.333145e-02	7.674871e-03	2.181463e-04
1.451379e-02	-4.824121e-01	-4.823926e-01	-4.856444e-01	9.009553e-02	9.333145e-02	7.674871e-03	2.180369e-04
1.450326e-02	-4.824121e-01	-4.823926e-01	-4.856444e-01	9.009553e-02	9.333145e-02	7.674871e-03	2.185967e-04
1.449275e-02	-4.824121e-01	-4.823926e-01	-4.856444e-01	9.009553e-02	9.333145e-02	7.674871e-03	2.190410e-04
1.448226e-02	-4.824121e-01	-4.823926e-01	-4.856444e-01	9.009553e-02	9.333145e-02	7.674872e-03	2.194507e-04
1.447178e-02	-4.824121e-01	-4.823926e-01	-4.856444e-01	9.009553e-02	9.333145e-02	7.674872e-03	2.198012e-04
1.446132e-02	-4.824121e-01	-4.823926e-01	-4.856444e-01	9.009553e-02	9.333145e-02	7.674872e-03	2.203070e-04
1.445087e-02	-4.824121e-01	-4.823926e-01	-4.856444e-01	9.009553e-02	9.333145e-02	7.674872e-03	2.206556e-04
1.444043e-02	-4.824121e-01	-4.823926e-01	-4.856444e-01	9.009554e-02	9.333145e-02	7.674872e-03	2.211355e-04
1.443001e-02	-4.824121e-01	-4.823926e-01	-4.856444e-01	9.009554e-02	9.333145e-02	7.674872e-03	2.213812e-04
1.441961e-02	-4.824121e-01	-4.823926e-01	-4.856444e-01	9.009554e-02	9.333145e-02	7.674872e-03	2.221765e-04
1.440922e-02	-4.824121e-01	-4.823926e-01	-4.856444e-01	9.009554e-02	9.333145e-02	7.674872e-03	2.224340e-04
1.439885e-02	-4.824121e-01	-4.823926e-01	-4.856444e-01	9.009554e-02	9.333145e-02	7.674872e-03	2.228341e-04
1.438849e-02	-4.824121e-01	-4.823926e-01	-4.856444e-01	9.009554e-02	9.333145e-02	7.674872e-03	2.232265e-04
1.437815e-02	-4.824121e-01	-4.823926e-01	-4.856444e-01	9.009554e-02	9.333145e-02	7.674872e-03	2.233306e-04
1.436782e-02	-4.824121e-01	-4.823926e-01	-4.856444e-01	9.009554e-02	9.333145e-02	7.674872e-03	2.234342e-04
1.435750e-02	-4.824121e-01	-4.823926e-01	-4.856444e-01	9.009554e-02	9.333145e-02	7.674872e-03	2.235375e-04
1.434720e-02	-4.824121e-01	-4.823926e-01	-4.856444e-01	9.009554e-02	9.333145e-02	7.674872e-03	2.233588e-04
1.433692e-02	-4.824121e-01	-4.823926e-01	-4.856444e-01	9.009554e-02	9.333145e-02	7.674872e-03	2.233364e-04
1.432665e-02	-4.824121e-01	-4.823926e-01	-4.856444e-01	9.009554e-02	9.333145e-02	7.674872e-03	2.232718e-04
1.431639e-02	-4.824121e-01	-4.823926e-01	-4.856444e-01	9.009554e-02	9.333145e-02	7.674872e-03	2.227265e-04
1.430615e-02	-4.824121e-01	-4.823926e-01	-4.856444e-01	9.009554e-02	9.333145e-02	7.674872e-03	2.223428e-04
1.429593e-02	-4.824121e-01	-4.823926e-01	-4.856444e-01	9.009554e-02	9.333145e-02	7.674872e-03	2.217403e-04
1.428571e-02	-4.824121e-01	-4.823926e-01	-4.856444e-01	9.009554e-02	9.333145e-02	7.674872e-03	2.206620e-04
1.427552e-02	-4.824121e-01	-4.823926e-01	-4.856444e-01	9.009554e-02	9.333145e-02	7.674872e-03	2.202968e-04
1.426534e-02	-4.824121e-01	-4.823926e-01	-4.856444e-01	9.009554e-02	9.333145e-02	7.674872e-03	2.190918e-04
1.425517e-02	-4.824121e-01	-4.823926e-01	-4.856444e-01	9.009554e-02	9.333145e-02	7.674872e-03	2.182128e-04
1.424501e-02	-4.824121e-01	-4.823926e-01	-4.856444e-01	9.009554e-02	9.333145e-02	7.674872e-03	2.166611e-04
1.423488e-02	-4.824121e-01	-4.823926e-01	-4.856444e-01	9.009554e-02	9.333145e-02	7.674872e-03	2.153260e-04
1.422475e-02	-4.824121e-01	-4.823926e-01	-4.856444e-01	9.009554e-02	9.333145e-02	7.674872e-03	2.140117e-04
1.421464e-02	-4.824121e-01	-4.823926e-01	-4.856444e-01	9.009554e-02	9.333145e-02	7.674872e-03	2.125889e-04
1.420455e-02	-4.824121e-01	-4.823926e-01	-4.856444e-01	9.009554e-02	9.333145e-02	7.674872e-03	2.105698e-04
1.419446e-02	-4.824121e-01	-4.823926e-01	-4.856444e-01	9.009554e-02	9.333145e-02	7.674872e-03	2.088772e-04
1.418440e-02	-4.824121e-01	-4.823926e-01	-4.856444e-01	9.009554e-02	9.333145e-02	7.674872e-03	2.067780e-04
1.417434e-02	-4.824121e-01	-4.823926e-01	-4.856444e-01	9.009554e-02	9.333145e-02	7.674872e-03	2.053087e-04
1.416431e-02	-4.824121e-01	-4.823926e-01	-4.856444e-01	9.009554e-02	9.333145e-02	7.674872e-03	2.031207e-04
1.415428e-02	-4.824121e-01	-4.823926e-01	-4.856444e-01	9.009554e-02	9.333145e-02	7.674872e-03	2.011472e-04
1.414427e-02	-4.824121e-01	-4.823926e-01	-4.856444e-01	9.009554e-02	9.333145e-02	7.674872e-03	1.992470e-04
1.413428e-02	-4.824121e-01	-4.823926e-01	-4.856444e-01	9.009554e-02	9.333145e-02	7.674872e-03	1.966865e-04
1.412429e-02	-4.824121e-01	-4.823926e-01	-4.856444e-01	9.009554e-02	9.333145e-02	7.674872e-03	1.949957e-04
1.411433e-02	-4.824121e-01	-4.823926e-01	-4.856444e-01	9.009554e-02	9.333145e-02	7.674872e-03	1.922438e-04
1.410437e-02	-4.824121e-01	-4.823926e-01	-4.856444e-01	9.009554e-02	9.333145e-02	7.674872e-03	1.905664e-04
1.409443e-02	-4.824121e-01	-4.823926e-01	-4.856444e-01	9.009554e-02	9.333145e-02	7.674872e-03	1.882400e-04
1.408451e-02	-4.824121e-01	-4.823926e-01	-4.856444e-01	9.009554e-02	9.333145e-02	7.674872e-03	1.858262e-04
1.407460e-02	-4.824121e-01	-4.823926e-01	-4.856444e-01	9.009554e-02	9.333145e-02	7.674872e-03	1.838756e-04
1.406470e-02	-4.824121e-01	-4.823926e-01	-4.856444e-01	9.009554e-02	9.333145e-02	7.674872e-03	1.814678e-04
1.405481e-02	-4.824121e-01	-4.823926e-01	-4.856444e-01	9.009554e-02	9.333145e-02	7.674872e-03	1.794211e-04
1.404494e-02	-4.824121e-01	-4.823926e-01	-4.856444e-01	9.009554e-02	9.333145e-02	7.674872e-03	1.769848e-04
1.403509e-02	-4.824121e-01	-4.823926e-01	-4.856444e-01	9.009554e-02	9.333145e-02	7.674872e-03	1.750057e-04
1.402525e-02	-4.824121e-01	-4.823926e-01	-4.856444e-01	9.009554e-02	9.333146e-02	7.674872e-03	1.730118e-04
1.401542e-02	-4.824121e-01	-4.823926e-01	-4.856444e-01	9.009554e-02	9.333146e-02	7.674872e-03	1.708845e-04
1.400560e-02	-4.824121e-01	-4.823926e-01	-4.856444e-01	9.009554e-02	9.333146e-02	7.674872e-03	1.689217e-04
1.399580e-02	-4.824121e-01	-4.823926e-01	-4.856444e-01	9.009554e-02	9.333146e-02	7.674872e-03	1.666744e-04
1.398601e-02	-4.824121e-01	-4.823926e-01	-4.856444e-01	9.009554e-02	9.333146e-02	7.674873e-03	1.647021e-04
1.397624e-02	-4.824121e-01	-4.823926e-01	-4.856444e-01	9.009554e-02	9.333146e-02	7.674873e-03	1.625958e-04
1.396648e-02	-4.824121e-01	-4.823926e-01	-4.856444e-01	9.009554e-02	9.333146e-02	7.674873e-03	1.607861e-04
1.395673e-02	-4.824121e-01	-4.823926e-01	-4.856444e-01	9.009554e-02	9.333146e-02	7.674873e-03	1.588776e-04
1.394700e-02	-4.824121e-01	-4.823926e-01	-4.856444e-01	9.009554e-02	9.333146e-02	7.674873e-03	1.570567e-04
1.393728e-02	-4.824121e-01	-4.823926e-01	-4.856444e-01	9.009554e-02	9.333146e-02	7.674873e-03	1.552216e-04
1.392758e-02	-4.824121e-01	-4.823926e-01	-4.856444e-01	9.009554e-02	9.333146e-02	7.674873e-03	1.533105e-04
1.391788e-02	-4.824121e-01	-4.823926e-01	-4.856444e-01	9.009554e-02	9.333146e-02	7.674873e-03	1.513144e-04
1.390821e-02	-4.824121e-01	-4.823926e-01	-4.856444e-01	9.009554e-02	9.333146e-02	7.674873e-03	1.498971e-04
1.389854e-02	-4.824121e-01	-4.823926e-01	-4.856444e-01	9.009554e-02	9.333146e-02	7.674873e-03	1.483136e-04
1.388889e-02	-4.824121e-01	-4.823926e-01	-4.856444e-01	9.009554e-02	9.333146e-02	7.674873e-03	1.461594e-04
1.387925e-02	-4.824121e-01	-4.823926e-01	-4.856444e-01	9.009554e-02	9.333146e-02	7.674873e-03	1.448458e-04
1.386963e-02	-4.824121e-01	-4.823926e-01	-4.856444e-01	9.009554e-02	9.333146e-02	7.674873e-03	1.431409e-04
1.386001e-02	-4.824121e-01	-4.823926e-01	-4.856444e-01	9.009554e-02	9.333146e-02	7.674873e-03	1.415256e-04
1.385042e-02	-4.824121e-01	-4.823926e-01	-4.856444e-01	9.009554e-02	9.333146e-02	7.674873e-03	1.396150e-04
1.384083e-02	-4.824121e-01	-4.823926e-01	-4.856444e-01	9.009554e-02	9.333146e-02	7.674873e-03	1.381320e-04
1.383126e-02	-4.824121e-01	-4.823926e-01	-4.856444e-01	9.009554e-02	9.333146e-02	7.674873e-03	1.365672e-04
1.382170e-02	-4.824121e-01	-4.823926e-01	-4.856444e-01	9.009554e-02	9.333146e-02	7.674873e-03	1.351970e-04
1.381215e-02	-4.824121e-01	-4.823926e-01	-4.856444e-01	9.009554e-02	9.333146e-02	7.674873e-03	1.334442e-04
1.380262e-02	-4.824121e-01	-4.823926e-01	-4.856444e-01	9.009554e-02	9.333146e-02	7.674873e-03	1.317190e-04
1.379310e-02	-4.824121e-01	-4.823926e-01	-4.856444e-01	9.009554e-02	9.333146e-02	7.674873e-03	1.304517e-04
1.378360e-02	-4.824121e-01	-4.823926e-01	-4.856444e-01	9.009554e-02	9.333146e-02	7.674873e-03	1.287019e-04
1.377410e-02	-4.824121e-01	-4.823926e-01	-4.856444e-01	9.009554e-02	9.333146e-02	7.674873e-03	1.272016e-04
1.376462e-02	-4.824121e-01	-4.823926e-01	-4.856444e-01	9.009554e-02	9.333146e-02	7.674873e-03	1.256157e-04
1.375516e-02	-4.824121e-01	-4.823926e-01	-4.856444e-01	9.009554e-02	9.333146e-02	7.674873e-03	1.240702e-04
1.374570e-02	-4.824121e-01	-4.823926e-01	-4.856444e-01	9.009554e-02	9.333146e-02	7.674873e-03	1.223727e-04
1.373626e-02	-4.824121e-01	-4.823926e-01	-4.856444e-01	9.009554e-02	9.333146e-02	7.674873e-03	1.213389e-04
1.372684e-02	-4.824121e-01	-4.823926e-01	-4.856444e-01	9.009554e-02	9.333146e-02	7.674873e-03	1.194633e-04
1.371742e-02	-4.824121e-01	-4.823926e-01	-4.856444e-01	9.009554e-02	9.333146e-02	7.674873e-03	1.181773e-04
1.370802e-02	-4.824121e-01	-4.823926e-01	-4.856444e-01	9.009554e-02	9.333146e-02	7.674873e-03	1.170387e-04
1.369863e-02	-4.824121e-01	-4.823926e-01	-4.856444e-01	9.009554e-02	9.333146e-02	7.674873e-03	1.151030e-04
1.368925e-02	-4.824121e-01	-4.823926e-01	-4.856444e-01	9.009554e-02	9.333146e-02	7.674873e-03	1.142051e-04
1.367989e-02	-4.824121e-01	-4.823926e-01	-4.856444e-01	9.009554e-02	9.333146e-02	7.674873e-03	1.127334e-04
1.367054e-02	-4.824121e-01	-4.823926e-01	-4.856444e-01	9.009554e-02	9.333146e-02	7.674874e-03	1.115098e-04
1.366120e-02	-4.824121e-01	-4.823926e-01	-4.856444e-01	9.009554e-02	9.333146e-02	7.674874e-03	1.100450e-04
1.365188e-02	-4.824121e-01	-4.823926e-01	-4.856444e-01	9.009554e-02	9.333146e-02	7.674874e-03	1.091340e-04
1.364256e-02	-4.824121e-01	-4.823926e-01	-4.856444e-01	9.009554e-02	9.333146e-02	7.674874e-03	1.078995e-04
1.363327e-02	-4.824121e-01	-4.823926e-01	-4.856444e-01	9.009554e-02	9.333146e-02	7.674874e-03	1.067898e-04
1.362398e-02	-4.824121e-01	-4.823926e-01	-4.856444e-01	9.009554e-02	9.333146e-02	7.674874e-03	1.055206e-04
1.361470e-02	-4.824121e-01	-4.823926e-01	-4.856444e-01	9.009554e-02	9.333146e-02	7.674874e-03	1.046309e-04
1.360544e-02	-4.824121e-01	-4.823926e-01	-4.856444e-01	9.009554e-02	9.333146e-02	7.674874e-03	1.034253e-04
1.359619e-02	-4.824121e-01	-4.823926e-01	-4.856444e-01	9.009554e-02	9.333146e-02	7.674874e-03	1.023669e-04
1.358696e-02	-4.824121e-01	-4.823926e-01	-4.856444e-01	9.009554e-02	9.333146e-02	7.674874e-03	1.015454e-04
1.357773e-02	-4.824121e-01	-4.823926e-01	-4.856444e-01	9.009554e-02	9.333146e-02	7.674874e-03	1.005210e-04
1.356852e-02	-4.824121e-01	-4.823926e-01	-4.856444e-01	9.009554e-02	9.333146e-02	7.674874e-03	9.958611e-05
1.355932e-02	-4.824121e-01	-4.823926e-01	-4.856444e-01	9.009554e-02	9.333146e-02	7.674874e-03	9.857424e-05
1.355014e-02	-4.824121e-01	-4.823926e-01	-4.856444e-01	9.009554e-02	9.333146e-02	7.674874e-03	9.750672e-05
1.354096e-02	-4.824121e-01	-4.823926e-01	-4.856444e-01	9.009554e-02	9.333146e-02	7.674874e-03	9.708086e-05
1.353180e-02	-4.824121e-01	-4.823926e-01	-4.856444e-01	9.009554e-02	9.333146e-02	7.674874e-03	9.605134e-05
1.352265e-02	-4.824121e-01	-4.823926e-01	-4.856444e-01	9.009554e-02	9.333146e-02	7.674874e-03	9.532962e-05
1.351351e-02	-4.824121e-01	-4.823926e-01	-4.856444e-01	9.009554e-02	9.333146e-02	7.674874e-03	9.454965e-05
1.350439e-02	-4.824121e-01	-4.823926e-01	-4.856444e-01	9.009554e-02	9.333146e-02	7.674874e-03	9.375796e-05
1.349528e-02	-4.824121e-01	-4.823926e-01	-4.856444e-01	9.009554e-02	9.333146e-02	7.674874e-03	9.305127e-05
1.348618e-02	-4.824121e-01	-4.823926e-01	-4.856444e-01	9.009555e-02	9.333146e-02	7.674874e-03	9.238304e-05
1.347709e-02	-4.824121e-01	-4.823926e-01	-4.856444e-01	9.009555e-02	9.333146e-02	7.674874e-03	9.169397e-05
1.346801e-02	-4.824121e-01	-4.823926e-01	-4.856444e-01	9.009555e-02	9.333146e-02	7.674874e-03	9.099653e-05
1.345895e-02	-4.824121e-01	-4.823926e-01	-4.856444e-01	9.009555e-02	9.333146e-02	7.674874e-03	9.039424e-05
1.344990e-02	-4.824121e-01	-4.823926e-01	-4.856444e-01	9.009555e-02	9.333146e-02	7.674874e-03	9.011374e-05
1.344086e-02	-4.824121e-01	-4.823926e-01	-4.856444e-01	9.009555e-02	9.333146e-02	7.674874e-03	8.931935e-05
1.343183e-02	-4.824121e-01	-4.823926e-01	-4.856444e-01	9.009555e-02	9.333146e-02	7.674874e-03	8.881245e-05
1.342282e-02	-4.824121e-01	-4.823926e-01	-4.856444e-01	9.009555e-02	9.333146e-02	7.674874e-03	8.836389e-05
1.341382e-02	-4.824121e-01	-4.823926e-01	-4.856444e-01	9.009555e-02	9.333146e-02	7.674874e-03	8.775277e-05
1.340483e-02	-4.824121e-01	-4.823926e-01	-4.856444e-01	9.009555e-02	9.333146e-02	7.674874e-03	8.763326e-05
1.339585e-02	-4.824121e-01	-4.823926e-01	-4.856444e-01	9.009555e-02	9.333146e-02	7.674874e-03	8.724078e-05
1.338688e-02	-4.824121e-01	-4.823926e-01	-4.856444e-01	9.009555e-02	9.333146e-02	7.674874e-03	8.646637e-05
1.337793e-02	-4.824121e-01	-4.823926e-01	-4.856444e-01	9.009555e-02	9.333146e-02	7.674874e-03	8.655358e-05
1.336898e-02	-4.824121e-01	-4.823926e-01	-4.856444e-01	9.009555e-02	9.333146e-02	7.674874e-03	8.610648e-05
1.336005e-02	-4.824121e-01	-4.823926e-01	-4.856444e-01	9.009555e-02	9.333146e-02	7.674874e-03	8.609424e-05
1.335113e-02	-4.824121e-01	-4.823926e-01	-4.856444e-01	9.009554e-02	9.333146e-02	7.674874e-03	8.554920e-05
1.334223e-02	-4.824121e-01	-4.823926e-01	-4.856444e-01	9.009554e-02	9.333146e-02	7.674874e-03	8.564749e-05
1.333333e-02	-4.824121e-01	-4.823926e-01	-4.856444e-01	9.009554e-02	9.333146e-02	7.674874e-03	8.532695e-05
1.332445e-02	-4.824121e-01	-4.823926e-01	-4.856444e-01	9.009554e-02	9.333146e-02	7.674874e-03	8.503093e-05
1.331558e-02	-4.824121e-01	-4.823926e-01	-4.856444e-01	9.009554e-02	9.333146e-02	7.674874e-03	8.537831e-05
1.330672e-02	-4.824121e-01	-4.823926e-01	-4.856444e-01	9.009554e-02	9.333146e-02	7.674874e-03	8.528979e-05
1.329787e-02	-4.824121e-01	-4.823926e-01	-4.856444e-01	9.009554e-02	9.333146e-02	7.674874e-03	8.529724e-05
1.328904e-02	-4.824121e-01	-4.823926e-01	-4.856444e-01	9.009554e-02	9.333146e-02	7.674874e-03	8.515642e-05
1.328021e-02	-4.824121e-01	-4.823926e-01	-4.856444e-01	9.009554e-02	9.333146e-02	7.674874e-03	8.533730e-05
1.327140e-02	-4.824121e-01	-4.823926e-01	-4.856444e-01	9.009554e-02	9.333146e-02	7.674874e-03	8.545713e-05
1.326260e-02	-4.824121e-01	-4.823926e-01	-4.856444e-01	9.009554e-02	9.333146e-02	7.674874e-03	8.568368e-05
1.325381e-02	-4.824121e-01	-4.823926e-01	-4.856444e-01	9.009554e-02	9.333146e-02	7.674874e-03	8.596563e-05
1.324503e-02	-4.824121e-01	-4.823926e-01	-4.856444e-01	9.009554e-02	9.333146e-02	7.674874e-03	8.624810e-05
1.323627e-02	-4.824121e-01	-4.823926e-01	-4.856444e-01	9.009554e-02	9.333146e-02	7.674874e-03	8.641753e-05
1.322751e-02	-4.824121e-01	-4.823926e-01	-4.856444e-01	9.009554e-02	9.333146e-02	7.674874e-03	8.709074e-05
1.321877e-02	-4.824121e-01	-4.823926e-01	-4.856444e-01	9.009554e-02	9.333146e-02	7.674874e-03	8.748249e-05
1.321004e-02	-4.824121e-01	-4.823926e-01	-4.856444e-01	9.009554e-02	9.333146e-02	7.674874e-03	8.800209e-05
1.320132e-02	-4.824121e-01	-4.823926e-01	-4.856444e-01	9.009554e-02	9.333146e-02	7.674874e-03	8.870549e-05
1.319261e-02	-4.824121e-01	-4.823926e-01	-4.856444e-01	9.009554e-02	9.333146e-02	7.674874e-03	8.955095e-05
1.318392e-02	-4.824121e-01	-4.823926e-01	-4.856444e-01	9.009554e-02	9.333146e-02	7.674874e-03	9.018585e-05
1.317523e-02	-4.824121e-01	-4.823926e-01	-4.856444e-01	9.009554e-02	9.333146e-02	7.674874e-03	9.155570e-05
1.316656e-02	-4.824121e-01	-4.823926e-01	-4.856444e-01	9.009554e-02	9.333146e-02	7.674874e-03	9.242397e-05
1.315789e-02	-4.824121e-01	-4.823926e-01	-4.856444e-01	9.009554e-02	9.333146e-02	7.674874e-03	9.363246e-05
1.314924e-02	-4.824121e-01	-4.823926e-01	-4.856444e-01	9.009554e-02	9.333146e-02	7.674874e-03	9.549813e-05
1.314060e-02	-4.824121e-01	-4.823926e-01	-4.856444e-01	9.009554e-02	9.333146e-02	7.674874e-03	9.696685e-05
1.313198e-02	-4.824121e-01	-4.823926e-01	-4.856444e-01	9.009554e-02	9.333146e-02	7.674874e-03	9.869299e-05
1.312336e-02	-4.824121e-01	-4.823926e-01	-4.856444e-01	9.009554e-02	9.333146e-02	7.674874e-03	1.007139e-04
1.311475e-02	-4.824121e-01	-4.823926e-01	-4.856444e-01	9.009554e-02	9.333146e-02	7.674874e-03	1.031066e-04
1.310616e-02	-4.824121e-01	-4.823926e-01	-4.856444e-01	9.009554e-02	9.333146e-02	7.674874e-03	1.054095e-04
1.309758e-02	-4.824121e-01	-4.823926e-01	-4.856444e-01	9.009554e-02	9.333146e-02	7.674874e-03	1.087585e-04
1.308901e-02	-4.824121e-01	-4.823926e-01	-4.856444e-01	9.009554e-02	9.333146e-02	7.674874e-03	1.113264e-04
1.308044e-02	-4.824121e-01	-4.823926e-01	-4.856444e-01	9.009554e-02	9.333146e-02	7.674874e-03	1.147945e-04
1.307190e-02	-4.824121e-01	-4.823926e-01	-4.856444e-01	9.009554e-02	9.333146e-02	7.674874e-03	1.184409e-04
1.306336e-02	-4.824121e-01	-4.823926e-01	-4.856444e-01	9.009554e-02	9.333146e-02	7.674874e-03	1.224364e-04
1.305483e-02	-4.824121e-01	-4.823926e-01	-4.856444e-01	9.009554e-02	9.333146e-02	7.674874e-03	1.267022e-04
1.304631e-02	-4.824121e-01	-4.823926e-01	-4.856444e-01	9.009554e-02	9.333146e-02	7.674874e-03	1.314029e-04
1.303781e-02	-4.824121e-01	-4.823926e-01	-4.856444e-01	9.009554e-02	9.333146e-02	7.674874e-03	1.358682e-04
1.302932e-02	-4.824121e-01	-4.823926e-01	-4.856444e-01	9.009554e-02	9.333146e-02	7.674874e-03	1.412622e-04
1.302083e-02	-4.824121e-01	-4.823926e-01	-4.856444e-01	9.009554e-02	9.333146e-02	7.674874e-03	1.468007e-04
1.301236e-02	-4.824121e-01	-4.823926e-01	-4.856444e-01	9.009554e-02	9.333146e-02	7.674874e-03	1.517791e-04
1.300390e-02	-4.824121e-01	-4.823926e-01	-4.856444e-01	9.009554e-02	9.333146e-02	7.674874e-03	1.581988e-04
1.299545e-02	-4.824121e-01	-4.823926e-01	-4.856444e-01	9.009554e-02	9.333146e-02	7.674874e-03	1.638842e-04
1.298701e-02	-4.824121e-01	-4.823926e-01	-4.856444e-01	9.009554e-02	9.333146e-02	7.674874e-03	1.695605e-04
1.297859e-02	-4.824121e-01	-4.823926e-01	-4.856444e-01	9.009554e-02	9.333146e-02	7.674874e-03	1.759192e-04
1.297017e-02	-4.824121e-01	-4.823926e-01	-4.856444e-01	9.009554e-02	9.333146e-02	7.674874e-03	1.815607e-04
1.296176e-02	-4.824121e-01	-4.823926e-01	-4.856444e-01	9.009554e-02	9.333146e-02	7.674874e-03	1.875244e-04
1.295337e-02	-4.824121e-01	-4.823926e-01	-4.856444e-01	9.009554e-02	9.333146e-02	7.674874e-03	1.931236e-04
1.294498e-02	-4.824121e-01	-4.823926e-01	-4.856444e-01	9.009554e-02	9.333146e-02	7.674874e-03	1.982687e-04
1.293661e-02	-4.824121e-01	-4.823926e-01	-4.856444e-01	9.009554e-02	9.333146e-02	7.674874e-03	2.029784e-04
1.292825e-02	-4.824121e-01	-4.823926e-01	-4.856444e-01	9.009554e-02	9.333146e-02	7.674874e-03	2.080194e-04
1.291990e-02	-4.824121e-01	-4.823926e-01	-4.856444e-01	9.009554e-02	9.333146e-02	7.674874e-03	2.115099e-04
1.291156e-02	-4.824121e-01	-4.823926e-01	-4.856444e-01	9.009554e-02	9.333146e-02	7.674874e-03	2.148588e-04
1.290323e-02	-4.824121e-01	-4.823926e-01	-4.856444e-01	9.009554e-02	9.333146e-02	7.674874e-03	2.177140e-04
1.289491e-02	-4.824121e-01	-4.823926e-01	-4.856444e-01	9.009554e-02	9.333146e-02	7.674874e-03	2.196941e-04
1.288660e-02	-4.824121e-01	-4.823926e-01	-4.856444e-01	9.009554e-02	9.333146e-02	7.674874e-03	2.211036e-04
1.287830e-02	-4.824121e-01	-4.823926e-01	-4.856444e-01	9.009554e-02	9.333146e-02	7.674874e-03	2.216628e-04
1.287001e-02	-4.824121e-01	-4.823926e-01	-4.856444e-01	9.009554e-02	9.333146e-02	7.674875e-03	2.213924e-04
1.286174e-02	-4.824121e-01	-4.823926e-01	-4.856444e-01	9.009554e-02	9.333146e-02	7.674875e-03	2.203820e-04
1.285347e-02	-4.824121e-01	-4.823926e-01	-4.856444e-01	9.009554e-02	9.333146e-02	7.674875e-03	2.190966e-04
1.284522e-02	-4.824121e-01	-4.823926e-01	-4.856444e-01	9.009554e-02	9.333146e-02	7.674875e-03	2.165947e-04
1.283697e-02	-4.824121e-01	-4.823926e-01	-4.856444e-01	9.009554e-02	9.333146e-02	7.674875e-03	2.134821e-04
1.282874e-02	-4.824121e-01	-4.823926e-01	-4.856444e-01	9.009554e-02	9.333146e-02	7.674875e-03	2.098188e-04
1.282051e-02	-4.824121e-01	-4.823926e-01	-4.856444e-01	9.009554e-02	9.333146e-02	7.674875e-03	2.059622e-04
1.281230e-02	-4.824121e-01	-4.823926e-01	-4.856444e-01	9.009554e-02	9.333146e-02	7.674875e-03	2.005717e-04
1.280410e-02	-4.824121e-01	-4.823926e-01	-4.856444e-01	9.009554e-02	9.333146e-02	7.674875e-03	1.953574e-04
1.279591e-02	-4.824121e-01	-4.823926e-01	-4.856444e-01	9.009554e-02	9.333146e-02	7.674875e-03	1.898238e-04
1.278772e-02	-4.824121e-01	-4.823926e-01	-4.856444e-01	9.009554e-02	9.333146e-02	7.674875e-03	1.842165e-04
1.277955e-02	-4.824121e-01	-4.823926e-01	-4.856444e-01	9.009554e-02	9.333146e-02	7.674875e-03	1.775990e-04
1.277139e-02	-4.824121e-01	-4.823926e-01	-4.856444e-01	9.009554e-02	9.333146e-02	7.674875e-03	1.717725e-04
1.276324e-02	-4.824121e-01	-4.823926e-01	-4.856444e-01	9.009554e-02	9.333146e-02	7.674876e-03	1.647897e-04
1.275510e-02	-4.824121e-01	-4.823926e-01	-4.856444e-01	9.009554e-02	9.333146e-02	7.674876e-03	1.590081e-04
1.274697e-02	-4.824121e-01	-4.823926e-01	-4.856444e-01	9.009554e-02	9.333146e-02	7.674876e-03	1.525465e-04
1.273885e-02	-4.824121e-01	-4.823926e-01	-4.856444e-01	9.009554e-02	9.333146e-02	7.674876e-03	1.469894e-04
1.273074e-02	-4.824121e-01	-4.823926e-01	-4.856444e-01	9.009554e-02	9.333146e-02	7.674876e-03	1.406637e-04
1.272265e-02	-4.824121e-01	-4.823926e-01	-4.856444e-01	9.009554e-02	9.333146e-02	7.674876e-03	1.350659e-04
1.271456e-02	-4.824121e-01	-4.823926e-01	-4.856444e-01	9.009554e-02	9.333146e-02	7.674876e-03	1.299776e-04
1.270648e-02	-4.824121e-01	-4.823926e-01	-4.856444e-01	9.009554e-02	9.333146e-02	7.674876e-03	1.245027e-04
1.269841e-02	-4.824121e-01	-4.823926e-01	-4.856444e-01	9.009554e-02	9.333146e-02	7.674876e-03	1.195776e-04
1.269036e-02	-4.824121e-01	-4.823926e-01	-4.856444e-01	9.009554e-02	9.333146e-02	7.674876e-03	1.154798e-04
1.268231e-02	-4.824121e-01	-4.823926e-01	-4.856444e-01	9.009554e-02	9.333146e-02	7.674877e-03	1.107634e-04
1.267427e-02	-4.824121e-01	-4.823926e-01	-4.856444e-01	9.009554e-02	9.333146e-02	7.674877e-03	1.067921e-04
1.266624e-02	-4.824121e-01	-4.823926e-01	-4.856444e-01	9.009554e-02	9.333146e-02	7.674877e-03	1.027572e-04
1.265823e-02	-4.824121e-01	-4.823926e-01	-4.856444e-01	9.009554e-02	9.333146e-02	7.674877e-03	9.933629e-05
1.265022e-02	-4.824121e-01	-4.823926e-01	-4.856444e-01	9.009554e-02	9.333146e-02	7.674877e-03	9.624743e-05
1.264223e-02	-4.824121e-01	-4.823926e-01	-4.856444e-01	9.009554e-02	9.333146e-02	7.674877e-03	9.297268e-05
1.263424e-02	-4.824121e-01	-4.823926e-01	-4.856444e-01	9.009554e-02	9.333146e-02	7.674877e-03	8.980694e-05
1.262626e-02	-4.824121e-01	-4.823926e-01	-4.856444e-01	9.009554e-02	9.333145e-02	7.674877e-03	8.687543e-05
1.261830e-02	-4.824121e-01	-4.823926e-01	-4.856444e-01	9.009554e-02	9.333145e-02	7.674877e-03	8.391131e-05
1.261034e-02	-4.824121e-01	-4.823926e-01	-4.856444e-01	9.009554e-02	9.333145e-02	7.674878e-03	8.203333e-05
1.260239e-02	-4.824121e-01	-4.823926e-01	-4.856444e-01	9.009554e-02	9.333145e-02	7.674878e-03	7.912320e-05
1.259446e-02	-4.824121e-01	-4.823926e-01	-4.856444e-01	9.009554e-02	9.333145e-02	7.674878e-03	7.686135e-05
1.258653e-02	-4.824121e-01	-4.823926e-01	-4.856444e-01	9.009554e-02	9.333145e-02	7.674878e-03	7.447161e-05
1.257862e-02	-4.824121e-01	-4.823926e-01	-4.856444e-01	9.009554e-02	9.333145e-02	7.674878e-03	7.250319e-05
1.257071e-02	-4.824121e-01	-4.823926e-01	-4.856444e-01	9.009554e-02	9.333145e-02	7.674878e-03	7.032821e-05
1.256281e-02	-4.824121e-01	-4.823926e-01	-4.856444e-01	9.009554e-02	9.333145e-02	7.674878e-03	6.822321e-05
1.255493e-02	-4.824121e-01	-4.823926e-01	-4.856444e-01	9.009554e-02	9.333145e-02	7.674878e-03	6.675827e-05
1.254705e-02	-4.824121e-01	-4.823926e-01	-4.856444e-01	9.009554e-02	9.333145e-02	7.674878e-03	6.464678e-05
1.253918e-02	-4.824121e-01	-4.823926e-01	-4.856444e-01	9.009554e-02	9.333145e-02	7.674878e-03	6.268529e-05
1.253133e-02	-4.824121e-01	-4.823926e-01	-4.856444e-01	9.009554e-02	9.333145e-02	7.674878e-03	6.110604e-05
1.252348e-02	-4.824121e-01	-4.823926e-01	-4.856444e-01	9.009554e-02	9.333145e-02	7.674879e-03	5.934147e-05
1.251564e-02	-4.824121e-01	-4.823926e-01	-4.856444e-01	9.009554e-02	9.333145e-02	7.674879e-03	5.822190e-05
1.250782e-02	-4.824121e-01	-4.823926e-01	-4.856444e-01	9.009554e-02	9.333145e-02	7.674879e-03	5.607840e-05
1.250000e-02	-4.824121e-01	-4.823926e-01	-4.856444e-01	9.009554e-02	9.333145e-02	7.674879e-03	5.493348e-05
1.249219e-02	-4.824121e-01	-4.823926e-01	-4.856444e-01	9.009554e-02	9.333145e-02	7.674879e-03	5.366536e-05
1.248439e-02	-4.824121e-01	-4.823926e-01	-4.856444e-01	9.009554e-02	9.333145e-02	7.674879e-03	5.243041e-05
1.247661e-02	-4.824121e-01	-4.823926e-01	-4.856444e-01	9.009554e-02	9.333145e-02	7.674879e-03	5.115209e-05
1.246883e-02	-4.824121e-01	-4.823926e-01	-4.856444e-01	9.009554e-02	9.333145e-02	7.674879e-03	5.000939e-05
1.246106e-02	-4.824121e-01	-4.823926e-01	-4.856444e-01	9.009554e-02	9.333145e-02	7.674879e-03	4.886005e-05
1.245330e-02	-4.824121e-01	-4.823926e-01	-4.856444e-01	9.009554e-02	9.333145e-02	7.674879e-03	4.791300e-05
1.244555e-02	-4.824121e-01	-4.823926e-01	-4.856444e-01	9.009554e-02	9.333145e-02	7.674879e-03	4.704420e-05
1.243781e-02	-4.824121e-01	-4.823926e-01	-4.856444e-01	9.009554e-02	9.333145e-02	7.674879e-03	4.575425e-05
1.243008e-02	-4.824121e-01	-4.823926e-01	-4.856444e-01	9.009554e-02	9.333145e-02	7.674879e-03	4.496132e-05
1.242236e-02	-4.824121e-01	-4.823926e-01	-4.856444e-01	9.009554e-02	9.333145e-02	7.674880e-03	4.423630e-05
1.241465e-02	-4.824121e-01	-4.823926e-01	-4.856444e-01	9.009554e-02	9.333145e-02	7.674880e-03	4.353151e-05
1.240695e-02	-4.824121e-01	-4.823926e-01	-4.856444e-01	9.009554e-02	9.333145e-02	7.674880e-03	4.266238e-05
1.239926e-02	-4.824121e-01	-4.823926e-01	-4.856444e-01	9.009554e-02	9.333145e-02	7.674880e-03	4.183906e-05
1.239157e-02	-4.824121e-01	-4.823926e-01	-4.856444e-01	9.009554e-02	9.333145e-02	7.674880e-03	4.151335e-05
1.238390e-02	-4.824121e-01	-4.823926e-01	-4.856444e-01	9.009554e-02	9.333145e-02	7.674880e-03	4.025641e-05
1.237624e-02	-4.824121e-01	-4.823926e-01	-4.856444e-01	9.009554e-02	9.333145e-02	7.674880e-03	3.978673e-05
1.236858e-02	-4.824121e-01	-4.823926e-01	-4.856444e-01	9.009554e-02	9.333145e-02	7.674880e-03	3.959075e-05
1.236094e-02	-4.824121e-01	-4.823926e-01	-4.856444e-01	9.009554e-02	9.333145e-02	7.674880e-03	3.876546e-05
1.235330e-02	-4.824121e-01	-4.823926e-01	-4.856444e-01	9.009554e-02	9.333145e-02	7.674880e-03	3.789707e-05
1.234568e-02	-4.824121e-01	-4.823926e-01	-4.856444e-01	9.009554e-02	9.333145e-02	7.674880e-03	3.805578e-05
1.233806e-02	-4.824121e-01	-4.823926e-01	-4.856444e-01	9.009554e-02	9.333145e-02	7.674880e-03	3.715059e-05
1.233046e-02	-4.824121e-01	-4.823926e-01	-4.856444e-01	9.009554e-02	9.333145e-02	7.674880e-03	3.656833e-05
1.232286e-02	-4.824121e-01	-4.823926e-01	-4.856444e-01	9.009554e-02	9.333145e-02	7.674880e-03	3.647493e-05
1.231527e-02	-4.824121e-01	-4.823926e-01	-4.856444e-01	9.009554e-02	9.333145e-02	7.674880e-03	3.579654e-05
1.230769e-02	-4.824121e-01	-4.823926e-01	-4.856444e-01	9.009554e-02	9.333145e-02	7.674880e-03	3.530027e-05
1.230012e-02	-4.824121e-01	-4.823926e-01	-4.856444e-01	9.009554e-02	9.333145e-02	7.674880e-03	3.506570e-05
1.229256e-02	-4.824121e-01	-4.823926e-01	-4.856444e-01	9.009554e-02	9.333145e-02	7.674881e-03	3.496966e-05
1.228501e-02	-4.824121e-01	-4.823926e-01	-4.856444e-01	9.009554e-02	9.333145e-02	7.674881e-03	3.394300e-05
1.227747e-02	-4.824121e-01	-4.823926e-01	-4.856444e-01	9.009554e-02	9.333145e-02	7.674881e-03	3.400733e-05
1.226994e-02	-4.824121e-01	-4.823926e-01	-4.856444e-01	9.009554e-02	9.333145e-02	7.674881e-03	3.344877e-05
1.226242e-02	-4.824121e-01	-4.823926e-01	-4.856444e-01	9.009554e-02	9.333145e-02	7.674881e-03	3.337263e-05
1.225490e-02	-4.824121e-01	-4.823926e-01	-4.856444e-01	9.009554e-02	9.333145e-02	7.674881e-03	3.266793e-05
1.224740e-02	-4.824121e-01	-4.823926e-01	-4.856444e-01	9.009554e-02	9.333145e-02	7.674881e-03	3.277240e-05
1.223990e-02	-4.824121e-01	-4.823926e-01	-4.856444e-01	9.009554e-02	9.333145e-02	7.674881e-03	3.213718e-05
1.223242e-02	-4.824121e-01	-4.823926e-01	-4.856444e-01	9.009554e-02	9.333145e-02	7.674881e-03	3.211194e-05
1.222494e-02	-4.824121e-01	-4.823926e-01	-4.856444e-01	9.009554e-02	9.333145e-02	7.674881e-03	3.166819e-05
1.221747e-02	-4.824121e-01	-4.823926e-01	-4.856444e-01	9.009554e-02	9.333145e-02	7.674881e-03	3.158124e-05
1.221001e-02	-4.824121e-01	-4.823926e-01	-4.856444e-01	9.009554e-02	9.333145e-02	7.674881e-03	3.115467e-05
1.220256e-02	-4.824121e-01	-4.823926e-01	-4.856444e-01	9.009554e-02	9.333145e-02	7.674881e-03	3.089496e-05
1.219512e-02	-4.824121e-01	-4.823926e-01	-4.856444e-01	9.009554e-02	9.333145e-02	7.674881e-03	3.060014e-05
1.218769e-02	-4.824121e-01	-4.823926e-01	-4.856444e-01	9.009554e-02	9.333145e-02	7.674881e-03	3.050353e-05
1.218027e-02	-4.824121e-01	-4.823926e-01	-4.856444e-01	9.009554e-02	9.333145e-02	7.674881e-03	3.040279e-05
1.217285e-02	-4.824121e-01	-4.823926e-01	-4.856444e-01	9.009554e-02	9.333145e-02	7.674881e-03	2.982988e-05
1.216545e-02	-4.824121e-01	-4.823926e-01	-4.856444e-01	9.009554e-02	9.333145e-02	7.674881e-03	2.962424e-05
1.215805e-02	-4.824121e-01	-4.823926e-01	-4.856444e-01	9.009554e-02	9.333145e-02	7.674881e-03	2.951800e-05
1.215067e-02	-4.824121e-01	-4.823926e-01	-4.856444e-01	9.009554e-02	9.333145e-02	7.674881e-03	2.966941e-05
1.214329e-02	-4.824121e-01	-4.823926e-01	-4.856444e-01	9.009554e-02	9.333145e-02	7.674881e-03	2.908098e-05
1.213592e-02	-4.824121e-01	-4.823926e-01	-4.856444e-01	9.009554e-02	9.333145e-02	7.674881e-03	2.884614e-05
1.212856e-02	-4.824121e-01	-4.823926e-01	-4.856444e-01	9.009554e-02	9.333145e-02	7.674881e-03	2.893526e-05
1.212121e-02	-4.824121e-01	-4.823926e-01	-4.856444e-01	9.009554e-02	9.333145e-02	7.674881e-03	2.880400e-05
1.211387e-02	-4.824121e-01	-4.823926e-01	-4.856444e-01	9.009554e-02	9.333145e-02	7.674881e-03	2.828500e-05
1.210654e-02	-4.824121e-01	-4.823926e-01	-4.856444e-01	9.009554e-02	9.333145e-02	7.674881e-03	2.826110e-05
1.209921e-02	-4.824121e-01	-4.823926e-01	-4.856444e-01	9.009554e-02	9.333145e-02	7.674881e-03	2.811671e-05
1.209190e-02	-4.824121e-01	-4.823926e-01	-4.856444e-01	9.009554e-02	9.333145e-02	7.674881e-03	2.801855e-05
1.208459e-02	-4.824121e-01	-4.823926e-01	-4.856444e-01	9.009554e-02	9.333145e-02	7.674881e-03	2.761650e-05
1.207729e-02	-4.824121e-01	-4.823926e-01	-4.856444e-01	9.009554e-02	9.333145e-02	7.674881e-03	2.784084e-05
1.207001e-02	-4.824121e-01	-4.823926e-01	-4.856444e-01	9.009554e-02	9.333145e-02	7.674882e-03	2.686391e-05
1.206273e-02	-4.824121e-01	-4.823926e-01	-4.856444e-01	9.009554e-02	9.333145e-02	7.674882e-03	2.762295e-05
1.205546e-02	-4.824121e-01	-4.823926e-01	-4.856444e-01	9.009554e-02	9.333145e-02	7.674882e-03	2.711653e-05
1.204819e-02	-4.824121e-01	-4.823926e-01	-4.856444e-01	9.009554e-02	9.333145e-02	7.674882e-03	2.716098e-05
1.204094e-02	-4.824121e-01	-4.823926e-01	-4.856444e-01	9.009554e-02	9.333145e-02	7.674882e-03	2.655465e-05
1.203369e-02	-4.824121e-01	-4.823926e-01	-4.856444e-01	9.009554e-02	9.333145e-02	7.674882e-03	2.667692e-05
1.202646e-02	-4.824121e-01	-4.823926e-01	-4.856444e-01	9.009554e-02	9.333145e-02	7.674882e-03	2.679549e-05
1.201923e-02	-4.824121e-01	-4.823926e-01	-4.856444e-01	9.009554e-02	9.333145e-02	7.674882e-03	2.650900e-05
1.201201e-02	-4.824121e-01	-4.823926e-01	-4.856444e-01	9.009554e-02	9.333145e-02	7.674882e-03	2.622965e-05
1.200480e-02	-4.824121e-01	-4.823926e-01	-4.856444e-01	9.009554e-02	9.333145e-02	7.674882e-03	2.612706e-05
1.199760e-02	-4.824121e-01	-4.823926e-01	-4.856444e-01	9.009554e-02	9.333145e-02	7.674882e-03	2.593729e-05
1.199041e-02	-4.824121e-01	-4.823926e-01	-4.856444e-01	9.009554e-02	9.333145e-02	7.674882e-03	2.613843e-05
1.198322e-02	-4.824121e-01	-4.823926e-01	-4.856444e-01	9.009554e-02	9.333145e-02	7.674882e-03	2.586893e-05
1.197605e-02	-4.824121e-01	-4.823926e-01	-4.856444e-01	9.009554e-02	9.333145e-02	7.674882e-03	2.565025e-05
1.196888e-02	-4.824121e-01	-4.823926e-01	-4.856444e-01	9.009554e-02	9.333145e-02	7.674882e-03	2.591906e-05
1.196172e-02	-4.824121e-01	-4.823926e-01	-4.856444e-01	9.009554e-02	9.333145e-02	7.674882e-03	2.530253e-05
1.195457e-02	-4.824121e-01	-4.823926e-01	-4.856444e-01	9.009554e-02	9.333145e-02	7.674882e-03	2.545611e-05
1.194743e-02	-4.824121e-01	-4.823926e-01	-4.856444e-01	9.009554e-02	9.333145e-02	7.674882e-03	2.509629e-05
1.194030e-02	-4.824121e-01	-4.823926e-01	-4.856444e-01	9.009554e-02	9.333145e-02	7.674882e-03	2.526583e-05
1.193317e-02	-4.824121e-01	-4.823926e-01	-4.856444e-01	9.009554e-02	9.333145e-02	7.674882e-03	2.497267e-05
1.192606e-02	-4.824121e-01	-4.823926e-01	-4.856444e-01	9.009554e-02	9.333145e-02	7.674882e-03	2.537416e-05
1.191895e-02	-4.824121e-01	-4.823926e-01	-4.856444e-01	9.009554e-02	9.333145e-02	7.674882e-03	2.457215e-05
1.191185e-02	-4.824121e-01	-4.823926e-01	-4.856444e-01	9.009554e-02	9.333145e-02	7.674882e-03	2.498603e-05
1.190476e-02	-4.824121e-01	-4.823926e-01	-4.856444e-01	9.009554e-02	9.333145e-02	7.674882e-03	2.449439e-05
1.189768e-02	-4.824121e-01	-4.823926e-01	-4.856444e-01	9.009554e-02	9.333145e-02	7.674882e-03	2.486088e-05
1.189061e-02	-4.824121e-01	-4.823926e-01	-4.856444e-01	9.009554e-02	9.333145e-02	7.674882e-03	2.409844e-05
1.188354e-02	-4.824121e-01	-4.823926e-01	-4.856444e-01	9.009554e-02	9.333145e-02	7.674882e-03	2.483151e-05
1.187648e-02	-4.824121e-01	-4.823926e-01	-4.856444e-01	9.009554e-02	9.333145e-02	7.674882e-03	2.450236e-05
1.186944e-02	-4.824121e-01	-4.823926e-01	-4.856444e-01	9.009554e-02	9.333145e-02	7.674882e-03	2.422483e-05
1.186240e-02	-4.824121e-01	-4.823926e-01	-4.856444e-01	9.009554e-02	9.333145e-02	7.674882e-03	2.402737e-05
1.185536e-02	-4.824121e-01	-4.823926e-01	-4.856444e-01	9.009554e-02	9.333145e-02	7.674882e-03	2.425406e-05
1.184834e-02	-4.824121e-01	-4.823926e-01	-4.856444e-01	9.009554e-02	9.333145e-02	7.674882e-03	2.386576e-05
1.184133e-02	-4.824121e-01	-4.823926e-01	-4.856444e-01	9.009554e-02	9.333145e-02	7.674882e-03	2.418593e-05
1.183432e-02	-4.824121e-01	-4.823926e-01	-4.856444e-01	9.009554e-02	9.333145e-02	7.674882e-03	2.354488e-05
1.182732e-02	-4.824121e-01	-4.823926e-01	-4.856444e-01	9.009554e-02	9.333145e-02	7.674882e-03	2.403600e-05
1.182033e-02	-4.824121e-01	-4.823926e-01	-4.856444e-01	9.009554e-02	9.333145e-02	7.674882e-03	2.368201e-05
1.181335e-02	-4.824121e-01	-4.823926e-01	-4.856444e-01	9.009554e-02	9.333145e-02	7.674882e-03	2.406438e-05
1.180638e-02	-4.824121e-01	-4.823926e-01	-4.856444e-01	9.009554e-02	9.333145e-02	7.674882e-03	2.315895e-05
1.179941e-02	-4.824121e-01	-4.823926e-01	-4.856444e-01	9.009554e-02	9.333145e-02	7.674882e-03	2.365991e-05
1.179245e-02	-4.824121e-01	-4.823926e-01	-4.856444e-01	9.009554e-02	9.333145e-02	7.674882e-03	2.310330e-05
1.178550e-02	-4.824121e-01	-4.823926e-01	-4.856444e-01	9.009554e-02	9.333145e-02	7.674882e-03	2.368713e-05
1.177856e-02	-4.824121e-01	-4.823926e-01	-4.856444e-01	9.009554e-02	9.333145e-02	7.674882e-03	2.346512e-05
1.177163e-02	-4.824121e-01	-4.823926e-01	-4.856444e-01	9.009554e-02	9.333145e-02	7.674882e-03	2.323843e-05
1.176471e-02	-4.824121e-01	-4.823926e-01	-4.856444e-01	9.009554e-02	9.333145e-02	7.674882e-03	2.336436e-05
1.175779e-02	-4.824121e-01	-4.823926e-01	-4.856444e-01	9.009554e-02	9.333145e-02	7.674882e-03	2.303825e-05
1.175088e-02	-4.824121e-01	-4.823926e-01	-4.856444e-01	9.009554e-02	9.333145e-02	7.674882e-03	2.309416e-05
1.174398e-02	-4.824121e-01	-4.823926e-01	-4.856444e-01	9.009554e-02	9.333145e-02	7.674882e-03	2.334799e-05
1.173709e-02	-4.824121e-01	-4.823926e-01	-4.856444e-01	9.009554e-02	9.333145e-02	7.674882e-03	2.263681e-05
1.173021e-02	-4.824121e-01	-4.823926e-01	-4.856444e-01	9.009554e-02	9.333145e-02	7.674882e-03	2.303519e-05
1.172333e-02	-4.824121e-01	-4.823926e-01	-4.856444e-01	9.009554e-02	9.333145e-02	7.674882e-03	2.299190e-05
1.171646e-02	-4.824121e-01	-4.823926e-01	-4.856444e-01	9.009554e-02	9.333145e-02	7.674882e-03	2.278698e-05
1.170960e-02	-4.824121e-01	-4.823926e-01	-4.856444e-01	9.009554e-02	9.333145e-02	7.674882e-03	2.295049e-05
1.170275e-02	-4.824121e-01	-4.823926e-01	-4.856444e-01	9.009554e-02	9.333145e-02	7.674882e-03	2.274079e-05
1.169591e-02	-4.824121e-01	-4.823926e-01	-4.856444e-01	9.009554e-02	9.333145e-02	7.674882e-03	2.233110e-05
1.168907e-02	-4.824121e-01	-4.823926e-01	-4.856444e-01	9.009554e-02	9.333145e-02	7.674882e-03	2.273997e-05
1.168224e-02	-4.824121e-01	-4.823926e-01	-4.856444e-01	9.009554e-02	9.333145e-02	7.674882e-03	2.264993e-05
1.167542e-02	-4.824121e-01	-4.823926e-01	-4.856444e-01	9.009554e-02	9.333145e-02	7.674882e-03	2.278482e-05
1.166861e-02	-4.824121e-01	-4.823926e-01	-4.856444e-01	9.009554e-02	9.333145e-02	7.674882e-03	2.213928e-05
1.166181e-02	-4.824121e-01	-4.823926e-01	-4.856444e-01	9.009554e-02	9.333145e-02	7.674882e-03	2.256637e-05
1.165501e-02	-4.824121e-01	-4.823926e-01	-4.856444e-01	9.009554e-02	9.333145e-02	7.674882e-03	2.280611e-05
1.164822e-02	-4.824121e-01	-4.823926e-01	-4.856444e-01	9.009554e-02	9.333145e-02	7.674882e-03	2.215400e-05
1.164144e-02	-4.824121e-01	-4.823926e-01	-4.856444e-01	9.009554e-02	9.333145e-02	7.674882e-03	2.266217e-05
1.163467e-02	-4.824121e-01	-4.823926e-01	-4.856444e-01	9.009554e-02	9.333145e-02	7.674882e-03	2.236102e-05
1.162791e-02	-4.824121e-01	-4.823926e-01	-4.856444e-01	9.009554e-02	9.333145e-02	7.674882e-03	2.200026e-05
1.162115e-02	-4.824121e-01	-4.823926e-01	-4.856444e-01	9.009554e-02	9.333145e-02	7.674882e-03	2.255198e-05
1.161440e-02	-4.824121e-01	-4.823926e-01	-4.856444e-01	9.009554e-02	9.333145e-02	7.674882e-03	2.212730e-05
1.160766e-02	-4.824121e-01	-4.823926e-01	-4.856444e-01	9.009554e-02	9.333145e-02	7.674882e-03	2.193363e-05
1.160093e-02	-4.824121e-01	-4.823926e-01	-4.856444e-01	9.009554e-02	9.333145e-02	7.674882e-03	2.193376e-05
1.159420e-02	-4.824121e-01	-4.823926e-01	-4.856444e-01	9.009554e-02	9.333145e-02	7.674882e-03	2.270768e-05
1.158749e-02	-4.824121e-01	-4.823926e-01	-4.856444e-01	9.009554e-02	9.333145e-02	7.674882e-03	2.193388e-05
1.158078e-02	-4.824121e-01	-4.823926e-01	-4.856444e-01	9.009554e-02	9.333145e-02	7.674882e-03	2.187877e-05
1.157407e-02	-4.824121e-01	-4.823926e-01	-4.856444e-01	9.009554e-02	9.333145e-02	7.674882e-03	2.220115e-05
1.156738e-02	-4.824121e-01	-4.823926e-01	-4.856444e-01	9.009554e-02	9.333145e-02	7.674882e-03	2.198045e-05
1.156069e-02	-4.824121e-01	-4.823926e-01	-4.856444e-01	9.009554e-02	9.333145e-02	7.674882e-03	2.204842e-05
1.155402e-02	-4.824121e-01	-4.823926e-01	-4.856444e-01	9.009554e-02	9.333145e-02	7.674882e-03	2.197172e-05
1.154734e-02	-4.824121e-01	-4.823926e-01	-4.856444e-01	9.009554e-02	9.333145e-02	7.674882e-03	2.211221e-05
1.154068e-02	-4.824121e-01	-4.823926e-01	-4.856444e-01	9.009554e-02	9.333145e-02	7.674882e-03	2.179632e-05
1.153403e-02	-4.824121e-01	-4.823926e-01	-4.856444e-01	9.009554e-02	9.333145e-02	7.674882e-03	2.152238e-05
1.152738e-02	-4.824121e-01	-4.823926e-01	-4.856444e-01	9.009554e-02	9.333145e-02	7.674882e-03	2.200494e-05
1.152074e-02	-4.824121e-01	-4.823926e-01	-4.856444e-01	9.009554e-02	9.333145e-02	7.674882e-03	2.194037e-05
1.151410e-02	-4.824121e-01	-4.823926e-01	-4.856444e-01	9.009554e-02	9.333145e-02	7.674882e-03	2.181130e-05
1.150748e-02	-4.824121e-01	-4.823926e-01	-4.856444e-01	9.009554e-02	9.333145e-02	7.674882e-03	2.190940e-05
1.150086e-02	-4.824121e-01	-4.823926e-01	-4.856444e-01	9.009554e-02	9.333145e-02	7.674882e-03	2.185726e-05
1.149425e-02	-4.824121e-01	-4.823926e-01	-4.856444e-01	9.009554e-02	9.333145e-02	7.674882e-03	2.176194e-05
1.148765e-02	-4.824121e-01	-4.823926e-01	-4.856444e-01	9.009554e-02	9.333145e-02	7.674882e-03	2.167496e-05
1.148106e-02	-4.824121e-01	-4.823926e-01	-4.856444e-01	9.009554e-02	9.333145e-02	7.674882e-03	2.199742e-05
1.147447e-02	-4.824121e-01	-4.823926e-01	-4.856444e-01	9.009554e-02	9.333145e-02	7.674882e-03	2.151756e-05
1.146789e-02	-4.824121e-01	-4.823926e-01	-4.856444e-01	9.009554e-02	9.333145e-02	7.674882e-03	2.225543e-05
1.146132e-02	-4.824121e-01	-4.823926e-01	-4.856444e-01	9.009554e-02	9.333145e-02	7.674882e-03	2.143715e-05
1.145475e-02	-4.824121e-01	-4.823926e-01	-4.856444e-01	9.009554e-02	9.333145e-02	7.674882e-03	2.158303e-05
1.144820e-02	-4.824121e-01	-4.823926e-01	-4.856444e-01	9.009554e-02	9.333145e-02	7.674882e-03	2.201112e-05
1.144165e-02	-4.824121e-01	-4.823926e-01	-4.856444e-01	9.009554e-02	9.333145e-02	7.674882e-03	2.156737e-05
1.143511e-02	-4.824121e-01	-4.823926e-01	-4.856444e-01	9.009554e-02	9.333145e-02	7.674882e-03	2.172682e-05
1.142857e-02	-4.824121e-01	-4.823926e-01	-4.856444e-01	9.009554e-02	9.333145e-02	7.674882e-03	2.174296e-05
1.142204e-02	-4.824121e-01	-4.823926e-01	-4.856444e-01	9.009554e-02	9.333145e-02	7.674882e-03	2.186367e-05
1.141553e-02	-4.824121e-01	-4.823926e-01	-4.856444e-01	9.009554e-02	9.333145e-02	7.674882e-03	2.153097e-05
1.140901e-02	-4.824121e-01	-4.823926e-01	-4.856444e-01	9.009554e-02	9.333145e-02	7.674882e-03	2.149878e-05
1.140251e-02	-4.824121e-01	-4.823926e-01	-4.856444e-01	9.009554e-02	9.333145e-02	7.674882e-03	2.198238e-05
1.139601e-02	-4.824121e-01	-4.823926e-01	-4.856444e-01	9.009554e-02	9.333145e-02	7.674882e-03	2.169668e-05
1.138952e-02	-4.824121e-01	-4.823926e-01	-4.856444e-01	9.009554e-02	9.333145e-02	7.674882e-03	2.201063e-05
1.138304e-02	-4.824121e-01	-4.823926e-01	-4.856444e-01	9.009554e-02	9.333145e-02	7.674882e-03	2.139959e-05
1.137656e-02	-4.824121e-01	-4.823926e-01	-4.856444e-01	9.009554e-02	9.333145e-02	7.674882e-03	2.162599e-05
1.137010e-02	-4.824121e-01	-4.823926e-01	-4.856444e-01	9.009554e-02	9.333145e-02	7.674882e-03	2.215625e-05
1.136364e-02	-4.824121e-01	-4.823926e-01	-4.856444e-01	9.009554e-02	9.333145e-02	7.674882e-03	2.169723e-05
1.135718e-02	-4.824121e-01	-4.823926e-01	-4.856444e-01	9.009554e-02	9.333145e-02	7.674882e-03	2.192462e-05
1.135074e-02	-4.824121e-01	-4.823926e-01	-4.856444e-01	9.009554e-02	9.333145e-02	7.674882e-03	2.183481e-05
1.134430e-02	-4.824121e-01	-4.823926e-01	-4.856444e-01	9.009554e-02	9.333145e-02	7.674882e-03	2.170943e-05
1.133787e-02	-4.824121e-01	-4.823926e-01	-4.856444e-01	9.009554e-02	9.333145e-02	7.674882e-03	2.152181e-05
1.133144e-02	-4.824121e-01	-4.823926e-01	-4.856444e-01	9.009554e-02	9.333145e-02	7.674882e-03	2.202433e-05
1.132503e-02	-4.824121e-01	-4.823926e-01	-4.856444e-01	9.009554e-02	9.333145e-02	7.674882e-03	2.173462e-05
1.131862e-02	-4.824121e-01	-4.823926e-01	-4.856444e-01	9.009554e-02	9.333145e-02	7.674882e-03	2.199440e-05
1.131222e-02	-4.824121e-01	-4.823926e-01	-4.856444e-01	9.009554e-02	9.333145e-02	7.674882e-03	2.185495e-05
1.130582e-02	-4.824121e-01	-4.823926e-01	-4.856444e-01	9.009554e-02	9.333145e-02	7.674882e-03	2.172848e-05
1.129944e-02	-4.824121e-01	-4.823926e-01	-4.856444e-01	9.009554e-02	9.333145e-02	7.674882e-03	2.179312e-05
1.129305e-02	-4.824121e-01	-4.823926e-01	-4.856444e-01	9.009554e-02	9.333145e-02	7.674882e-03	2.221444e-05
1.128668e-02	-4.824121e-01	-4.823926e-01	-4.856444e-01	9.009554e-02	9.333145e-02	7.674882e-03	2.162375e-05
1.128032e-02	-4.824121e-01	-4.823926e-01	-4.856444e-01	9.009554e-02	9.333145e-02	7.674882e-03	2.245226e-05
1.127396e-02	-4.824121e-01	-4.823926e-01	-4.856444e-01	9.009554e-02	9.333145e-02	7.674882e-03	2.181570e-05
1.126761e-02	-4.824121e-01	-4.823926e-01	-4.856444e-01	9.009554e-02	9.333145e-02	7.674882e-03	2.231938e-05
1.126126e-02	-4.824121e-01	-4.823926e-01	-4.856444e-01	9.009554e-02	9.333145e-02	7.674882e-03	2.194112e-05
1.125492e-02	-4.824121e-01	-4.823926e-01	-4.856444e-01	9.009554e-02	9.333145e-02	7.674882e-03	2.224854e-05
1.124859e-02	-4.824121e-01	-4.823926e-01	-4.856444e-01	9.009554e-02	9.333145e-02	7.674882e-03	2.238141e-05
1.124227e-02	-4.824121e-01	-4.823926e-01	-4.856444e-01	9.009554e-02	9.333145e-02	7.674882e-03	2.216373e-05
1.123596e-02	-4.824121e-01	-4.823926e-01	-4.856444e-01	9.009554e-02	9.333145e-02	7.674882e-03	2.240477e-05
1.122965e-02	-4.824121e-01	-4.823926e-01	-4.856444e-01	9.009554e-02	9.333145e-02	7.674882e-03	2.190707e-05
1.122334e-02	-4.824121e-01	-4.823926e-01	-4.856444e-01	9.009554e-02	9.333145e-02	7.674882e-03	2.226562e-05
1.121705e-02	-4.824121e-01	-4.823926e-01	-4.856444e-01	9.009554e-02	9.333145e-02	7.674882e-03	2.255716e-05
1.121076e-02	-4.824121e-01	-4.823926e-01	-4.856444e-01	9.009554e-02	9.333145e-02	7.674882e-03	2.214376e-05
1.120448e-02	-4.824121e-01	-4.823926e-01	-4.856444e-01	9.009554e-02	9.333145e-02	7.674882e-03	2.220028e-05
1.119821e-02	-4.824121e-01	-4.823926e-01	-4.856444e-01	9.009554e-02	9.333145e-02	7.674882e-03	2.303203e-05
1.119194e-02	-4.824121e-01	-4.823926e-01	-4.856444e-01	9.009554e-02	9.333145e-02	7.674882e-03	2.276286e-05
1.118568e-02	-4.824121e-01	-4.823926e-01	-4.856444e-01	9.009554e-02	9.333145e-02	7.674882e-03	2.227951e-05
1.117943e-02	-4.824121e-01	-4.823926e-01	-4.856444e-01	9.009554e-02	9.333145e-02	7.674882e-03	2.260462e-05
1.117318e-02	-4.824121e-01	-4.823926e-01	-4.856444e-01	9.009554e-02	9.333145e-02	7.674882e-03	2.267999e-05
1.116695e-02	-4.824121e-01	-4.823926e-01	-4.856444e-01	9.009554e-02	9.333145e-02	7.674882e-03	2.273724e-05
1.116071e-02	-4.824121e-01	-4.823926e-01	-4.856444e-01	9.009554e-02	9.333145e-02	7.674882e-03	2.290867e-05
1.115449e-02	-4.824121e-01	-4.823926e-01	-4.856444e-01	9.009554e-02	9.333145e-02	7.674882e-03	2.305303e-05
1.114827e-02	-4.824121e-01	-4.823926e-01	-4.856444e-01	9.009554e-02	9.333145e-02	7.674882e-03	2.306960e-05
1.114206e-02	-4.824121e-01	-4.823926e-01	-4.856444e-01	9.009554e-02	9.333145e-02	7.674882e-03	2.314570e-05
1.113586e-02	-4.824121e-01	-4.823926e-01	-4.856444e-01	9.009554e-02	9.333145e-02	7.674882e-03	2.301564e-05
1.112966e-02	-4.824121e-01	-4.823926e-01	-4.856444e-01	9.009554e-02	9.333145e-02	7.674882e-03	2.322943e-05
1.112347e-02	-4.824121e-01	-4.823926e-01	-4.856444e-01	9.009554e-02	9.333145e-02	7.674882e-03	2.303477e-05
1.111729e-02	-4.824121e-01	-4.823926e-01	-4.856444e-01	9.009554e-02	9.333145e-02	7.674882e-03	2.346053e-05
1.111111e-02	-4.824121e-01	-4.823926e-01	-4.856444e-01	9.009554e-02	9.333145e-02	7.674882e-03	2.319655e-05
1.110494e-02	-4.824121e-01	-4.823926e-01	-4.856444e-01	9.009554e-02	9.333145e-02	7.674882e-03	2.374781e-05
1.109878e-02	-4.824121e-01	-4.823926e-01	-4.856444e-01	9.009554e-02	9.333145e-02	7.674882e-03	2.379264e-05
1.109262e-02	-4.824121e-01	-4.823926e-01	-4.856444e-01	9.009554e-02	9.333145e-02	7.674882e-03	2.336171e-05
1.108647e-02	-4.824121e-01	-4.823926e-01	-4.856444e-01	9.009554e-02	9.333145e-02	7.674882e-03	2.354950e-05
1.108033e-02	-4.824121e-01	-4.823926e-01	-4.856444e-01	9.009554e-02	9.333145e-02	7.674882e-03	2.391360e-05
1.107420e-02	-4.824121e-01	-4.823926e-01	-4.856444e-01	9.009554e-02	9.333145e-02	7.674882e-03	2.410697e-05
1.106807e-02	-4.824121e-01	-4.823926e-01	-4.856444e-01	9.009553e-02	9.333145e-02	7.674882e-03	2.415223e-05
1.106195e-02	-4.824121e-01	-4.823926e-01	-4.856444e-01	9.009553e-02	9.333145e-02	7.674882e-03	2.417432e-05
1.105583e-02	-4.824121e-01	-4.823926e-01	-4.856444e-01	9.009553e-02	9.333145e-02	7.674882e-03	2.424758e-05
1.104972e-02	-4.824121e-01	-4.823926e-01	-4.856444e-01	9.009553e-02	9.333145e-02	7.674882e-03	2.430233e-05
1.104362e-02	-4.824121e-01	-4.823926e-01	-4.856444e-01	9.009553e-02	9.333145e-02	7.674882e-03	2.426394e-05
1.103753e-02	-4.824121e-01	-4.823926e-01	-4.856444e-01	9.009553e-02	9.333145e-02	7.674882e-03	2.475267e-05
1.103144e-02	-4.824121e-01	-4.823926e-01	-4.856444e-01	9.009553e-02	9.333145e-02	7.674882e-03	2.480335e-05
1.102536e-02	-4.824121e-01	-4.823926e-01	-4.856444e-01	9.009553e-02	9.333145e-02	7.674882e-03	2.461561e-05
1.101928e-02	-4.824121e-01	-4.823926e-01	-4.856444e-01	9.009553e-02	9.333145e-02	7.674882e-03	2.490960e-05
1.101322e-02	-4.824121e-01	-4.823926e-01	-4.856444e-01	9.009553e-02	9.333145e-02	7.674882e-03	2.507765e-05
1.100715e-02	-4.824121e-01	-4.823926e-01	-4.856444e-01	9.009553e-02	9.333145e-02	7.674882e-03	2.527418e-05
1.100110e-02	-4.824121e-01	-4.823926e-01	-4.856444e-01	9.009553e-02	9.333145e-02	7.674882e-03	2.542882e-05
1.099505e-02	-4.824121e-01	-4.823926e-01	-4.856444e-01	9.009553e-02	9.333145e-02	7.674882e-03	2.540038e-05
1.098901e-02	-4.824121e-01	-4.823926e-01	-4.856444e-01	9.009553e-02	9.333145e-02	7.674882e-03	2.575311e-05
1.098298e-02	-4.824121e-01	-4.823926e-01	-4.856444e-01	9.009553e-02	9.333145e-02	7.674882e-03	2.567303e-05
1.097695e-02	-4.824121e-01	-4.823926e-01	-4.856444e-01	9.009553e-02	9.333145e-02	7.674882e-03	2.579087e-05
1.097093e-02	-4.824121e-01	-4.823926e-01	-4.856444e-01	9.009553e-02	9.333145e-02	7.674882e-03	2.605060e-05
1.096491e-02	-4.824121e-01	-4.823926e-01	-4.856444e-01	9.009553e-02	9.333145e-02	7.674882e-03	2.631559e-05
1.095890e-02	-4.824121e-01	-4.823926e-01	-4.856444e-01	9.009553e-02	9.333145e-02	7.674882e-03	2.667103e-05
1.095290e-02	-4.824121e-01	-4.823926e-01	-4.856444e-01	9.009553e-02	9.333145e-02	7.674882e-03	2.630225e-05
1.094691e-02	-4.824121e-01	-4.823926e-01	-4.856444e-01	9.009553e-02	9.333145e-02	7.674882e-03	2.682914e-05
1.094092e-02	-4.824121e-01	-4.823926e-01	-4.856444e-01	9.009553e-02	9.333145e-02	7.674882e-03	2.693449e-05
1.093494e-02	-4.824121e-01	-4.823926e-01	-4.856444e-01	9.009553e-02	9.333145e-02	7.674882e-03	2.684037e-05
1.092896e-02	-4.824121e-01	-4.823926e-01	-4.856444e-01	9.009553e-02	9.333145e-02	7.674882e-03	2.732660e-05
1.092299e-02	-4.824121e-01	-4.823926e-01	-4.856444e-01	9.009553e-02	9.333145e-02	7.674882e-03	2.723736e-05
1.091703e-02	-4.824121e-01	-4.823926e-01	-4.856444e-01	9.009553e-02	9.333145e-02	7.674882e-03	2.764391e-05
1.091107e-02	-4.824121e-01	-4.823926e-01	-4.856444e-01	9.009553e-02	9.333145e-02	7.674882e-03	2.780302e-05
1.090513e-02	-4.824121e-01	-4.823926e-01	-4.856444e-01	9.009553e-02	9.333145e-02	7.674882e-03	2.829701e-05
1.089918e-02	-4.824121e-01	-4.823926e-01	-4.856444e-01	9.009553e-02	9.333145e-02	7.674882e-03	2.812212e-05
1.089325e-02	-4.824121e-01	-4.823926e-01	-4.856444e-01	9.009553e-02	9.333145e-02	7.674882e-03	2.828691e-05
1.088732e-02	-4.824121e-01	-4.823926e-01	-4.856444e-01	9.009553e-02	9.333145e-02	7.674882e-03	2.894595e-05
1.088139e-02	-4.824121e-01	-4.823926e-01	-4.856444e-01	9.009553e-02	9.333145e-02	7.674882e-03	2.874703e-05
1.087548e-02	-4.824121e-01	-4.823926e-01	-4.856444e-01	9.009553e-02	9.333145e-02	7.674882e-03	2.939829e-05
1.086957e-02	-4.824121e-01	-4.823926e-01	-4.856444e-01	9.009553e-02	9.333145e-02	7.674882e-03	2.935330e-05
1.086366e-02	-4.824121e-01	-4.823926e-01	-4.856444e-01	9.009553e-02	9.333145e-02	7.674882e-03	2.935631e-05
1.085776e-02	-4.824121e-01	-4.823926e-01	-4.856444e-01	9.009553e-02	9.333145e-02	7.674882e-03	3.027540e-05
1.085187e-02	-4.824121e-01	-4.823926e-01	-4.856444e-01	9.009553e-02	9.333145e-02	7.674882e-03	2.987386e-05
1.084599e-02	-4.824121e-01	-4.823926e-01	-4.856444e-01	9.009553e-02	9.333145e-02	7.674882e-03	3.051031e-05
1.084011e-02	-4.824121e-01	-4.823926e-01	-4.856444e-01	9.009553e-02	9.333145e-02	7.674882e-03	3.081430e-05
1.083424e-02	-4.824121e-01	-4.823926e-01	-4.856444e-01	9.009553e-02	9.333145e-02	7.674882e-03	3.079445e-05
1.082837e-02	-4.824121e-01	-4.823926e-01	-4.856444e-01	9.009553e-02	9.333145e-02	7.674882e-03	3.113324e-05
1.082251e-02	-4.824121e-01	-4.823926e-01	-4.856444e-01	9.009553e-02	9.333145e-02	7.674882e-03	3.169595e-05
1.081666e-02	-4.824121e-01	-4.823926e-01	-4.856444e-01	9.009553e-02	9.333145e-02	7.674882e-03	3.169626e-05
1.081081e-02	-4.824121e-01	-4.823926e-01	-4.856444e-01	9.009553e-02	9.333145e-02	7.674882e-03	3.206614e-05
1.080497e-02	-4.824121e-01	-4.823926e-01	-4.856444e-01	9.009553e-02	9.333145e-02	7.674882e-03	3.224202e-05
1.079914e-02	-4.824121e-01	-4.823926e-01	-4.856444e-01	9.009553e-02	9.333145e-02	7.674882e-03	3.284227e-05
1.079331e-02	-4.824121e-01	-4.823926e-01	-4.856444e-01	9.009553e-02	9.333145e-02	7.674882e-03	3.297046e-05
1.078749e-02	-4.824121e-01	-4.823926e-01	-4.856444e-01	9.009553e-02	9.333145e-02	7.674882e-03	3.338706e-05
1.078167e-02	-4.824121e-01	-4.823926e-01	-4.856444e-01	9.009553e-02	9.333145e-02	7.674882e-03	3.350133e-05
1.077586e-02	-4.824121e-01	-4.823926e-01	-4.856444e-01	9.009553e-02	9.333145e-02	7.674882e-03	3.431091e-05
1.077006e-02	-4.824121e-01	-4.823926e-01	-4.856444e-01	9.009553e-02	9.333145e-02	7.674882e-03	3.421068e-05
1.076426e-02	-4.824121e-01	-4.823926e-01	-4.856444e-01	9.009553e-02	9.333145e-02	7.674882e-03	3.479698e-05
1.075847e-02	-4.824121e-01	-4.823926e-01	-4.856444e-01	9.009553e-02	9.333145e-02	7.674882e-03	3.494740e-05
1.075269e-02	-4.824121e-01	-4.823926e-01	-4.856444e-01	9.009553e-02	9.333145e-02	7.674882e-03	3.495551e-05
1.074691e-02	-4.824121e-01	-4.823926e-01	-4.856444e-01	9.009553e-02	9.333145e-02	7.674882e-03	3.607588e-05
1.074114e-02	-4.824121e-01	-4.823926e-01	-4.856444e-01	9.009553e-02	9.333145e-02	7.674882e-03	3.578948e-05
1.073537e-02	-4.824121e-01	-4.823926e-01	-4.856444e-01	9.009553e-02	9.333145e-02	7.674882e-03	3.691303e-05
1.072961e-02	-4.824121e-01	-4.823926e-01	-4.856444e-01	9.009553e-02	9.333145e-02	7.674882e-03	3.692798e-05
1.072386e-02	-4.824121e-01	-4.823926e-01	-4.856444e-01	9.009553e-02	9.333145e-02	7.674882e-03	3.720981e-05
1.071811e-02	-4.824121e-01	-4.823926e-01	-4.856444e-01	9.009553e-02	9.333145e-02	7.674882e-03	3.777423e-05
1.071237e-02	-4.824121e-01	-4.823926e-01	-4.856444e-01	9.009553e-02	9.333145e-02	7.674882e-03	3.826549e-05
1.070664e-02	-4.824121e-01	-4.823926e-01	-4.856444e-01	9.009553e-02	9.333145e-02	7.674882e-03	3.845030e-05
1.070091e-02	-4.824121e-01	-4.823926e-01	-4.856444e-01	9.009553e-02	9.333145e-02	7.674882e-03	3.912192e-05
1.069519e-02	-4.824121e-01	-4.823926e-01	-4.856444e-01	9.009553e-02	9.333145e-02	7.674882e-03	3.934766e-05
1.068947e-02	-4.824121e-01	-4.823926e-01	-4.856444e-01	9.009553e-02	9.333145e-02	7.674882e-03	4.011109e-05
1.068376e-02	-4.824121e-01	-4.823926e-01	-4.856444e-01	9.009553e-02	9.333145e-02	7.674882e-03	4.018386e-05
1.067806e-02	-4.824121e-01	-4.823926e-01	-4.856444e-01	9.009553e-02	9.333145e-02	7.674882e-03	4.075525e-05
1.067236e-02	-4.824121e-01	-4.823926e-01	-4.856444e-01	9.009553e-02	9.333145e-02	7.674882e-03	4.115810e-05
1.066667e-02	-4.824121e-01	-4.823926e-01	-4.856444e-01	9.009553e-02	9.333145e-02	7.674882e-03	4.173661e-05
1.066098e-02	-4.824121e-01	-4.823926e-01	-4.856444e-01	9.009553e-02	9.333145e-02	7.674882e-03	4.232129e-05
1.065530e-02	-4.824121e-01	-4.823926e-01	-4.856444e-01	9.009553e-02	9.333145e-02	7.674882e-03	4.267683e-05
1.064963e-02	-4.824121e-01	-4.823926e-01	-4.856444e-01	9.009553e-02	9.333145e-02	7.674882e-03	4.314834e-05
1.064396e-02	-4.824121e-01	-4.823926e-01	-4.856444e-01	9.009553e-02	9.333145e-02	7.674882e-03	4.367597e-05
1.063830e-02	-4.824121e-01	-4.823926e-01	-4.856444e-01	9.009553e-02	9.333145e-02	7.674882e-03	4.406903e-05
1.063264e-02	-4.824121e-01	-4.823926e-01	-4.856444e-01	9.009553e-02	9.333145e-02	7.674882e-03	4.467404e-05
1.062699e-02	-4.824121e-01	-4.823926e-01	-4.856444e-01	9.009553e-02	9.333145e-02	7.674882e-03	4.495309e-05
1.062135e-02	-4.824121e-01	-4.823926e-01	-4.856444e-01	9.009553e-02	9.333145e-02	7.674882e-03	4.592800e-05
1.061571e-02	-4.824121e-01	-4.823926e-01	-4.856444e-01	9.009553e-02	9.333145e-02	7.674882e-03	4.619873e-05
1.061008e-02	-4.824121e-01	-4.823926e-01	-4.856444e-01	9.009553e-02	9.333145e-02	7.674882e-03	4.628818e-05
1.060445e-02	-4.824121e-01	-4.823926e-01	-4.856444e-01	9.009553e-02	9.333145e-02	7.674882e-03	4.775771e-05
1.059883e-02	-4.824121e-01	-4.823926e-01	-4.856444e-01	9.009553e-02	9.333145e-02	7.674882e-03	4.726187e-05
1.059322e-02	-4.824121e-01	-4.823926e-01	-4.856444e-01	9.009553e-02	9.333145e-02	7.674882e-03	4.852770e-05
1.058761e-02	-4.824121e-01	-4.823926e-01	-4.856444e-01	9.009553e-02	9.333145e-02	7.674882e-03	4.885802e-05
1.058201e-02	-4.824121e-01	-4.823926e-01	-4.856444e-01	9.009553e-02	9.333145e-02	7.674882e-03	4.938693e-05
1.057641e-02	-4.824121e-01	-4.823926e-01	-4.856444e-01	9.009553e-02	9.333145e-02	7.674882e-03	5.012014e-05
1.057082e-02	-4.824121e-01	-4.823926e-01	-4.856444e-01	9.009553e-02	9.333145e-02	7.674882e-03	5.005108e-05
1.056524e-02	-4.824121e-01	-4.823926e-01	-4.856444e-01	9.009553e-02	9.333145e-02	7.674882e-03	5.070999e-05
1.055966e-02	-4.824121e-01	-4.823926e-01	-4.856444e-01	9.009553e-02	9.333144e-02	7.674882e-03	5.169138e-05
1.055409e-02	-4.824121e-01	-4.823926e-01	-4.856444e-01	9.009553e-02	9.333144e-02	7.674882e-03	5.208278e-05
1.054852e-02	-4.824121e-01	-4.823926e-01	-4.856444e-01	9.009553e-02	9.333144e-02	7.674883e-03	5.262819e-05
1.054296e-02	-4.824121e-01	-4.823926e-01	-4.856444e-01	9.009553e-02	9.333144e-02	7.674883e-03	5.311840e-05
1.053741e-02	-4.824121e-01	-4.823926e-01	-4.856444e-01	9.009553e-02	9.333144e-02	7.674883e-03	5.328192e-05
1.053186e-02	-4.824121e-01	-4.823926e-01	-4.856444e-01	9.009553e-02	9.333144e-02	7.674883e-03	5.433740e-05
1.052632e-02	-4.824121e-01	-4.823926e-01	-4.856444e-01	9.009553e-02	9.333144e-02	7.674883e-03	5.422535e-05
1.052078e-02	-4.824121e-01	-4.823926e-01	-4.856444e-01	9.009553e-02	9.333144e-02	7.674883e-03	5.548929e-05
1.051525e-02	-4.824121e-01	-4.823926e-01	-4.856444e-01	9.009553e-02	9.333144e-02	7.674883e-03	5.538318e-05
1.050972e-02	-4.824121e-01	-4.823926e-01	-4.856444e-01	9.009553e-02	9.333144e-02	7.674883e-03	5.635233e-05
1.050420e-02	-4.824121e-01	-4.823926e-01	-4.856444e-01	9.009553e-02	9.333144e-02	7.674883e-03	5.657643e-05
1.049869e-02	-4.824121e-01	-4.823926e-01	-4.856444e-01	9.009553e-02	9.333144e-02	7.674883e-03	5.737335e-05
1.049318e-02	-4.824121e-01	-4.823926e-01	-4.856444e-01	9.009553e-02	9.333144e-02	7.674883e-03	5.746973e-05
1.048768e-02	-4.824121e-01	-4.823926e-01	-4.856444e-01	9.009553e-02	9.333144e-02	7.674883e-03	5.829492e-05
1.048218e-02	-4.824121e-01	-4.823926e-01	-4.856444e-01	9.009553e-02	9.333144e-02	7.674883e-03	5.872856e-05
1.047669e-02	-4.824121e-01	-4.823926e-01	-4.856444e-01	9.009553e-02	9.333144e-02	7.674883e-03	5.903872e-05
1.047120e-02	-4.824121e-01	-4.823926e-01	-4.856444e-01	9.009553e-02	9.333144e-02	7.674883e-03	5.923019e-05
1.046572e-02	-4.824121e-01	-4.823926e-01	-4.856444e-01	9.009553e-02	9.333144e-02	7.674883e-03	6.031460e-05
1.046025e-02	-4.824121e-01	-4.823926e-01	-4.856444e-01	9.009553e-02	9.333144e-02	7.674883e-03	6.042969e-05
1.045478e-02	-4.824121e-01	-4.823926e-01	-4.856444e-01	9.009553e-02	9.333144e-02	7.674883e-03	6.060213e-05
1.044932e-02	-4.824121e-01	-4.823926e-01	-4.856444e-01	9.009553e-02	9.333144e-02	7.674883e-03	6.144640e-05
1.044386e-02	-4.824121e-01	-4.823926e-01	-4.856444e-01	9.009553e-02	9.333144e-02	7.674883e-03	6.191191e-05
1.043841e-02	-4.824121e-01	-4.823926e-01	-4.856444e-01	9.009553e-02	9.333144e-02	7.674883e-03	6.179400e-05
1.043297e-02	-4.824121e-01	-4.823926e-01	-4.856444e-01	9.009553e-02	9.333144e-02	7.674883e-03	6.234941e-05
1.042753e-02	-4.824121e-01	-4.823926e-01	-4.856444e-01	9.009553e-02	9.333144e-02	7.674883e-03	6.286930e-05
1.042209e-02	-4.824121e-01	-4.823926e-01	-4.856444e-01	9.009553e-02	9.333144e-02	7.674883e-03	6.299767e-05
1.041667e-02	-4.824121e-01	-4.823926e-01	-4.856444e-01	9.009553e-02	9.333144e-02	7.674883e-03	6.377581e-05
1.041124e-02	-4.824121e-01	-4.823926e-01	-4.856444e-01	9.009553e-02	9.333144e-02	7.674883e-03	6.360627e-05
1.040583e-02	-4.824121e-01	-4.823926e-01	-4.856444e-01	9.009553e-02	9.333144e-02	7.674883e-03	6.353602e-05
1.040042e-02	-4.824121e-01	-4.823926e-01	-4.856444e-01	9.009553e-02	9.333144e-02	7.674883e-03	6.423801e-05
1.039501e-02	-4.824121e-01	-4.823926e-01	-4.856444e-01	9.009553e-02	9.333144e-02	7.674883e-03	6.478881e-05
1.038961e-02	-4.824121e-01	-4.823926e-01	-4.856444e-01	9.009553e-02	9.333144e-02	7.674883e-03	6.458234e-05
1.038422e-02	-4.824121e-01	-4.823926e-01	-4.856444e-01	9.009553e-02	9.333144e-02	7.674883e-03	6.483396e-05
1.037883e-02	-4.824121e-01	-4.823926e-01	-4.856444e-01	9.009553e-02	9.333144e-02	7.674883e-03	6.510183e-05
1.037344e-02	-4.824121e-01	-4.823926e-01	-4.856444e-01	9.009553e-02	9.333144e-02	7.674883e-03	6.550749e-05
1.036807e-02	-4.824121e-01	-4.823926e-01	-4.856444e-01	9.009553e-02	9.333144e-02	7.674883e-03	6.531107e-05
1.036269e-02	-4.824121e-01	-4.823926e-01	-4.856444e-01	9.009553e-02	9.333144e-02	7.674883e-03	6.591343e-05
1.035733e-02	-4.824121e-01	-4.823926e-01	-4.856444e-01	9.009553e-02	9.333144e-02	7.674883e-03	6.561613e-05
1.035197e-02	-4.824121e-01	-4.823926e-01	-4.856444e-01	9.009553e-02	9.333144e-02	7.674883e-03	6.578489e-05
1.034661e-02	-4.824121e-01	-4.823926e-01	-4.856444e-01	9.009553e-02	9.333144e-02	7.674883e-03	6.626187e-05
1.034126e-02	-4.824121e-01	-4.823926e-01	-4.856444e-01	9.009553e-02	9.333144e-02	7.674883e-03	6.551188e-05
1.033592e-02	-4.824121e-01	-4.823926e-01	-4.856444e-01	9.009553e-02	9.333144e-02	7.674883e-03	6.576056e-05
1.033058e-02	-4.824121e-01	-4.823926e-01	-4.856444e-01	9.009553e-02	9.333144e-02	7.674883e-03	6.640912e-05
1.032525e-02	-4.824121e-01	-4.823926e-01	-4.856444e-01	9.009553e-02	9.333144e-02	7.674883e-03	6.605119e-05
1.031992e-02	-4.824121e-01	-4.823926e-01	-4.856444e-01	9.009553e-02	9.333144e-02	7.674883e-03	6.596996e-05
1.031460e-02	-4.824121e-01	-4.823926e-01	-4.856444e-01	9.009553e-02	9.333144e-02	7.674883e-03	6.633726e-05
1.030928e-02	-4.824121e-01	-4.823926e-01	-4.856444e-01	9.009553e-02	9.333144e-02	7.674883e-03	6.529858e-05
1.030397e-02	-4.824121e-01	-4.823926e-01	-4.856444e-01	9.009553e-02	9.333144e-02	7.674883e-03	6.636175e-05
1.029866e-02	-4.824121e-01	-4.823926e-01	-4.856444e-01	9.009553e-02	9.333144e-02	7.674883e-03	6.578165e-05
1.029336e-02	-4.824121e-01	-4.823926e-01	-4.856444e-01	9.009553e-02	9.333144e-02	7.674883e-03	6.559726e-05
1.028807e-02	-4.824121e-01	-4.823926e-01	-4.856444e-01	9.009553e-02	9.333144e-02	7.674883e-03	6.548758e-05
1.028278e-02	-4.824121e-01	-4.823926e-01	-4.856444e-01	9.009553e-02	9.333144e-02	7.674883e-03	6.567324e-05
1.027749e-02	-4.824121e-01	-4.823926e-01	-4.856444e-01	9.009553e-02	9.333144e-02	7.674883e-03	6.521340e-05
1.027221e-02	-4.824121e-01	-4.823926e-01	-4.856444e-01	9.009553e-02	9.333144e-02	7.674883e-03	6.503263e-05
1.026694e-02	-4.824121e-01	-4.823926e-01	-4.856444e-01	9.009553e-02	9.333144e-02	7.674883e-03	6.516416e-05
1.026167e-02	-4.824121e-01	-4.823926e-01	-4.856444e-01	9.009553e-02	9.333144e-02	7.674883e-03	6.448614e-05
1.025641e-02	-4.824121e-01	-4.823926e-01	-4.856444e-01	9.009553e-02	9.333144e-02	7.674884e-03	6.463879e-05
1.025115e-02	-4.824121e-01	-4.823926e-01	-4.856444e-01	9.009553e-02	9.333144e-02	7.674884e-03	6.446710e-05
1.024590e-02	-4.824121e-01	-4.823926e-01	-4.856444e-01	9.009553e-02	9.333144e-02	7.674884e-03	6.385635e-05
1.024066e-02	-4.824121e-01	-4.823926e-01	-4.856444e-01	9.009553e-02	9.333144e-02	7.674884e-03	6.369415e-05
1.023541e-02	-4.824121e-01	-4.823926e-01	-4.856444e-01	9.009553e-02	9.333144e-02	7.674884e-03	6.390589e-05
1.023018e-02	-4.824121e-01	-4.823926e-01	-4.856444e-01	9.009553e-02	9.333144e-02	7.674884e-03	6.348249e-05
1.022495e-02	-4.824121e-01	-4.823926e-01	-4.856444e-01	9.009553e-02	9.333144e-02	7.674884e-03	6.327560e-05
1.021972e-02	-4.824121e-01	-4.823926e-01	-4.856444e-01	9.009553e-02	9.333144e-02	7.674884e-03	6.288314e-05
1.021450e-02	-4.824121e-01	-4.823926e-01	-4.856444e-01	9.009553e-02	9.333144e-02	7.674884e-03	6.217924e-05
1.020929e-02	-4.824121e-01	-4.823926e-01	-4.856444e-01	9.009553e-02	9.333144e-02	7.674884e-03	6.229185e-05
1.020408e-02	-4.824121e-01	-4.823926e-01	-4.856444e-01	9.009553e-02	9.333144e-02	7.674884e-03	6.181500e-05
1.019888e-02	-4.824121e-01	-4.823926e-01	-4.856444e-01	9.009553e-02	9.333144e-02	7.674884e-03	6.218958e-05
1.019368e-02	-4.824121e-01	-4.823926e-01	-4.856444e-01	9.009553e-02	9.333144e-02	7.674884e-03	6.101672e-05
1.018849e-02	-4.824121e-01	-4.823926e-01	-4.856444e-01	9.009553e-02	9.333144e-02	7.674884e-03	6.116107e-05
1.018330e-02	-4.824121e-01	-4.823926e-01	-4.856444e-01	9.009553e-02	9.333144e-02	7.674884e-03	6.047243e-05
1.017812e-02	-4.824121e-01	-4.823926e-01	-4.856444e-01	9.009553e-02	9.333144e-02	7.674884e-03	6.031454e-05
1.017294e-02	-4.824121e-01	-4.823926e-01	-4.856444e-01	9.009553e-02	9.333144e-02	7.674884e-03	6.047481e-05
1.016777e-02	-4.824121e-01	-4.823926e-01	-4.856444e-01	9.009553e-02	9.333144e-02	7.674884e-03	5.934872e-05
1.016260e-02	-4.824121e-01	-4.823926e-01	-4.856444e-01	9.009553e-02	9.333144e-02	7.674884e-03	5.948063e-05
1.015744e-02	-4.824121e-01	-4.823926e-01	-4.856444e-01	9.009553e-02	9.333144e-02	7.674884e-03	5.965128e-05
1.015228e-02	-4.824121e-01	-4.823926e-01	-4.856444e-01	9.009553e-02	9.333144e-02	7.674884e-03	5.871917e-05
1.014713e-02	-4.824121e-01	-4.823926e-01	-4.856444e-01	9.009553e-02	9.333144e-02	7.674884e-03	5.833162e-05
1.014199e-02	-4.824121e-01	-4.823926e-01	-4.856444e-01	9.009553e-02	9.333144e-02	7.674884e-03	5.822504e-05
1.013685e-02	-4.824121e-01	-4.823926e-01	-4.856444e-01	9.009553e-02	9.333144e-02	7.674884e-03	5.782496e-05
1.013171e-02	-4.824121e-01	-4.823926e-01	-4.856444e-01	9.009553e-02	9.333144e-02	7.674884e-03	5.773408e-05
1.012658e-02	-4.824121e-01	-4.823926e-01	-4.856444e-01	9.009553e-02	9.333144e-02	7.674884e-03	5.731588e-05
1.012146e-02	-4.824121e-01	-4.823926e-01	-4.856444e-01	9.009553e-02	9.333144e-02	7.674884e-03	5.679132e-05
1.011634e-02	-4.824121e-01	-4.823926e-01	-4.856444e-01	9.009553e-02	9.333144e-02	7.674884e-03	5.644334e-05
1.011122e-02	-4.824121e-01	-4.823926e-01	-4.856444e-01	9.009553e-02	9.333144e-02	7.674884e-03	5.612794e-05
1.010611e-02	-4.824121e-01	-4.823926e-01	-4.856444e-01	9.009553e-02	9.333144e-02	7.674884e-03	5.617914e-05
1.010101e-02	-4.824121e-01	-4.823926e-01	-4.856444e-01	9.009553e-02	9.333144e-02	7.674884e-03	5.576795e-05
1.009591e-02	-4.824121e-01	-4.823926e-01	-4.856444e-01	9.009553e-02	9.333144e-02	7.674884e-03	5.530007e-05
1.009082e-02	-4.824121e-01	-4.823926e-01	-4.856444e-01	9.009553e-02	9.333144e-02	7.674884e-03	5.484791e-05
1.008573e-02	-4.824121e-01	-4.823926e-01	-4.856444e-01	9.009553e-02	9.333144e-02	7.674884e-03	5.462386e-05
1.008065e-02	-4.824121e-01	-4.823926e-01	-4.856444e-01	9.009553e-02	9.333144e-02	7.674884e-03	5.487475e-05
1.007557e-02	-4.824121e-01	-4.823926e-01	-4.856444e-01	9.009553e-02	9.333144e-02	7.674884e-03	5.402298e-05
1.007049e-02	-4.824121e-01	-4.823926e-01	-4.856444e-01	9.009553e-02	9.333144e-02	7.674885e-03	5.412787e-05
1.006543e-02	-4.824121e-01	-4.823926e-01	-4.856444e-01	9.009553e-02	9.333144e-02	7.674885e-03	5.369426e-05
1.006036e-02	-4.824121e-01	-4.823926e-01	-4.856444e-01	9.009553e-02	9.333144e-02	7.674885e-03	5.374270e-05
1.005530e-02	-4.824121e-01	-4.823926e-01	-4.856444e-01	9.009553e-02	9.333144e-02	7.674885e-03	5.257119e-05
1.005025e-02	-4.824121e-01	-4.823926e-01	-4.856444e-01	9.009553e-02	9.333144e-02	7.674885e-03	5.288294e-05
1.004520e-02	-4.824121e-01	-4.823926e-01	-4.856444e-01	9.009553e-02	9.333144e-02	7.674885e-03	5.266007e-05
1.004016e-02	-4.824121e-01	-4.823926e-01	-4.856444e-01	9.009553e-02	9.333144e-02	7.674885e-03	5.250998e-05
1.003512e-02	-4.824121e-01	-4.823926e-01	-4.856444e-01	9.009553e-02	9.333144e-02	7.674885e-03	5.198132e-05
1.003009e-02	-4.824121e-01	-4.823926e-01	-4.856444e-01	9.009553e-02	9.333144e-02	7.674885e-03	5.191484e-05
1.002506e-02	-4.824121e-01	-4.823926e-01	-4.856444e-01	9.009553e-02	9.333144e-02	7.674885e-03	5.144657e-05
1.002004e-02	-4.824121e-01	-4.823926e-01	-4.856444e-01	9.009553e-02	9.333144e-02	7.674885e-03	5.120942e-05
1.001502e-02	-4.824121e-01	-4.823926e-01	-4.856444e-01	9.009553e-02	9.333144e-02	7.674885e-03	5.127208e-05
1.001001e-02	-4.824121e-01	-4.823926e-01	-4.856444e-01	9.009553e-02	9.333144e-02	7.674885e-03	5.072210e-05
1.000500e-02	-4.824121e-01	-4.823926e-01	-4.856444e-01	9.009553e-02	9.333144e-02	7.674885e-03	5.078993e-05
1.000000e-02	-4.824121e-01	-4.823926e-01	-4.856444e-01	9.009553e-02	9.333144e-02	7.674885e-03	5.055085e-05
9.995002e-03	-4.824121e-01	-4.823926e-01	-4.856444e-01	9.009553e-02	9.333144e-02	7.674885e-03	5.013483e-05
9.990010e-03	-4.824121e-01	-4.823926e-01	-4.856444e-01	9.009553e-02	9.333144e-02	7.674885e-03	5.015648e-05
9.985022e-03	-4.824121e-01	-4.823926e-01	-4.856444e-01	9.009553e-02	9.333144e-02	7.674885e-03	5.006976e-05
9.980040e-03	-4.824121e-01	-4.823926e-01	-4.856444e-01	9.009553e-02	9.333144e-02	7.674885e-03	4.930365e-05
9.975062e-03	-4.824121e-01	-4.823926e-01	-4.856444e-01	9.009553e-02	9.333144e-02	7.674885e-03	4.964422e-05
9.970090e-03	-4.824121e-01	-4.823926e-01	-4.856444e-01	9.009553e-02	9.333144e-02	7.674885e-03	4.939640e-05
9.965122e-03	-4.824121e-01	-4.823926e-01	-4.856444e-01	9.009553e-02	9.333144e-02	7.674885e-03	4.873586e-05
9.960159e-03	-4.824121e-01	-4.823926e-01	-4.856444e-01	9.009553e-02	9.333144e-02	7.674885e-03	4.933450e-05
9.955202e-03	-4.824121e-01	-4.823926e-01	-4.856444e-01	9.009553e-02	9.333144e-02	7.674885e-03	4.887318e-05
9.950249e-03	-4.824121e-01	-4.823926e-01	-4.856444e-01	9.009553e-02	9.333144e-02	7.674885e-03	4.845106e-05
9.945301e-03	-4.824121e-01	-4.823926e-01	-4.856444e-01	9.009553e-02	9.333144e-02	7.674885e-03	4.851078e-05
9.940358e-03	-4.824121e-01	-4.823926e-01	-4.856444e-01	9.009553e-02	9.333144e-02	7.674885e-03	4.842672e-05
9.935420e-03	-4.824121e-01	-4.823926e-01	-4.856444e-01	9.009553e-02	9.333144e-02	7.674885e-03	4.760534e-05
9.930487e-03	-4.824121e-01	-4.823926e-01	-4.856444e-01	9.009553e-02	9.333144e-02	7.674885e-03	4.817719e-05
9.925558e-03	-4.824121e-01	-4.823926e-01	-4.856444e-01	9.009553e-02	9.333144e-02	7.674885e-03	4.766536e-05
9.920635e-03	-4.824121e-01	-4.823926e-01	-4.856444e-01	9.009553e-02	9.333144e-02	7.674885e-03	4.772424e-05
9.915716e-03	-4.824121e-01	-4.823926e-01	-4.856444e-01	9.009553e-02	9.333144e-02	7.674885e-03	4.722815e-05
9.910803e-03	-4.824121e-01	-4.823926e-01	-4.856444e-01	9.009553e-02	9.333144e-02	7.674885e-03	4.728077e-05
9.905894e-03	-4.824121e-01	-4.823926e-01	-4.856444e-01	9.009553e-02	9.333144e-02	7.674885e-03	4.740874e-05
9.900990e-03	-4.824121e-01	-4.823926e-01	-4.856444e-01	9.009553e-02	9.333144e-02	7.674885e-03	4.681787e-05
9.896091e-03	-4.824121e-01	-4.823926e-01	-4.856444e-01	9.009553e-02	9.333144e-02	7.674885e-03	4.713704e-05
9.891197e-03	-4.824121e-01	-4.823926e-01	-4.856444e-01	9.009553e-02	9.333144e-02	7.674885e-03	4.603331e-05
9.886307e-03	-4.824121e-01	-4.823926e-01	-4.856444e-01	9.009553e-02	9.333144e-02	7.674885e-03	4.739904e-05
9.881423e-03	-4.824121e-01	-4.823926e-01	-4.856444e-01	9.009553e-02	9.333144e-02	7.674885e-03	4.622920e-05
9.876543e-03	-4.824121e-01	-4.823926e-01	-4.856444e-01	9.009553e-02	9.333144e-02	7.674885e-03	4.648468e-05
9.871668e-03	-4.824121e-01	-4.823926e-01	-4.856444e-01	9.009553e-02	9.333144e-02	7.674885e-03	4.636728e-05
9.866798e-03	-4.824121e-01	-4.823926e-01	-4.856444e-01	9.009553e-02	9.333144e-02	7.674885e-03	4.617367e-05
9.861933e-03	-4.824121e-01	-4.823926e-01	-4.856444e-01	9.009553e-02	9.333144e-02	7.674885e-03	4.628353e-05
9.857072e-03	-4.824121e-01	-4.823926e-01	-4.856444e-01	9.009553e-02	9.333144e-02	7.674885e-03	4.604251e-05
9.852217e-03	-4.824121e-01	-4.823926e-01	-4.856444e-01	9.009553e-02	9.333144e-02	7.674885e-03	4.550229e-05
9.847366e-03	-4.824121e-01	-4.823926e-01	-4.856444e-01	9.009553e-02	9.333144e-02	7.674885e-03	4.585196e-05
9.842520e-03	-4.824121e-01	-4.823926e-01	-4.856444e-01	9.009553e-02	9.333144e-02	7.674886e-03	4.607315e-05
9.837678e-03	-4.824121e-01	-4.823926e-01	-4.856444e-01	9.009553e-02	9.333144e-02	7.674886e-03	4.522574e-05
9.832842e-03	-4.824121e-01	-4.823926e-01	-4.856444e-01	9.009553e-02	9.333144e-02	7.674886e-03	4.538195e-05
9.828010e-03	-4.824121e-01	-4.823926e-01	-4.856444e-01	9.009553e-02	9.333144e-02	7.674886e-03	4.523238e-05
9.823183e-03	-4.824121e-01	-4.823926e-01	-4.856444e-01	9.009553e-02	9.333144e-02	7.674886e-03	4.538877e-05
9.818360e-03	-4.824121e-01	-4.823926e-01	-4.856444e-01	9.009553e-02	9.333144e-02	7.674886e-03	4.494395e-05
9.813543e-03	-4.824121e-01	-4.823926e-01	-4.856444e-01	9.009553e-02	9.333144e-02	7.674886e-03	4.516516e-05
9.808730e-03	-4.824121e-01	-4.823926e-01	-4.856444e-01	9.009553e-02	9.333144e-02	7.674886e-03	4.494953e-05
9.803922e-03	-4.824121e-01	-4.823926e-01	-4.856444e-01	9.009553e-02	9.333144e-02	7.674886e-03	4.506460e-05
9.799118e-03	-4.824121e-01	-4.823926e-01	-4.856444e-01	9.009553e-02	9.333144e-02	7.674886e-03	4.476544e-05
9.794319e-03	-4.824121e-01	-4.823926e-01	-4.856444e-01	9.009553e-02	9.333144e-02	7.674886e-03	4.455452e-05
9.789525e-03	-4.824121e-01	-4.823926e-01	-4.856444e-01	9.009553e-02	9.333144e-02	7.674886e-03	4.427787e-05
9.784736e-03	-4.824121e-01	-4.823926e-01	-4.856444e-01	9.009553e-02	9.333144e-02	7.674886e-03	4.445778e-05
9.779951e-03	-4.824121e-01	-4.823926e-01	-4.856444e-01	9.009553e-02	9.333144e-02	7.674886e-03	4.473902e-05
9.775171e-03	-4.824121e-01	-4.823926e-01	-4.856444e-01	9.009553e-02	9.333144e-02	7.674886e-03	4.453888e-05
9.770396e-03	-4.824121e-01	-4.823926e-01	-4.856444e-01	9.009553e-02	9.333144e-02	7.674886e-03	4.418347e-05
9.765625e-03	-4.824121e-01	-4.823926e-01	-4.856444e-01	9.009553e-02	9.333144e-02	7.674886e-03	4.388094e-05
9.760859e-03	-4.824121e-01	-4.823926e-01	-4.856444e-01	9.009553e-02	9.333144e-02	7.674886e-03	4.449060e-05
9.756098e-03	-4.824121e-01	-4.823926e-01	-4.856444e-01	9.009553e-02	9.333144e-02	7.674886e-03	4.373975e-05
9.751341e-03	-4.824121e-01	-4.823926e-01	-4.856444e-01	9.009553e-02	9.333144e-02	7.674886e-03	4.414111e-05
9.746589e-03	-4.824121e-01	-4.823926e-01	-4.856444e-01	9.009553e-02	9.333144e-02	7.674886e-03	4.366357e-05
9.741841e-03	-4.824121e-01	-4.823926e-01	-4.856444e-01	9.009553e-02	9.333144e-02	7.674886e-03	4.393973e-05
9.737098e-03	-4.824121e-01	-4.823926e-01	-4.856444e-01	9.009553e-02	9.333144e-02	7.674886e-03	4.343696e-05
9.732360e-03	-4.824121e-01	-4.823926e-01	-4.856444e-01	9.009553e-02	9.333144e-02	7.674886e-03	4.374933e-05
9.727626e-03	-4.824121e-01	-4.823926e-01	-4.856444e-01	9.009553e-02	9.333144e-02	7.674886e-03	4.401418e-05
9.722897e-03	-4.824121e-01	-4.823926e-01	-4.856444e-01	9.009553e-02	9.333144e-02	7.674886e-03	4.360603e-05
9.718173e-03	-4.824121e-01	-4.823926e-01	-4.856444e-01	9.009553e-02	9.333144e-02	7.674886e-03	4.328731e-05
9.713453e-03	-4.824121e-01	-4.823926e-01	-4.856444e-01	9.009553e-02	9.333144e-02	7.674886e-03	4.324504e-05
9.708738e-03	-4.824121e-01	-4.823926e-01	-4.856444e-01	9.009553e-02	9.333144e-02	7.674886e-03	4.316042e-05
9.704027e-03	-4.824121e-01	-4.823926e-01	-4.856444e-01	9.009553e-02	9.333144e-02	7.674886e-03	4.343172e-05
9.699321e-03	-4.824121e-01	-4.823926e-01	-4.856444e-01	9.009553e-02	9.333144e-02	7.674886e-03	4.336511e-05
9.694619e-03	-4.824121e-01	-4.823926e-01	-4.856444e-01	9.009553e-02	9.333144e-02	7.674886e-03	4.315316e-05
9.689922e-03	-4.824121e-01	-4.823926e-01	-4.856444e-01	9.009553e-02	9.333144e-02	7.674886e-03	4.301339e-05
9.685230e-03	-4.824121e-01	-4.823926e-01	-4.856444e-01	9.009553e-02	9.333144e-02	7.674886e-03	4.307326e-05
9.680542e-03	-4.824121e-01	-4.823926e-01	-4.856444e-01	9.009553e-02	9.333144e-02	7.674886e-03	4.308466e-05
9.675859e-03	-4.824121e-01	-4.823926e-01	-4.856444e-01	9.009553e-02	9.333144e-02	7.674886e-03	4.282280e-05
9.671180e-03	-4.824121e-01	-4.823926e-01	-4.856444e-01	9.009553e-02	9.333144e-02	7.674886e-03	4.277308e-05
9.666506e-03	-4.824121e-01	-4.823926e-01	-4.856444e-01	9.009553e-02	9.333144e-02	7.674886e-03	4.272929e-05
9.661836e-03	-4.824121e-01	-4.823926e-01	-4.856444e-01	9.009553e-02	9.333144e-02	7.674886e-03	4.277060e-05
9.657170e-03	-4.824121e-01	-4.823926e-01	-4.856444e-01	9.009553e-02	9.333144e-02	7.674886e-03	4.265347e-05
9.652510e-03	-4.824121e-01	-4.823926e-01	-4.856444e-01	9.009553e-02	9.333144e-02	7.674886e-03	4.259705e-05
9.647853e-03	-4.824121e-01	-4.823926e-01	-4.856444e-01	9.009553e-02	9.333144e-02	7.674886e-03	4.290077e-05
9.643202e-03	-4.824121e-01	-4.823926e-01	-4.856444e-01	9.009553e-02	9.333144e-02	7.674886e-03	4.277713e-05
9.638554e-03	-4.824121e-01	-4.823926e-01	-4.856444e-01	9.009553e-02	9.333144e-02	7.674886e-03	4.223100e-05
9.633911e-03	-4.824121e-01	-4.823926e-01	-4.856444e-01	9.009553e-02	9.333144e-02	7.674886e-03	4.190424e-05
9.629273e-03	-4.824121e-01	-4.823926e-01	-4.856444e-01	9.009553e-02	9.333144e-02	7.674886e-03	4.262510e-05
9.624639e-03	-4.824121e-01	-4.823926e-01	-4.856444e-01	9.009553e-02	9.333144e-02	7.674886e-03	4.226116e-05
9.620010e-03	-4.824121e-01	-4.823926e-01	-4.856444e-01	9.009553e-02	9.333144e-02	7.674886e-03	4.217899e-05
9.615385e-03	-4.824121e-01	-4.823926e-01	-4.856444e-01	9.009553e-02	9.333144e-02	7.674886e-03	4.235484e-05
9.610764e-03	-4.824121e-01	-4.823926e-01	-4.856444e-01	9.009553e-02	9.333144e-02	7.674886e-03	4.180478e-05
9.606148e-03	-4.824121e-01	-4.823926e-01	-4.856444e-01	9.009553e-02	9.333144e-02	7.674886e-03	4.227001e-05
9.601536e-03	-4.824121e-01	-4.823926e-01	-4.856444e-01	9.009553e-02	9.333144e-02	7.674886e-03	4.204549e-05
9.596929e-03	-4.824121e-01	-4.823926e-01	-4.856444e-01	9.009553e-02	9.333144e-02	7.674886e-03	4.226485e-05
9.592326e-03	-4.824121e-01	-4.823926e-01	-4.856444e-01	9.009553e-02	9.333144e-02	7.674886e-03	4.170000e-05
9.587728e-03	-4.824121e-01	-4.823926e-01	-4.856444e-01	9.009553e-02	9.333144e-02	7.674886e-03	4.151122e-05
9.583134e-03	-4.824121e-01	-4.823926e-01	-4.856444e-01	9.009553e-02	9.333144e-02	7.674886e-03	4.217618e-05
9.578544e-03	-4.824121e-01	-4.823926e-01	-4.856444e-01	9.009553e-02	9.333144e-02	7.674886e-03	4.169618e-05
9.573959e-03	-4.824121e-01	-4.823926e-01	-4.856444e-01	9.009553e-02	9.333144e-02	7.674886e-03	4.157489e-05
9.569378e-03	-4.824121e-01	-4.823926e-01	-4.856444e-01	9.009553e-02	9.333144e-02	7.674886e-03	4.177609e-05
9.564802e-03	-4.824121e-01	-4.823926e-01	-4.856444e-01	9.009553e-02	9.333144e-02	7.674886e-03	4.141842e-05
9.560229e-03	-4.824121e-01	-4.823926e-01	-4.856444e-01	9.009553e-02	9.333144e-02	7.674886e-03	4.141451e-05
9.555662e-03	-4.824121e-01	-4.823926e-01	-4.856444e-01	9.009553e-02	9.333144e-02	7.674886e-03	4.172803e-05
9.551098e-03	-4.824121e-01	-4.823926e-01	-4.856444e-01	9.009553e-02	9.333144e-02	7.674886e-03	4.113233e-05
9.546539e-03	-4.824121e-01	-4.823926e-01	-4.856444e-01	9.009553e-02	9.333144e-02	7.674886e-03	4.182029e-05
9.541985e-03	-4.824121e-01	-4.823926e-01	-4.856444e-01	9.009553e-02	9.333144e-02	7.674886e-03	4.137950e-05
9.537434e-03	-4.824121e-01	-4.823926e-01	-4.856444e-01	9.009553e-02	9.333144e-02	7.674886e-03	4.090657e-05
9.532888e-03	-4.824121e-01	-4.823926e-01	-4.856444e-01	9.009553e-02	9.333144e-02	7.674887e-03	4.164616e-05
9.528347e-03	-4.824121e-01	-4.823926e-01	-4.856444e-01	9.009553e-02	9.333144e-02	7.674887e-03	4.114742e-05
9.523810e-03	-4.824121e-01	-4.823926e-01	-4.856444e-01	9.009553e-02	9.333144e-02	7.674887e-03	4.067275e-05
9.519277e-03	-4.824121e-01	-4.823926e-01	-4.856444e-01	9.009553e-02	9.333144e-02	7.674887e-03	4.172771e-05
9.514748e-03	-4.824121e-01	-4.823926e-01	-4.856444e-01	9.009553e-02	9.333144e-02	7.674887e-03	4.089467e-05
9.510223e-03	-4.824121e-01	-4.823926e-01	-4.856444e-01	9.009553e-02	9.333144e-02	7.674887e-03	4.097758e-05
9.505703e-03	-4.824121e-01	-4.823926e-01	-4.856444e-01	9.009553e-02	9.333144e-02	7.674887e-03	4.112980e-05
9.501188e-03	-4.824121e-01	-4.823926e-01	-4.856444e-01	9.009553e-02	9.333144e-02	7.674887e-03	4.103037e-05
9.496676e-03	-4.824121e-01	-4.823926e-01	-4.856444e-01	9.009553e-02	9.333144e-02	7.674887e-03	4.040757e-05
9.492169e-03	-4.824121e-01	-4.823926e-01	-4.856444e-01	9.009553e-02	9.333144e-02	7.674887e-03	4.121563e-05
9.487666e-03	-4.824121e-01	-4.823926e-01	-4.856444e-01	9.009553e-02	9.333144e-02	7.674887e-03	4.063591e-05
9.483167e-03	-4.824121e-01	-4.823926e-01	-4.856444e-01	9.009553e-02	9.333144e-02	7.674887e-03	4.047853e-05
9.478673e-03	-4.824121e-01	-4.823926e-01	-4.856444e-01	9.009553e-02	9.333144e-02	7.674887e-03	4.085857e-05
9.474183e-03	-4.824121e-01	-4.823926e-01	-4.856444e-01	9.009553e-02	9.333144e-02	7.674887e-03	4.056167e-05
9.469697e-03	-4.824121e-01	-4.823926e-01	-4.856444e-01	9.009553e-02	9.333144e-02	7.674887e-03	4.086634e-05
9.465215e-03	-4.824121e-01	-4.823926e-01	-4.856444e-01	9.009553e-02	9.333144e-02	7.674887e-03	4.044822e-05
9.460738e-03	-4.824121e-01	-4.823926e-01	-4.856444e-01	9.009553e-02	9.333144e-02	7.674887e-03	4.036585e-05
9.456265e-03	-4.824121e-01	-4.823926e-01	-4.856444e-01	9.009553e-02	9.333144e-02	7.674887e-03	4.032776e-05
9.451796e-03	-4.824121e-01	-4.823926e-01	-4.856444e-01	9.009553e-02	9.333144e-02	7.674887e-03	4.066496e-05
9.447331e-03	-4.824121e-01	-4.823926e-01	-4.856444e-01	9.009553e-02	9.333144e-02	7.674887e-03	4.050597e-05
9.442871e-03	-4.824121e-01	-4.823926e-01	-4.856444e-01	9.009553e-02	9.333144e-02	7.674887e-03	4.047412e-05
9.438414e-03	-4.824121e-01	-4.823926e-01	-4.856444e-01	9.009553e-02	9.333144e-02	7.674887e-03	4.009759e-05
9.433962e-03	-4.824121e-01	-4.823926e-01	-4.856444e-01	9.009553e-02	9.333144e-02	7.674887e-03	3.972668e-05
9.429514e-03	-4.824121e-01	-4.823926e-01	-4.856444e-01	9.009553e-02	9.333144e-02	7.674887e-03	4.035232e-05
9.425071e-03	-4.824121e-01	-4.823926e-01	-4.856444e-01	9.009553e-02	9.333144e-02	7.674887e-03	4.030719e-05
9.420631e-03	-4.824121e-01	-4.823926e-01	-4.856444e-01	9.009553e-02	9.333144e-02	7.674887e-03	3.976874e-05
9.416196e-03	-4.824121e-01	-4.823926e-01	-4.856444e-01	9.009553e-02	9.333144e-02	7.674887e-03	4.028704e-05
9.411765e-03	-4.824121e-01	-4.823926e-01	-4.856444e-01	9.009553e-02	9.333144e-02	7.674887e-03	4.018381e-05
9.407338e-03	-4.824121e-01	-4.823926e-01	-4.856444e-01	9.009553e-02	9.333144e-02	7.674887e-03	3.925175e-05
9.402915e-03	-4.824121e-01	-4.823926e-01	-4.856444e-01	9.009553e-02	9.333144e-02	7.674887e-03	4.047165e-05
9.398496e-03	-4.824121e-01	-4.823926e-01	-4.856444e-01	9.009553e-02	9.333144e-02	7.674887e-03	3.994341e-05
9.394082e-03	-4.824121e-01	-4.823926e-01	-4.856444e-01	9.009553e-02	9.333144e-02	7.674887e-03	3.969755e-05
9.389671e-03	-4.824121e-01	-4.823926e-01	-4.856444e-01	9.009553e-02	9.333144e-02	7.674887e-03	3.937380e-05
9.385265e-03	-4.824121e-01	-4.823926e-01	-4.856444e-01	9.009553e-02	9.333144e-02	7.674887e-03	3.984316e-05
9.380863e-03	-4.824121e-01	-4.823926e-01	-4.856444e-01	9.009553e-02	9.333144e-02	7.674887e-03	3.977075e-05
9.376465e-03	-4.824121e-01	-4.823926e-01	-4.856444e-01	9.009553e-02	9.333144e-02	7.674887e-03	3.960763e-05
9.372071e-03	-4.824121e-01	-4.823926e-01	-4.856444e-01	9.009553e-02	9.333144e-02	7.674887e-03	3.974833e-05
9.367681e-03	-4.824121e-01	-4.823926e-01	-4.856444e-01	9.009553e-02	9.333144e-02	7.674887e-03	3.920260e-05
9.363296e-03	-4.824121e-01	-4.823926e-01	-4.856444e-01	9.009553e-02	9.333144e-02	7.674887e-03	3.942736e-05
9.358914e-03	-4.824121e-01	-4.823926e-01	-4.856444e-01	9.009553e-02	9.333144e-02	7.674887e-03	3.980175e-05
9.354537e-03	-4.824121e-01	-4.823926e-01	-4.856444e-01	9.009553e-02	9.333144e-02	7.674887e-03	3.965063e-05
9.350164e-03	-4.824121e-01	-4.823926e-01	-4.856444e-01	9.009553e-02	9.333144e-02	7.674887e-03	3.910906e-05
9.345794e-03	-4.824121e-01	-4.823926e-01	-4.856444e-01	9.009553e-02	9.333144e-02	7.674887e-03	3.950358e-05
9.341429e-03	-4.824121e-01	-4.823926e-01	-4.856444e-01	9.009553e-02	9.333144e-02	7.674887e-03	3.929297e-05
9.337068e-03	-4.824121e-01	-4.823926e-01	-4.856444e-01	9.009553e-02	9.333144e-02	7.674887e-03	3.930360e-05
9.332711e-03	-4.824121e-01	-4.823926e-01	-4.856444e-01	9.009553e-02	9.333144e-02	7.674887e-03	3.903358e-05
9.328358e-03	-4.824121e-01	-4.823926e-01	-4.856444e-01	9.009553e-02	9.333144e-02	7.674887e-03	3.909614e-05
9.324009e-03	-4.824121e-01	-4.823926e-01	-4.856444e-01	9.009553e-02	9.333144e-02	7.674887e-03	3.914570e-05
9.319664e-03	-4.824121e-01	-4.823926e-01	-4.856444e-01	9.009553e-02	9.333144e-02	7.674887e-03	3.903823e-05
9.315324e-03	-4.824121e-01	-4.823926e-01	-4.856444e-01	9.009553e-02	9.333144e-02	7.674887e-03	3.927114e-05
9.310987e-03	-4.824121e-01	-4.823926e-01	-4.856444e-01	9.009553e-02	9.333144e-02	7.674887e-03	3.894711e-05
9.306654e-03	-4.824121e-01	-4.823926e-01	-4.856444e-01	9.009553e-02	9.333144e-02	7.674887e-03	3.888494e-05
9.302326e-03	-4.824121e-01	-4.823926e-01	-4.856444e-01	9.009553e-02	9.333144e-02	7.674887e-03	3.926929e-05
9.298001e-03	-4.824121e-01	-4.823926e-01	-4.856444e-01	9.009553e-02	9.333144e-02	7.674887e-03	3.878640e-05
9.293680e-03	-4.824121e-01	-4.823926e-01	-4.856444e-01	9.009552e-02	9.333144e-02	7.674887e-03	3.851315e-05
9.289364e-03	-4.824121e-01	-4.823926e-01	-4.856444e-01	9.009552e-02	9.333144e-02	7.674887e-03	3.846990e-05
9.285051e-03	-4.824121e-01	-4.823926e-01	-4.856444e-01	9.009552e-02	9.333144e-02	7.674887e-03	3.885510e-05
9.280742e-03	-4.824121e-01	-4.823926e-01	-4.856444e-01	9.009552e-02	9.333144e-02	7.674887e-03	3.880539e-05
9.276438e-03	-4.824121e-01	-4.823926e-01	-4.856444e-01	9.009552e-02	9.333144e-02	7.674887e-03	3.849792e-05
9.272137e-03	-4.824121e-01	-4.823926e-01	-4.856444e-01	9.009552e-02	9.333144e-02	7.674887e-03	3.844769e-05
9.267841e-03	-4.824121e-01	-4.823926e-01	-4.856444e-01	9.009552e-02	9.333144e-02	7.674887e-03	3.895322e-05
9.263548e-03	-4.824121e-01	-4.823926e-01	-4.856444e-01	9.009552e-02	9.333144e-02	7.674887e-03	3.818781e-05
9.259259e-03	-4.824121e-01	-4.823926e-01	-4.856444e-01	9.009552e-02	9.333144e-02	7.674887e-03	3.834254e-05
9.254975e-03	-4.824121e-01	-4.823926e-01	-4.856444e-01	9.009552e-02	9.333144e-02	7.674887e-03	3.851742e-05
9.250694e-03	-4.824121e-01	-4.823926e-01	-4.856444e-01	9.009552e-02	9.333144e-02	7.674887e-03	3.846672e-05
9.246417e-03	-4.824121e-01	-4.823926e-01	-4.856444e-01	9.009552e-02	9.333144e-02	7.674887e-03	3.818318e-05
9.242144e-03	-4.824121e-01	-4.823926e-01	-4.856444e-01	9.009552e-02	9.333144e-02	7.674887e-03	3.871095e-05
9.237875e-03	-4.824121e-01	-4.823926e-01	-4.856444e-01	9.009552e-02	9.333144e-02	7.674887e-03	3.806731e-05
9.233610e-03	-4.824121e-01	-4.823926e-01	-4.856444e-01	9.009552e-02	9.333144e-02	7.674887e-03	3.828917e-05
9.229349e-03	-4.824121e-01	-4.823926e-01	-4.856444e-01	9.009552e-02	9.333144e-02	7.674887e-03	3.799754e-05
9.225092e-03	-4.824121e-01	-4.823926e-01	-4.856444e-01	9.009552e-02	9.333144e-02	7.674887e-03	3.826640e-05
9.220839e-03	-4.824121e-01	-4.823926e-01	-4.856444e-01	9.009552e-02	9.333144e-02	7.674887e-03	3.826828e-05
9.216590e-03	-4.824121e-01	-4.823926e-01	-4.856444e-01	9.009552e-02	9.333144e-02	7.674887e-03	3.805598e-05
9.212345e-03	-4.824121e-01	-4.823926e-01	-4.856444e-01	9.009552e-02	9.333144e-02	7.674887e-03	3.800399e-05
9.208103e-03	-4.824121e-01	-4.823926e-01	-4.856444e-01	9.009552e-02	9.333144e-02	7.674887e-03	3.773732e-05
9.203866e-03	-4.824121e-01	-4.823926e-01	-4.856444e-01	9.009552e-02	9.333144e-02	7.674887e-03	3.826193e-05
9.199632e-03	-4.824121e-01	-4.823926e-01	-4.856444e-01	9.009552e-02	9.333144e-02	7.674887e-03	3.732327e-05
9.195402e-03	-4.824121e-01	-4.823926e-01	-4.856444e-01	9.009552e-02	9.333144e-02	7.674887e-03	3.896432e-05
9.191176e-03	-4.824121e-01	-4.823926e-01	-4.856444e-01	9.009552e-02	9.333144e-02	7.674887e-03	3.714301e-05
9.186955e-03	-4.824121e-01	-4.823926e-01	-4.856444e-01	9.009552e-02	9.333144e-02	7.674887e-03	3.815373e-05
9.182736e-03	-4.824121e-01	-4.823926e-01	-4.856444e-01	9.009552e-02	9.333144e-02	7.674887e-03	3.777758e-05
9.178522e-03	-4.824121e-01	-4.823926e-01	-4.856444e-01	9.009552e-02	9.333144e-02	7.674887e-03	3.793373e-05
9.174312e-03	-4.824121e-01	-4.823926e-01	-4.856444e-01	9.009552e-02	9.333144e-02	7.674887e-03	3.705007e-05
9.170105e-03	-4.824121e-01	-4.823926e-01	-4.856444e-01	9.009552e-02	9.333144e-02	7.674887e-03	3.766540e-05
9.165903e-03	-4.824121e-01	-4.823926e-01	-4.856444e-01	9.009552e-02	9.333144e-02	7.674887e-03	3.769995e-05
9.161704e-03	-4.824121e-01	-4.823926e-01	-4.856444e-01	9.009552e-02	9.333144e-02	7.674887e-03	3.763293e-05
9.157509e-03	-4.824121e-01	-4.823926e-01	-4.856444e-01	9.009552e-02	9.333144e-02	7.674887e-03	3.732850e-05
9.153318e-03	-4.824121e-01	-4.823926e-01	-4.856444e-01	9.009552e-02	9.333144e-02	7.674887e-03	3.806150e-05
9.149131e-03	-4.824121e-01	-4.823926e-01	-4.856444e-01	9.009552e-02	9.333144e-02	7.674887e-03	3.712527e-05
9.144947e-03	-4.824121e-01	-4.823926e-01	-4.856444e-01	9.009552e-02	9.333144e-02	7.674887e-03	3.738354e-05
9.140768e-03	-4.824121e-01	-4.823926e-01	-4.856444e-01	9.009552e-02	9.333144e-02	7.674887e-03	3.786675e-05
9.136592e-03	-4.824121e-01	-4.823926e-01	-4.856444e-01	9.009552e-02	9.333144e-02	7.674887e-03	3.702295e-05
9.132420e-03	-4.824121e-01	-4.823926e-01	-4.856444e-01	9.009552e-02	9.333144e-02	7.674887e-03	3.724763e-05
9.128252e-03	-4.824121e-01	-4.823926e-01	-4.856444e-01	9.009552e-02	9.333144e-02	7.674887e-03	3.722025e-05
9.124088e-03	-4.824121e-01	-4.823926e-01	-4.856444e-01	9.009552e-02	9.333144e-02	7.674887e-03	3.745225e-05
9.119927e-03	-4.824121e-01	-4.823926e-01	-4.856444e-01	9.009552e-02	9.333144e-02	7.674887e-03	3.700119e-05
9.115770e-03	-4.824121e-01	-4.823926e-01	-4.856444e-01	9.009552e-02	9.333144e-02	7.674887e-03	3.748642e-05
9.111617e-03	-4.824121e-01	-4.823926e-01	-4.856444e-01	9.009552e-02	9.333144e-02	7.674887e-03	3.727412e-05
9.107468e-03	-4.824121e-01	-4.823926e-01	-4.856444e-01	9.009552e-02	9.333144e-02	7.674887e-03	3.667075e-05
9.103323e-03	-4.824121e-01	-4.823926e-01	-4.856444e-01	9.009552e-02	9.333144e-02	7.674887e-03	3.735579e-05
9.099181e-03	-4.824121e-01	-4.823926e-01	-4.856444e-01	9.009552e-02	9.333144e-02	7.674887e-03	3.681310e-05
9.095043e-03	-4.824121e-01	-4.823926e-01	-4.856444e-01	9.009552e-02	9.333144e-02	7.674887e-03	3.717645e-05
9.090909e-03	-4.824121e-01	-4.823926e-01	-4.856444e-01	9.009552e-02	9.333144e-02	7.674887e-03	3.657749e-05
9.086779e-03	-4.824121e-01	-4.823926e-01	-4.856444e-01	9.009552e-02	9.333144e-02	7.674887e-03	3.758832e-05
9.082652e-03	-4.824121e-01	-4.823926e-01	-4.856444e-01	9.009552e-02	9.333144e-02	7.674887e-03	3.661646e-05
9.078529e-03	-4.824121e-01	-4.823926e-01	-4.856444e-01	9.009552e-02	9.333144e-02	7.674887e-03	3.713940e-05
9.074410e-03	-4.824121e-01	-4.823926e-01	-4.856444e-01	9.009552e-02	9.333144e-02	7.674887e-03	3.663469e-05
9.070295e-03	-4.824121e-01	-4.823926e-01	-4.856444e-01	9.009552e-02	9.333144e-02	7.674887e-03	3.672321e-05
9.066183e-03	-4.824121e-01	-4.823926e-01	-4.856444e-01	9.009552e-02	9.333144e-02	7.674887e-03	3.665971e-05
9.062075e-03	-4.824121e-01	-4.823926e-01	-4.856444e-01	9.009552e-02	9.333144e-02	7.674887e-03	3.657528e-05
9.057971e-03	-4.824121e-01	-4.823926e-01	-4.856444e-01	9.009552e-02	9.333144e-02	7.674887e-03	3.714883e-05
9.053871e-03	-4.824121e-01	-4.823926e-01	-4.856444e-01	9.009552e-02	9.333144e-02	7.674887e-03	3.683577e-05
9.049774e-03	-4.824121e-01	-4.823926e-01	-4.856444e-01	9.009552e-02	9.333144e-02	7.674888e-03	3.633469e-05
9.045681e-03	-4.824121e-01	-4.823926e-01	-4.856444e-01	9.009552e-02	9.333144e-02	7.674888e-03	3.676356e-05
9.041591e-03	-4.824121e-01	-4.823926e-01	-4.856444e-01	9.009552e-02	9.333144e-02	7.674888e-03	3.597633e-05
9.037506e-03	-4.824121e-01	-4.823926e-01	-4.856444e-01	9.009552e-02	9.333144e-02	7.674888e-03	3.685794e-05
9.033424e-03	-4.824121e-01	-4.823926e-01	-4.856444e-01	9.009552e-02	9.333144e-02	7.674888e-03	3.614591e-05
9.029345e-03	-4.824121e-01	-4.823926e-01	-4.856444e-01	9.009552e-02	9.333144e-02	7.674888e-03	3.689670e-05
9.025271e-03	-4.824121e-01	-4.823926e-01	-4.856444e-01	9.009552e-02	9.333144e-02	7.674888e-03	3.577160e-05
9.021200e-03	-4.824121e-01	-4.823926e-01	-4.856444e-01	9.009552e-02	9.333144e-02	7.674888e-03	3.676080e-05
9.017133e-03	-4.824121e-01	-4.823926e-01	-4.856444e-01	9.009552e-02	9.333144e-02	7.674888e-03	3.680795e-05
9.013069e-03	-4.824121e-01	-4.823926e-01	-4.856444e-01	9.009552e-02	9.333144e-02	7.674888e-03	3.602246e-05
9.009009e-03	-4.824121e-01	-4.823926e-01	-4.856444e-01	9.009552e-02	9.333144e-02	7.674888e-03	3.648216e-05
9.004953e-03	-4.824121e-01	-4.823926e-01	-4.856444e-01	9.009552e-02	9.333144e-02	7.674888e-03	3.618556e-05
9.000900e-03	-4.824121e-01	-4.823926e-01	-4.856444e-01	9.009552e-02	9.333144e-02	7.674888e-03	3.593049e-05
8.996851e-03	-4.824121e-01	-4.823926e-01	-4.856444e-01	9.009552e-02	9.333144e-02	7.674888e-03	3.590665e-05
8.992806e-03	-4.824121e-01	-4.823926e-01	-4.856444e-01	9.009552e-02	9.333144e-02	7.674888e-03	3.667700e-05
8.988764e-03	-4.824121e-01	-4.823926e-01	-4.856444e-01	9.009552e-02	9.333144e-02	7.674888e-03	3.605571e-05
8.984726e-03	-4.824121e-01	-4.823926e-01	-4.856444e-01	9.009552e-02	9.333144e-02	7.674888e-03	3.545439e-05
8.980692e-03	-4.824121e-01	-4.823926e-01	-4.856444e-01	9.009552e-02	9.333144e-02	7.674888e-03	3.636724e-05
8.976661e-03	-4.824121e-01	-4.823926e-01	-4.856444e-01	9.009552e-02	9.333144e-02	7.674888e-03	3.598371e-05
8.972633e-03	-4.824121e-01	-4.823926e-01	-4.856444e-01	9.009552e-02	9.333144e-02	7.674888e-03	3.612192e-05
8.968610e-03	-4.824121e-01	-4.823926e-01	-4.856444e-01	9.009552e-02	9.333144e-02	7.674888e-03	3.606954e-05
8.964590e-03	-4.824121e-01	-4.823926e-01	-4.856444e-01	9.009552e-02	9.333144e-02	7.674888e-03	3.607360e-05
8.960573e-03	-4.824121e-01	-4.823926e-01	-4.856444e-01	9.009552e-02	9.333144e-02	7.674888e-03	3.592896e-05
8.956561e-03	-4.824121e-01	-4.823926e-01	-4.856444e-01	9.009552e-02	9.333144e-02	7.674888e-03	3.606745e-05
8.952551e-03	-4.824121e-01	-4.823926e-01	-4.856444e-01	9.009552e-02	9.333144e-02	7.674888e-03	3.564585e-05
8.948546e-03	-4.824121e-01	-4.823926e-01	-4.856444e-01	9.009552e-02	9.333144e-02	7.674888e-03	3.610369e-05
8.944544e-03	-4.824121e-01	-4.823926e-01	-4.856444e-01	9.009552e-02	9.333144e-02	7.674888e-03	3.539709e-05
8.940545e-03	-4.824121e-01	-4.823926e-01	-4.856444e-01	9.009552e-02	9.333144e-02	7.674888e-03	3.580566e-05
8.936550e-03	-4.824121e-01	-4.823926e-01	-4.856444e-01	9.009552e-02	9.333144e-02	7.674888e-03	3.582344e-05
8.932559e-03	-4.824121e-01	-4.823926e-01	-4.856444e-01	9.009552e-02	9.333144e-02	7.674888e-03	3.547076e-05
8.928571e-03	-4.824121e-01	-4.823926e-01	-4.856444e-01	9.009552e-02	9.333144e-02	7.674888e-03	3.622263e-05
8.924587e-03	-4.824121e-01	-4.823926e-01	-4.856444e-01	9.009552e-02	9.333144e-02	7.674888e-03	3.517732e-05
8.920607e-03	-4.824121e-01	-4.823926e-01	-4.856444e-01	9.009552e-02	9.333144e-02	7.674888e-03	3.578017e-05
8.916630e-03	-4.824121e-01	-4.823926e-01	-4.856444e-01	9.009552e-02	9.333144e-02	7.674888e-03	3.522584e-05
8.912656e-03	-4.824121e-01	-4.823926e-01	-4.856444e-01	9.009552e-02	9.333144e-02	7.674888e-03	3.577964e-05
8.908686e-03	-4.824121e-01	-4.823926e-01	-4.856444e-01	9.009552e-02	9.333144e-02	7.674888e-03	3.571842e-05
8.904720e-03	-4.824121e-01	-4.823926e-01	-4.856444e-01	9.009552e-02	9.333144e-02	7.674888e-03	3.526995e-05
8.900757e-03	-4.824121e-01	-4.823926e-01	-4.856444e-01	9.009552e-02	9.333144e-02	7.674888e-03	3.568881e-05
8.896797e-03	-4.824121e-01	-4.823926e-01	-4.856444e-01	9.009552e-02	9.333144e-02	7.674888e-03	3.496653e-05
8.892841e-03	-4.824121e-01	-4.823926e-01	-4.856444e-01	9.009552e-02	9.333144e-02	7.674888e-03	3.613333e-05
8.888889e-03	-4.824121e-01	-4.823926e-01	-4.856444e-01	9.009552e-02	9.333144e-02	7.674888e-03	3.471223e-05
8.884940e-03	-4.824121e-01	-4.823926e-01	-4.856444e-01	9.009552e-02	9.333144e-02	7.674888e-03	3.562157e-05
8.880995e-03	-4.824121e-01	-4.823926e-01	-4.856444e-01	9.009552e-02	9.333144e-02	7.674888e-03	3.564602e-05
8.877053e-03	-4.824121e-01	-4.823926e-01	-4.856444e-01	9.009552e-02	9.333144e-02	7.674888e-03	3.466781e-05
8.873114e-03	-4.824121e-01	-4.823926e-01	-4.856444e-01	9.009552e-02	9.333144e-02	7.674888e-03	3.562273e-05
8.869180e-03	-4.824121e-01	-4.823926e-01	-4.856444e-01	9.009552e-02	9.333144e-02	7.674888e-03	3.504011e-05
8.865248e-03	-4.824121e-01	-4.823926e-01	-4.856444e-01	9.009552e-02	9.333144e-02	7.674888e-03	3.504950e-05
8.861320e-03	-4.824121e-01	-4.823926e-01	-4.856444e-01	9.009552e-02	9.333144e-02	7.674888e-03	3.587688e-05
8.857396e-03	-4.824121e-01	-4.823926e-01	-4.856444e-01	9.009552e-02	9.333144e-02	7.674888e-03	3.472041e-05
8.853475e-03	-4.824121e-01	-4.823926e-01	-4.856444e-01	9.009552e-02	9.333144e-02	7.674888e-03	3.538209e-05
8.849558e-03	-4.824121e-01	-4.823926e-01	-4.856444e-01	9.009552e-02	9.333144e-02	7.674888e-03	3.536261e-05
8.845644e-03	-4.824121e-01	-4.823926e-01	-4.856444e-01	9.009552e-02	9.333144e-02	7.674888e-03	3.423882e-05
8.841733e-03	-4.824121e-01	-4.823926e-01	-4.856444e-01	9.009552e-02	9.333144e-02	7.674888e-03	3.559974e-05
8.837826e-03	-4.824121e-01	-4.823926e-01	-4.856444e-01	9.009552e-02	9.333144e-02	7.674888e-03	3.459780e-05
8.833922e-03	-4.824121e-01	-4.823926e-01	-4.856444e-01	9.009552e-02	9.333144e-02	7.674888e-03	3.529123e-05
8.830022e-03	-4.824121e-01	-4.823926e-01	-4.856444e-01	9.009552e-02	9.333144e-02	7.674888e-03	3.479021e-05
8.826125e-03	-4.824121e-01	-4.823926e-01	-4.856444e-01	9.009552e-02	9.333144e-02	7.674888e-03	3.480634e-05
8.822232e-03	-4.824121e-01	-4.823926e-01	-4.856444e-01	9.009552e-02	9.333144e-02	7.674888e-03	3.510729e-05
8.818342e-03	-4.824121e-01	-4.823926e-01	-4.856444e-01	9.009552e-02	9.333144e-02	7.674888e-03	3.528447e-05
8.814456e-03	-4.824121e-01	-4.823926e-01	-4.856444e-01	9.009552e-02	9.333144e-02	7.674888e-03	3.457665e-05
8.810573e-03	-4.824121e-01	-4.823926e-01	-4.856444e-01	9.009552e-02	9.333144e-02	7.674888e-03	3.502453e-05
8.806693e-03	-4.824121e-01	-4.823926e-01	-4.856444e-01	9.009552e-02	9.333144e-02	7.674888e-03	3.484285e-05
8.802817e-03	-4.824121e-01	-4.823926e-01	-4.856444e-01	9.009552e-02	9.333144e-02	7.674888e-03	3.452877e-05
8.798944e-03	-4.824121e-01	-4.823926e-01	-4.856444e-01	9.009552e-02	9.333144e-02	7.674888e-03	3.483082e-05
8.795075e-03	-4.824121e-01	-4.823926e-01	-4.856444e-01	9.009552e-02	9.333144e-02	7.674888e-03	3.493496e-05
8.791209e-03	-4.824121e-01	-4.823926e-01	-4.856444e-01	9.009552e-02	9.333144e-02	7.674888e-03	3.509073e-05
8.787346e-03	-4.824121e-01	-4.823926e-01	-4.856444e-01	9.009552e-02	9.333144e-02	7.674888e-03	3.420876e-05
8.783487e-03	-4.824121e-01	-4.823926e-01	-4.856444e-01	9.009552e-02	9.333144e-02	7.674888e-03	3.479880e-05
8.779631e-03	-4.824121e-01	-4.823926e-01	-4.856444e-01	9.009552e-02	9.333144e-02	7.674888e-03	3.486624e-05
8.775779e-03	-4.824121e-01	-4.823926e-01	-4.856444e-01	9.009552e-02	9.333144e-02	7.674888e-03	3.418829e-05
8.771930e-03	-4.824121e-01	-4.823926e-01	-4.856444e-01	9.009552e-02	9.333144e-02	7.674888e-03	3.490533e-05
8.768084e-03	-4.824121e-01	-4.823926e-01	-4.856444e-01	9.009552e-02	9.333144e-02	7.674888e-03	3.402651e-05
8.764242e-03	-4.824121e-01	-4.823926e-01	-4.856444e-01	9.009552e-02	9.333144e-02	7.674888e-03	3.464838e-05
8.760403e-03	-4.824121e-01	-4.823926e-01	-4.856444e-01	9.009552e-02	9.333144e-02	7.674888e-03	3.488614e-05
8.756567e-03	-4.824121e-01	-4.823926e-01	-4.856444e-01	9.009552e-02	9.333144e-02	7.674888e-03	3.464983e-05
8.752735e-03	-4.824121e-01	-4.823926e-01	-4.856444e-01	9.009552e-02	9.333144e-02	7.674888e-03	3.413111e-05
8.748906e-03	-4.824121e-01	-4.823926e-01	-4.856444e-01	9.009552e-02	9.333144e-02	7.674888e-03	3.497046e-05
8.745081e-03	-4.824121e-01	-4.823926e-01	-4.856444e-01	9.009552e-02	9.333144e-02	7.674888e-03	3.402736e-05
8.741259e-03	-4.824121e-01	-4.823926e-01	-4.856444e-01	9.009552e-02	9.333144e-02	7.674888e-03	3.433238e-05
8.737440e-03	-4.824121e-01	-4.823926e-01	-4.856444e-01	9.009552e-02	9.333144e-02	7.674888e-03	3.423582e-05
8.733624e-03	-4.824121e-01	-4.823926e-01	-4.856444e-01	9.009552e-02	9.333144e-02	7.674888e-03	3.478740e-05
8.729812e-03	-4.824121e-01	-4.823926e-01	-4.856444e-01	9.009552e-02	9.333144e-02	7.674888e-03	3.401224e-05
8.726003e-03	-4.824121e-01	-4.823926e-01	-4.856444e-01	9.009552e-02	9.333144e-02	7.674888e-03	3.437041e-05
8.722198e-03	-4.824121e-01	-4.823926e-01	-4.856444e-01	9.009552e-02	9.333144e-02	7.674888e-03	3.460962e-05
8.718396e-03	-4.824121e-01	-4.823926e-01	-4.856444e-01	9.009552e-02	9.333144e-02	7.674888e-03	3.383215e-05
8.714597e-03	-4.824121e-01	-4.823926e-01	-4.856444e-01	9.009552e-02	9.333144e-02	7.674888e-03	3.464757e-05
8.710801e-03	-4.824121e-01	-4.823926e-01	-4.856444e-01	9.009552e-02	9.333144e-02	7.674888e-03	3.406347e-05
8.707009e-03	-4.824121e-01	-4.823926e-01	-4.856444e-01	9.009552e-02	9.333144e-02	7.674888e-03	3.416063e-05
8.703220e-03	-4.824121e-01	-4.823926e-01	-4.856444e-01	9.009552e-02	9.333144e-02	7.674888e-03	3.379265e-05
8.699435e-03	-4.824121e-01	-4.823926e-01	-4.856444e-01	9.009552e-02	9.333144e-02	7.674888e-03	3.470836e-05
8.695652e-03	-4.824121e-01	-4.823926e-01	-4.856444e-01	9.009552e-02	9.333144e-02	7.674888e-03	3.400184e-05
8.691873e-03	-4.824121e-01	-4.823926e-01	-4.856444e-01	9.009552e-02	9.333144e-02	7.674888e-03	3.407656e-05
8.688097e-03	-4.824121e-01	-4.823926e-01	-4.856444e-01	9.009552e-02	9.333144e-02	7.674888e-03	3.406853e-05
8.684325e-03	-4.824121e-01	-4.823926e-01	-4.856444e-01	9.009552e-02	9.333144e-02	7.674888e-03	3.409060e-05
8.680556e-03	-4.824121e-01	-4.823926e-01	-4.856444e-01	9.009552e-02	9.333144e-02	7.674888e-03	3.378829e-05
8.676790e-03	-4.824121e-01	-4.823926e-01	-4.856444e-01	9.009552e-02	9.333144e-02	7.674888e-03	3.450470e-05
8.673027e-03	-4.824121e-01	-4.823926e-01	-4.856444e-01	9.009552e-02	9.333144e-02	7.674888e-03	3.334823e-05
8.669267e-03	-4.824121e-01	-4.823926e-01	-4.856444e-01	9.009552e-02	9.333144e-02	7.674888e-03	3.410324e-05
8.665511e-03	-4.824121e-01	-4.823926e-01	-4.856444e-01	9.009552e-02	9.333144e-02	7.674888e-03	3.386029e-05
8.661758e-03	-4.824121e-01	-4.823926e-01	-4.856444e-01	9.009552e-02	9.333144e-02	7.674888e-03	3.363962e-05
8.658009e-03	-4.824121e-01	-4.823926e-01	-4.856444e-01	9.009552e-02	9.333144e-02	7.674888e-03	3.438157e-05
8.654262e-03	-4.824121e-01	-4.823926e-01	-4.856444e-01	9.009552e-02	9.333144e-02	7.674888e-03	3.356889e-05
8.650519e-03	-4.824121e-01	-4.823926e-01	-4.856444e-01	9.009552e-02	9.333144e-02	7.674888e-03	3.371949e-05
8.646779e-03	-4.824121e-01	-4.823926e-01	-4.856444e-01	9.009552e-02	9.333144e-02	7.674888e-03	3.432648e-05
8.643042e-03	-4.824121e-01	-4.823926e-01	-4.856444e-01	9.009552e-02	9.333144e-02	7.674888e-03	3.371698e-05
8.639309e-03	-4.824121e-01	-4.823926e-01	-4.856444e-01	9.009552e-02	9.333144e-02	7.674888e-03	3.345672e-05
8.635579e-03	-4.824121e-01	-4.823926e-01	-4.856444e-01	9.009552e-02	9.333144e-02	7.674888e-03	3.443845e-05
8.631852e-03	-4.824121e-01	-4.823926e-01	-4.856444e-01	9.009552e-02	9.333144e-02	7.674888e-03	3.372054e-05
8.628128e-03	-4.824121e-01	-4.823926e-01	-4.856444e-01	9.009552e-02	9.333144e-02	7.674888e-03	3.376493e-05
8.624407e-03	-4.824121e-01	-4.823926e-01	-4.856444e-01	9.009552e-02	9.333144e-02	7.674888e-03	3.367179e-05
8.620690e-03	-4.824121e-01	-4.823926e-01	-4.856444e-01	9.009552e-02	9.333144e-02	7.674888e-03	3.425920e-05
8.616975e-03	-4.824121e-01	-4.823926e-01	-4.856444e-01	9.009552e-02	9.333144e-02	7.674888e-03	3.323229e-05
8.613264e-03	-4.824121e-01	-4.823926e-01	-4.856444e-01	9.009552e-02	9.333144e-02	7.674888e-03	3.387390e-05
8.609557e-03	-4.824121e-01	-4.823926e-01	-4.856444e-01	9.009552e-02	9.333144e-02	7.674888e-03	3.355799e-05
8.605852e-03	-4.824121e-01	-4.823926e-01	-4.856444e-01	9.009552e-02	9.333144e-02	7.674888e-03	3.359456e-05
8.602151e-03	-4.824121e-01	-4.823926e-01	-4.856444e-01	9.009552e-02	9.333144e-02	7.674888e-03	3.362348e-05
8.598452e-03	-4.824121e-01	-4.823926e-01	-4.856444e-01	9.009552e-02	9.333144e-02	7.674888e-03	3.357552e-05
8.594757e-03	-4.824121e-01	-4.823926e-01	-4.856444e-01	9.009552e-02	9.333144e-02	7.674888e-03	3.355054e-05
8.591065e-03	-4.824121e-01	-4.823926e-01	-4.856444e-01	9.009552e-02	9.333144e-02	7.674888e-03	3.325591e-05
8.587377e-03	-4.824121e-01	-4.823926e-01	-4.856444e-01	9.009552e-02	9.333144e-02	7.674888e-03	3.368532e-05
8.583691e-03	-4.824121e-01	-4.823926e-01	-4.856444e-01	9.009552e-02	9.333144e-02	7.674888e-03	3.366796e-05
8.580009e-03	-4.824121e-01	-4.823926e-01	-4.856444e-01	9.009552e-02	9.333144e-02	7.674888e-03	3.358104e-05
8.576329e-03	-4.824121e-01	-4.823926e-01	-4.856444e-01	9.009552e-02	9.333144e-02	7.674888e-03	3.388035e-05
8.572653e-03	-4.824121e-01	-4.823926e-01	-4.856444e-01	9.009552e-02	9.333144e-02	7.674888e-03	3.298897e-05
8.568980e-03	-4.824121e-01	-4.823926e-01	-4.856444e-01	9.009552e-02	9.333144e-02	7.674888e-03	3.342755e-05
8.565310e-03	-4.824121e-01	-4.823926e-01	-4.856444e-01	9.009552e-02	9.333144e-02	7.674888e-03	3.397532e-05
8.561644e-03	-4.824121e-01	-4.823926e-01	-4.856444e-01	9.009552e-02	9.333144e-02	7.674888e-03	3.281796e-05
8.557980e-03	-4.824121e-01	-4.823926e-01	-4.856444e-01	9.009552e-02	9.333144e-02	7.674888e-03	3.344368e-05
8.554320e-03	-4.824121e-01	-4.823926e-01	-4.856444e-01	9.009552e-02	9.333144e-02	7.674888e-03	3.341017e-05
8.550663e-03	-4.824121e-01	-4.823926e-01	-4.856444e-01	9.009552e-02	9.333144e-02	7.674888e-03	3.287120e-05
8.547009e-03	-4.824121e-01	-4.823926e-01	-4.856444e-01	9.009552e-02	9.333144e-02	7.674888e-03	3.321057e-05
8.543358e-03	-4.824121e-01	-4.823926e-01	-4.856444e-01	9.009552e-02	9.333144e-02	7.674888e-03	3.361278e-05
8.539710e-03	-4.824121e-01	-4.823926e-01	-4.856444e-01	9.009552e-02	9.333144e-02	7.674888e-03	3.321280e-05
8.536065e-03	-4.824121e-01	-4.823926e-01	-4.856444e-01	9.009552e-02	9.333144e-02	7.674888e-03	3.337379e-05
8.532423e-03	-4.824121e-01	-4.823926e-01	-4.856444e-01	9.009552e-02	9.333144e-02	7.674888e-03	3.293381e-05
8.528785e-03	-4.824121e-01	-4.823926e-01	-4.856444e-01	9.009552e-02	9.333144e-02	7.674888e-03	3.424351e-05
8.525149e-03	-4.824121e-01	-4.823926e-01	-4.856444e-01	9.009552e-02	9.333144e-02	7.674888e-03	3.306825e-05
8.521517e-03	-4.824121e-01	-4.823926e-01	-4.856444e-01	9.009552e-02	9.333144e-02	7.674888e-03	3.261894e-05
8.517888e-03	-4.824121e-01	-4.823926e-01	-4.856444e-01	9.009552e-02	9.333144e-02	7.674888e-03	3.374359e-05
8.514261e-03	-4.824121e-01	-4.823926e-01	-4.856444e-01	9.009552e-02	9.333144e-02	7.674888e-03	3.232170e-05
8.510638e-03	-4.824121e-01	-4.823926e-01	-4.856444e-01	9.009552e-02	9.333144e-02	7.674888e-03	3.360490e-05
8.507018e-03	-4.824121e-01	-4.823926e-01	-4.856444e-01	9.009552e-02	9.333144e-02	7.674888e-03	3.290302e-05
8.503401e-03	-4.824121e-01	-4.823926e-01	-4.856444e-01	9.009552e-02	9.333144e-02	7.674888e-03	3.357565e-05
8.499788e-03	-4.824121e-01	-4.823926e-01	-4.856444e-01	9.009552e-02	9.333144e-02	7.674888e-03	3.313999e-05
8.496177e-03	-4.824121e-01	-4.823926e-01	-4.856444e-01	9.009552e-02	9.333144e-02	7.674888e-03	3.315242e-05
8.492569e-03	-4.824121e-01	-4.823926e-01	-4.856444e-01	9.009552e-02	9.333144e-02	7.674888e-03	3.329881e-05
8.488964e-03	-4.824121e-01	-4.823926e-01	-4.856444e-01	9.009552e-02	9.333144e-02	7.674888e-03	3.268028e-05
8.485363e-03	-4.824121e-01	-4.823926e-01	-4.856444e-01	9.009552e-02	9.333144e-02	7.674888e-03	3.306329e-05
8.481764e-03	-4.824121e-01	-4.823926e-01	-4.856444e-01	9.009552e-02	9.333144e-02	7.674888e-03	3.263306e-05
8.478169e-03	-4.824121e-01	-4.823926e-01	-4.856444e-01	9.009552e-02	9.333144e-02	7.674888e-03	3.325386e-05
8.474576e-03	-4.824121e-01	-4.823926e-01	-4.856444e-01	9.009552e-02	9.333144e-02	7.674888e-03	3.281508e-05
8.470987e-03	-4.824121e-01	-4.823926e-01	-4.856444e-01	9.009552e-02	9.333144e-02	7.674888e-03	3.350039e-05
8.467401e-03	-4.824121e-01	-4.823926e-01	-4.856444e-01	9.009552e-02	9.333144e-02	7.674888e-03	3.228403e-05
8.463817e-03	-4.824121e-01	-4.823926e-01	-4.856444e-01	9.009552e-02	9.333144e-02	7.674888e-03	3.315248e-05
8.460237e-03	-4.824121e-01	-4.823926e-01	-4.856444e-01	9.009552e-02	9.333144e-02	7.674888e-03	3.334733e-05
8.456660e-03	-4.824121e-01	-4.823926e-01	-4.856444e-01	9.009552e-02	9.333144e-02	7.674888e-03	3.259660e-05
8.453085e-03	-4.824121e-01	-4.823926e-01	-4.856444e-01	9.009552e-02	9.333144e-02	7.674888e-03	3.329240e-05
8.449514e-03	-4.824121e-01	-4.823926e-01	-4.856444e-01	9.009552e-02	9.333144e-02	7.674888e-03	3.307373e-05
8.445946e-03	-4.824121e-01	-4.823926e-01	-4.856444e-01	9.009552e-02	9.333144e-02	7.674888e-03	3.275903e-05
8.442381e-03	-4.824121e-01	-4.823926e-01	-4.856444e-01	9.009552e-02	9.333144e-02	7.674888e-03	3.267505e-05
8.438819e-03	-4.824121e-01	-4.823926e-01	-4.856444e-01	9.009552e-02	9.333144e-02	7.674888e-03	3.297403e-05
8.435259e-03	-4.824121e-01	-4.823926e-01	-4.856444e-01	9.009552e-02	9.333144e-02	7.674888e-03	3.285807e-05
8.431703e-03	-4.824121e-01	-4.823926e-01	-4.856444e-01	9.009552e-02	9.333144e-02	7.674888e-03	3.309367e-05
8.428150e-03	-4.824121e-01	-4.823926e-01	-4.856444e-01	9.009552e-02	9.333144e-02	7.674888e-03	3.232936e-05
8.424600e-03	-4.824121e-01	-4.823926e-01	-4.856444e-01	9.009552e-02	9.333144e-02	7.674888e-03	3.318154e-05
8.421053e-03	-4.824121e-01	-4.823926e-01	-4.856444e-01	9.009552e-02	9.333144e-02	7.674888e-03	3.288085e-05
8.417508e-03	-4.824121e-01	-4.823926e-01	-4.856444e-01	9.009552e-02	9.333144e-02	7.674888e-03	3.288448e-05
8.413967e-03	-4.824121e-01	-4.823926e-01	-4.856444e-01	9.009552e-02	9.333144e-02	7.674888e-03	3.282384e-05
8.410429e-03	-4.824121e-01	-4.823926e-01	-4.856444e-01	9.009552e-02	9.333144e-02	7.674888e-03	3.244163e-05
8.406894e-03	-4.824121e-01	-4.823926e-01	-4.856444e-01	9.009552e-02	9.333144e-02	7.674888e-03	3.266999e-05
8.403361e-03	-4.824121e-01	-4.823926e-01	-4.856444e-01	9.009552e-02	9.333144e-02	7.674888e-03	3.308384e-05
8.399832e-03	-4.824121e-01	-4.823926e-01	-4.856444e-01	9.009552e-02	9.333144e-02	7.674888e-03	3.233018e-05
8.396306e-03	-4.824121e-01	-4.823926e-01	-4.856444e-01	9.009552e-02	9.333144e-02	7.674888e-03	3.305077e-05
8.392782e-03	-4.824121e-01	-4.823926e-01	-4.856444e-01	9.009552e-02	9.333144e-02	7.674888e-03	3.280415e-05
8.389262e-03	-4.824121e-01	-4.823926e-01	-4.856444e-01	9.009552e-02	9.333144e-02	7.674888e-03	3.294476e-05
8.385744e-03	-4.824121e-01	-4.823926e-01	-4.856444e-01	9.009552e-02	9.333144e-02	7.674888e-03	3.235807e-05
8.382230e-03	-4.824121e-01	-4.823926e-01	-4.856444e-01	9.009552e-02	9.333144e-02	7.674888e-03	3.281399e-05
8.378718e-03	-4.824121e-01	-4.823926e-01	-4.856444e-01	9.009552e-02	9.333144e-02	7.674888e-03	3.239616e-05
8.375209e-03	-4.824121e-01	-4.823926e-01	-4.856444e-01	9.009552e-02	9.333144e-02	7.674888e-03	3.239900e-05
8.371704e-03	-4.824121e-01	-4.823926e-01	-4.856444e-01	9.009552e-02	9.333144e-02	7.674888e-03	3.262891e-05
8.368201e-03	-4.824121e-01	-4.823926e-01	-4.856444e-01	9.009552e-02	9.333144e-02	7.674888e-03	3.303775e-05
8.364701e-03	-4.824121e-01	-4.823926e-01	-4.856444e-01	9.009552e-02	9.333144e-02	7.674888e-03	3.268356e-05
8.361204e-03	-4.824121e-01	-4.823926e-01	-4.856444e-01	9.009552e-02	9.333144e-02	7.674888e-03	3.248324e-05
8.357710e-03	-4.824121e-01	-4.823926e-01	-4.856444e-01	9.009552e-02	9.333144e-02	7.674888e-03	3.260806e-05
8.354219e-03	-4.824121e-01	-4.823926e-01	-4.856444e-01	9.009552e-02	9.333144e-02	7.674888e-03	3.273305e-05
8.350731e-03	-4.824121e-01	-4.823926e-01	-4.856444e-01	9.009552e-02	9.333144e-02	7.674888e-03	3.289898e-05
8.347245e-03	-4.824121e-01	-4.823926e-01	-4.856444e-01	9.009552e-02	9.333144e-02	7.674888e-03	3.232275e-05
8.343763e-03	-4.824121e-01	-4.823926e-01	-4.856444e-01	9.009552e-02	9.333144e-02	7.674888e-03	3.251304e-05
8.340284e-03	-4.824121e-01	-4.823926e-01	-4.856444e-01	9.009552e-02	9.333144e-02	7.674888e-03	3.258103e-05
8.336807e-03	-4.824121e-01	-4.823926e-01	-4.856444e-01	9.009552e-02	9.333144e-02	7.674888e-03	3.239556e-05
8.333333e-03	-4.824121e-01	-4.823926e-01	-4.856444e-01	9.009552e-02	9.333144e-02	7.674888e-03	3.253717e-05
8.329863e-03	-4.824121e-01	-4.823926e-01	-4.856444e-01	9.009552e-02	9.333144e-02	7.674888e-03	3.258068e-05
8.326395e-03	-4.824121e-01	-4.823926e-01	-4.856444e-01	9.009552e-02	9.333144e-02	7.674888e-03	3.255043e-05
8.322930e-03	-4.824121e-01	-4.823926e-01	-4.856444e-01	9.009552e-02	9.333144e-02	7.674888e-03	3.332428e-05
8.319468e-03	-4.824121e-01	-4.823926e-01	-4.856444e-01	9.009552e-02	9.333144e-02	7.674888e-03	3.193942e-05
8.316008e-03	-4.824121e-01	-4.823926e-01	-4.856444e-01	9.009552e-02	9.333144e-02	7.674888e-03	3.220437e-05
8.312552e-03	-4.824121e-01	-4.823926e-01	-4.856444e-01	9.009552e-02	9.333144e-02	7.674888e-03	3.307025e-05
8.309098e-03	-4.824121e-01	-4.823926e-01	-4.856444e-01	9.009552e-02	9.333144e-02	7.674888e-03	3.229912e-05
8.305648e-03	-4.824121e-01	-4.823926e-01	-4.856444e-01	9.009552e-02	9.333144e-02	7.674888e-03	3.238364e-05
8.302200e-03	-4.824121e-01	-4.823926e-01	-4.856444e-01	9.009552e-02	9.333144e-02	7.674888e-03	3.253425e-05
8.298755e-03	-4.824121e-01	-4.823926e-01	-4.856444e-01	9.009552e-02	9.333144e-02	7.674888e-03	3.254476e-05
8.295313e-03	-4.824121e-01	-4.823926e-01	-4.856444e-01	9.009552e-02	9.333144e-02	7.674888e-03	3.257177e-05
8.291874e-03	-4.824121e-01	-4.823926e-01	-4.856444e-01	9.009552e-02	9.333144e-02	7.674888e-03	3.292950e-05
8.288438e-03	-4.824121e-01	-4.823926e-01	-4.856444e-01	9.009552e-02	9.333144e-02	7.674888e-03	3.236933e-05
8.285004e-03	-4.824121e-01	-4.823926e-01	-4.856444e-01	9.009552e-02	9.333144e-02	7.674888e-03	3.252866e-05
8.281573e-03	-4.824121e-01	-4.823926e-01	-4.856444e-01	9.009552e-02	9.333144e-02	7.674888e-03	3.224896e-05
8.278146e-03	-4.824121e-01	-4.823926e-01	-4.856444e-01	9.009552e-02	9.333144e-02	7.674888e-03	3.240010e-05
8.274721e-03	-4.824121e-01	-4.823926e-01	-4.856444e-01	9.009552e-02	9.333144e-02	7.674888e-03	3.288352e-05
8.271299e-03	-4.824121e-01	-4.823926e-01	-4.856444e-01	9.009552e-02	9.333144e-02	7.674888e-03	3.237067e-05
8.267879e-03	-4.824121e-01	-4.823926e-01	-4.856444e-01	9.009552e-02	9.333144e-02	7.674888e-03	3.260534e-05
8.264463e-03	-4.824121e-01	-4.823926e-01	-4.856444e-01	9.009552e-02	9.333144e-02	7.674888e-03	3.222451e-05
8.261049e-03	-4.824121e-01	-4.823926e-01	-4.856444e-01	9.009552e-02	9.333144e-02	7.674888e-03	3.223449e-05
8.257638e-03	-4.824121e-01	-4.823926e-01	-4.856444e-01	9.009552e-02	9.333144e-02	7.674888e-03	3.223611e-05
8.254230e-03	-4.824121e-01	-4.823926e-01	-4.856444e-01	9.009552e-02	9.333144e-02	7.674888e-03	3.281338e-05
8.250825e-03	-4.824121e-01	-4.823926e-01	-4.856444e-01	9.009552e-02	9.333144e-02	7.674888e-03	3.268182e-05
8.247423e-03	-4.824121e-01	-4.823926e-01	-4.856444e-01	9.009552e-02	9.333144e-02	7.674888e-03	3.240794e-05
8.244023e-03	-4.824121e-01	-4.823926e-01	-4.856444e-01	9.009552e-02	9.333144e-02	7.674888e-03	3.218377e-05
8.240626e-03	-4.824121e-01	-4.823926e-01	-4.856444e-01	9.009552e-02	9.333144e-02	7.674888e-03	3.209311e-05
8.237232e-03	-4.824121e-01	-4.823926e-01	-4.856444e-01	9.009552e-02	9.333144e-02	7.674888e-03	3.309136e-05
8.233841e-03	-4.824121e-01	-4.823926e-01	-4.856444e-01	9.009552e-02	9.333144e-02	7.674888e-03	3.286709e-05
8.230453e-03	-4.824121e-01	-4.823926e-01	-4.856444e-01	9.009552e-02	9.333144e-02	7.674888e-03	3.203824e-05
8.227067e-03	-4.824121e-01	-4.823926e-01	-4.856444e-01	9.009552e-02	9.333144e-02	7.674888e-03	3.251812e-05
8.223684e-03	-4.824121e-01	-4.823926e-01	-4.856444e-01	9.009552e-02	9.333144e-02	7.674888e-03	3.260372e-05
8.220304e-03	-4.824121e-01	-4.823926e-01	-4.856444e-01	9.009552e-02	9.333144e-02	7.674888e-03	3.288290e-05
8.216927e-03	-4.824121e-01	-4.823926e-01	-4.856444e-01	9.009552e-02	9.333144e-02	7.674888e-03	3.189123e-05
8.213552e-03	-4.824121e-01	-4.823926e-01	-4.856444e-01	9.009552e-02	9.333144e-02	7.674888e-03	3.311393e-05
8.210181e-03	-4.824121e-01	-4.823926e-01	-4.856444e-01	9.009552e-02	9.333144e-02	7.674888e-03	3.273635e-05
8.206812e-03	-4.824121e-01	-4.823926e-01	-4.856444e-01	9.009552e-02	9.333144e-02	7.674888e-03	3.252692e-05
8.203445e-03	-4.824121e-01	-4.823926e-01	-4.856444e-01	9.009552e-02	9.333144e-02	7.674888e-03	3.247760e-05
8.200082e-03	-4.824121e-01	-4.823926e-01	-4.856444e-01	9.009552e-02	9.333144e-02	7.674888e-03	3.279167e-05
8.196721e-03	-4.824121e-01	-4.823926e-01	-4.856444e-01	9.009552e-02	9.333144e-02	7.674888e-03	3.275934e-05
8.193363e-03	-4.824121e-01	-4.823926e-01	-4.856444e-01	9.009552e-02	9.333144e-02	7.674888e-03	3.268459e-05
8.190008e-03	-4.824121e-01	-4.823926e-01	-4.856444e-01	9.009552e-02	9.333144e-02	7.674888e-03	3.258426e-05
8.186656e-03	-4.824121e-01	-4.823926e-01	-4.856444e-01	9.009552e-02	9.333144e-02	7.674888e-03	3.249221e-05
8.183306e-03	-4.824121e-01	-4.823926e-01	-4.856444e-01	9.009552e-02	9.333144e-02	7.674888e-03	3.298568e-05
8.179959e-03	-4.824121e-01	-4.823926e-01	-4.856444e-01	9.009552e-02	9.333144e-02	7.674888e-03	3.279180e-05
8.176615e-03	-4.824121e-01	-4.823926e-01	-4.856444e-01	9.009552e-02	9.333144e-02	7.674888e-03	3.286114e-05
8.173273e-03	-4.824121e-01	-4.823926e-01	-4.856444e-01	9.009552e-02	9.333144e-02	7.674888e-03	3.259019e-05
8.169935e-03	-4.824121e-01	-4.823926e-01	-4.856444e-01	9.009552e-02	9.333144e-02	7.674888e-03	3.304264e-05
8.166599e-03	-4.824121e-01	-4.823926e-01	-4.856444e-01	9.009552e-02	9.333144e-02	7.674888e-03	3.277133e-05
8.163265e-03	-4.824121e-01	-4.823926e-01	-4.856444e-01	9.009552e-02	9.333144e-02	7.674888e-03	3.229483e-05
8.159935e-03	-4.824121e-01	-4.823926e-01	-4.856444e-01	9.009552e-02	9.333144e-02	7.674888e-03	3.331149e-05
8.156607e-03	-4.824121e-01	-4.823926e-01	-4.856444e-01	9.009552e-02	9.333144e-02	7.674888e-03	3.292857e-05
8.153282e-03	-4.824121e-01	-4.823926e-01	-4.856444e-01	9.009552e-02	9.333144e-02	7.674888e-03	3.301529e-05
8.149959e-03	-4.824121e-01	-4.823926e-01	-4.856444e-01	9.009552e-02	9.333144e-02	7.674888e-03	3.260576e-05
8.146640e-03	-4.824121e-01	-4.823926e-01	-4.856444e-01	9.009552e-02	9.333144e-02	7.674888e-03	3.342031e-05
8.143322e-03	-4.824121e-01	-4.823926e-01	-4.856444e-01	9.009552e-02	9.333144e-02	7.674888e-03	3.243606e-05
8.140008e-03	-4.824121e-01	-4.823926e-01	-4.856444e-01	9.009552e-02	9.333144e-02	7.674888e-03	3.418683e-05
8.136697e-03	-4.824121e-01	-4.823926e-01	-4.856444e-01	9.009552e-02	9.333144e-02	7.674888e-03	3.282375e-05
8.133388e-03	-4.824121e-01	-4.823926e-01	-4.856444e-01	9.009552e-02	9.333144e-02	7.674888e-03	3.362382e-05
8.130081e-03	-4.824121e-01	-4.823926e-01	-4.856444e-01	9.009552e-02	9.333144e-02	7.674888e-03	3.281699e-05
8.126778e-03	-4.824121e-01	-4.823926e-01	-4.856444e-01	9.009552e-02	9.333144e-02	7.674888e-03	3.360969e-05
8.123477e-03	-4.824121e-01	-4.823926e-01	-4.856444e-01	9.009552e-02	9.333144e-02	7.674888e-03	3.322354e-05
8.120179e-03	-4.824121e-01	-4.823926e-01	-4.856444e-01	9.009552e-02	9.333144e-02	7.674888e-03	3.298329e-05
8.116883e-03	-4.824121e-01	-4.823926e-01	-4.856444e-01	9.009552e-02	9.333144e-02	7.674888e-03	3.370031e-05
8.113590e-03	-4.824121e-01	-4.823926e-01	-4.856444e-01	9.009552e-02	9.333144e-02	7.674888e-03	3.374494e-05
8.110300e-03	-4.824121e-01	-4.823926e-01	-4.856444e-01	9.009552e-02	9.333143e-02	7.674888e-03	3.390195e-05
8.107013e-03	-4.824121e-01	-4.823926e-01	-4.856444e-01	9.009552e-02	9.333143e-02	7.674888e-03	3.379972e-05
8.103728e-03	-4.824121e-01	-4.823926e-01	-4.856444e-01	9.009552e-02	9.333143e-02	7.674888e-03	3.337702e-05
8.100446e-03	-4.824121e-01	-4.823926e-01	-4.856444e-01	9.009552e-02	9.333143e-02	7.674888e-03	3.368995e-05
8.097166e-03	-4.824121e-01	-4.823926e-01	-4.856444e-01	9.009552e-02	9.333143e-02	7.674888e-03	3.444551e-05
8.093889e-03	-4.824121e-01	-4.823926e-01	-4.856444e-01	9.009552e-02	9.333143e-02	7.674888e-03	3.420443e-05
8.090615e-03	-4.824121e-01	-4.823926e-01	-4.856444e-01	9.009552e-02	9.333143e-02	7.674888e-03	3.407581e-05
8.087343e-03	-4.824121e-01	-4.823926e-01	-4.856444e-01	9.009552e-02	9.333143e-02	7.674889e-03	3.416422e-05
8.084074e-03	-4.824121e-01	-4.823926e-01	-4.856444e-01	9.009552e-02	9.333143e-02	7.674889e-03	3.410487e-05
8.080808e-03	-4.824121e-01	-4.823926e-01	-4.856444e-01	9.009552e-02	9.333143e-02	7.674889e-03	3.423691e-05
8.077544e-03	-4.824121e-01	-4.823926e-01	-4.856444e-01	9.009552e-02	9.333143e-02	7.674889e-03	3.513579e-05
8.074283e-03	-4.824121e-01	-4.823926e-01	-4.856444e-01	9.009552e-02	9.333143e-02	7.674889e-03	3.456256e-05
8.071025e-03	-4.824121e-01	-4.823926e-01	-4.856444e-01	9.009552e-02	9.333143e-02	7.674889e-03	3.548054e-05
8.067769e-03	-4.824121e-01	-4.823926e-01	-4.856444e-01	9.009552e-02	9.333143e-02	7.674889e-03	3.495025e-05
8.064516e-03	-4.824121e-01	-4.823926e-01	-4.856444e-01	9.009552e-02	9.333143e-02	7.674889e-03	3.432294e-05
8.061266e-03	-4.824121e-01	-4.823926e-01	-4.856444e-01	9.009552e-02	9.333143e-02	7.674889e-03	3.533907e-05
8.058018e-03	-4.824121e-01	-4.823926e-01	-4.856444e-01	9.009552e-02	9.333143e-02	7.674889e-03	3.570023e-05
8.054772e-03	-4.824121e-01	-4.823926e-01	-4.856444e-01	9.009552e-02	9.333143e-02	7.674889e-03	3.521208e-05
8.051530e-03	-4.824121e-01	-4.823926e-01	-4.856444e-01	9.009552e-02	9.333143e-02	7.674889e-03	3.629266e-05
8.048290e-03	-4.824121e-01	-4.823926e-01	-4.856444e-01	9.009552e-02	9.333143e-02	7.674889e-03	3.553209e-05
8.045052e-03	-4.824121e-01	-4.823926e-01	-4.856444e-01	9.009552e-02	9.333143e-02	7.674889e-03	3.617547e-05
8.041817e-03	-4.824121e-01	-4.823926e-01	-4.856444e-01	9.009552e-02	9.333143e-02	7.674889e-03	3.692534e-05
8.038585e-03	-4.824121e-01	-4.823926e-01	-4.856444e-01	9.009552e-02	9.333143e-02	7.674889e-03	3.630408e-05
8.035356e-03	-4.824121e-01	-4.823926e-01	-4.856444e-01	9.009552e-02	9.333143e-02	7.674889e-03	3.686150e-05
8.032129e-03	-4.824121e-01	-4.823926e-01	-4.856444e-01	9.009552e-02	9.333143e-02	7.674889e-03	3.743740e-05
8.028904e-03	-4.824121e-01	-4.823926e-01	-4.856444e-01	9.009552e-02	9.333143e-02	7.674889e-03	3.701776e-05
8.025682e-03	-4.824121e-01	-4.823926e-01	-4.856444e-01	9.009552e-02	9.333143e-02	7.674889e-03	3.723281e-05
8.022463e-03	-4.824121e-01	-4.823926e-01	-4.856444e-01	9.009552e-02	9.333143e-02	7.674889e-03	3.787211e-05
8.019246e-03	-4.824121e-01	-4.823926e-01	-4.856444e-01	9.009552e-02	9.333143e-02	7.674889e-03	3.850357e-05
8.016032e-03	-4.824121e-01	-4.823926e-01	-4.856444e-01	9.009552e-02	9.333143e-02	7.674889e-03	3.754367e-05
8.012821e-03	-4.824121e-01	-4.823926e-01	-4.856444e-01	9.009552e-02	9.333143e-02	7.674889e-03	3.852108e-05
8.009612e-03	-4.824121e-01	-4.823926e-01	-4.856444e-01	9.009552e-02	9.333143e-02	7.674889e-03	3.924307e-05
8.006405e-03	-4.824121e-01	-4.823926e-01	-4.856444e-01	9.009552e-02	9.333143e-02	7.674889e-03	3.922130e-05
8.003201e-03	-4.824121e-01	-4.823926e-01	-4.856444e-01	9.009552e-02	9.333143e-02	7.674889e-03	3.998043e-05
8.000000e-03	-4.824121e-01	-4.823926e-01	-4.856444e-01	9.009552e-02	9.333143e-02	7.674889e-03	3.993250e-05
7.996801e-03	-4.824121e-01	-4.823926e-01	-4.856444e-01	9.009552e-02	9.333143e-02	7.674889e-03	3.986668e-05
7.993605e-03	-4.824121e-01	-4.823926e-01	-4.856444e-01	9.009552e-02	9.333143e-02	7.674889e-03	4.111732e-05
7.990412e-03	-4.824121e-01	-4.823926e-01	-4.856444e-01	9.009552e-02	9.333143e-02	7.674889e-03	4.102555e-05
7.987220e-03	-4.824121e-01	-4.823926e-01	-4.856444e-01	9.009552e-02	9.333143e-02	7.674889e-03	4.228795e-05
7.984032e-03	-4.824121e-01	-4.823926e-01	-4.856444e-01	9.009552e-02	9.333143e-02	7.674889e-03	4.205421e-05
7.980846e-03	-4.824121e-01	-4.823926e-01	-4.856444e-01	9.009552e-02	9.333143e-02	7.674889e-03	4.236445e-05
7.977663e-03	-4.824121e-01	-4.823926e-01	-4.856444e-01	9.009552e-02	9.333143e-02	7.674889e-03	4.312173e-05
7.974482e-03	-4.824121e-01	-4.823926e-01	-4.856444e-01	9.009552e-02	9.333143e-02	7.674889e-03	4.426453e-05
7.971303e-03	-4.824121e-01	-4.823926e-01	-4.856444e-01	9.009552e-02	9.333143e-02	7.674889e-03	4.382571e-05
7.968127e-03	-4.824121e-01	-4.823926e-01	-4.856444e-01	9.009552e-02	9.333143e-02	7.674889e-03	4.502454e-05
7.964954e-03	-4.824121e-01	-4.823926e-01	-4.856444e-01	9.009552e-02	9.333143e-02	7.674888e-03	4.546363e-05
7.961783e-03	-4.824121e-01	-4.823926e-01	-4.856444e-01	9.009552e-02	9.333143e-02	7.674888e-03	4.659385e-05
7.958615e-03	-4.824121e-01	-4.823926e-01	-4.856444e-01	9.009552e-02	9.333143e-02	7.674888e-03	4.612839e-05
7.955449e-03	-4.824121e-01	-4.823926e-01	-4.856444e-01	9.009552e-02	9.333143e-02	7.674888e-03	4.770993e-05
7.952286e-03	-4.824121e-01	-4.823926e-01	-4.856444e-01	9.009552e-02	9.333143e-02	7.674888e-03	4.813441e-05
7.949126e-03	-4.824121e-01	-4.823926e-01	-4.856444e-01	9.009552e-02	9.333143e-02	7.674888e-03	4.945010e-05
7.945967e-03	-4.824121e-01	-4.823926e-01	-4.856444e-01	9.009552e-02	9.333143e-02	7.674888e-03	4.926435e-05
7.942812e-03	-4.824121e-01	-4.823926e-01	-4.856444e-01	9.009552e-02	9.333143e-02	7.674888e-03	5.038472e-05
7.939659e-03	-4.824121e-01	-4.823926e-01	-4.856444e-01	9.009552e-02	9.333143e-02	7.674888e-03	5.175930e-05
7.936508e-03	-4.824121e-01	-4.823926e-01	-4.856444e-01	9.009552e-02	9.333143e-02	7.674888e-03	5.288334e-05
7.933360e-03	-4.824121e-01	-4.823926e-01	-4.856444e-01	9.009552e-02	9.333143e-02	7.674888e-03	5.345819e-05
7.930214e-03	-4.824121e-01	-4.823926e-01	-4.856444e-01	9.009552e-02	9.333143e-02	7.674888e-03	5.435929e-05
7.927071e-03	-4.824121e-01	-4.823926e-01	-4.856444e-01	9.009552e-02	9.333143e-02	7.674888e-03	5.572312e-05
7.923930e-03	-4.824121e-01	-4.823926e-01	-4.856444e-01	9.009552e-02	9.333143e-02	7.674888e-03	5.666356e-05
7.920792e-03	-4.824121e-01	-4.823926e-01	-4.856444e-01	9.009552e-02	9.333143e-02	7.674888e-03	5.803127e-05
7.917656e-03	-4.824121e-01	-4.823926e-01	-4.856444e-01	9.009552e-02	9.333143e-02	7.674888e-03	5.832207e-05
7.914523e-03	-4.824121e-01	-4.823926e-01	-4.856444e-01	9.009552e-02	9.333143e-02	7.674888e-03	6.091824e-05
7.911392e-03	-4.824121e-01	-4.823926e-01	-4.856444e-01	9.009552e-02	9.333143e-02	7.674888e-03	6.069401e-05
7.908264e-03	-4.824121e-01	-4.823926e-01	-4.856444e-01	9.009552e-02	9.333143e-02	7.674888e-03	6.387775e-05
7.905138e-03	-4.824121e-01	-4.823926e-01	-4.856444e-01	9.009552e-02	9.333143e-02	7.674888e-03	6.349166e-05
7.902015e-03	-4.824121e-01	-4.823926e-01	-4.856444e-01	9.009552e-02	9.333143e-02	7.674888e-03	6.568116e-05
7.898894e-03	-4.824121e-01	-4.823926e-01	-4.856444e-01	9.009552e-02	9.333143e-02	7.674888e-03	6.710878e-05
7.895776e-03	-4.824121e-01	-4.823926e-01	-4.856444e-01	9.009552e-02	9.333143e-02	7.674888e-03	6.880300e-05
7.892660e-03	-4.824121e-01	-4.823926e-01	-4.856444e-01	9.009552e-02	9.333143e-02	7.674888e-03	7.070971e-05
7.889546e-03	-4.824121e-01	-4.823926e-01	-4.856444e-01	9.009552e-02	9.333143e-02	7.674888e-03	7.210797e-05
7.886435e-03	-4.824121e-01	-4.823926e-01	-4.856444e-01	9.009552e-02	9.333143e-02	7.674888e-03	7.326160e-05
7.883327e-03	-4.824121e-01	-4.823926e-01	-4.856444e-01	9.009552e-02	9.333143e-02	7.674888e-03	7.620973e-05
7.880221e-03	-4.824121e-01	-4.823926e-01	-4.856444e-01	9.009552e-02	9.333143e-02	7.674888e-03	7.760628e-05
7.877117e-03	-4.824121e-01	-4.823926e-01	-4.856444e-01	9.009552e-02	9.333143e-02	7.674888e-03	7.886754e-05
7.874016e-03	-4.824121e-01	-4.823926e-01	-4.856444e-01	9.009552e-02	9.333143e-02	7.674888e-03	8.121258e-05
7.870917e-03	-4.824121e-01	-4.823926e-01	-4.856444e-01	9.009552e-02	9.333143e-02	7.674888e-03	8.309329e-05
7.867821e-03	-4.824121e-01	-4.823926e-01	-4.856444e-01	9.009552e-02	9.333143e-02	7.674888e-03	8.465549e-05
7.864727e-03	-4.824121e-01	-4.823926e-01	-4.856444e-01	9.009552e-02	9.333143e-02	7.674888e-03	8.794778e-05
7.861635e-03	-4.824121e-01	-4.823926e-01	-4.856444e-01	9.009552e-02	9.333143e-02	7.674888e-03	8.941493e-05
7.858546e-03	-4.824121e-01	-4.823926e-01	-4.856444e-01	9.009552e-02	9.333143e-02	7.674888e-03	9.221894e-05
7.855460e-03	-4.824121e-01	-4.823926e-01	-4.856444e-01	9.009552e-02	9.333143e-02	7.674888e-03	9.413376e-05
7.852375e-03	-4.824121e-01	-4.823926e-01	-4.856444e-01	9.009552e-02	9.333143e-02	7.674888e-03	9.678900e-05
7.849294e-03	-4.824121e-01	-4.823926e-01	-4.856444e-01	9.009552e-02	9.333143e-02	7.674888e-03	9.871947e-05
7.846214e-03	-4.824121e-01	-4.823926e-01	-4.856444e-01	9.009552e-02	9.333143e-02	7.674888e-03	1.014839e-04
7.843137e-03	-4.824121e-01	-4.823926e-01	-4.856444e-01	9.009552e-02	9.333143e-02	7.674888e-03	1.042525e-04
7.840063e-03	-4.824121e-01	-4.823926e-01	-4.856444e-01	9.009552e-02	9.333143e-02	7.674888e-03	1.062764e-04
7.836991e-03	-4.824121e-01	-4.823926e-01	-4.856444e-01	9.009552e-02	9.333143e-02	7.674888e-03	1.080904e-04
7.833921e-03	-4.824121e-01	-4.823926e-01	-4.856444e-01	9.009552e-02	9.333143e-02	7.674888e-03	1.113521e-04
7.830854e-03	-4.824121e-01	-4.823926e-01	-4.856444e-01	9.009552e-02	9.333143e-02	7.674888e-03	1.146559e-04
7.827789e-03	-4.824121e-01	-4.823926e-01	-4.856444e-01	9.009552e-02	9.333143e-02	7.674888e-03	1.167681e-04
7.824726e-03	-4.824121e-01	-4.823926e-01	-4.856444e-01	9.009552e-02	9.333143e-02	7.674888e-03	1.193755e-04
7.821666e-03	-4.824121e-01	-4.823926e-01	-4.856444e-01	9.009552e-02	9.333143e-02	7.674888e-03	1.225537e-04
7.818608e-03	-4.824121e-01	-4.823926e-01	-4.856444e-01	9.009552e-02	9.333143e-02	7.674888e-03	1.254020e-04
7.815553e-03	-4.824121e-01	-4.823926e-01	-4.856444e-01	9.009552e-02	9.333143e-02	7.674888e-03	1.273054e-04
7.812500e-03	-4.824121e-01	-4.823926e-01	-4.856444e-01	9.009552e-02	9.333143e-02	7.674888e-03	1.306366e-04
7.809449e-03	-4.824121e-01	-4.823926e-01	-4.856444e-01	9.009552e-02	9.333143e-02	7.674888e-03	1.330129e-04
7.806401e-03	-4.824121e-01	-4.823926e-01	-4.856444e-01	9.009552e-02	9.333143e-02	7.674888e-03	1.359991e-04
7.803355e-03	-4.824121e-01	-4.823926e-01	-4.856444e-01	9.009552e-02	9.333143e-02	7.674888e-03	1.389898e-04
7.800312e-03	-4.824121e-01	-4.823926e-01	-4.856444e-01	9.009552e-02	9.333143e-02	7.674888e-03	1.415927e-04
7.797271e-03	-4.824121e-01	-4.823926e-01	-4.856444e-01	9.009552e-02	9.333143e-02	7.674888e-03	1.443211e-04
7.794232e-03	-4.824121e-01	-4.823926e-01	-4.856444e-01	9.009552e-02	9.333143e-02	7.674888e-03	1.471097e-04
7.791196e-03	-4.824121e-01	-4.823926e-01	-4.856444e-01	9.009552e-02	9.333143e-02	7.674888e-03	1.501647e-04
7.788162e-03	-4.824121e-01	-4.823926e-01	-4.856444e-01	9.009552e-02	9.333143e-02	7.674888e-03	1.524091e-04
7.785130e-03	-4.824121e-01	-4.823926e-01	-4.856444e-01	9.009552e-02	9.333143e-02	7.674888e-03	1.553696e-04
7.782101e-03	-4.824121e-01	-4.823926e-01	-4.856444e-01	9.009552e-02	9.333143e-02	7.674888e-03	1.573021e-04
7.779074e-03	-4.824121e-01	-4.823926e-01	-4.856444e-01	9.009552e-02	9.333143e-02	7.674888e-03	1.603271e-04
7.776050e-03	-4.824121e-01	-4.823926e-01	-4.856444e-01	9.009552e-02	9.333143e-02	7.674888e-03	1.632533e-04
7.773028e-03	-4.824121e-01	-4.823926e-01	-4.856444e-01	9.009552e-02	9.333143e-02	7.674887e-03	1.653089e-04
7.770008e-03	-4.824121e-01	-4.823926e-01	-4.856444e-01	9.009552e-02	9.333143e-02	7.674887e-03	1.673676e-04
7.766990e-03	-4.824121e-01	-4.823926e-01	-4.856444e-01	9.009552e-02	9.333143e-02	7.674887e-03	1.701172e-04
7.763975e-03	-4.824121e-01	-4.823926e-01	-4.856444e-01	9.009552e-02	9.333143e-02	7.674887e-03	1.722673e-04
7.760962e-03	-4.824121e-01	-4.823926e-01	-4.856444e-01	9.009552e-02	9.333143e-02	7.674887e-03	1.745245e-04
7.757952e-03	-4.824121e-01	-4.823926e-01	-4.856444e-01	9.009552e-02	9.333143e-02	7.674887e-03	1.759161e-04
7.754944e-03	-4.824121e-01	-4.823926e-01	-4.856444e-01	9.009552e-02	9.333143e-02	7.674887e-03	1.792379e-04
7.751938e-03	-4.824121e-01	-4.823926e-01	-4.856444e-01	9.009552e-02	9.333143e-02	7.674887e-03	1.805878e-04
7.748935e-03	-4.824121e-01	-4.823926e-01	-4.856444e-01	9.009552e-02	9.333143e-02	7.674887e-03	1.817028e-04
7.745933e-03	-4.824121e-01	-4.823926e-01	-4.856444e-01	9.009552e-02	9.333143e-02	7.674887e-03	1.839090e-04
7.742935e-03	-4.824121e-01	-4.823926e-01	-4.856444e-01	9.009552e-02	9.333143e-02	7.674887e-03	1.859951e-04
7.739938e-03	-4.824121e-01	-4.823926e-01	-4.856444e-01	9.009552e-02	9.333143e-02	7.674887e-03	1.873822e-04
7.736944e-03	-4.824121e-01	-4.823926e-01	-4.856444e-01	9.009552e-02	9.333143e-02	7.674887e-03	1.889232e-04
7.733952e-03	-4.824121e-01	-4.823926e-01	-4.856444e-01	9.009552e-02	9.333143e-02	7.674887e-03	1.897631e-04
7.730963e-03	-4.824121e-01	-4.823926e-01	-4.856444e-01	9.009552e-02	9.333143e-02	7.674887e-03	1.911463e-04
7.727975e-03	-4.824121e-01	-4.823926e-01	-4.856444e-01	9.009552e-02	9.333143e-02	7.674887e-03	1.922364e-04
7.724990e-03	-4.824121e-01	-4.823926e-01	-4.856444e-01	9.009552e-02	9.333143e-02	7.674887e-03	1.937757e-04
7.722008e-03	-4.824121e-01	-4.823926e-01	-4.856444e-01	9.009552e-02	9.333143e-02	7.674887e-03	1.948120e-04
7.719027e-03	-4.824121e-01	-4.823926e-01	-4.856444e-01	9.009552e-02	9.333143e-02	7.674887e-03	1.948384e-04
7.716049e-03	-4.824121e-01	-4.823926e-01	-4.856444e-01	9.009552e-02	9.333143e-02	7.674887e-03	1.964305e-04
7.713074e-03	-4.824121e-01	-4.823926e-01	-4.856444e-01	9.009552e-02	9.333143e-02	7.674887e-03	1.957222e-04
7.710100e-03	-4.824121e-01	-4.823926e-01	-4.856444e-01	9.009552e-02	9.333143e-02	7.674887e-03	1.975370e-04
7.707129e-03	-4.824121e-01	-4.823926e-01	-4.856444e-01	9.009552e-02	9.333143e-02	7.674887e-03	1.976989e-04
7.704160e-03	-4.824121e-01	-4.823926e-01	-4.856444e-01	9.009552e-02	9.333143e-02	7.674887e-03	1.978896e-04
7.701194e-03	-4.824121e-01	-4.823926e-01	-4.856444e-01	9.009552e-02	9.333143e-02	7.674887e-03	1.981283e-04
7.698229e-03	-4.824121e-01	-4.823926e-01	-4.856444e-01	9.009552e-02	9.333143e-02	7.674887e-03	1.980699e-04
7.695267e-03	-4.824121e-01	-4.823926e-01	-4.856444e-01	9.009552e-02	9.333143e-02	7.674887e-03	1.972145e-04
7.692308e-03	-4.824121e-01	-4.823926e-01	-4.856444e-01	9.009552e-02	9.333143e-02	7.674887e-03	1.982982e-04
7.689350e-03	-4.824121e-01	-4.823926e-01	-4.856444e-01	9.009552e-02	9.333143e-02	7.674887e-03	1.974028e-04
7.686395e-03	-4.824121e-01	-4.823926e-01	-4.856444e-01	9.009552e-02	9.333143e-02	7.674887e-03	1.976220e-04
7.683442e-03	-4.824121e-01	-4.823926e-01	-4.856444e-01	9.009552e-02	9.333143e-02	7.674887e-03	1.965992e-04
7.680492e-03	-4.824121e-01	-4.823926e-01	-4.856444e-01	9.009552e-02	9.333143e-02	7.674887e-03	1.959601e-04
7.677543e-03	-4.824121e-01	-4.823926e-01	-4.856444e-01	9.009552e-02	9.333143e-02	7.674887e-03	1.966989e-04
7.674597e-03	-4.824121e-01	-4.823926e-01	-4.856444e-01	9.009552e-02	9.333143e-02	7.674887e-03	1.949873e-04
7.671653e-03	-4.824121e-01	-4.823926e-01	-4.856444e-01	9.009552e-02	9.333143e-02	7.674887e-03	1.951370e-04
7.668712e-03	-4.824121e-01	-4.823926e-01	-4.856444e-01	9.009552e-02	9.333143e-02	7.674887e-03	1.935372e-04
7.665772e-03	-4.824121e-01	-4.823926e-01	-4.856444e-01	9.009552e-02	9.333143e-02	7.674887e-03	1.927087e-04
7.662835e-03	-4.824121e-01	-4.823926e-01	-4.856444e-01	9.009552e-02	9.333143e-02	7.674887e-03	1.916464e-04
7.659900e-03	-4.824121e-01	-4.823926e-01	-4.856444e-01	9.009552e-02	9.333143e-02	7.674887e-03	1.905241e-04
7.656968e-03	-4.824121e-01	-4.823926e-01	-4.856444e-01	9.009552e-02	9.333143e-02	7.674887e-03	1.891576e-04
7.654038e-03	-4.824121e-01	-4.823926e-01	-4.856444e-01	9.009552e-02	9.333143e-02	7.674887e-03	1.886621e-04
7.651109e-03	-4.824121e-01	-4.823926e-01	-4.856444e-01	9.009552e-02	9.333143e-02	7.674887e-03	1.875733e-04
7.648184e-03	-4.824121e-01	-4.823926e-01	-4.856444e-01	9.009552e-02	9.333143e-02	7.674887e-03	1.863952e-04
7.645260e-03	-4.824121e-01	-4.823926e-01	-4.856444e-01	9.009552e-02	9.333143e-02	7.674887e-03	1.845539e-04
7.642339e-03	-4.824121e-01	-4.823926e-01	-4.856444e-01	9.009552e-02	9.333143e-02	7.674887e-03	1.838191e-04
7.639419e-03	-4.824121e-01	-4.823926e-01	-4.856444e-01	9.009552e-02	9.333143e-02	7.674887e-03	1.809986e-04
7.636502e-03	-4.824121e-01	-4.823926e-01	-4.856444e-01	9.009551e-02	9.333143e-02	7.674887e-03	1.808250e-04
7.633588e-03	-4.824121e-01	-4.823926e-01	-4.856444e-01	9.009551e-02	9.333143e-02	7.674887e-03	1.791097e-04
7.630675e-03	-4.824121e-01	-4.823926e-01	-4.856444e-01	9.009551e-02	9.333143e-02	7.674887e-03	1.776552e-04
7.627765e-03	-4.824121e-01	-4.823926e-01	-4.856444e-01	9.009551e-02	9.333143e-02	7.674887e-03	1.758759e-04
7.624857e-03	-4.824121e-01	-4.823926e-01	-4.856444e-01	9.009551e-02	9.333143e-02	7.674887e-03	1.746706e-04
7.621951e-03	-4.824121e-01	-4.823926e-01	-4.856444e-01	9.009551e-02	9.333143e-02	7.674887e-03	1.735611e-04
7.619048e-03	-4.824121e-01	-4.823926e-01	-4.856444e-01	9.009551e-02	9.333143e-02	7.674887e-03	1.706383e-04
7.616146e-03	-4.824121e-01	-4.823926e-01	-4.856444e-01	9.009551e-02	9.333143e-02	7.674887e-03	1.687594e-04
7.613247e-03	-4.824121e-01	-4.823926e-01	-4.856444e-01	9.009551e-02	9.333143e-02	7.674887e-03	1.686624e-04
7.610350e-03	-4.824121e-01	-4.823926e-01	-4.856444e-01	9.009551e-02	9.333143e-02	7.674887e-03	1.667887e-04
7.607455e-03	-4.824121e-01	-4.823926e-01	-4.856444e-01	9.009551e-02	9.333143e-02	7.674887e-03	1.633993e-04
7.604563e-03	-4.824121e-01	-4.823926e-01	-4.856444e-01	9.009551e-02	9.333143e-02	7.674887e-03	1.636809e-04
7.601672e-03	-4.824121e-01	-4.823926e-01	-4.856444e-01	9.009551e-02	9.333143e-02	7.674887e-03	1.609035e-04
7.598784e-03	-4.824121e-01	-4.823926e-01	-4.856444e-01	9.009551e-02	9.333143e-02	7.674887e-03	1.595492e-04
7.595898e-03	-4.824121e-01	-4.823926e-01	-4.856444e-01	9.009551e-02	9.333143e-02	7.674887e-03	1.581730e-04
7.593014e-03	-4.824121e-01	-4.823926e-01	-4.856444e-01	9.009551e-02	9.333143e-02	7.674887e-03	1.557198e-04
7.590133e-03	-4.824121e-01	-4.823926e-01	-4.856444e-01	9.009551e-02	9.333143e-02	7.674887e-03	1.544962e-04
7.587253e-03	-4.824121e-01	-4.823926e-01	-4.856444e-01	9.009551e-02	9.333143e-02	7.674887e-03	1.521844e-04
7.584376e-03	-4.824121e-01	-4.823926e-01	-4.856444e-01	9.009551e-02	9.333143e-02	7.674887e-03	1.509757e-04
7.581501e-03	-4.824121e-01	-4.823926e-01	-4.856444e-01	9.009551e-02	9.333143e-02	7.674887e-03	1.495672e-04
7.578628e-03	-4.824121e-01	-4.823926e-01	-4.856444e-01	9.009551e-02	9.333143e-02	7.674887e-03	1.473450e-04
7.575758e-03	-4.824121e-01	-4.823926e-01	-4.856444e-01	9.009551e-02	9.333143e-02	7.674887e-03	1.461988e-04
7.572889e-03	-4.824121e-01	-4.823926e-01	-4.856444e-01	9.009551e-02	9.333143e-02	7.674887e-03	1.446939e-04
7.570023e-03	-4.824121e-01	-4.823926e-01	-4.856444e-01	9.009551e-02	9.333143e-02	7.674887e-03	1.427304e-04
7.567159e-03	-4.824121e-01	-4.823926e-01	-4.856444e-01	9.009551e-02	9.333143e-02	7.674887e-03	1.400192e-04
7.564297e-03	-4.824121e-01	-4.823926e-01	-4.856444e-01	9.009551e-02	9.333142e-02	7.674887e-03	1.395887e-04
7.561437e-03	-4.824121e-01	-4.823926e-01	-4.856444e-01	9.009551e-02	9.333142e-02	7.674887e-03	1.372387e-04
7.558579e-03	-4.824121e-01	-4.823926e-01	-4.856444e-01	9.009551e-02	9.333142e-02	7.674887e-03	1.364669e-04
7.555723e-03	-4.824121e-01	-4.823926e-01	-4.856444e-01	9.009551e-02	9.333142e-02	7.674887e-03	1.344990e-04
7.552870e-03	-4.824121e-01	-4.823926e-01	-4.856444e-01	9.009551e-02	9.333142e-02	7.674887e-03	1.327273e-04
7.550019e-03	-4.824121e-01	-4.823926e-01	-4.856444e-01	9.009551e-02	9.333142e-02	7.674887e-03	1.319600e-04
7.547170e-03	-4.824121e-01	-4.823926e-01	-4.856444e-01	9.009551e-02	9.333142e-02	7.674887e-03	1.293353e-04
7.544323e-03	-4.824121e-01	-4.823926e-01	-4.856444e-01	9.009551e-02	9.333142e-02	7.674887e-03	1.285940e-04
7.541478e-03	-4.824121e-01	-4.823926e-01	-4.856444e-01	9.009551e-02	9.333142e-02	7.674887e-03	1.275416e-04
7.538636e-03	-4.824121e-01	-4.823926e-01	-4.856444e-01	9.009551e-02	9.333142e-02	7.674887e-03	1.247872e-04
7.535795e-03	-4.824121e-01	-4.823926e-01	-4.856444e-01	9.009551e-02	9.333142e-02	7.674887e-03	1.240105e-04
7.532957e-03	-4.824121e-01	-4.823926e-01	-4.856444e-01	9.009551e-02	9.333142e-02	7.674887e-03	1.221606e-04
7.530120e-03	-4.824121e-01	-4.823926e-01	-4.856444e-01	9.009551e-02	9.333142e-02	7.674887e-03	1.215208e-04
7.527286e-03	-4.824121e-01	-4.823926e-01	-4.856444e-01	9.009551e-02	9.333142e-02	7.674887e-03	1.194855e-04
7.524454e-03	-4.824121e-01	-4.823926e-01	-4.856444e-01	9.009551e-02	9.333142e-02	7.674887e-03	1.182200e-04
7.521625e-03	-4.824121e-01	-4.823926e-01	-4.856444e-01	9.009551e-02	9.333142e-02	7.674887e-03	1.170430e-04
7.518797e-03	-4.824121e-01	-4.823926e-01	-4.856444e-01	9.009551e-02	9.333142e-02	7.674887e-03	1.158641e-04
7.515971e-03	-4.824121e-01	-4.823926e-01	-4.856444e-01	9.009551e-02	9.333142e-02	7.674887e-03	1.142306e-04
7.513148e-03	-4.824121e-01	-4.823926e-01	-4.856444e-01	9.009551e-02	9.333142e-02	7.674887e-03	1.132490e-04
7.510327e-03	-4.824121e-01	-4.823926e-01	-4.856444e-01	9.009551e-02	9.333142e-02	7.674887e-03	1.112077e-04
7.507508e-03	-4.824121e-01	-4.823926e-01	-4.856444e-01	9.009551e-02	9.333142e-02	7.674887e-03	1.110290e-04
7.504690e-03	-4.824121e-01	-4.823926e-01	-4.856444e-01	9.009551e-02	9.333142e-02	7.674887e-03	1.094471e-04
7.501875e-03	-4.824121e-01	-4.823926e-01	-4.856444e-01	9.009551e-02	9.333142e-02	7.674887e-03	1.079839e-04
7.499063e-03	-4.824121e-01	-4.823926e-01	-4.856444e-01	9.009551e-02	9.333142e-02	7.674888e-03	1.069934e-04
7.496252e-03	-4.824121e-01	-4.823926e-01	-4.856444e-01	9.009551e-02	9.333142e-02	7.674888e-03	1.058396e-04
7.493443e-03	-4.824121e-01	-4.823926e-01	-4.856444e-01	9.009551e-02	9.333142e-02	7.674888e-03	1.048459e-04
7.490637e-03	-4.824121e-01	-4.823926e-01	-4.856444e-01	9.009551e-02	9.333142e-02	7.674888e-03	1.034251e-04
7.487832e-03	-4.824121e-01	-4.823926e-01	-4.856444e-01	9.009551e-02	9.333142e-02	7.674888e-03	1.030869e-04
7.485030e-03	-4.824121e-01	-4.823926e-01	-4.856444e-01	9.009551e-02	9.333142e-02	7.674888e-03	1.010943e-04
7.482230e-03	-4.824121e-01	-4.823926e-01	-4.856444e-01	9.009551e-02	9.333142e-02	7.674888e-03	1.006928e-04
7.479432e-03	-4.824121e-01	-4.823926e-01	-4.856444e-01	9.009551e-02	9.333142e-02	7.674888e-03	9.925415e-05
7.476636e-03	-4.824121e-01	-4.823926e-01	-4.856444e-01	9.009551e-02	9.333142e-02	7.674888e-03	9.875895e-05
7.473842e-03	-4.824121e-01	-4.823926e-01	-4.856444e-01	9.009551e-02	9.333142e-02	7.674888e-03	9.722493e-05
7.471050e-03	-4.824121e-01	-4.823926e-01	-4.856444e-01	9.009551e-02	9.333142e-02	7.674888e-03	9.723651e-05
7.468260e-03	-4.824121e-01	-4.823926e-01	-4.856444e-01	9.009551e-02	9.333142e-02	7.674888e-03	9.578043e-05
7.465472e-03	-4.824121e-01	-4.823926e-01	-4.856444e-01	9.009551e-02	9.333142e-02	7.674888e-03	9.473006e-05
7.462687e-03	-4.824121e-01	-4.823926e-01	-4.856444e-01	9.009551e-02	9.333142e-02	7.674888e-03	9.411694e-05
7.459903e-03	-4.824121e-01	-4.823926e-01	-4.856444e-01	9.009551e-02	9.333142e-02	7.674888e-03	9.255288e-05
7.457122e-03	-4.824121e-01	-4.823926e-01	-4.856444e-01	9.009551e-02	9.333142e-02	7.674888e-03	9.312282e-05
7.454342e-03	-4.824121e-01	-4.823926e-01	-4.856444e-01	9.009551e-02	9.333142e-02	7.674888e-03	9.089060e-05
7.451565e-03	-4.824121e-01	-4.823926e-01	-4.856444e-01	9.009551e-02	9.333142e-02	7.674888e-03	9.096860e-05
7.448790e-03	-4.824121e-01	-4.823926e-01	-4.856444e-01	9.009551e-02	9.333142e-02	7.674888e-03	8.973530e-05
7.446016e-03	-4.824121e-01	-4.823926e-01	-4.856444e-01	9.009551e-02	9.333142e-02	7.674888e-03	8.899220e-05
7.443245e-03	-4.824121e-01	-4.823926e-01	-4.856444e-01	9.009551e-02	9.333142e-02	7.674888e-03	8.947914e-05
7.440476e-03	-4.824121e-01	-4.823926e-01	-4.856444e-01	9.009551e-02	9.333142e-02	7.674888e-03	8.767701e-05
7.437709e-03	-4.824121e-01	-4.823926e-01	-4.856444e-01	9.009551e-02	9.333142e-02	7.674888e-03	8.649893e-05
7.434944e-03	-4.824121e-01	-4.823926e-01	-4.856444e-01	9.009551e-02	9.333142e-02	7.674888e-03	8.649129e-05
7.432181e-03	-4.824121e-01	-4.823926e-01	-4.856444e-01	9.009551e-02	9.333142e-02	7.674888e-03	8.597933e-05
7.429421e-03	-4.824121e-01	-4.823926e-01	-4.856444e-01	9.009551e-02	9.333142e-02	7.674888e-03	8.588877e-05
7.426662e-03	-4.824121e-01	-4.823926e-01	-4.856444e-01	9.009551e-02	9.333142e-02	7.674888e-03	8.419025e-05
7.423905e-03	-4.824121e-01	-4.823926e-01	-4.856444e-01	9.009551e-02	9.333142e-02	7.674888e-03	8.379898e-05
7.421150e-03	-4.824121e-01	-4.823926e-01	-4.856444e-01	9.009551e-02	9.333142e-02	7.674888e-03	8.313871e-05
7.418398e-03	-4.824121e-01	-4.823926e-01	-4.856444e-01	9.009551e-02	9.333142e-02	7.674888e-03	8.279759e-05
7.415647e-03	-4.824121e-01	-4.823926e-01	-4.856444e-01	9.009551e-02	9.333142e-02	7.674888e-03	8.256959e-05
7.412898e-03	-4.824121e-01	-4.823926e-01	-4.856444e-01	9.009551e-02	9.333142e-02	7.674888e-03	8.154468e-05
7.410152e-03	-4.824121e-01	-4.823926e-01	-4.856444e-01	9.009551e-02	9.333142e-02	7.674888e-03	8.144986e-05
7.407407e-03	-4.824121e-01	-4.823926e-01	-4.856444e-01	9.009551e-02	9.333142e-02	7.674888e-03	8.003914e-05
7.404665e-03	-4.824121e-01	-4.823926e-01	-4.856444e-01	9.009551e-02	9.333142e-02	7.674888e-03	8.067902e-05
7.401925e-03	-4.824121e-01	-4.823926e-01	-4.856444e-01	9.009551e-02	9.333142e-02	7.674888e-03	7.930701e-05
7.399186e-03	-4.824121e-01	-4.823926e-01	-4.856444e-01	9.009551e-02	9.333142e-02	7.674888e-03	7.794329e-05
7.396450e-03	-4.824121e-01	-4.823926e-01	-4.856444e-01	9.009551e-02	9.333142e-02	7.674888e-03	7.993359e-05
7.393715e-03	-4.824121e-01	-4.823926e-01	-4.856444e-01	9.009551e-02	9.333142e-02	7.674888e-03	7.843300e-05
7.390983e-03	-4.824121e-01	-4.823926e-01	-4.856444e-01	9.009551e-02	9.333142e-02	7.674888e-03	7.811640e-05
7.388253e-03	-4.824121e-01	-4.823926e-01	-4.856444e-01	9.009551e-02	9.333142e-02	7.674888e-03	7.735148e-05
7.385524e-03	-4.824121e-01	-4.823926e-01	-4.856444e-01	9.009551e-02	9.333142e-02	7.674888e-03	7.737737e-05
7.382798e-03	-4.824121e-01	-4.823926e-01	-4.856444e-01	9.009551e-02	9.333142e-02	7.674888e-03	7.613092e-05
7.380074e-03	-4.824121e-01	-4.823926e-01	-4.856444e-01	9.009551e-02	9.333142e-02	7.674888e-03	7.675071e-05
7.377352e-03	-4.824121e-01	-4.823926e-01	-4.856444e-01	9.009551e-02	9.333142e-02	7.674888e-03	7.605537e-05
7.374631e-03	-4.824121e-01	-4.823926e-01	-4.856444e-01	9.009551e-02	9.333142e-02	7.674888e-03	7.571432e-05
7.371913e-03	-4.824121e-01	-4.823926e-01	-4.856444e-01	9.009551e-02	9.333142e-02	7.674888e-03	7.619901e-05
7.369197e-03	-4.824121e-01	-4.823926e-01	-4.856444e-01	9.009551e-02	9.333142e-02	7.674888e-03	7.512471e-05
7.366483e-03	-4.824121e-01	-4.823926e-01	-4.856444e-01	9.009551e-02	9.333142e-02	7.674888e-03	7.572479e-05
7.363770e-03	-4.824121e-01	-4.823926e-01	-4.856444e-01	9.009551e-02	9.333142e-02	7.674888e-03	7.513065e-05
7.361060e-03	-4.824121e-01	-4.823926e-01	-4.856444e-01	9.009551e-02	9.333142e-02	7.674888e-03	7.537481e-05
7.358352e-03	-4.824121e-01	-4.823926e-01	-4.856444e-01	9.009551e-02	9.333142e-02	7.674888e-03	7.511536e-05
7.355645e-03	-4.824121e-01	-4.823926e-01	-4.856444e-01	9.009551e-02	9.333142e-02	7.674888e-03	7.545430e-05
7.352941e-03	-4.824121e-01	-4.823926e-01	-4.856444e-01	9.009551e-02	9.333142e-02	7.674888e-03	7.546776e-05
7.350239e-03	-4.824121e-01	-4.823926e-01	-4.856444e-01	9.009551e-02	9.333142e-02	7.674888e-03	7.602829e-05
7.347539e-03	-4.824121e-01	-4.823926e-01	-4.856444e-01	9.009551e-02	9.333142e-02	7.674888e-03	7.609472e-05
7.344840e-03	-4.824121e-01	-4.823926e-01	-4.856444e-01	9.009551e-02	9.333142e-02	7.674888e-03	7.703574e-05
7.342144e-03	-4.824121e-01	-4.823926e-01	-4.856444e-01	9.009551e-02	9.333142e-02	7.674888e-03	7.735595e-05
7.339450e-03	-4.824121e-01	-4.823926e-01	-4.856444e-01	9.009551e-02	9.333142e-02	7.674888e-03	7.876347e-05
7.336757e-03	-4.824121e-01	-4.823926e-01	-4.856444e-01	9.009551e-02	9.333142e-02	7.674888e-03	7.942322e-05
7.334067e-03	-4.824121e-01	-4.823926e-01	-4.856444e-01	9.009551e-02	9.333142e-02	7.674888e-03	8.155282e-05
7.331378e-03	-4.824121e-01	-4.823926e-01	-4.856444e-01	9.009551e-02	9.333142e-02	7.674888e-03	8.230006e-05
7.328692e-03	-4.824121e-01	-4.823926e-01	-4.856444e-01	9.009551e-02	9.333142e-02	7.674888e-03	8.426543e-05
7.326007e-03	-4.824121e-01	-4.823926e-01	-4.856444e-01	9.009551e-02	9.333142e-02	7.674888e-03	8.646662e-05
7.323325e-03	-4.824121e-01	-4.823926e-01	-4.856444e-01	9.009551e-02	9.333142e-02	7.674888e-03	8.981566e-05
7.320644e-03	-4.824121e-01	-4.823926e-01	-4.856444e-01	9.009551e-02	9.333142e-02	7.674888e-03	9.221493e-05
7.317966e-03	-4.824121e-01	-4.823926e-01	-4.856444e-01	9.009551e-02	9.333142e-02	7.674888e-03	9.623104e-05
7.315289e-03	-4.824121e-01	-4.823926e-01	-4.856444e-01	9.009551e-02	9.333142e-02	7.674888e-03	9.966873e-05
7.312614e-03	-4.824121e-01	-4.823926e-01	-4.856444e-01	9.009551e-02	9.333142e-02	7.674888e-03	1.046421e-04
7.309942e-03	-4.824121e-01	-4.823926e-01	-4.856444e-01	9.009551e-02	9.333142e-02	7.674888e-03	1.099844e-04
7.307271e-03	-4.824121e-01	-4.823926e-01	-4.856444e-01	9.009551e-02	9.333142e-02	7.674888e-03	1.171547e-04
7.304602e-03	-4.824121e-01	-4.823926e-01	-4.856444e-01	9.009551e-02	9.333142e-02	7.674888e-03	1.236856e-04
7.301935e-03	-4.824121e-01	-4.823926e-01	-4.856444e-01	9.009551e-02	9.333142e-02	7.674888e-03	1.309936e-04
7.299270e-03	-4.824121e-01	-4.823926e-01	-4.856444e-01	9.009551e-02	9.333142e-02	7.674888e-03	1.398271e-04
7.296607e-03	-4.824121e-01	-4.823926e-01	-4.856444e-01	9.009551e-02	9.333142e-02	7.674888e-03	1.500187e-04
7.293946e-03	-4.824121e-01	-4.823926e-01	-4.856444e-01	9.009551e-02	9.333142e-02	7.674889e-03	1.605777e-04
7.291287e-03	-4.824121e-01	-4.823926e-01	-4.856444e-01	9.009551e-02	9.333142e-02	7.674889e-03	1.719004e-04
7.288630e-03	-4.824121e-01	-4.823926e-01	-4.856444e-01	9.009551e-02	9.333142e-02	7.674889e-03	1.835926e-04
7.285974e-03	-4.824121e-01	-4.823926e-01	-4.856444e-01	9.009551e-02	9.333142e-02	7.674889e-03	1.984391e-04
7.283321e-03	-4.824121e-01	-4.823926e-01	-4.856444e-01	9.009551e-02	9.333142e-02	7.674889e-03	2.116890e-04
7.280670e-03	-4.824121e-01	-4.823926e-01	-4.856444e-01	9.009551e-02	9.333142e-02	7.674889e-03	2.268883e-04
7.278020e-03	-4.824121e-01	-4.823926e-01	-4.856444e-01	9.009551e-02	9.333142e-02	7.674889e-03	2.442773e-04
7.275373e-03	-4.824121e-01	-4.823926e-01	-4.856444e-01	9.009551e-02	9.333142e-02	7.674889e-03	2.616163e-04
7.272727e-03	-4.824121e-01	-4.823926e-01	-4.856444e-01	9.009551e-02	9.333142e-02	7.674889e-03	2.805923e-04
7.270084e-03	-4.824121e-01	-4.823926e-01	-4.856444e-01	9.009551e-02	9.333142e-02	7.674889e-03	3.004992e-04
7.267442e-03	-4.824121e-01	-4.823926e-01	-4.856444e-01	9.009551e-02	9.333142e-02	7.674889e-03	3.232008e-04
7.264802e-03	-4.824121e-01	-4.823926e-01	-4.856444e-01	9.009551e-02	9.333142e-02	7.674889e-03	3.466460e-04
7.262164e-03	-4.824121e-01	-4.823926e-01	-4.856444e-01	9.009551e-02	9.333142e-02	7.674889e-03	3.735093e-04
7.259528e-03	-4.824121e-01	-4.823926e-01	-4.856444e-01	9.009551e-02	9.333142e-02	7.674889e-03	3.999584e-04
7.256894e-03	-4.824121e-01	-4.823926e-01	-4.856444e-01	9.009551e-02	9.333142e-02	7.674889e-03	4.296838e-04
7.254262e-03	-4.824121e-01	-4.823926e-01	-4.856444e-01	9.009551e-02	9.333142e-02	7.674890e-03	4.608887e-04
7.251632e-03	-4.824121e-01	-4.823926e-01	-4.856444e-01	9.009551e-02	9.333142e-02	7.674890e-03	4.906575e-04
7.249003e-03	-4.824121e-01	-4.823926e-01	-4.856444e-01	9.009551e-02	9.333142e-02	7.674890e-03	5.247205e-04
7.246377e-03	-4.824121e-01	-4.823926e-01	-4.856444e-01	9.009551e-02	9.333142e-02	7.674890e-03	5.534631e-04
7.243752e-03	-4.824121e-01	-4.823926e-01	-4.856444e-01	9.009551e-02	9.333142e-02	7.674890e-03	5.827453e-04
7.241130e-03	-4.824121e-01	-4.823926e-01	-4.856444e-01	9.009551e-02	9.333142e-02	7.674890e-03	6.082860e-04
7.238509e-03	-4.824121e-01	-4.823926e-01	-4.856444e-01	9.009551e-02	9.333142e-02	7.674890e-03	6.290138e-04
7.235890e-03	-4.824121e-01	-4.823926e-01	-4.856444e-01	9.009551e-02	9.333142e-02	7.674890e-03	6.448857e-04
7.233273e-03	-4.824121e-01	-4.823926e-01	-4.856444e-01	9.009551e-02	9.333142e-02	7.674890e-03	6.559453e-04
7.230658e-03	-4.824121e-01	-4.823926e-01	-4.856444e-01	9.009551e-02	9.333142e-02	7.674890e-03	6.601817e-04
7.228045e-03	-4.824121e-01	-4.823926e-01	-4.856444e-01	9.009550e-02	9.333142e-02	7.674890e-03	6.600389e-04
7.225434e-03	-4.824121e-01	-4.823926e-01	-4.856444e-01	9.009550e-02	9.333142e-02	7.674890e-03	6.547345e-04
7.222824e-03	-4.824121e-01	-4.823926e-01	-4.856444e-01	9.009550e-02	9.333142e-02	7.674890e-03	6.470684e-04
7.220217e-03	-4.824121e-01	-4.823926e-01	-4.856444e-01	9.009550e-02	9.333142e-02	7.674890e-03	6.373080e-04
7.217611e-03	-4.824121e-01	-4.823926e-01	-4.856444e-01	9.009550e-02	9.333142e-02	7.674890e-03	6.262237e-04
7.215007e-03	-4.824121e-01	-4.823926e-01	-4.856444e-01	9.009550e-02	9.333142e-02	7.674890e-03	6.167826e-04
7.212405e-03	-4.824121e-01	-4.823926e-01	-4.856444e-01	9.009550e-02	9.333142e-02	7.674890e-03	6.083983e-04
7.209805e-03	-4.824121e-01	-4.823926e-01	-4.856444e-01	9.009550e-02	9.333142e-02	7.674890e-03	6.023087e-04
7.207207e-03	-4.824121e-01	-4.823926e-01	-4.856444e-01	9.009550e-02	9.333142e-02	7.674890e-03	5.992412e-04
7.204611e-03	-4.824121e-01	-4.823926e-01	-4.856444e-01	9.009550e-02	9.333142e-02	7.674890e-03	5.980305e-04
7.202017e-03	-4.824121e-01	-4.823926e-01	-4.856444e-01	9.009550e-02	9.333142e-02	7.674890e-03	5.984505e-04
7.199424e-03	-4.824121e-01	-4.823926e-01	-4.856444e-01	9.009550e-02	9.333142e-02	7.674890e-03	5.978507e-04
7.196833e-03	-4.824121e-01	-4.823926e-01	-4.856444e-01	9.009550e-02	9.333142e-02	7.674890e-03	5.975020e-04
7.194245e-03	-4.824121e-01	-4.823926e-01	-4.856444e-01	9.009550e-02	9.333142e-02	7.674890e-03	5.947031e-04
7.191658e-03	-4.824121e-01	-4.823926e-01	-4.856444e-01	9.009550e-02	9.333142e-02	7.674890e-03	5.887235e-04
7.189073e-03	-4.824121e-01	-4.823926e-01	-4.856444e-01	9.009550e-02	9.333141e-02	7.674890e-03	5.791713e-04
7.186489e-03	-4.824121e-01	-4.823926e-01	-4.856444e-01	9.009550e-02	9.333141e-02	7.674891e-03	5.618784e-04
7.183908e-03	-4.824121e-01	-4.823926e-01	-4.856444e-01	9.009550e-02	9.333141e-02	7.674891e-03	5.429852e-04
7.181329e-03	-4.824121e-01	-4.823926e-01	-4.856444e-01	9.009550e-02	9.333141e-02	7.674891e-03	5.177375e-04
7.178751e-03	-4.824121e-01	-4.823926e-01	-4.856444e-01	9.009550e-02	9.333141e-02	7.674891e-03	4.881184e-04
7.176175e-03	-4.824121e-01	-4.823926e-01	-4.856444e-01	9.009550e-02	9.333141e-02	7.674891e-03	4.557630e-04
7.173601e-03	-4.824121e-01	-4.823926e-01	-4.856444e-01	9.009550e-02	9.333141e-02	7.674891e-03	4.226869e-04
7.171029e-03	-4.824121e-01	-4.823926e-01	-4.856444e-01	9.009550e-02	9.333141e-02	7.674892e-03	3.873081e-04
7.168459e-03	-4.824121e-01	-4.823926e-01	-4.856444e-01	9.009550e-02	9.333141e-02	7.674892e-03	3.544777e-04
7.165890e-03	-4.824121e-01	-4.823926e-01	-4.856444e-01	9.009550e-02	9.333141e-02	7.674892e-03	3.222087e-04
7.163324e-03	-4.824121e-01	-4.823926e-01	-4.856444e-01	9.009550e-02	9.333141e-02	7.674892e-03	2.920978e-04
7.160759e-03	-4.824121e-01	-4.823926e-01	-4.856444e-01	9.009550e-02	9.333141e-02	7.674892e-03	2.651250e-04
7.158196e-03	-4.824121e-01	-4.823926e-01	-4.856444e-01	9.009550e-02	9.333141e-02	7.674893e-03	2.404208e-04
7.155635e-03	-4.824121e-01	-4.823926e-01	-4.856444e-01	9.009550e-02	9.333141e-02	7.674893e-03	2.181456e-04
7.153076e-03	-4.824121e-01	-4.823926e-01	-4.856444e-01	9.009550e-02	9.333141e-02	7.674893e-03	1.990378e-04
7.150518e-03	-4.824121e-01	-4.823926e-01	-4.856444e-01	9.009550e-02	9.333141e-02	7.674893e-03	1.843273e-04
7.147963e-03	-4.824121e-01	-4.823926e-01	-4.856444e-01	9.009550e-02	9.333141e-02	7.674893e-03	1.687501e-04
7.145409e-03	-4.824121e-01	-4.823926e-01	-4.856444e-01	9.009550e-02	9.333141e-02	7.674893e-03	1.585946e-04
7.142857e-03	-4.824121e-01	-4.823926e-01	-4.856444e-01	9.009550e-02	9.333141e-02	7.674894e-03	1.466531e-04
7.140307e-03	-4.824121e-01	-4.823926e-01	-4.856444e-01	9.009550e-02	9.333141e-02	7.674894e-03	1.386412e-04
7.137759e-03	-4.824121e-01	-4.823926e-01	-4.856444e-01	9.009550e-02	9.333141e-02	7.674894e-03	1.308966e-04
7.135212e-03	-4.824121e-01	-4.823926e-01	-4.856444e-01	9.009550e-02	9.333141e-02	7.674894e-03	1.244026e-04
7.132668e-03	-4.824121e-01	-4.823926e-01	-4.856444e-01	9.009550e-02	9.333141e-02	7.674894e-03	1.194970e-04
7.130125e-03	-4.824121e-01	-4.823926e-01	-4.856444e-01	9.009550e-02	9.333141e-02	7.674894e-03	1.140029e-04
7.127584e-03	-4.824121e-01	-4.823926e-01	-4.856444e-01	9.009550e-02	9.333141e-02	7.674894e-03	1.098211e-04
7.125045e-03	-4.824121e-01	-4.823926e-01	-4.856444e-01	9.009550e-02	9.333141e-02	7.674894e-03	1.063051e-04
7.122507e-03	-4.824121e-01	-4.823926e-01	-4.856444e-01	9.009550e-02	9.333141e-02	7.674894e-03	1.026384e-04
7.119972e-03	-4.824121e-01	-4.823926e-01	-4.856444e-01	9.009550e-02	9.333141e-02	7.674895e-03	9.990826e-05
7.117438e-03	-4.824121e-01	-4.823926e-01	-4.856444e-01	9.009550e-02	9.333141e-02	7.674895e-03	9.728636e-05
7.114906e-03	-4.824121e-01	-4.823926e-01	-4.856444e-01	9.009550e-02	9.333141e-02	7.674895e-03	9.527824e-05
7.112376e-03	-4.824121e-01	-4.823926e-01	-4.856444e-01	9.009550e-02	9.333141e-02	7.674895e-03	9.333462e-05
7.109847e-03	-4.824121e-01	-4.823926e-01	-4.856444e-01	9.009550e-02	9.333141e-02	7.674895e-03	9.091587e-05
7.107321e-03	-4.824121e-01	-4.823926e-01	-4.856444e-01	9.009550e-02	9.333141e-02	7.674895e-03	8.858363e-05
7.104796e-03	-4.824121e-01	-4.823926e-01	-4.856444e-01	9.009550e-02	9.333141e-02	7.674895e-03	8.691241e-05
7.102273e-03	-4.824121e-01	-4.823926e-01	-4.856444e-01	9.009550e-02	9.333141e-02	7.674895e-03	8.603884e-05
7.099752e-03	-4.824121e-01	-4.823926e-01	-4.856444e-01	9.009550e-02	9.333141e-02	7.674895e-03	8.402499e-05
7.097232e-03	-4.824121e-01	-4.823926e-01	-4.856444e-01	9.009550e-02	9.333141e-02	7.674895e-03	8.304643e-05
7.094714e-03	-4.824121e-01	-4.823926e-01	-4.856444e-01	9.009550e-02	9.333141e-02	7.674895e-03	8.273271e-05
7.092199e-03	-4.824121e-01	-4.823926e-01	-4.856444e-01	9.009550e-02	9.333141e-02	7.674895e-03	7.988705e-05
7.089685e-03	-4.824121e-01	-4.823926e-01	-4.856444e-01	9.009550e-02	9.333141e-02	7.674895e-03	7.978539e-05
7.087172e-03	-4.824121e-01	-4.823926e-01	-4.856444e-01	9.009550e-02	9.333141e-02	7.674895e-03	7.995514e-05
7.084662e-03	-4.824121e-01	-4.823926e-01	-4.856444e-01	9.009550e-02	9.333141e-02	7.674895e-03	7.853955e-05
7.082153e-03	-4.824121e-01	-4.823926e-01	-4.856444e-01	9.009550e-02	9.333141e-02	7.674895e-03	7.810788e-05
7.079646e-03	-4.824121e-01	-4.823926e-01	-4.856444e-01	9.009550e-02	9.333141e-02	7.674895e-03	7.821991e-05
7.077141e-03	-4.824121e-01	-4.823926e-01	-4.856444e-01	9.009550e-02	9.333141e-02	7.674895e-03	7.693610e-05
7.074637e-03	-4.824121e-01	-4.823926e-01	-4.856444e-01	9.009550e-02	9.333141e-02	7.674896e-03	7.725177e-05
7.072136e-03	-4.824121e-01	-4.823926e-01	-4.856444e-01	9.009550e-02	9.333141e-02	7.674896e-03	7.784060e-05
7.069636e-03	-4.824121e-01	-4.823926e-01	-4.856444e-01	9.009550e-02	9.333141e-02	7.674896e-03	7.708816e-05
7.067138e-03	-4.824121e-01	-4.823926e-01	-4.856444e-01	9.009550e-02	9.333141e-02	7.674896e-03	7.879296e-05
7.064641e-03	-4.824121e-01	-4.823926e-01	-4.856444e-01	9.009550e-02	9.333141e-02	7.674896e-03	7.762999e-05
7.062147e-03	-4.824121e-01	-4.823926e-01	-4.856444e-01	9.009550e-02	9.333141e-02	7.674896e-03	7.779881e-05
7.059654e-03	-4.824121e-01	-4.823926e-01	-4.856444e-01	9.009550e-02	9.333141e-02	7.674896e-03	7.838982e-05
7.057163e-03	-4.824121e-01	-4.823926e-01	-4.856444e-01	9.009550e-02	9.333141e-02	7.674896e-03	7.877617e-05
7.054674e-03	-4.824121e-01	-4.823926e-01	-4.856444e-01	9.009550e-02	9.333141e-02	7.674896e-03	7.948280e-05
7.052186e-03	-4.824121e-01	-4.823926e-01	-4.856444e-01	9.009550e-02	9.333141e-02	7.674896e-03	7.973319e-05
7.049700e-03	-4.824121e-01	-4.823926e-01	-4.856444e-01	9.009550e-02	9.333141e-02	7.674896e-03	7.983518e-05
7.047216e-03	-4.824121e-01	-4.823926e-01	-4.856444e-01	9.009550e-02	9.333141e-02	7.674896e-03	8.102460e-05
7.044734e-03	-4.824121e-01	-4.823926e-01	-4.856444e-01	9.009550e-02	9.333141e-02	7.674896e-03	8.133369e-05
7.042254e-03	-4.824121e-01	-4.823926e-01	-4.856444e-01	9.009550e-02	9.333141e-02	7.674896e-03	8.203287e-05
7.039775e-03	-4.824121e-01	-4.823926e-01	-4.856444e-01	9.009550e-02	9.333141e-02	7.674896e-03	8.292796e-05
7.037298e-03	-4.824121e-01	-4.823926e-01	-4.856444e-01	9.009550e-02	9.333141e-02	7.674896e-03	8.325034e-05
7.034822e-03	-4.824121e-01	-4.823926e-01	-4.856444e-01	9.009550e-02	9.333141e-02	7.674896e-03	8.384879e-05
7.032349e-03	-4.824121e-01	-4.823926e-01	-4.856444e-01	9.009550e-02	9.333141e-02	7.674896e-03	8.587329e-05
7.029877e-03	-4.824121e-01	-4.823926e-01	-4.856444e-01	9.009550e-02	9.333141e-02	7.674896e-03	8.578416e-05
7.027407e-03	-4.824121e-01	-4.823926e-01	-4.856444e-01	9.009550e-02	9.333141e-02	7.674896e-03	8.645453e-05
7.024939e-03	-4.824121e-01	-4.823926e-01	-4.856444e-01	9.009550e-02	9.333141e-02	7.674896e-03	8.795511e-05
7.022472e-03	-4.824121e-01	-4.823926e-01	-4.856444e-01	9.009550e-02	9.333141e-02	7.674896e-03	8.883529e-05
7.020007e-03	-4.824121e-01	-4.823926e-01	-4.856444e-01	9.009550e-02	9.333141e-02	7.674896e-03	9.016650e-05
7.017544e-03	-4.824121e-01	-4.823926e-01	-4.856444e-01	9.009550e-02	9.333141e-02	7.674896e-03	8.996432e-05
7.015082e-03	-4.824121e-01	-4.823926e-01	-4.856444e-01	9.009550e-02	9.333141e-02	7.674896e-03	9.255711e-05
7.012623e-03	-4.824121e-01	-4.823926e-01	-4.856444e-01	9.009550e-02	9.333141e-02	7.674896e-03	9.314220e-05
7.010165e-03	-4.824121e-01	-4.823926e-01	-4.856444e-01	9.009550e-02	9.333141e-02	7.674896e-03	9.400566e-05
7.007708e-03	-4.824121e-01	-4.823926e-01	-4.856444e-01	9.009550e-02	9.333141e-02	7.674896e-03	9.542587e-05
7.005254e-03	-4.824121e-01	-4.823926e-01	-4.856444e-01	9.009550e-02	9.333141e-02	7.674896e-03	9.618775e-05
7.002801e-03	-4.824121e-01	-4.823926e-01	-4.856444e-01	9.009550e-02	9.333141e-02	7.674896e-03	9.786635e-05
7.000350e-03	-4.824121e-01	-4.823926e-01	-4.856444e-01	9.009550e-02	9.333141e-02	7.674896e-03	9.896726e-05
6.997901e-03	-4.824121e-01	-4.823926e-01	-4.856444e-01	9.009550e-02	9.333141e-02	7.674896e-03	1.009982e-04
6.995453e-03	-4.824121e-01	-4.823926e-01	-4.856444e-01	9.009550e-02	9.333141e-02	7.674896e-03	1.015800e-04
6.993007e-03	-4.824121e-01	-4.823926e-01	-4.856444e-01	9.009549e-02	9.333141e-02	7.674896e-03	1.031622e-04
6.990563e-03	-4.824121e-01	-4.823926e-01	-4.856444e-01	9.009549e-02	9.333141e-02	7.674896e-03	1.040370e-04
6.988120e-03	-4.824121e-01	-4.823926e-01	-4.856444e-01	9.009549e-02	9.333141e-02	7.674896e-03	1.054134e-04
6.985679e-03	-4.824121e-01	-4.823926e-01	-4.856444e-01	9.009549e-02	9.333141e-02	7.674896e-03	1.063258e-04
6.983240e-03	-4.824121e-01	-4.823926e-01	-4.856444e-01	9.009549e-02	9.333141e-02	7.674896e-03	1.077522e-04
6.980803e-03	-4.824121e-01	-4.823926e-01	-4.856444e-01	9.009549e-02	9.333141e-02	7.674896e-03	1.094488e-04
6.978367e-03	-4.824121e-01	-4.823926e-01	-4.856444e-01	9.009549e-02	9.333141e-02	7.674896e-03	1.108443e-04
6.975933e-03	-4.824121e-01	-4.823926e-01	-4.856444e-01	9.009549e-02	9.333141e-02	7.674896e-03	1.123584e-04
6.973501e-03	-4.824121e-01	-4.823926e-01	-4.856444e-01	9.009549e-02	9.333141e-02	7.674897e-03	1.121679e-04
6.971070e-03	-4.824121e-01	-4.823926e-01	-4.856444e-01	9.009549e-02	9.333141e-02	7.674897e-03	1.152757e-04
6.968641e-03	-4.824121e-01	-4.823926e-01	-4.856444e-01	9.009549e-02	9.333141e-02	7.674897e-03	1.148411e-04
6.966214e-03	-4.824121e-01	-4.823926e-01	-4.856444e-01	9.009549e-02	9.333141e-02	7.674897e-03	1.155537e-04
6.963788e-03	-4.824121e-01	-4.823926e-01	-4.856444e-01	9.009549e-02	9.333141e-02	7.674897e-03	1.182364e-04
6.961364e-03	-4.824121e-01	-4.823926e-01	-4.856444e-01	9.009549e-02	9.333141e-02	7.674897e-03	1.185533e-04
6.958942e-03	-4.824121e-01	-4.823926e-01	-4.856444e-01	9.009549e-02	9.333141e-02	7.674897e-03	1.189763e-04
6.956522e-03	-4.824121e-01	-4.823926e-01	-4.856444e-01	9.009549e-02	9.333141e-02	7.674897e-03	1.202807e-04
6.954103e-03	-4.824121e-01	-4.823926e-01	-4.856444e-01	9.009549e-02	9.333141e-02	7.674897e-03	1.201763e-04
6.951686e-03	-4.824121e-01	-4.823926e-01	-4.856444e-01	9.009549e-02	9.333141e-02	7.674897e-03	1.214361e-04
6.949270e-03	-4.824121e-01	-4.823926e-01	-4.856444e-01	9.009549e-02	9.333141e-02	7.674897e-03	1.228389e-04
6.946857e-03	-4.824121e-01	-4.823926e-01	-4.856444e-01	9.009549e-02	9.333141e-02	7.674897e-03	1.225473e-04
6.944444e-03	-4.824121e-01	-4.823926e-01	-4.856444e-01	9.009549e-02	9.333141e-02	7.674897e-03	1.225028e-04
6.942034e-03	-4.824121e-01	-4.823926e-01	-4.856444e-01	9.009549e-02	9.333141e-02	7.674897e-03	1.240741e-04
6.939625e-03	-4.824121e-01	-4.823926e-01	-4.856444e-01	9.009549e-02	9.333141e-02	7.674897e-03	1.243609e-04
6.937218e-03	-4.824121e-01	-4.823926e-01	-4.856444e-01	9.009549e-02	9.333141e-02	7.674897e-03	1.243764e-04
6.934813e-03	-4.824121e-01	-4.823926e-01	-4.856444e-01	9.009549e-02	9.333140e-02	7.674897e-03	1.254319e-04
6.932409e-03	-4.824121e-01	-4.823926e-01	-4.856444e-01	9.009549e-02	9.333140e-02	7.674897e-03	1.256727e-04
6.930007e-03	-4.824121e-01	-4.823926e-01	-4.856444e-01	9.009549e-02	9.333140e-02	7.674897e-03	1.245998e-04
6.927607e-03	-4.824121e-01	-4.823926e-01	-4.856444e-01	9.009549e-02	9.333140e-02	7.674897e-03	1.260365e-04
6.925208e-03	-4.824121e-01	-4.823926e-01	-4.856444e-01	9.009549e-02	9.333140e-02	7.674897e-03	1.259342e-04
6.922811e-03	-4.824121e-01	-4.823926e-01	-4.856444e-01	9.009549e-02	9.333140e-02	7.674897e-03	1.265788e-04
6.920415e-03	-4.824121e-01	-4.823926e-01	-4.856444e-01	9.009549e-02	9.333140e-02	7.674897e-03	1.272837e-04
6.918021e-03	-4.824121e-01	-4.823926e-01	-4.856444e-01	9.009549e-02	9.333140e-02	7.674897e-03	1.267185e-04
6.915629e-03	-4.824121e-01	-4.823926e-01	-4.856444e-01	9.009549e-02	9.333140e-02	7.674897e-03	1.271865e-04
6.913239e-03	-4.824121e-01	-4.823926e-01	-4.856444e-01	9.009549e-02	9.333140e-02	7.674897e-03	1.282974e-04
6.910850e-03	-4.824121e-01	-4.823926e-01	-4.856444e-01	9.009549e-02	9.333140e-02	7.674897e-03	1.266603e-04
6.908463e-03	-4.824121e-01	-4.823926e-01	-4.856444e-01	9.009549e-02	9.333140e-02	7.674897e-03	1.273314e-04
6.906077e-03	-4.824121e-01	-4.823926e-01	-4.856444e-01	9.009549e-02	9.333140e-02	7.674897e-03	1.292549e-04
6.903693e-03	-4.824121e-01	-4.823926e-01	-4.856444e-01	9.009549e-02	9.333140e-02	7.674897e-03	1.281873e-04
6.901311e-03	-4.824121e-01	-4.823926e-01	-4.856444e-01	9.009549e-02	9.333140e-02	7.674897e-03	1.278580e-04
6.898931e-03	-4.824121e-01	-4.823926e-01	-4.856444e-01	9.009549e-02	9.333140e-02	7.674897e-03	1.285793e-04
6.896552e-03	-4.824121e-01	-4.823926e-01	-4.856444e-01	9.009549e-02	9.333140e-02	7.674897e-03	1.292895e-04
6.894174e-03	-4.824121e-01	-4.823926e-01	-4.856444e-01	9.009549e-02	9.333140e-02	7.674897e-03	1.286013e-04
6.891799e-03	-4.824121e-01	-4.823926e-01	-4.856444e-01	9.009549e-02	9.333140e-02	7.674897e-03	1.296594e-04
6.889425e-03	-4.824121e-01	-4.823926e-01	-4.856444e-01	9.009549e-02	9.333140e-02	7.674897e-03	1.287188e-04
6.887052e-03	-4.824121e-01	-4.823926e-01	-4.856444e-01	9.009549e-02	9.333140e-02	7.674897e-03	1.292749e-04
6.884682e-03	-4.824121e-01	-4.823926e-01	-4.856444e-01	9.009549e-02	9.333140e-02	7.674897e-03	1.301674e-04
6.882312e-03	-4.824121e-01	-4.823926e-01	-4.856444e-01	9.009549e-02	9.333140e-02	7.674897e-03	1.280489e-04
6.879945e-03	-4.824121e-01	-4.823926e-01	-4.856444e-01	9.009549e-02	9.333140e-02	7.674897e-03	1.296982e-04
6.877579e-03	-4.824121e-01	-4.823926e-01	-4.856444e-01	9.009549e-02	9.333140e-02	7.674897e-03	1.300999e-04
6.875215e-03	-4.824121e-01	-4.823926e-01	-4.856444e-01	9.009549e-02	9.333140e-02	7.674897e-03	1.297805e-04
6.872852e-03	-4.824121e-01	-4.823926e-01	-4.856444e-01	9.009549e-02	9.333140e-02	7.674897e-03	1.300142e-04
6.870491e-03	-4.824121e-01	-4.823926e-01	-4.856444e-01	9.009549e-02	9.333140e-02	7.674897e-03	1.288632e-04
6.868132e-03	-4.824121e-01	-4.823926e-01	-4.856444e-01	9.009549e-02	9.333140e-02	7.674897e-03	1.302532e-04
6.865774e-03	-4.824121e-01	-4.823926e-01	-4.856444e-01	9.009549e-02	9.333140e-02	7.674897e-03	1.295830e-04
6.863418e-03	-4.824121e-01	-4.823926e-01	-4.856444e-01	9.009549e-02	9.333140e-02	7.674897e-03	1.295151e-04
6.861063e-03	-4.824121e-01	-4.823926e-01	-4.856444e-01	9.009549e-02	9.333140e-02	7.674897e-03	1.294591e-04
6.858711e-03	-4.824121e-01	-4.823926e-01	-4.856444e-01	9.009549e-02	9.333140e-02	7.674897e-03	1.294754e-04
6.856359e-03	-4.824121e-01	-4.823926e-01	-4.856444e-01	9.009549e-02	9.333140e-02	7.674897e-03	1.298907e-04
6.854010e-03	-4.824121e-01	-4.823926e-01	-4.856444e-01	9.009549e-02	9.333140e-02	7.674897e-03	1.291570e-04
6.851662e-03	-4.824121e-01	-4.823926e-01	-4.856444e-01	9.009549e-02	9.333140e-02	7.674898e-03	1.293908e-04
6.849315e-03	-4.824121e-01	-4.823926e-01	-4.856444e-01	9.009549e-02	9.333140e-02	7.674898e-03	1.297946e-04
6.846970e-03	-4.824121e-01	-4.823926e-01	-4.856444e-01	9.009549e-02	9.333140e-02	7.674898e-03	1.285982e-04
6.844627e-03	-4.824121e-01	-4.823926e-01	-4.856444e-01	9.009549e-02	9.333140e-02	7.674898e-03	1.284315e-04
6.842285e-03	-4.824121e-01	-4.823926e-01	-4.856444e-01	9.009549e-02	9.333140e-02	7.674898e-03	1.286530e-04
6.839945e-03	-4.824121e-01	-4.823926e-01	-4.856444e-01	9.009549e-02	9.333140e-02	7.674898e-03	1.294336e-04
6.837607e-03	-4.824121e-01	-4.823926e-01	-4.856444e-01	9.009549e-02	9.333140e-02	7.674898e-03	1.272971e-04
6.835270e-03	-4.824121e-01	-4.823926e-01	-4.856444e-01	9.009549e-02	9.333140e-02	7.674898e-03	1.280412e-04
6.832935e-03	-4.824121e-01	-4.823926e-01	-4.856444e-01	9.009549e-02	9.333140e-02	7.674898e-03	1.278243e-04
6.830601e-03	-4.824121e-01	-4.823926e-01	-4.856444e-01	9.009549e-02	9.333140e-02	7.674898e-03	1.264619e-04
6.828269e-03	-4.824121e-01	-4.823926e-01	-4.856444e-01	9.009549e-02	9.333140e-02	7.674898e-03	1.288525e-04
6.825939e-03	-4.824121e-01	-4.823926e-01	-4.856444e-01	9.009549e-02	9.333140e-02	7.674898e-03	1.271471e-04
6.823610e-03	-4.824121e-01	-4.823926e-01	-4.856444e-01	9.009549e-02	9.333140e-02	7.674898e-03	1.261962e-04
6.821282e-03	-4.824121e-01	-4.823926e-01	-4.856444e-01	9.009549e-02	9.333140e-02	7.674898e-03	1.261480e-04
6.818957e-03	-4.824121e-01	-4.823926e-01	-4.856444e-01	9.009549e-02	9.333140e-02	7.674898e-03	1.261240e-04
6.816633e-03	-4.824121e-01	-4.823926e-01	-4.856444e-01	9.009549e-02	9.333140e-02	7.674898e-03	1.253170e-04
6.814310e-03	-4.824121e-01	-4.823926e-01	-4.856444e-01	9.009549e-02	9.333140e-02	7.674898e-03	1.253657e-04
6.811989e-03	-4.824121e-01	-4.823926e-01	-4.856444e-01	9.009549e-02	9.333140e-02	7.674898e-03	1.243854e-04
6.809670e-03	-4.824121e-01	-4.823926e-01	-4.856444e-01	9.009549e-02	9.333140e-02	7.674898e-03	1.248502e-04
6.807352e-03	-4.824121e-01	-4.823926e-01	-4.856444e-01	9.009549e-02	9.333140e-02	7.674898e-03	1.238067e-04
6.805036e-03	-4.824121e-01	-4.823926e-01	-4.856444e-01	9.009549e-02	9.333140e-02	7.674898e-03	1.237682e-04
6.802721e-03	-4.824121e-01	-4.823926e-01	-4.856444e-01	9.009549e-02	9.333140e-02	7.674898e-03	1.241841e-04
6.800408e-03	-4.824121e-01	-4.823926e-01	-4.856444e-01	9.009549e-02	9.333140e-02	7.674898e-03	1.223511e-04
6.798097e-03	-4.824121e-01	-4.823926e-01	-4.856444e-01	9.009549e-02	9.333140e-02	7.674898e-03	1.225573e-04
6.795787e-03	-4.824121e-01	-4.823926e-01	-4.856444e-01	9.009549e-02	9.333140e-02	7.674898e-03	1.219268e-04
6.793478e-03	-4.824121e-01	-4.823926e-01	-4.856444e-01	9.009549e-02	9.333140e-02	7.674898e-03	1.214308e-04
6.791171e-03	-4.824121e-01	-4.823926e-01	-4.856444e-01	9.009548e-02	9.333140e-02	7.674898e-03	1.202438e-04
6.788866e-03	-4.824121e-01	-4.823926e-01	-4.856444e-01	9.009548e-02	9.333140e-02	7.674898e-03	1.216698e-04
6.786563e-03	-4.824121e-01	-4.823926e-01	-4.856444e-01	9.009548e-02	9.333140e-02	7.674898e-03	1.189014e-04
6.784261e-03	-4.824121e-01	-4.823926e-01	-4.856444e-01	9.009548e-02	9.333140e-02	7.674898e-03	1.190192e-04
6.781960e-03	-4.824121e-01	-4.823926e-01	-4.856444e-01	9.009548e-02	9.333140e-02	7.674898e-03	1.190011e-04
6.779661e-03	-4.824121e-01	-4.823926e-01	-4.856444e-01	9.009548e-02	9.333140e-02	7.674898e-03	1.190818e-04
6.777364e-03	-4.824121e-01	-4.823926e-01	-4.856444e-01	9.009548e-02	9.333140e-02	7.674898e-03	1.179498e-04
6.775068e-03	-4.824121e-01	-4.823926e-01	-4.856444e-01	9.009548e-02	9.333140e-02	7.674898e-03	1.168037e-04
6.772773e-03	-4.824121e-01	-4.823926e-01	-4.856444e-01	9.009548e-02	9.333140e-02	7.674898e-03	1.171803e-04
6.770481e-03	-4.824121e-01	-4.823926e-01	-4.856444e-01	9.009548e-02	9.333140e-02	7.674898e-03	1.172473e-04
6.768190e-03	-4.824121e-01	-4.823926e-01	-4.856444e-01	9.009548e-02	9.333140e-02	7.674898e-03	1.162099e-04
6.765900e-03	-4.824121e-01	-4.823926e-01	-4.856444e-01	9.009548e-02	9.333140e-02	7.674898e-03	1.144135e-04
6.763612e-03	-4.824121e-01	-4.823926e-01	-4.856444e-01	9.009548e-02	9.333140e-02	7.674898e-03	1.148513e-04
6.761325e-03	-4.824121e-01	-4.823926e-01	-4.856444e-01	9.009548e-02	9.333140e-02	7.674898e-03	1.146927e-04
6.759040e-03	-4.824121e-01	-4.823926e-01	-4.856444e-01	9.009548e-02	9.333140e-02	7.674898e-03	1.140113e-04
6.756757e-03	-4.824121e-01	-4.823926e-01	-4.856444e-01	9.009548e-02	9.333140e-02	7.674898e-03	1.139016e-04
6.754475e-03	-4.824121e-01	-4.823926e-01	-4.856444e-01	9.009548e-02	9.333140e-02	7.674898e-03	1.127575e-04
6.752194e-03	-4.824121e-01	-4.823926e-01	-4.856444e-01	9.009548e-02	9.333140e-02	7.674898e-03	1.119984e-04
6.749916e-03	-4.824121e-01	-4.823926e-01	-4.856444e-01	9.009548e-02	9.333140e-02	7.674898e-03	1.119368e-04
6.747638e-03	-4.824121e-01	-4.823926e-01	-4.856444e-01	9.009548e-02	9.333139e-02	7.674898e-03	1.121622e-04
6.745363e-03	-4.824121e-01	-4.823926e-01	-4.856444e-01	9.009548e-02	9.333139e-02	7.674898e-03	1.107137e-04
6.743088e-03	-4.824121e-01	-4.823926e-01	-4.856444e-01	9.009548e-02	9.333139e-02	7.674898e-03	1.099633e-04
6.740816e-03	-4.824121e-01	-4.823926e-01	-4.856444e-01	9.009548e-02	9.333139e-02	7.674898e-03	1.099123e-04
6.738544e-03	-4.824121e-01	-4.823926e-01	-4.856444e-01	9.009548e-02	9.333139e-02	7.674898e-03	1.099113e-04
6.736275e-03	-4.824121e-01	-4.823926e-01	-4.856444e-01	9.009548e-02	9.333139e-02	7.674898e-03	1.087077e-04
6.734007e-03	-4.824121e-01	-4.823926e-01	-4.856444e-01	9.009548e-02	9.333139e-02	7.674897e-03	1.092197e-04
6.731740e-03	-4.824121e-01	-4.823926e-01	-4.856444e-01	9.009548e-02	9.333139e-02	7.674897e-03	1.073991e-04
6.729475e-03	-4.824121e-01	-4.823926e-01	-4.856444e-01	9.009548e-02	9.333139e-02	7.674897e-03	1.081367e-04
6.727212e-03	-4.824121e-01	-4.823926e-01	-4.856444e-01	9.009548e-02	9.333139e-02	7.674897e-03	1.074558e-04
6.724950e-03	-4.824121e-01	-4.823926e-01	-4.856444e-01	9.009548e-02	9.333139e-02	7.674897e-03	1.062838e-04
6.722689e-03	-4.824121e-01	-4.823926e-01	-4.856444e-01	9.009548e-02	9.333139e-02	7.674897e-03	1.055503e-04
6.720430e-03	-4.824121e-01	-4.823926e-01	-4.856444e-01	9.009548e-02	9.333139e-02	7.674897e-03	1.062632e-04
6.718173e-03	-4.824121e-01	-4.823926e-01	-4.856444e-01	9.009548e-02	9.333139e-02	7.674897e-03	1.053648e-04
6.715917e-03	-4.824121e-01	-4.823926e-01	-4.856444e-01	9.009548e-02	9.333139e-02	7.674897e-03	1.053726e-04
6.713662e-03	-4.824121e-01	-4.823926e-01	-4.856444e-01	9.009548e-02	9.333139e-02	7.674897e-03	1.046993e-04
6.711409e-03	-4.824121e-01	-4.823926e-01	-4.856444e-01	9.009548e-02	9.333139e-02	7.674897e-03	1.035960e-04
6.709158e-03	-4.824121e-01	-4.823926e-01	-4.856444e-01	9.009548e-02	9.333139e-02	7.674897e-03	1.038423e-04
6.706908e-03	-4.824121e-01	-4.823926e-01	-4.856444e-01	9.009548e-02	9.333139e-02	7.674897e-03	1.036466e-04
6.704660e-03	-4.824121e-01	-4.823926e-01	-4.856444e-01	9.009548e-02	9.333139e-02	7.674897e-03	1.031345e-04
6.702413e-03	-4.824121e-01	-4.823926e-01	-4.856444e-01	9.009548e-02	9.333139e-02	7.674897e-03	1.027355e-04
6.700168e-03	-4.824121e-01	-4.823926e-01	-4.856444e-01	9.009548e-02	9.333139e-02	7.674897e-03	1.027284e-04
6.697924e-03	-4.824121e-01	-4.823926e-01	-4.856444e-01	9.009548e-02	9.333139e-02	7.674897e-03	1.014668e-04
6.695681e-03	-4.824121e-01	-4.823926e-01	-4.856444e-01	9.009548e-02	9.333139e-02	7.674897e-03	1.015981e-04
6.693440e-03	-4.824121e-01	-4.823926e-01	-4.856444e-01	9.009548e-02	9.333139e-02	7.674897e-03	1.006385e-04
6.691201e-03	-4.824121e-01	-4.823926e-01	-4.856444e-01	9.009548e-02	9.333139e-02	7.674897e-03	1.012645e-04
6.688963e-03	-4.824121e-01	-4.823926e-01	-4.856444e-01	9.009548e-02	9.333139e-02	7.674897e-03	9.979500e-05
6.686727e-03	-4.824121e-01	-4.823926e-01	-4.856444e-01	9.009548e-02	9.333139e-02	7.674897e-03	1.006627e-04
6.684492e-03	-4.824121e-01	-4.823926e-01	-4.856444e-01	9.009548e-02	9.333139e-02	7.674897e-03	9.922886e-05
6.682259e-03	-4.824121e-01	-4.823926e-01	-4.856444e-01	9.009548e-02	9.333139e-02	7.674897e-03	9.976621e-05
6.680027e-03	-4.824121e-01	-4.823926e-01	-4.856444e-01	9.009548e-02	9.333139e-02	7.674897e-03	9.929787e-05
6.677796e-03	-4.824121e-01	-4.823926e-01	-4.856444e-01	9.009548e-02	9.333139e-02	7.674897e-03	9.871410e-05
6.675567e-03	-4.824121e-01	-4.823926e-01	-4.856444e-01	9.009548e-02	9.333139e-02	7.674897e-03	9.814225e-05
6.673340e-03	-4.824121e-01	-4.823926e-01	-4.856444e-01	9.009548e-02	9.333139e-02	7.674897e-03	9.774826e-05
6.671114e-03	-4.824121e-01	-4.823926e-01	-4.856444e-01	9.009548e-02	9.333139e-02	7.674897e-03	9.679169e-05
6.668890e-03	-4.824121e-01	-4.823926e-01	-4.856444e-01	9.009548e-02	9.333139e-02	7.674897e-03	9.809605e-05
6.666667e-03	-4.824121e-01	-4.823926e-01	-4.856444e-01	9.009548e-02	9.333139e-02	7.674897e-03	9.629417e-05
6.664445e-03	-4.824121e-01	-4.823926e-01	-4.856444e-01	9.009548e-02	9.333139e-02	7.674897e-03	9.712628e-05
6.662225e-03	-4.824121e-01	-4.823926e-01	-4.856444e-01	9.009548e-02	9.333139e-02	7.674897e-03	9.614086e-05
6.660007e-03	-4.824121e-01	-4.823926e-01	-4.856444e-01	9.009548e-02	9.333139e-02	7.674897e-03	9.541037e-05
6.657790e-03	-4.824121e-01	-4.823926e-01	-4.856444e-01	9.009548e-02	9.333139e-02	7.674897e-03	9.565346e-05
6.655574e-03	-4.824121e-01	-4.823926e-01	-4.856444e-01	9.009548e-02	9.333139e-02	7.674897e-03	9.516536e-05
6.653360e-03	-4.824121e-01	-4.823926e-01	-4.856444e-01	9.009548e-02	9.333139e-02	7.674897e-03	9.501041e-05
6.651147e-03	-4.824121e-01	-4.823926e-01	-4.856444e-01	9.009548e-02	9.333139e-02	7.674897e-03	9.508648e-05
6.648936e-03	-4.824121e-01	-4.823926e-01	-4.856444e-01	9.009548e-02	9.333139e-02	7.674897e-03	9.361962e-05
6.646726e-03	-4.824121e-01	-4.823926e-01	-4.856444e-01	9.009548e-02	9.333139e-02	7.674897e-03	9.400355e-05
6.644518e-03	-4.824121e-01	-4.823926e-01	-4.856444e-01	9.009548e-02	9.333139e-02	7.674897e-03	9.312615e-05
6.642312e-03	-4.824121e-01	-4.823926e-01	-4.856444e-01	9.009548e-02	9.333139e-02	7.674897e-03	9.357455e-05
6.640106e-03	-4.824121e-01	-4.823926e-01	-4.856444e-01	9.009548e-02	9.333139e-02	7.674897e-03	9.237327e-05
6.637902e-03	-4.824121e-01	-4.823926e-01	-4.856444e-01	9.009548e-02	9.333139e-02	7.674897e-03	9.215080e-05
6.635700e-03	-4.824121e-01	-4.823926e-01	-4.856444e-01	9.009548e-02	9.333139e-02	7.674897e-03	9.176015e-05
6.633499e-03	-4.824121e-01	-4.823926e-01	-4.856444e-01	9.009548e-02	9.333139e-02	7.674897e-03	9.142059e-05
6.631300e-03	-4.824121e-01	-4.823926e-01	-4.856444e-01	9.009548e-02	9.333139e-02	7.674897e-03	9.216635e-05
6.629102e-03	-4.824121e-01	-4.823926e-01	-4.856444e-01	9.009548e-02	9.333139e-02	7.674897e-03	9.075288e-05
6.626905e-03	-4.824121e-01	-4.823926e-01	-4.856444e-01	9.009548e-02	9.333139e-02	7.674897e-03	8.986816e-05
6.624710e-03	-4.824121e-01	-4.823926e-01	-4.856444e-01	9.009548e-02	9.333139e-02	7.674897e-03	9.030334e-05
6.622517e-03	-4.824121e-01	-4.823926e-01	-4.856444e-01	9.009548e-02	9.333139e-02	7.674897e-03	8.981881e-05
6.620324e-03	-4.824121e-01	-4.823926e-01	-4.856444e-01	9.009548e-02	9.333139e-02	7.674897e-03	8.991722e-05
6.618134e-03	-4.824121e-01	-4.823926e-01	-4.856444e-01	9.009548e-02	9.333139e-02	7.674897e-03	8.813387e-05
6.615944e-03	-4.824121e-01	-4.823926e-01	-4.856444e-01	9.009548e-02	9.333139e-02	7.674897e-03	8.890647e-05
6.613757e-03	-4.824121e-01	-4.823926e-01	-4.856444e-01	9.009548e-02	9.333139e-02	7.674897e-03	8.926419e-05
6.611570e-03	-4.824121e-01	-4.823926e-01	-4.856444e-01	9.009548e-02	9.333139e-02	7.674897e-03	8.750271e-05
6.609385e-03	-4.824121e-01	-4.823926e-01	-4.856444e-01	9.009548e-02	9.333139e-02	7.674897e-03	8.830228e-05
6.607202e-03	-4.824121e-01	-4.823926e-01	-4.856444e-01	9.009548e-02	9.333139e-02	7.674897e-03	8.759241e-05
6.605020e-03	-4.824121e-01	-4.823926e-01	-4.856444e-01	9.009548e-02	9.333139e-02	7.674897e-03	8.641248e-05
6.602839e-03	-4.824121e-01	-4.823926e-01	-4.856444e-01	9.009548e-02	9.333139e-02	7.674897e-03	8.742135e-05
6.600660e-03	-4.824121e-01	-4.823926e-01	-4.856444e-01	9.009548e-02	9.333139e-02	7.674897e-03	8.669628e-05
6.598482e-03	-4.824121e-01	-4.823926e-01	-4.856444e-01	9.009548e-02	9.333139e-02	7.674897e-03	8.560463e-05
6.596306e-03	-4.824121e-01	-4.823926e-01	-4.856444e-01	9.009548e-02	9.333139e-02	7.674897e-03	8.589628e-05
6.594131e-03	-4.824121e-01	-4.823926e-01	-4.856444e-01	9.009548e-02	9.333139e-02	7.674897e-03	8.644971e-05
6.591958e-03	-4.824121e-01	-4.823926e-01	-4.856444e-01	9.009548e-02	9.333139e-02	7.674897e-03	8.526400e-05
6.589786e-03	-4.824121e-01	-4.823926e-01	-4.856444e-01	9.009548e-02	9.333139e-02	7.674897e-03	8.552966e-05
6.587615e-03	-4.824121e-01	-4.823926e-01	-4.856444e-01	9.009548e-02	9.333139e-02	7.674897e-03	8.375223e-05
6.585446e-03	-4.824121e-01	-4.823926e-01	-4.856444e-01	9.009548e-02	9.333139e-02	7.674897e-03	8.484288e-05
6.583278e-03	-4.824121e-01	-4.823926e-01	-4.856444e-01	9.009548e-02	9.333139e-02	7.674897e-03	8.421674e-05
6.581112e-03	-4.824121e-01	-4.823926e-01	-4.856444e-01	9.009548e-02	9.333139e-02	7.674897e-03	8.314348e-05
6.578947e-03	-4.824121e-01	-4.823926e-01	-4.856444e-01	9.009548e-02	9.333139e-02	7.674897e-03	8.468225e-05
6.576784e-03	-4.824121e-01	-4.823926e-01	-4.856444e-01	9.009548e-02	9.333139e-02	7.674897e-03	8.189936e-05
6.574622e-03	-4.824121e-01	-4.823926e-01	-4.856444e-01	9.009548e-02	9.333139e-02	7.674897e-03	8.408359e-05
6.572461e-03	-4.824121e-01	-4.823926e-01	-4.856444e-01	9.009548e-02	9.333139e-02	7.674897e-03	8.271771e-05
6.570302e-03	-4.824121e-01	-4.823926e-01	-4.856444e-01	9.009548e-02	9.333139e-02	7.674897e-03	8.261407e-05
6.568144e-03	-4.824121e-01	-4.823926e-01	-4.856444e-01	9.009548e-02	9.333139e-02	7.674897e-03	8.249706e-05
6.565988e-03	-4.824121e-01	-4.823926e-01	-4.856444e-01	9.009548e-02	9.333139e-02	7.674897e-03	8.123276e-05
6.563833e-03	-4.824121e-01	-4.823926e-01	-4.856444e-01	9.009548e-02	9.333139e-02	7.674897e-03	8.335751e-05
6.561680e-03	-4.824121e-01	-4.823926e-01	-4.856444e-01	9.009548e-02	9.333139e-02	7.674897e-03	8.098301e-05
6.559528e-03	-4.824121e-01	-4.823926e-01	-4.856444e-01	9.009548e-02	9.333139e-02	7.674897e-03	8.161744e-05
6.557377e-03	-4.824121e-01	-4.823926e-01	-4.856444e-01	9.009547e-02	9.333139e-02	7.674897e-03	8.116864e-05
6.555228e-03	-4.824121e-01	-4.823926e-01	-4.856444e-01	9.009547e-02	9.333139e-02	7.674897e-03	8.071919e-05
6.553080e-03	-4.824121e-01	-4.823926e-01	-4.856444e-01	9.009547e-02	9.333139e-02	7.674897e-03	8.074564e-05
6.550934e-03	-4.824121e-01	-4.823926e-01	-4.856444e-01	9.009547e-02	9.333139e-02	7.674897e-03	8.057339e-05
6.548788e-03	-4.824121e-01	-4.823926e-01	-4.856444e-01	9.009547e-02	9.333139e-02	7.674897e-03	8.045387e-05
6.546645e-03	-4.824121e-01	-4.823926e-01	-4.856444e-01	9.009547e-02	9.333139e-02	7.674897e-03	7.963121e-05
6.544503e-03	-4.824121e-01	-4.823926e-01	-4.856444e-01	9.009547e-02	9.333139e-02	7.674897e-03	8.010804e-05
6.542362e-03	-4.824121e-01	-4.823926e-01	-4.856444e-01	9.009547e-02	9.333139e-02	7.674897e-03	7.919101e-05
6.540222e-03	-4.824121e-01	-4.823926e-01	-4.856444e-01	9.009547e-02	9.333139e-02	7.674897e-03	8.101028e-05
6.538084e-03	-4.824121e-01	-4.823926e-01	-4.856444e-01	9.009547e-02	9.333139e-02	7.674897e-03	7.820425e-05
6.535948e-03	-4.824121e-01	-4.823926e-01	-4.856444e-01	9.009547e-02	9.333139e-02	7.674897e-03	7.917353e-05
6.533812e-03	-4.824121e-01	-4.823926e-01	-4.856444e-01	9.009547e-02	9.333139e-02	7.674897e-03	7.877257e-05
6.531679e-03	-4.824121e-01	-4.823926e-01	-4.856444e-01	9.009547e-02	9.333139e-02	7.674897e-03	7.877075e-05
6.529546e-03	-4.824121e-01	-4.823926e-01	-4.856444e-01	9.009547e-02	9.333139e-02	7.674897e-03	7.854223e-05
6.527415e-03	-4.824121e-01	-4.823926e-01	-4.856444e-01	9.009547e-02	9.333139e-02	7.674897e-03	7.880698e-05
6.525285e-03	-4.824121e-01	-4.823926e-01	-4.856444e-01	9.009547e-02	9.333139e-02	7.674897e-03	7.844458e-05
6.523157e-03	-4.824121e-01	-4.823926e-01	-4.856444e-01	9.009547e-02	9.333139e-02	7.674897e-03	7.729349e-05
6.521030e-03	-4.824121e-01	-4.823926e-01	-4.856444e-01	9.009547e-02	9.333139e-02	7.674897e-03	7.761127e-05
6.518905e-03	-4.824121e-01	-4.823926e-01	-4.856444e-01	9.009547e-02	9.333139e-02	7.674897e-03	7.776890e-05
6.516781e-03	-4.824121e-01	-4.823926e-01	-4.856444e-01	9.009547e-02	9.333139e-02	7.674897e-03	7.757867e-05
6.514658e-03	-4.824121e-01	-4.823926e-01	-4.856444e-01	9.009547e-02	9.333139e-02	7.674897e-03	7.714707e-05
6.512537e-03	-4.824121e-01	-4.823926e-01	-4.856444e-01	9.009547e-02	9.333139e-02	7.674897e-03	7.629938e-05
6.510417e-03	-4.824121e-01	-4.823926e-01	-4.856444e-01	9.009547e-02	9.333139e-02	7.674897e-03	7.663071e-05
6.508298e-03	-4.824121e-01	-4.823926e-01	-4.856444e-01	9.009547e-02	9.333139e-02	7.674897e-03	7.806285e-05
6.506181e-03	-4.824121e-01	-4.823926e-01	-4.856444e-01	9.009547e-02	9.333139e-02	7.674897e-03	7.662310e-05
6.504065e-03	-4.824121e-01	-4.823926e-01	-4.856444e-01	9.009547e-02	9.333139e-02	7.674897e-03	7.608172e-05
6.501951e-03	-4.824121e-01	-4.823926e-01	-4.856444e-01	9.009547e-02	9.333139e-02	7.674897e-03	7.611776e-05
6.499838e-03	-4.824121e-01	-4.823926e-01	-4.856444e-01	9.009547e-02	9.333139e-02	7.674897e-03	7.658436e-05
6.497726e-03	-4.824121e-01	-4.823926e-01	-4.856444e-01	9.009547e-02	9.333139e-02	7.674897e-03	7.547629e-05
6.495615e-03	-4.824121e-01	-4.823926e-01	-4.856444e-01	9.009547e-02	9.333139e-02	7.674897e-03	7.626631e-05
6.493506e-03	-4.824121e-01	-4.823926e-01	-4.856444e-01	9.009547e-02	9.333139e-02	7.674897e-03	7.596535e-05
6.491399e-03	-4.824121e-01	-4.823926e-01	-4.856444e-01	9.009547e-02	9.333139e-02	7.674897e-03	7.558302e-05
6.489293e-03	-4.824121e-01	-4.823926e-01	-4.856444e-01	9.009547e-02	9.333139e-02	7.674897e-03	7.510565e-05
6.487188e-03	-4.824121e-01	-4.823926e-01	-4.856444e-01	9.009547e-02	9.333139e-02	7.674897e-03	7.505984e-05
6.485084e-03	-4.824121e-01	-4.823926e-01	-4.856444e-01	9.009547e-02	9.333139e-02	7.674897e-03	7.529777e-05
6.482982e-03	-4.824121e-01	-4.823926e-01	-4.856444e-01	9.009547e-02	9.333139e-02	7.674897e-03	7.477856e-05
6.480881e-03	-4.824121e-01	-4.823926e-01	-4.856444e-01	9.009547e-02	9.333138e-02	7.674897e-03	7.513832e-05
6.478782e-03	-4.824121e-01	-4.823926e-01	-4.856444e-01	9.009547e-02	9.333138e-02	7.674897e-03	7.459116e-05
6.476684e-03	-4.824121e-01	-4.823926e-01	-4.856444e-01	9.009547e-02	9.333138e-02	7.674897e-03	7.413811e-05
6.474587e-03	-4.824121e-01	-4.823926e-01	-4.856444e-01	9.009547e-02	9.333138e-02	7.674897e-03	7.470141e-05
6.472492e-03	-4.824121e-01	-4.823926e-01	-4.856444e-01	9.009547e-02	9.333138e-02	7.674897e-03	7.567245e-05
6.470398e-03	-4.824121e-01	-4.823926e-01	-4.856444e-01	9.009547e-02	9.333138e-02	7.674897e-03	7.320961e-05
6.468305e-03	-4.824121e-01	-4.823926e-01	-4.856444e-01	9.009547e-02	9.333138e-02	7.674897e-03	7.446616e-05
6.466214e-03	-4.824121e-01	-4.823926e-01	-4.856444e-01	9.009547e-02	9.333138e-02	7.674897e-03	7.345392e-05
6.464124e-03	-4.824121e-01	-4.823926e-01	-4.856444e-01	9.009547e-02	9.333138e-02	7.674897e-03	7.369188e-05
6.462036e-03	-4.824121e-01	-4.823926e-01	-4.856444e-01	9.009547e-02	9.333138e-02	7.674897e-03	7.338560e-05
6.459948e-03	-4.824121e-01	-4.823926e-01	-4.856444e-01	9.009547e-02	9.333138e-02	7.674897e-03	7.399151e-05
6.457862e-03	-4.824121e-01	-4.823926e-01	-4.856444e-01	9.009547e-02	9.333138e-02	7.674897e-03	7.283985e-05
6.455778e-03	-4.824121e-01	-4.823926e-01	-4.856444e-01	9.009547e-02	9.333138e-02	7.674897e-03	7.360977e-05
6.453695e-03	-4.824121e-01	-4.823926e-01	-4.856444e-01	9.009547e-02	9.333138e-02	7.674897e-03	7.345258e-05
6.451613e-03	-4.824121e-01	-4.823926e-01	-4.856444e-01	9.009547e-02	9.333138e-02	7.674897e-03	7.319954e-05
6.449532e-03	-4.824121e-01	-4.823926e-01	-4.856444e-01	9.009547e-02	9.333138e-02	7.674897e-03	7.291881e-05
6.447453e-03	-4.824121e-01	-4.823926e-01	-4.856444e-01	9.009547e-02	9.333138e-02	7.674897e-03	7.258296e-05
6.445375e-03	-4.824121e-01	-4.823926e-01	-4.856444e-01	9.009547e-02	9.333138e-02	7.674897e-03	7.290343e-05
6.443299e-03	-4.824121e-01	-4.823926e-01	-4.856444e-01	9.009547e-02	9.333138e-02	7.674897e-03	7.273136e-05
6.441224e-03	-4.824121e-01	-4.823926e-01	-4.856444e-01	9.009547e-02	9.333138e-02	7.674897e-03	7.247681e-05
6.439150e-03	-4.824121e-01	-4.823926e-01	-4.856444e-01	9.009547e-02	9.333138e-02	7.674897e-03	7.215335e-05
6.437078e-03	-4.824121e-01	-4.823926e-01	-4.856444e-01	9.009547e-02	9.333138e-02	7.674897e-03	7.311894e-05
6.435006e-03	-4.824121e-01	-4.823926e-01	-4.856444e-01	9.009547e-02	9.333138e-02	7.674897e-03	7.092848e-05
6.432937e-03	-4.824121e-01	-4.823926e-01	-4.856444e-01	9.009547e-02	9.333138e-02	7.674897e-03	7.300707e-05
6.430868e-03	-4.824121e-01	-4.823926e-01	-4.856444e-01	9.009547e-02	9.333138e-02	7.674897e-03	7.188573e-05
6.428801e-03	-4.824121e-01	-4.823926e-01	-4.856444e-01	9.009547e-02	9.333138e-02	7.674897e-03	7.054284e-05
6.426735e-03	-4.824121e-01	-4.823926e-01	-4.856444e-01	9.009547e-02	9.333138e-02	7.674897e-03	7.212960e-05
6.424671e-03	-4.824121e-01	-4.823926e-01	-4.856444e-01	9.009547e-02	9.333138e-02	7.674897e-03	7.154248e-05
6.422608e-03	-4.824121e-01	-4.823926e-01	-4.856444e-01	9.009547e-02	9.333138e-02	7.674897e-03	7.114748e-05
6.420546e-03	-4.824121e-01	-4.823926e-01	-4.856444e-01	9.009547e-02	9.333138e-02	7.674897e-03	7.123455e-05
6.418485e-03	-4.824121e-01	-4.823926e-01	-4.856444e-01	9.009547e-02	9.333138e-02	7.674897e-03	7.275668e-05
6.416426e-03	-4.824121e-01	-4.823926e-01	-4.856444e-01	9.009547e-02	9.333138e-02	7.674897e-03	7.045623e-05
6.414368e-03	-4.824121e-01	-4.823926e-01	-4.856444e-01	9.009547e-02	9.333138e-02	7.674897e-03	7.116459e-05
6.412312e-03	-4.824121e-01	-4.823926e-01	-4.856444e-01	9.009547e-02	9.333138e-02	7.674897e-03	7.103053e-05
6.410256e-03	-4.824121e-01	-4.823926e-01	-4.856444e-01	9.009547e-02	9.333138e-02	7.674897e-03	7.048125e-05
6.408202e-03	-4.824121e-01	-4.823926e-01	-4.856444e-01	9.009547e-02	9.333138e-02	7.674897e-03	7.117702e-05
6.406150e-03	-4.824121e-01	-4.823926e-01	-4.856444e-01	9.009547e-02	9.333138e-02	7.674897e-03	7.149966e-05
6.404099e-03	-4.824121e-01	-4.823926e-01	-4.856444e-01	9.009547e-02	9.333138e-02	7.674897e-03	7.072773e-05
6.402049e-03	-4.824121e-01	-4.823926e-01	-4.856444e-01	9.009547e-02	9.333138e-02	7.674897e-03	7.048179e-05
6.400000e-03	-4.824121e-01	-4.823926e-01	-4.856444e-01	9.009547e-02	9.333138e-02	7.674897e-03	7.034651e-05
6.397953e-03	-4.824121e-01	-4.823926e-01	-4.856444e-01	9.009547e-02	9.333138e-02	7.674897e-03	7.076648e-05
6.395907e-03	-4.824121e-01	-4.823926e-01	-4.856444e-01	9.009547e-02	9.333138e-02	7.674897e-03	6.935273e-05
6.393862e-03	-4.824121e-01	-4.823926e-01	-4.856444e-01	9.009547e-02	9.333138e-02	7.674897e-03	7.103781e-05
6.391818e-03	-4.824121e-01	-4.823926e-01	-4.856444e-01	9.009547e-02	9.333138e-02	7.674897e-03	6.965017e-05
6.389776e-03	-4.824121e-01	-4.823926e-01	-4.856444e-01	9.009547e-02	9.333138e-02	7.674897e-03	6.954155e-05
6.387736e-03	-4.824121e-01	-4.823926e-01	-4.856444e-01	9.009547e-02	9.333138e-02	7.674897e-03	7.061690e-05
6.385696e-03	-4.824121e-01	-4.823926e-01	-4.856444e-01	9.009547e-02	9.333138e-02	7.674897e-03	6.978379e-05
6.383658e-03	-4.824121e-01	-4.823926e-01	-4.856444e-01	9.009547e-02	9.333138e-02	7.674897e-03	7.030262e-05
6.381621e-03	-4.824121e-01	-4.823926e-01	-4.856444e-01	9.009547e-02	9.333138e-02	7.674897e-03	6.963566e-05
6.379585e-03	-4.824121e-01	-4.823926e-01	-4.856444e-01	9.009547e-02	9.333138e-02	7.674897e-03	6.955440e-05
6.377551e-03	-4.824121e-01	-4.823926e-01	-4.856444e-01	9.009547e-02	9.333138e-02	7.674897e-03	6.965469e-05
6.375518e-03	-4.824121e-01	-4.823926e-01	-4.856444e-01	9.009547e-02	9.333138e-02	7.674897e-03	6.975505e-05
6.373486e-03	-4.824121e-01	-4.823926e-01	-4.856444e-01	9.009547e-02	9.333138e-02	7.674898e-03	6.921181e-05
6.371456e-03	-4.824121e-01	-4.823926e-01	-4.856444e-01	9.009547e-02	9.333138e-02	7.674898e-03	7.025010e-05
6.369427e-03	-4.824121e-01	-4.823926e-01	-4.856444e-01	9.009547e-02	9.333138e-02	7.674898e-03	6.953825e-05
6.367399e-03	-4.824121e-01	-4.823926e-01	-4.856444e-01	9.009547e-02	9.333138e-02	7.674898e-03	6.794218e-05
6.365372e-03	-4.824121e-01	-4.823926e-01	-4.856444e-01	9.009547e-02	9.333138e-02	7.674898e-03	7.048264e-05
6.363347e-03	-4.824121e-01	-4.823926e-01	-4.856444e-01	9.009547e-02		9.333138e-02	7.674898e-03	6.960100e-05
6.361323e-03	-4.824121e-01	-4.823926e-01	-4.856444e-01	9.009547e-02	9.333138e-02	7.674898e-03	6.815631e-05
6.359300e-03	-4.824121e-01	-4.823926e-01	-4.856444e-01	9.009547e-02	9.333138e-02	7.674898e-03	6.974583e-05
6.357279e-03	-4.824121e-01	-4.823926e-01	-4.856444e-01	9.009547e-02	9.333138e-02	7.674898e-03	6.867906e-05
6.355259e-03	-4.824121e-01	-4.823926e-01	-4.856444e-01	9.009547e-02	9.333138e-02	7.674898e-03	6.941235e-05
6.353240e-03	-4.824121e-01	-4.823926e-01	-4.856444e-01	9.009547e-02	9.333138e-02	7.674898e-03	6.871008e-05
6.351223e-03	-4.824121e-01	-4.823926e-01	-4.856444e-01	9.009547e-02	9.333138e-02	7.674898e-03	6.773913e-05
6.349206e-03	-4.824121e-01	-4.823926e-01	-4.856444e-01	9.009547e-02	9.333138e-02	7.674898e-03	6.946015e-05
6.347191e-03	-4.824121e-01	-4.823926e-01	-4.856444e-01	9.009547e-02	9.333138e-02	7.674898e-03	6.865768e-05
6.345178e-03	-4.824121e-01	-4.823926e-01	-4.856444e-01	9.009547e-02	9.333138e-02	7.674898e-03	6.868714e-05
6.343165e-03	-4.824121e-01	-4.823926e-01	-4.856444e-01	9.009547e-02	9.333138e-02	7.674898e-03	6.834929e-05
6.341154e-03	-4.824121e-01	-4.823926e-01	-4.856444e-01	9.009547e-02	9.333138e-02	7.674898e-03	6.835024e-05
6.339144e-03	-4.824121e-01	-4.823926e-01	-4.856444e-01	9.009547e-02	9.333138e-02	7.674898e-03	6.970912e-05
6.337136e-03	-4.824121e-01	-4.823926e-01	-4.856444e-01	9.009547e-02	9.333138e-02	7.674898e-03	6.765846e-05
6.335128e-03	-4.824121e-01	-4.823926e-01	-4.856444e-01	9.009547e-02	9.333138e-02	7.674898e-03	6.819706e-05
6.333122e-03	-4.824121e-01	-4.823926e-01	-4.856444e-01	9.009547e-02	9.333138e-02	7.674898e-03	6.880717e-05
6.331117e-03	-4.824121e-01	-4.823926e-01	-4.856444e-01	9.009547e-02	9.333138e-02	7.674898e-03	6.909184e-05
6.329114e-03	-4.824121e-01	-4.823926e-01	-4.856444e-01	9.009547e-02	9.333138e-02	7.674898e-03	6.826997e-05
6.327112e-03	-4.824121e-01	-4.823926e-01	-4.856444e-01	9.009547e-02	9.333138e-02	7.674898e-03	6.720564e-05
6.325111e-03	-4.824121e-01	-4.823926e-01	-4.856444e-01	9.009547e-02	9.333138e-02	7.674898e-03	6.859796e-05
6.323111e-03	-4.824121e-01	-4.823926e-01	-4.856444e-01	9.009547e-02	9.333138e-02	7.674898e-03	6.721962e-05
6.321113e-03	-4.824121e-01	-4.823926e-01	-4.856444e-01	9.009547e-02	9.333138e-02	7.674898e-03	6.820107e-05
6.319115e-03	-4.824121e-01	-4.823926e-01	-4.856444e-01	9.009547e-02	9.333138e-02	7.674898e-03	6.783136e-05
6.317119e-03	-4.824121e-01	-4.823926e-01	-4.856444e-01	9.009547e-02	9.333138e-02	7.674898e-03	6.897104e-05
6.315125e-03	-4.824121e-01	-4.823926e-01	-4.856444e-01	9.009547e-02	9.333138e-02	7.674898e-03	6.768906e-05
6.313131e-03	-4.824121e-01	-4.823926e-01	-4.856444e-01	9.009547e-02	9.333138e-02	7.674898e-03	6.777460e-05
6.311139e-03	-4.824121e-01	-4.823926e-01	-4.856444e-01	9.009547e-02	9.333138e-02	7.674898e-03	6.781740e-05
6.309148e-03	-4.824121e-01	-4.823926e-01	-4.856444e-01	9.009547e-02	9.333138e-02	7.674898e-03	6.773168e-05
6.307159e-03	-4.824121e-01	-4.823926e-01	-4.856444e-01	9.009547e-02	9.333138e-02	7.674898e-03	6.726000e-05
6.305170e-03	-4.824121e-01	-4.823926e-01	-4.856444e-01	9.009547e-02	9.333138e-02	7.674898e-03	6.874657e-05
6.303183e-03	-4.824121e-01	-4.823926e-01	-4.856444e-01	9.009547e-02	9.333138e-02	7.674898e-03	6.717318e-05
6.301197e-03	-4.824121e-01	-4.823926e-01	-4.856444e-01	9.009547e-02	9.333138e-02	7.674898e-03	6.741596e-05
6.299213e-03	-4.824121e-01	-4.823926e-01	-4.856444e-01	9.009547e-02	9.333138e-02	7.674898e-03	6.764468e-05
6.297229e-03	-4.824121e-01	-4.823926e-01	-4.856444e-01	9.009547e-02	9.333138e-02	7.674898e-03	6.793098e-05
6.295247e-03	-4.824121e-01	-4.823926e-01	-4.856444e-01	9.009547e-02	9.333138e-02	7.674898e-03	6.735700e-05
6.293266e-03	-4.824121e-01	-4.823926e-01	-4.856444e-01	9.009547e-02	9.333138e-02	7.674898e-03	6.705495e-05
6.291287e-03	-4.824121e-01	-4.823926e-01	-4.856444e-01	9.009547e-02	9.333138e-02	7.674898e-03	6.722641e-05
6.289308e-03	-4.824121e-01	-4.823926e-01	-4.856444e-01	9.009547e-02	9.333138e-02	7.674898e-03	6.761360e-05
6.287331e-03	-4.824121e-01	-4.823926e-01	-4.856444e-01	9.009547e-02	9.333138e-02	7.674898e-03	6.788621e-05
6.285355e-03	-4.824121e-01	-4.823926e-01	-4.856444e-01	9.009547e-02	9.333138e-02	7.674898e-03	6.579937e-05
6.283380e-03	-4.824121e-01	-4.823926e-01	-4.856444e-01	9.009547e-02	9.333138e-02	7.674898e-03	6.791401e-05
6.281407e-03	-4.824121e-01	-4.823926e-01	-4.856444e-01	9.009547e-02	9.333138e-02	7.674898e-03	6.772618e-05
6.279435e-03	-4.824121e-01	-4.823926e-01	-4.856444e-01	9.009547e-02	9.333138e-02	7.674898e-03	6.749483e-05
6.277464e-03	-4.824121e-01	-4.823926e-01	-4.856444e-01	9.009547e-02	9.333138e-02	7.674898e-03	6.629668e-05
6.275494e-03	-4.824121e-01	-4.823926e-01	-4.856444e-01	9.009547e-02	9.333138e-02	7.674898e-03	6.739198e-05
6.273526e-03	-4.824121e-01	-4.823926e-01	-4.856444e-01	9.009547e-02	9.333138e-02	7.674898e-03	6.767981e-05
6.271558e-03	-4.824121e-01	-4.823926e-01	-4.856444e-01	9.009547e-02	9.333138e-02	7.674898e-03	6.766446e-05
6.269592e-03	-4.824121e-01	-4.823926e-01	-4.856444e-01	9.009547e-02	9.333138e-02	7.674898e-03	6.643433e-05
6.267628e-03	-4.824121e-01	-4.823926e-01	-4.856444e-01	9.009547e-02	9.333138e-02	7.674898e-03	6.637470e-05
6.265664e-03	-4.824121e-01	-4.823926e-01	-4.856444e-01	9.009547e-02	9.333138e-02	7.674898e-03	6.767600e-05
6.263702e-03	-4.824121e-01	-4.823926e-01	-4.856444e-01	9.009547e-02	9.333138e-02	7.674898e-03	6.634202e-05
6.261741e-03	-4.824121e-01	-4.823926e-01	-4.856444e-01	9.009547e-02	9.333138e-02	7.674898e-03	6.677501e-05
6.259781e-03	-4.824121e-01	-4.823926e-01	-4.856444e-01	9.009547e-02	9.333138e-02	7.674898e-03	6.620756e-05
6.257822e-03	-4.824121e-01	-4.823926e-01	-4.856444e-01	9.009547e-02	9.333138e-02	7.674898e-03	6.759895e-05
6.255865e-03	-4.824121e-01	-4.823926e-01	-4.856444e-01	9.009547e-02	9.333138e-02	7.674898e-03	6.579663e-05
6.253909e-03	-4.824121e-01	-4.823926e-01	-4.856444e-01	9.009547e-02	9.333138e-02	7.674898e-03	6.705863e-05
6.251954e-03	-4.824121e-01	-4.823926e-01	-4.856444e-01	9.009547e-02	9.333138e-02	7.674898e-03	6.602441e-05
6.250000e-03	-4.824121e-01	-4.823926e-01	-4.856444e-01	9.009547e-02	9.333138e-02	7.674898e-03	6.642949e-05
6.248047e-03	-4.824121e-01	-4.823926e-01	-4.856444e-01	9.009547e-02	9.333138e-02	7.674898e-03	6.604875e-05
6.246096e-03	-4.824121e-01	-4.823926e-01	-4.856444e-01	9.009547e-02	9.333138e-02	7.674898e-03	6.670197e-05
6.244146e-03	-4.824121e-01	-4.823926e-01	-4.856444e-01	9.009547e-02	9.333138e-02	7.674898e-03	6.490666e-05
6.242197e-03	-4.824121e-01	-4.823926e-01	-4.856444e-01	9.009547e-02	9.333138e-02	7.674898e-03	6.672697e-05
6.240250e-03	-4.824121e-01	-4.823926e-01	-4.856444e-01	9.009547e-02	9.333138e-02	7.674898e-03	6.666644e-05
6.238303e-03	-4.824121e-01	-4.823926e-01	-4.856444e-01	9.009547e-02	9.333138e-02	7.674898e-03	6.641592e-05
6.236358e-03	-4.824121e-01	-4.823926e-01	-4.856444e-01	9.009547e-02	9.333138e-02	7.674898e-03	6.547811e-05
6.234414e-03	-4.824121e-01	-4.823926e-01	-4.856444e-01	9.009547e-02	9.333138e-02	7.674898e-03	6.690830e-05
6.232471e-03	-4.824121e-01	-4.823926e-01	-4.856444e-01	9.009547e-02	9.333138e-02	7.674898e-03	6.431592e-05
6.230530e-03	-4.824121e-01	-4.823926e-01	-4.856444e-01	9.009547e-02	9.333138e-02	7.674898e-03	6.558603e-05
6.228589e-03	-4.824121e-01	-4.823926e-01	-4.856444e-01	9.009547e-02	9.333138e-02	7.674898e-03	6.587598e-05
6.226650e-03	-4.824121e-01	-4.823926e-01	-4.856444e-01	9.009547e-02	9.333138e-02	7.674898e-03	6.544786e-05
6.224712e-03	-4.824121e-01	-4.823926e-01	-4.856444e-01	9.009547e-02	9.333138e-02	7.674898e-03	6.450570e-05
6.222775e-03	-4.824121e-01	-4.823926e-01	-4.856444e-01	9.009547e-02	9.333138e-02	7.674898e-03	6.607253e-05
6.220840e-03	-4.824121e-01	-4.823926e-01	-4.856444e-01	9.009547e-02	9.333138e-02	7.674898e-03	6.555549e-05
6.218905e-03	-4.824121e-01	-4.823926e-01	-4.856444e-01	9.009547e-02	9.333138e-02	7.674898e-03	6.419998e-05
6.216972e-03	-4.824121e-01	-4.823926e-01	-4.856444e-01	9.009547e-02	9.333138e-02	7.674898e-03	6.554883e-05
6.215040e-03	-4.824121e-01	-4.823926e-01	-4.856444e-01	9.009547e-02	9.333138e-02	7.674898e-03	6.548658e-05
6.213110e-03	-4.824121e-01	-4.823926e-01	-4.856444e-01	9.009547e-02	9.333138e-02	7.674898e-03	6.421674e-05
6.211180e-03	-4.824121e-01	-4.823926e-01	-4.856444e-01	9.009547e-02	9.333138e-02	7.674898e-03	6.524385e-05
6.209252e-03	-4.824121e-01	-4.823926e-01	-4.856444e-01	9.009547e-02	9.333138e-02	7.674898e-03	6.544656e-05
6.207325e-03	-4.824121e-01	-4.823926e-01	-4.856444e-01	9.009547e-02	9.333138e-02	7.674898e-03	6.390866e-05
6.205399e-03	-4.824121e-01	-4.823926e-01	-4.856444e-01	9.009547e-02	9.333138e-02	7.674898e-03	6.478976e-05
6.203474e-03	-4.824121e-01	-4.823926e-01	-4.856444e-01	9.009547e-02	9.333138e-02	7.674898e-03	6.440161e-05
6.201550e-03	-4.824121e-01	-4.823926e-01	-4.856444e-01	9.009547e-02	9.333138e-02	7.674898e-03	6.346608e-05
6.199628e-03	-4.824121e-01	-4.823926e-01	-4.856444e-01	9.009547e-02	9.333138e-02	7.674898e-03	6.471817e-05
6.197707e-03	-4.824121e-01	-4.823926e-01	-4.856444e-01	9.009547e-02	9.333138e-02	7.674898e-03	6.438834e-05
6.195787e-03	-4.824121e-01	-4.823926e-01	-4.856444e-01	9.009547e-02	9.333138e-02	7.674898e-03	6.364344e-05
6.193868e-03	-4.824121e-01	-4.823926e-01	-4.856444e-01	9.009547e-02	9.333138e-02	7.674898e-03	6.317911e-05
6.191950e-03	-4.824121e-01	-4.823926e-01	-4.856444e-01	9.009547e-02	9.333138e-02	7.674898e-03	6.483428e-05
6.190034e-03	-4.824121e-01	-4.823926e-01	-4.856444e-01	9.009547e-02	9.333138e-02	7.674898e-03	6.330190e-05
6.188119e-03	-4.824121e-01	-4.823926e-01	-4.856444e-01	9.009547e-02	9.333138e-02	7.674898e-03	6.424660e-05
6.186205e-03	-4.824121e-01	-4.823926e-01	-4.856444e-01	9.009547e-02	9.333138e-02	7.674898e-03	6.378134e-05
6.184292e-03	-4.824121e-01	-4.823926e-01	-4.856444e-01	9.009547e-02	9.333138e-02	7.674898e-03	6.275068e-05
6.182380e-03	-4.824121e-01	-4.823926e-01	-4.856444e-01	9.009547e-02	9.333138e-02	7.674898e-03	6.316130e-05
6.180470e-03	-4.824121e-01	-4.823926e-01	-4.856444e-01	9.009547e-02	9.333138e-02	7.674898e-03	6.392953e-05
6.178560e-03	-4.824121e-01	-4.823926e-01	-4.856444e-01	9.009547e-02	9.333138e-02	7.674898e-03	6.359679e-05
6.176652e-03	-4.824121e-01	-4.823926e-01	-4.856444e-01	9.009547e-02	9.333138e-02	7.674898e-03	6.293581e-05
6.174745e-03	-4.824121e-01	-4.823926e-01	-4.856444e-01	9.009547e-02	9.333138e-02	7.674898e-03	6.184162e-05
6.172840e-03	-4.824121e-01	-4.823926e-01	-4.856444e-01	9.009547e-02	9.333138e-02	7.674898e-03	6.292407e-05
6.170935e-03	-4.824121e-01	-4.823926e-01	-4.856444e-01	9.009547e-02	9.333138e-02	7.674898e-03	6.367942e-05
6.169031e-03	-4.824121e-01	-4.823926e-01	-4.856444e-01	9.009547e-02	9.333138e-02	7.674898e-03	6.359923e-05
6.167129e-03	-4.824121e-01	-4.823926e-01	-4.856444e-01	9.009547e-02	9.333138e-02	7.674898e-03	6.067924e-05
6.165228e-03	-4.824121e-01	-4.823926e-01	-4.856444e-01	9.009547e-02	9.333138e-02	7.674898e-03	6.252620e-05
6.163328e-03	-4.824121e-01	-4.823926e-01	-4.856444e-01	9.009547e-02	9.333138e-02	7.674898e-03	6.311843e-05
6.161429e-03	-4.824121e-01	-4.823926e-01	-4.856444e-01	9.009547e-02	9.333138e-02	7.674898e-03	6.221402e-05
6.159532e-03	-4.824121e-01	-4.823926e-01	-4.856444e-01	9.009547e-02	9.333138e-02	7.674898e-03	6.198267e-05
6.157635e-03	-4.824121e-01	-4.823926e-01	-4.856444e-01	9.009547e-02	9.333138e-02	7.674898e-03	6.158610e-05
6.155740e-03	-4.824121e-01	-4.823926e-01	-4.856444e-01	9.009547e-02	9.333138e-02	7.674898e-03	6.222406e-05
6.153846e-03	-4.824121e-01	-4.823926e-01	-4.856444e-01	9.009547e-02	9.333138e-02	7.674898e-03	6.251755e-05
6.151953e-03	-4.824121e-01	-4.823926e-01	-4.856444e-01	9.009547e-02	9.333138e-02	7.674898e-03	6.081377e-05
6.150062e-03	-4.824121e-01	-4.823926e-01	-4.856444e-01	9.009547e-02	9.333138e-02	7.674898e-03	6.285000e-05
6.148171e-03	-4.824121e-01	-4.823926e-01	-4.856444e-01	9.009547e-02	9.333138e-02	7.674898e-03	6.021191e-05
6.146281e-03	-4.824121e-01	-4.823926e-01	-4.856444e-01	9.009547e-02	9.333138e-02	7.674898e-03	6.160318e-05
6.144393e-03	-4.824121e-01	-4.823926e-01	-4.856444e-01	9.009547e-02	9.333138e-02	7.674898e-03	6.174644e-05
6.142506e-03	-4.824121e-01	-4.823926e-01	-4.856444e-01	9.009547e-02	9.333138e-02	7.674898e-03	6.157347e-05
6.140620e-03	-4.824121e-01	-4.823926e-01	-4.856444e-01	9.009547e-02	9.333138e-02	7.674898e-03	6.026963e-05
6.138735e-03	-4.824121e-01	-4.823926e-01	-4.856444e-01	9.009547e-02	9.333138e-02	7.674898e-03	6.216200e-05
6.136852e-03	-4.824121e-01	-4.823926e-01	-4.856444e-01	9.009547e-02	9.333138e-02	7.674898e-03	6.111344e-05
6.134969e-03	-4.824121e-01	-4.823926e-01	-4.856444e-01	9.009547e-02	9.333138e-02	7.674898e-03	6.083379e-05
6.133088e-03	-4.824121e-01	-4.823926e-01	-4.856444e-01	9.009547e-02	9.333138e-02	7.674898e-03	6.117336e-05
6.131208e-03	-4.824121e-01	-4.823926e-01	-4.856444e-01	9.009547e-02	9.333138e-02	7.674898e-03	6.063627e-05
6.129329e-03	-4.824121e-01	-4.823926e-01	-4.856444e-01	9.009547e-02	9.333138e-02	7.674898e-03	6.052215e-05
6.127451e-03	-4.824121e-01	-4.823926e-01	-4.856444e-01	9.009547e-02	9.333138e-02	7.674898e-03	6.063495e-05
6.125574e-03	-4.824121e-01	-4.823926e-01	-4.856444e-01	9.009547e-02	9.333138e-02	7.674898e-03	6.012674e-05
6.123699e-03	-4.824121e-01	-4.823926e-01	-4.856444e-01	9.009547e-02	9.333138e-02	7.674898e-03	6.064865e-05
6.121824e-03	-4.824121e-01	-4.823926e-01	-4.856444e-01	9.009547e-02	9.333138e-02	7.674898e-03	6.048861e-05
6.119951e-03	-4.824121e-01	-4.823926e-01	-4.856444e-01	9.009547e-02	9.333138e-02	7.674898e-03	6.060153e-05
6.118079e-03	-4.824121e-01	-4.823926e-01	-4.856444e-01	9.009547e-02	9.333138e-02	7.674898e-03	6.001599e-05
6.116208e-03	-4.824121e-01	-4.823926e-01	-4.856444e-01	9.009547e-02	9.333138e-02	7.674898e-03	6.023506e-05
6.114338e-03	-4.824121e-01	-4.823926e-01	-4.856444e-01	9.009547e-02	9.333138e-02	7.674898e-03	5.928359e-05
6.112469e-03	-4.824121e-01	-4.823926e-01	-4.856444e-01	9.009547e-02	9.333138e-02	7.674898e-03	6.055219e-05
6.110602e-03	-4.824121e-01	-4.823926e-01	-4.856444e-01	9.009547e-02	9.333138e-02	7.674898e-03	5.987371e-05
6.108735e-03	-4.824121e-01	-4.823926e-01	-4.856444e-01	9.009547e-02	9.333138e-02	7.674898e-03	5.983414e-05
6.106870e-03	-4.824121e-01	-4.823926e-01	-4.856444e-01	9.009547e-02	9.333138e-02	7.674898e-03	6.002311e-05
6.105006e-03	-4.824121e-01	-4.823926e-01	-4.856444e-01	9.009547e-02	9.333138e-02	7.674898e-03	6.012078e-05
6.103143e-03	-4.824121e-01	-4.823926e-01	-4.856444e-01	9.009547e-02	9.333138e-02	7.674898e-03	5.802100e-05
6.101281e-03	-4.824121e-01	-4.823926e-01	-4.856444e-01	9.009547e-02	9.333138e-02	7.674898e-03	6.008732e-05
6.099421e-03	-4.824121e-01	-4.823926e-01	-4.856444e-01	9.009547e-02	9.333138e-02	7.674898e-03	5.891692e-05
6.097561e-03	-4.824121e-01	-4.823926e-01	-4.856444e-01	9.009547e-02	9.333138e-02	7.674898e-03	6.025240e-05
6.095703e-03	-4.824121e-01	-4.823926e-01	-4.856444e-01	9.009547e-02	9.333138e-02	7.674898e-03	5.877465e-05
6.093845e-03	-4.824121e-01	-4.823926e-01	-4.856444e-01	9.009547e-02	9.333138e-02	7.674898e-03	5.910132e-05
6.091989e-03	-4.824121e-01	-4.823926e-01	-4.856444e-01	9.009547e-02	9.333138e-02	7.674898e-03	5.895354e-05
6.090134e-03	-4.824121e-01	-4.823926e-01	-4.856444e-01	9.009547e-02	9.333138e-02	7.674898e-03	5.868294e-05
6.088280e-03	-4.824121e-01	-4.823926e-01	-4.856444e-01	9.009547e-02	9.333138e-02	7.674898e-03	5.970014e-05
6.086427e-03	-4.824121e-01	-4.823926e-01	-4.856444e-01	9.009547e-02	9.333138e-02	7.674898e-03	5.869306e-05
6.084576e-03	-4.824121e-01	-4.823926e-01	-4.856444e-01	9.009547e-02	9.333138e-02	7.674898e-03	5.812999e-05
6.082725e-03	-4.824121e-01	-4.823926e-01	-4.856444e-01	9.009547e-02	9.333138e-02	7.674898e-03	5.870308e-05
6.080876e-03	-4.824121e-01	-4.823926e-01	-4.856444e-01	9.009547e-02	9.333138e-02	7.674898e-03	5.855432e-05
6.079027e-03	-4.824121e-01	-4.823926e-01	-4.856444e-01	9.009547e-02	9.333138e-02	7.674898e-03	5.829767e-05
6.077180e-03	-4.824121e-01	-4.823926e-01	-4.856444e-01	9.009547e-02	9.333138e-02	7.674898e-03	5.856399e-05
6.075334e-03	-4.824121e-01	-4.823926e-01	-4.856444e-01	9.009547e-02	9.333138e-02	7.674898e-03	5.835317e-05
6.073489e-03	-4.824121e-01	-4.823926e-01	-4.856444e-01	9.009547e-02	9.333138e-02	7.674898e-03	5.865060e-05
6.071645e-03	-4.824121e-01	-4.823926e-01	-4.856444e-01	9.009547e-02	9.333138e-02	7.674898e-03	5.845493e-05
6.069803e-03	-4.824121e-01	-4.823926e-01	-4.856444e-01	9.009547e-02	9.333138e-02	7.674898e-03	5.782699e-05
6.067961e-03	-4.824121e-01	-4.823926e-01	-4.856444e-01	9.009547e-02	9.333138e-02	7.674898e-03	5.766140e-05
6.066121e-03	-4.824121e-01	-4.823926e-01	-4.856444e-01	9.009547e-02	9.333138e-02	7.674898e-03	5.814438e-05
6.064281e-03	-4.824121e-01	-4.823926e-01	-4.856444e-01	9.009547e-02	9.333138e-02	7.674898e-03	5.867427e-05
6.062443e-03	-4.824121e-01	-4.823926e-01	-4.856444e-01	9.009547e-02	9.333138e-02	7.674898e-03	5.835413e-05
6.060606e-03	-4.824121e-01	-4.823926e-01	-4.856444e-01	9.009547e-02	9.333138e-02	7.674898e-03	5.676458e-05
6.058770e-03	-4.824121e-01	-4.823926e-01	-4.856444e-01	9.009547e-02	9.333138e-02	7.674898e-03	5.896689e-05
6.056935e-03	-4.824121e-01	-4.823926e-01	-4.856444e-01	9.009547e-02	9.333138e-02	7.674898e-03	5.568682e-05
6.055101e-03	-4.824121e-01	-4.823926e-01	-4.856444e-01	9.009547e-02	9.333138e-02	7.674898e-03	5.826317e-05
6.053269e-03	-4.824121e-01	-4.823926e-01	-4.856444e-01	9.009547e-02	9.333138e-02	7.674898e-03	5.719702e-05
6.051437e-03	-4.824121e-01	-4.823926e-01	-4.856444e-01	9.009547e-02	9.333138e-02	7.674898e-03	5.861316e-05
6.049607e-03	-4.824121e-01	-4.823926e-01	-4.856444e-01	9.009547e-02	9.333138e-02	7.674898e-03	5.625671e-05
6.047777e-03	-4.824121e-01	-4.823926e-01	-4.856444e-01	9.009547e-02	9.333138e-02	7.674898e-03	5.793813e-05
6.045949e-03	-4.824121e-01	-4.823926e-01	-4.856444e-01	9.009547e-02	9.333138e-02	7.674898e-03	5.648031e-05
6.044122e-03	-4.824121e-01	-4.823926e-01	-4.856444e-01	9.009547e-02	9.333138e-02	7.674898e-03	5.763479e-05
6.042296e-03	-4.824121e-01	-4.823926e-01	-4.856444e-01	9.009547e-02	9.333138e-02	7.674898e-03	5.623723e-05
6.040471e-03	-4.824121e-01	-4.823926e-01	-4.856444e-01	9.009547e-02	9.333138e-02	7.674898e-03	5.731501e-05
6.038647e-03	-4.824121e-01	-4.823926e-01	-4.856444e-01	9.009547e-02	9.333138e-02	7.674898e-03	5.767699e-05
6.036825e-03	-4.824121e-01	-4.823926e-01	-4.856444e-01	9.009547e-02	9.333138e-02	7.674898e-03	5.599607e-05
6.035003e-03	-4.824121e-01	-4.823926e-01	-4.856444e-01	9.009547e-02	9.333138e-02	7.674898e-03	5.676341e-05
6.033183e-03	-4.824121e-01	-4.823926e-01	-4.856444e-01	9.009547e-02	9.333138e-02	7.674898e-03	5.698508e-05
6.031363e-03	-4.824121e-01	-4.823926e-01	-4.856444e-01	9.009547e-02	9.333138e-02	7.674898e-03	5.758200e-05
6.029545e-03	-4.824121e-01	-4.823926e-01	-4.856444e-01	9.009547e-02	9.333138e-02	7.674898e-03	5.685060e-05
6.027728e-03	-4.824121e-01	-4.823926e-01	-4.856444e-01	9.009547e-02	9.333138e-02	7.674898e-03	5.625908e-05
6.025911e-03	-4.824121e-01	-4.823926e-01	-4.856444e-01	9.009547e-02	9.333138e-02	7.674898e-03	5.716964e-05
6.024096e-03	-4.824121e-01	-4.823926e-01	-4.856444e-01	9.009547e-02	9.333138e-02	7.674898e-03	5.534011e-05
6.022282e-03	-4.824121e-01	-4.823926e-01	-4.856444e-01	9.009547e-02	9.333138e-02	7.674898e-03	5.684673e-05
6.020470e-03	-4.824121e-01	-4.823926e-01	-4.856444e-01	9.009547e-02	9.333138e-02	7.674898e-03	5.633208e-05
6.018658e-03	-4.824121e-01	-4.823926e-01	-4.856444e-01	9.009547e-02	9.333138e-02	7.674898e-03	5.696230e-05
6.016847e-03	-4.824121e-01	-4.823926e-01	-4.856444e-01	9.009547e-02	9.333138e-02	7.674898e-03	5.629002e-05
6.015038e-03	-4.824121e-01	-4.823926e-01	-4.856444e-01	9.009547e-02	9.333138e-02	7.674898e-03	5.542837e-05
6.013229e-03	-4.824121e-01	-4.823926e-01	-4.856444e-01	9.009547e-02	9.333138e-02	7.674898e-03	5.598049e-05
6.011422e-03	-4.824121e-01	-4.823926e-01	-4.856444e-01	9.009547e-02	9.333138e-02	7.674898e-03	5.580966e-05
6.009615e-03	-4.824121e-01	-4.823926e-01	-4.856444e-01	9.009547e-02	9.333138e-02	7.674898e-03	5.570156e-05
6.007810e-03	-4.824121e-01	-4.823926e-01	-4.856444e-01	9.009547e-02	9.333138e-02	7.674898e-03	5.660123e-05
6.006006e-03	-4.824121e-01	-4.823926e-01	-4.856444e-01	9.009547e-02	9.333138e-02	7.674898e-03	5.591036e-05
6.004203e-03	-4.824121e-01	-4.823926e-01	-4.856444e-01	9.009547e-02	9.333138e-02	7.674898e-03	5.564436e-05
6.002401e-03	-4.824121e-01	-4.823926e-01	-4.856444e-01	9.009547e-02	9.333138e-02	7.674898e-03	5.517290e-05
6.000600e-03	-4.824121e-01	-4.823926e-01	-4.856444e-01	9.009547e-02	9.333138e-02	7.674898e-03	5.612165e-05
5.998800e-03	-4.824121e-01	-4.823926e-01	-4.856444e-01	9.009547e-02	9.333138e-02	7.674898e-03	5.492323e-05
5.997001e-03	-4.824121e-01	-4.823926e-01	-4.856444e-01	9.009547e-02	9.333138e-02	7.674898e-03	5.588872e-05
5.995204e-03	-4.824121e-01	-4.823926e-01	-4.856444e-01	9.009547e-02	9.333138e-02	7.674898e-03	5.595387e-05
5.993407e-03	-4.824121e-01	-4.823926e-01	-4.856444e-01	9.009547e-02	9.333138e-02	7.674898e-03	5.500629e-05
5.991612e-03	-4.824121e-01	-4.823926e-01	-4.856444e-01	9.009547e-02	9.333138e-02	7.674898e-03	5.499176e-05
5.989817e-03	-4.824121e-01	-4.823926e-01	-4.856444e-01	9.009547e-02	9.333138e-02	7.674898e-03	5.431176e-05
5.988024e-03	-4.824121e-01	-4.823926e-01	-4.856444e-01	9.009547e-02	9.333138e-02	7.674898e-03	5.567595e-05
5.986232e-03	-4.824121e-01	-4.823926e-01	-4.856444e-01	9.009547e-02	9.333138e-02	7.674898e-03	5.575688e-05
5.984440e-03	-4.824121e-01	-4.823926e-01	-4.856444e-01	9.009547e-02	9.333138e-02	7.674898e-03	5.447288e-05
5.982650e-03	-4.824121e-01	-4.823926e-01	-4.856444e-01	9.009547e-02	9.333138e-02	7.674898e-03	5.569660e-05
5.980861e-03	-4.824121e-01	-4.823926e-01	-4.856444e-01	9.009547e-02	9.333138e-02	7.674898e-03	5.558691e-05
5.979073e-03	-4.824121e-01	-4.823926e-01	-4.856444e-01	9.009547e-02	9.333138e-02	7.674898e-03	5.425271e-05
5.977286e-03	-4.824121e-01	-4.823926e-01	-4.856444e-01	9.009547e-02	9.333138e-02	7.674898e-03	5.506475e-05
5.975500e-03	-4.824121e-01	-4.823926e-01	-4.856444e-01	9.009547e-02	9.333138e-02	7.674898e-03	5.428577e-05
5.973716e-03	-4.824121e-01	-4.823926e-01	-4.856444e-01	9.009547e-02	9.333138e-02	7.674898e-03	5.528989e-05
5.971932e-03	-4.824121e-01	-4.823926e-01	-4.856444e-01	9.009547e-02	9.333138e-02	7.674898e-03	5.409565e-05
5.970149e-03	-4.824121e-01	-4.823926e-01	-4.856444e-01	9.009547e-02	9.333138e-02	7.674898e-03	5.502105e-05
5.968368e-03	-4.824121e-01	-4.823926e-01	-4.856444e-01	9.009547e-02	9.333138e-02	7.674898e-03	5.516561e-05
5.966587e-03	-4.824121e-01	-4.823926e-01	-4.856444e-01	9.009547e-02	9.333138e-02	7.674898e-03	5.281943e-05
5.964808e-03	-4.824121e-01	-4.823926e-01	-4.856444e-01	9.009547e-02	9.333138e-02	7.674898e-03	5.532734e-05
5.963029e-03	-4.824121e-01	-4.823926e-01	-4.856444e-01	9.009547e-02	9.333138e-02	7.674898e-03	5.486477e-05
5.961252e-03	-4.824121e-01	-4.823926e-01	-4.856444e-01	9.009547e-02	9.333138e-02	7.674898e-03	5.297800e-05
5.959476e-03	-4.824121e-01	-4.823926e-01	-4.856444e-01	9.009547e-02	9.333138e-02	7.674898e-03	5.629068e-05
5.957700e-03	-4.824121e-01	-4.823926e-01	-4.856444e-01	9.009547e-02	9.333138e-02	7.674898e-03	5.296111e-05
5.955926e-03	-4.824121e-01	-4.823926e-01	-4.856444e-01	9.009547e-02	9.333138e-02	7.674898e-03	5.385798e-05
5.954153e-03	-4.824121e-01	-4.823926e-01	-4.856444e-01	9.009547e-02	9.333138e-02	7.674898e-03	5.507658e-05
5.952381e-03	-4.824121e-01	-4.823926e-01	-4.856444e-01	9.009547e-02	9.333138e-02	7.674898e-03	5.445159e-05
5.950610e-03	-4.824121e-01	-4.823926e-01	-4.856444e-01	9.009547e-02	9.333138e-02	7.674898e-03	5.340846e-05
5.948840e-03	-4.824121e-01	-4.823926e-01	-4.856444e-01	9.009547e-02	9.333138e-02	7.674898e-03	5.467706e-05
5.947071e-03	-4.824121e-01	-4.823926e-01	-4.856444e-01	9.009547e-02	9.333138e-02	7.674898e-03	5.321488e-05
5.945303e-03	-4.824121e-01	-4.823926e-01	-4.856444e-01	9.009547e-02	9.333138e-02	7.674898e-03	5.334303e-05
5.943536e-03	-4.824121e-01	-4.823926e-01	-4.856444e-01	9.009547e-02	9.333138e-02	7.674898e-03	5.408276e-05
5.941771e-03	-4.824121e-01	-4.823926e-01	-4.856444e-01	9.009547e-02	9.333138e-02	7.674898e-03	5.363188e-05
5.940006e-03	-4.824121e-01	-4.823926e-01	-4.856444e-01	9.009547e-02	9.333138e-02	7.674898e-03	5.327711e-05
5.938242e-03	-4.824121e-01	-4.823926e-01	-4.856444e-01	9.009547e-02	9.333138e-02	7.674898e-03	5.356668e-05
5.936480e-03	-4.824121e-01	-4.823926e-01	-4.856444e-01	9.009547e-02	9.333138e-02	7.674898e-03	5.384043e-05
5.934718e-03	-4.824121e-01	-4.823926e-01	-4.856444e-01	9.009547e-02	9.333138e-02	7.674898e-03	5.335595e-05
5.932958e-03	-4.824121e-01	-4.823926e-01	-4.856444e-01	9.009547e-02	9.333138e-02	7.674898e-03	5.335532e-05
5.931198e-03	-4.824121e-01	-4.823926e-01	-4.856444e-01	9.009547e-02	9.333138e-02	7.674898e-03	5.400100e-05
5.929440e-03	-4.824121e-01	-4.823926e-01	-4.856444e-01	9.009547e-02	9.333138e-02	7.674898e-03	5.259409e-05
5.927682e-03	-4.824121e-01	-4.823926e-01	-4.856444e-01	9.009547e-02	9.333138e-02	7.674898e-03	5.429156e-05
5.925926e-03	-4.824121e-01	-4.823926e-01	-4.856444e-01	9.009547e-02	9.333138e-02	7.674898e-03	5.252698e-05
5.924171e-03	-4.824121e-01	-4.823926e-01	-4.856444e-01	9.009547e-02	9.333138e-02	7.674898e-03	5.310880e-05
5.922416e-03	-4.824121e-01	-4.823926e-01	-4.856444e-01	9.009547e-02	9.333138e-02	7.674898e-03	5.314027e-05
5.920663e-03	-4.824121e-01	-4.823926e-01	-4.856444e-01	9.009547e-02	9.333138e-02	7.674898e-03	5.323661e-05
5.918911e-03	-4.824121e-01	-4.823926e-01	-4.856444e-01	9.009547e-02	9.333138e-02	7.674898e-03	5.287872e-05
5.917160e-03	-4.824121e-01	-4.823926e-01	-4.856444e-01	9.009547e-02	9.333138e-02	7.674898e-03	5.260156e-05
5.915410e-03	-4.824121e-01	-4.823926e-01	-4.856444e-01	9.009547e-02	9.333138e-02	7.674898e-03	5.363986e-05
5.913661e-03	-4.824121e-01	-4.823926e-01	-4.856444e-01	9.009547e-02	9.333138e-02	7.674898e-03	5.279386e-05
5.911913e-03	-4.824121e-01	-4.823926e-01	-4.856444e-01	9.009547e-02	9.333138e-02	7.674898e-03	5.279256e-05
5.910165e-03	-4.824121e-01	-4.823926e-01	-4.856444e-01	9.009547e-02	9.333138e-02	7.674898e-03	5.157071e-05
5.908419e-03	-4.824121e-01	-4.823926e-01	-4.856444e-01	9.009547e-02	9.333138e-02	7.674898e-03	5.384827e-05
5.906675e-03	-4.824121e-01	-4.823926e-01	-4.856444e-01	9.009547e-02	9.333138e-02	7.674898e-03	5.314692e-05
5.904931e-03	-4.824121e-01	-4.823926e-01	-4.856444e-01	9.009547e-02	9.333138e-02	7.674898e-03	5.151547e-05
5.903188e-03	-4.824121e-01	-4.823926e-01	-4.856444e-01	9.009547e-02	9.333138e-02	7.674898e-03	5.325865e-05
5.901446e-03	-4.824121e-01	-4.823926e-01	-4.856444e-01	9.009547e-02	9.333138e-02	7.674898e-03	5.258827e-05
5.899705e-03	-4.824121e-01	-4.823926e-01	-4.856444e-01	9.009547e-02	9.333138e-02	7.674898e-03	5.237434e-05
5.897965e-03	-4.824121e-01	-4.823926e-01	-4.856444e-01	9.009547e-02	9.333138e-02	7.674898e-03	5.206208e-05
5.896226e-03	-4.824121e-01	-4.823926e-01	-4.856444e-01	9.009547e-02	9.333138e-02	7.674898e-03	5.258331e-05
5.894489e-03	-4.824121e-01	-4.823926e-01	-4.856444e-01	9.009547e-02	9.333138e-02	7.674898e-03	5.169815e-05
5.892752e-03	-4.824121e-01	-4.823926e-01	-4.856444e-01	9.009547e-02	9.333138e-02	7.674898e-03	5.195781e-05
5.891016e-03	-4.824121e-01	-4.823926e-01	-4.856444e-01	9.009547e-02	9.333138e-02	7.674898e-03	5.302033e-05
5.889282e-03	-4.824121e-01	-4.823926e-01	-4.856444e-01	9.009547e-02	9.333138e-02	7.674898e-03	5.080626e-05
5.887548e-03	-4.824121e-01	-4.823926e-01	-4.856444e-01	9.009547e-02	9.333138e-02	7.674898e-03	5.298443e-05
5.885815e-03	-4.824121e-01	-4.823926e-01	-4.856444e-01	9.009547e-02	9.333138e-02	7.674898e-03	5.217880e-05
5.884084e-03	-4.824121e-01	-4.823926e-01	-4.856444e-01	9.009547e-02	9.333138e-02	7.674898e-03	5.151995e-05
5.882353e-03	-4.824121e-01	-4.823926e-01	-4.856444e-01	9.009547e-02	9.333138e-02	7.674898e-03	5.184597e-05
5.880623e-03	-4.824121e-01	-4.823926e-01	-4.856444e-01	9.009547e-02	9.333138e-02	7.674898e-03	5.286272e-05
5.878895e-03	-4.824121e-01	-4.823926e-01	-4.856444e-01	9.009547e-02	9.333138e-02	7.674898e-03	5.085437e-05
5.877167e-03	-4.824121e-01	-4.823926e-01	-4.856444e-01	9.009547e-02	9.333138e-02	7.674898e-03	5.188814e-05
5.875441e-03	-4.824121e-01	-4.823926e-01	-4.856444e-01	9.009547e-02	9.333138e-02	7.674898e-03	5.284076e-05
5.873715e-03	-4.824121e-01	-4.823926e-01	-4.856444e-01	9.009547e-02	9.333138e-02	7.674898e-03	5.089467e-05
5.871991e-03	-4.824121e-01	-4.823926e-01	-4.856444e-01	9.009547e-02	9.333138e-02	7.674898e-03	5.216101e-05
5.870267e-03	-4.824121e-01	-4.823926e-01	-4.856444e-01	9.009547e-02	9.333138e-02	7.674898e-03	5.087200e-05
5.868545e-03	-4.824121e-01	-4.823926e-01	-4.856444e-01	9.009547e-02	9.333138e-02	7.674898e-03	5.180965e-05
5.866823e-03	-4.824121e-01	-4.823926e-01	-4.856444e-01	9.009547e-02	9.333138e-02	7.674898e-03	5.037024e-05
5.865103e-03	-4.824121e-01	-4.823926e-01	-4.856444e-01	9.009547e-02	9.333138e-02	7.674898e-03	5.201920e-05
5.863383e-03	-4.824121e-01	-4.823926e-01	-4.856444e-01	9.009547e-02	9.333138e-02	7.674898e-03	5.203318e-05
5.861665e-03	-4.824121e-01	-4.823926e-01	-4.856444e-01	9.009547e-02	9.333138e-02	7.674898e-03	5.138539e-05
5.859947e-03	-4.824121e-01	-4.823926e-01	-4.856444e-01	9.009547e-02	9.333138e-02	7.674898e-03	5.045541e-05
5.858231e-03	-4.824121e-01	-4.823926e-01	-4.856444e-01	9.009547e-02	9.333138e-02	7.674898e-03	5.131315e-05
5.856515e-03	-4.824121e-01	-4.823926e-01	-4.856444e-01	9.009547e-02	9.333138e-02	7.674898e-03	5.228787e-05
5.854801e-03	-4.824121e-01	-4.823926e-01	-4.856444e-01	9.009547e-02	9.333138e-02	7.674898e-03	5.069339e-05
5.853088e-03	-4.824121e-01	-4.823926e-01	-4.856444e-01	9.009547e-02	9.333138e-02	7.674898e-03	5.127063e-05
5.851375e-03	-4.824121e-01	-4.823926e-01	-4.856444e-01	9.009547e-02	9.333138e-02	7.674898e-03	5.007208e-05
5.849664e-03	-4.824121e-01	-4.823926e-01	-4.856444e-01	9.009547e-02	9.333138e-02	7.674898e-03	5.167951e-05
5.847953e-03	-4.824121e-01	-4.823926e-01	-4.856444e-01	9.009547e-02	9.333138e-02	7.674898e-03	5.066259e-05
5.846244e-03	-4.824121e-01	-4.823926e-01	-4.856444e-01	9.009547e-02	9.333138e-02	7.674898e-03	5.042612e-05
5.844535e-03	-4.824121e-01	-4.823926e-01	-4.856444e-01	9.009547e-02	9.333138e-02	7.674898e-03	4.985653e-05
5.842828e-03	-4.824121e-01	-4.823926e-01	-4.856444e-01	9.009547e-02	9.333138e-02	7.674898e-03	5.266635e-05
5.841121e-03	-4.824121e-01	-4.823926e-01	-4.856444e-01	9.009547e-02	9.333138e-02	7.674898e-03	4.964825e-05
5.839416e-03	-4.824121e-01	-4.823926e-01	-4.856444e-01	9.009547e-02	9.333138e-02	7.674898e-03	4.994398e-05
5.837712e-03	-4.824121e-01	-4.823926e-01	-4.856444e-01	9.009547e-02	9.333138e-02	7.674898e-03	5.122415e-05
5.836008e-03	-4.824121e-01	-4.823926e-01	-4.856444e-01	9.009547e-02	9.333138e-02	7.674898e-03	5.083681e-05
5.834306e-03	-4.824121e-01	-4.823926e-01	-4.856444e-01	9.009547e-02	9.333138e-02	7.674898e-03	5.056589e-05
5.832604e-03	-4.824121e-01	-4.823926e-01	-4.856444e-01	9.009547e-02	9.333138e-02	7.674898e-03	5.047844e-05
5.830904e-03	-4.824121e-01	-4.823926e-01	-4.856444e-01	9.009547e-02	9.333138e-02	7.674898e-03	5.059148e-05
5.829204e-03	-4.824121e-01	-4.823926e-01	-4.856444e-01	9.009547e-02	9.333138e-02	7.674899e-03	4.966745e-05
5.827506e-03	-4.824121e-01	-4.823926e-01	-4.856444e-01	9.009547e-02	9.333138e-02	7.674899e-03	5.125308e-05
5.825808e-03	-4.824121e-01	-4.823926e-01	-4.856444e-01	9.009547e-02	9.333138e-02	7.674899e-03	4.940715e-05
5.824112e-03	-4.824121e-01	-4.823926e-01	-4.856444e-01	9.009547e-02	9.333138e-02	7.674899e-03	5.148041e-05
5.822416e-03	-4.824121e-01	-4.823926e-01	-4.856444e-01	9.009547e-02	9.333138e-02	7.674899e-03	4.996777e-05
5.820722e-03	-4.824121e-01	-4.823926e-01	-4.856444e-01	9.009547e-02	9.333138e-02	7.674899e-03	5.041630e-05
5.819028e-03	-4.824121e-01	-4.823926e-01	-4.856444e-01	9.009547e-02	9.333138e-02	7.674899e-03	4.984131e-05
5.817336e-03	-4.824121e-01	-4.823926e-01	-4.856444e-01	9.009547e-02	9.333138e-02	7.674899e-03	4.988712e-05
5.815644e-03	-4.824121e-01	-4.823926e-01	-4.856444e-01	9.009547e-02	9.333138e-02	7.674899e-03	5.058841e-05
5.813953e-03	-4.824121e-01	-4.823926e-01	-4.856444e-01	9.009547e-02	9.333138e-02	7.674899e-03	4.920525e-05
5.812264e-03	-4.824121e-01	-4.823926e-01	-4.856444e-01	9.009547e-02	9.333138e-02	7.674899e-03	5.015931e-05
5.810575e-03	-4.824121e-01	-4.823926e-01	-4.856444e-01	9.009547e-02	9.333138e-02	7.674899e-03	5.010428e-05
5.808888e-03	-4.824121e-01	-4.823926e-01	-4.856444e-01	9.009547e-02	9.333138e-02	7.674899e-03	5.057139e-05
5.807201e-03	-4.824121e-01	-4.823926e-01	-4.856444e-01	9.009547e-02	9.333138e-02	7.674899e-03	4.869608e-05
5.805515e-03	-4.824121e-01	-4.823926e-01	-4.856444e-01	9.009547e-02	9.333138e-02	7.674899e-03	4.941585e-05
5.803831e-03	-4.824121e-01	-4.823926e-01	-4.856444e-01	9.009547e-02	9.333138e-02	7.674899e-03	5.037268e-05
5.802147e-03	-4.824121e-01	-4.823926e-01	-4.856444e-01	9.009547e-02	9.333138e-02	7.674899e-03	4.981095e-05
5.800464e-03	-4.824121e-01	-4.823926e-01	-4.856444e-01	9.009547e-02	9.333138e-02	7.674899e-03	5.009327e-05
5.798782e-03	-4.824121e-01	-4.823926e-01	-4.856444e-01	9.009547e-02	9.333138e-02	7.674899e-03	4.772187e-05
5.797101e-03	-4.824121e-01	-4.823926e-01	-4.856444e-01	9.009547e-02	9.333138e-02	7.674899e-03	5.032055e-05
5.795422e-03	-4.824121e-01	-4.823926e-01	-4.856444e-01	9.009547e-02	9.333138e-02	7.674899e-03	5.051897e-05
5.793743e-03	-4.824121e-01	-4.823926e-01	-4.856444e-01	9.009547e-02	9.333138e-02	7.674899e-03	4.787266e-05
5.792065e-03	-4.824121e-01	-4.823926e-01	-4.856444e-01	9.009547e-02	9.333138e-02	7.674899e-03	5.018783e-05
5.790388e-03	-4.824121e-01	-4.823926e-01	-4.856444e-01	9.009547e-02	9.333138e-02	7.674899e-03	4.960657e-05
5.788712e-03	-4.824121e-01	-4.823926e-01	-4.856444e-01	9.009547e-02	9.333138e-02	7.674899e-03	4.865141e-05
5.787037e-03	-4.824121e-01	-4.823926e-01	-4.856444e-01	9.009547e-02	9.333138e-02	7.674899e-03	4.954522e-05
5.785363e-03	-4.824121e-01	-4.823926e-01	-4.856444e-01	9.009547e-02	9.333138e-02	7.674899e-03	5.010037e-05
5.783690e-03	-4.824121e-01	-4.823926e-01	-4.856444e-01	9.009547e-02	9.333138e-02	7.674899e-03	4.878692e-05
5.782018e-03	-4.824121e-01	-4.823926e-01	-4.856444e-01	9.009547e-02	9.333138e-02	7.674899e-03	4.929122e-05
5.780347e-03	-4.824121e-01	-4.823926e-01	-4.856444e-01	9.009547e-02	9.333138e-02	7.674899e-03	4.976205e-05
5.778677e-03	-4.824121e-01	-4.823926e-01	-4.856444e-01	9.009547e-02	9.333138e-02	7.674899e-03	4.790132e-05
5.777008e-03	-4.824121e-01	-4.823926e-01	-4.856444e-01	9.009547e-02	9.333138e-02	7.674899e-03	4.889985e-05
5.775339e-03	-4.824121e-01	-4.823926e-01	-4.856444e-01	9.009547e-02	9.333138e-02	7.674899e-03	4.976317e-05
5.773672e-03	-4.824121e-01	-4.823926e-01	-4.856444e-01	9.009547e-02	9.333138e-02	7.674899e-03	4.824018e-05
5.772006e-03	-4.824121e-01	-4.823926e-01	-4.856444e-01	9.009547e-02	9.333138e-02	7.674899e-03	4.802917e-05
5.770340e-03	-4.824121e-01	-4.823926e-01	-4.856444e-01	9.009547e-02	9.333138e-02	7.674899e-03	5.058351e-05
5.768676e-03	-4.824121e-01	-4.823926e-01	-4.856444e-01	9.009547e-02	9.333138e-02	7.674899e-03	4.697433e-05
5.767013e-03	-4.824121e-01	-4.823926e-01	-4.856444e-01	9.009547e-02	9.333138e-02	7.674899e-03	4.920622e-05
5.765350e-03	-4.824121e-01	-4.823926e-01	-4.856444e-01	9.009547e-02	9.333138e-02	7.674899e-03	4.985025e-05
5.763689e-03	-4.824121e-01	-4.823926e-01	-4.856444e-01	9.009547e-02	9.333138e-02	7.674899e-03	4.880099e-05
5.762028e-03	-4.824121e-01	-4.823926e-01	-4.856444e-01	9.009547e-02	9.333138e-02	7.674899e-03	4.870928e-05
5.760369e-03	-4.824121e-01	-4.823926e-01	-4.856444e-01	9.009547e-02	9.333138e-02	7.674899e-03	4.810351e-05
5.758710e-03	-4.824121e-01	-4.823926e-01	-4.856444e-01	9.009547e-02	9.333138e-02	7.674899e-03	4.893684e-05
5.757052e-03	-4.824121e-01	-4.823926e-01	-4.856444e-01	9.009547e-02	9.333138e-02	7.674899e-03	4.869061e-05
5.755396e-03	-4.824121e-01	-4.823926e-01	-4.856444e-01	9.009547e-02	9.333138e-02	7.674899e-03	4.811803e-05
5.753740e-03	-4.824121e-01	-4.823926e-01	-4.856444e-01	9.009547e-02	9.333138e-02	7.674899e-03	4.778515e-05
5.752085e-03	-4.824121e-01	-4.823926e-01	-4.856444e-01	9.009547e-02	9.333138e-02	7.674899e-03	4.874038e-05
5.750431e-03	-4.824121e-01	-4.823926e-01	-4.856444e-01	9.009547e-02	9.333138e-02	7.674899e-03	4.679155e-05
5.748778e-03	-4.824121e-01	-4.823926e-01	-4.856444e-01	9.009547e-02	9.333138e-02	7.674899e-03	4.982847e-05
5.747126e-03	-4.824121e-01	-4.823926e-01	-4.856444e-01	9.009547e-02	9.333138e-02	7.674899e-03	4.717237e-05
5.745475e-03	-4.824121e-01	-4.823926e-01	-4.856444e-01	9.009547e-02	9.333138e-02	7.674899e-03	4.883537e-05
5.743825e-03	-4.824121e-01	-4.823926e-01	-4.856444e-01	9.009547e-02	9.333138e-02	7.674899e-03	4.765735e-05
5.742176e-03	-4.824121e-01	-4.823926e-01	-4.856444e-01	9.009547e-02	9.333138e-02	7.674899e-03	4.906390e-05
5.740528e-03	-4.824121e-01	-4.823926e-01	-4.856444e-01	9.009547e-02	9.333138e-02	7.674899e-03	4.860909e-05
5.738881e-03	-4.824121e-01	-4.823926e-01	-4.856444e-01	9.009547e-02	9.333138e-02	7.674899e-03	4.760143e-05
5.737235e-03	-4.824121e-01	-4.823926e-01	-4.856444e-01	9.009547e-02	9.333138e-02	7.674899e-03	4.816410e-05
5.735589e-03	-4.824121e-01	-4.823926e-01	-4.856444e-01	9.009547e-02	9.333138e-02	7.674899e-03	4.708587e-05
5.733945e-03	-4.824121e-01	-4.823926e-01	-4.856444e-01	9.009547e-02	9.333138e-02	7.674899e-03	4.806378e-05
5.732302e-03	-4.824121e-01	-4.823926e-01	-4.856444e-01	9.009547e-02	9.333138e-02	7.674899e-03	4.772807e-05
5.730659e-03	-4.824121e-01	-4.823926e-01	-4.856444e-01	9.009547e-02	9.333138e-02	7.674899e-03	4.849971e-05
5.729017e-03	-4.824121e-01	-4.823926e-01	-4.856444e-01	9.009547e-02	9.333138e-02	7.674899e-03	4.766157e-05
5.727377e-03	-4.824121e-01	-4.823926e-01	-4.856444e-01	9.009547e-02	9.333138e-02	7.674899e-03	4.838203e-05
5.725737e-03	-4.824121e-01	-4.823926e-01	-4.856444e-01	9.009547e-02	9.333138e-02	7.674899e-03	4.730006e-05
5.724098e-03	-4.824121e-01	-4.823926e-01	-4.856444e-01	9.009547e-02	9.333138e-02	7.674899e-03	4.744859e-05
5.722461e-03	-4.824121e-01	-4.823926e-01	-4.856444e-01	9.009547e-02	9.333138e-02	7.674899e-03	4.707651e-05
5.720824e-03	-4.824121e-01	-4.823926e-01	-4.856444e-01	9.009547e-02	9.333138e-02	7.674899e-03	4.852767e-05
5.719188e-03	-4.824121e-01	-4.823926e-01	-4.856444e-01	9.009547e-02	9.333138e-02	7.674899e-03	4.739108e-05
5.717553e-03	-4.824121e-01	-4.823926e-01	-4.856444e-01	9.009547e-02	9.333138e-02	7.674899e-03	4.757468e-05
5.715919e-03	-4.824121e-01	-4.823926e-01	-4.856444e-01	9.009547e-02	9.333138e-02	7.674899e-03	4.767148e-05
5.714286e-03	-4.824121e-01	-4.823926e-01	-4.856444e-01	9.009547e-02	9.333138e-02	7.674899e-03	4.695018e-05
5.712654e-03	-4.824121e-01	-4.823926e-01	-4.856444e-01	9.009547e-02	9.333138e-02	7.674899e-03	4.781309e-05
5.711022e-03	-4.824121e-01	-4.823926e-01	-4.856444e-01	9.009547e-02	9.333138e-02	7.674899e-03	4.646358e-05
5.709392e-03	-4.824121e-01	-4.823926e-01	-4.856444e-01	9.009547e-02	9.333138e-02	7.674899e-03	4.795492e-05
5.707763e-03	-4.824121e-01	-4.823926e-01	-4.856444e-01	9.009547e-02	9.333138e-02	7.674899e-03	4.765079e-05
5.706134e-03	-4.824121e-01	-4.823926e-01	-4.856444e-01	9.009547e-02	9.333138e-02	7.674899e-03	4.591473e-05
5.704507e-03	-4.824121e-01	-4.823926e-01	-4.856444e-01	9.009547e-02	9.333138e-02	7.674899e-03	4.850873e-05
5.702880e-03	-4.824121e-01	-4.823926e-01	-4.856444e-01	9.009547e-02	9.333138e-02	7.674899e-03	4.708573e-05
5.701254e-03	-4.824121e-01	-4.823926e-01	-4.856444e-01	9.009547e-02	9.333138e-02	7.674899e-03	4.655297e-05
5.699630e-03	-4.824121e-01	-4.823926e-01	-4.856444e-01	9.009547e-02	9.333138e-02	7.674899e-03	4.787437e-05
5.698006e-03	-4.824121e-01	-4.823926e-01	-4.856444e-01	9.009547e-02	9.333138e-02	7.674899e-03	4.688620e-05
5.696383e-03	-4.824121e-01	-4.823926e-01	-4.856444e-01	9.009547e-02	9.333138e-02	7.674899e-03	4.665015e-05
5.694761e-03	-4.824121e-01	-4.823926e-01	-4.856444e-01	9.009547e-02	9.333138e-02	7.674899e-03	4.743042e-05
5.693140e-03	-4.824121e-01	-4.823926e-01	-4.856444e-01	9.009547e-02	9.333138e-02	7.674899e-03	4.579134e-05
5.691520e-03	-4.824121e-01	-4.823926e-01	-4.856444e-01	9.009547e-02	9.333138e-02	7.674899e-03	4.858997e-05
5.689900e-03	-4.824121e-01	-4.823926e-01	-4.856444e-01	9.009547e-02	9.333138e-02	7.674899e-03	4.631756e-05
5.688282e-03	-4.824121e-01	-4.823926e-01	-4.856444e-01	9.009547e-02	9.333138e-02	7.674899e-03	4.741555e-05
5.686665e-03	-4.824121e-01	-4.823926e-01	-4.856444e-01	9.009547e-02	9.333138e-02	7.674899e-03	4.758315e-05
5.685048e-03	-4.824121e-01	-4.823926e-01	-4.856444e-01	9.009547e-02	9.333138e-02	7.674899e-03	4.639665e-05
5.683433e-03	-4.824121e-01	-4.823926e-01	-4.856444e-01	9.009547e-02	9.333138e-02	7.674899e-03	4.640544e-05
5.681818e-03	-4.824121e-01	-4.823926e-01	-4.856444e-01	9.009547e-02	9.333138e-02	7.674899e-03	4.667832e-05
5.680204e-03	-4.824121e-01	-4.823926e-01	-4.856444e-01	9.009547e-02	9.333138e-02	7.674899e-03	4.726862e-05
5.678592e-03	-4.824121e-01	-4.823926e-01	-4.856444e-01	9.009547e-02	9.333138e-02	7.674899e-03	4.632594e-05
5.676980e-03	-4.824121e-01	-4.823926e-01	-4.856444e-01	9.009547e-02	9.333138e-02	7.674899e-03	4.681084e-05
5.675369e-03	-4.824121e-01	-4.823926e-01	-4.856444e-01	9.009547e-02	9.333138e-02	7.674899e-03	4.685506e-05
5.673759e-03	-4.824121e-01	-4.823926e-01	-4.856444e-01	9.009547e-02	9.333138e-02	7.674899e-03	4.582219e-05
5.672150e-03	-4.824121e-01	-4.823926e-01	-4.856444e-01	9.009547e-02	9.333138e-02	7.674899e-03	4.761498e-05
5.670542e-03	-4.824121e-01	-4.823926e-01	-4.856444e-01	9.009547e-02	9.333138e-02	7.674899e-03	4.590955e-05
5.668934e-03	-4.824121e-01	-4.823926e-01	-4.856444e-01	9.009547e-02	9.333138e-02	7.674899e-03	4.708531e-05
5.667328e-03	-4.824121e-01	-4.823926e-01	-4.856444e-01	9.009547e-02	9.333138e-02	7.674899e-03	4.566077e-05
5.665722e-03	-4.824121e-01	-4.823926e-01	-4.856444e-01	9.009547e-02	9.333138e-02	7.674899e-03	4.722725e-05
5.664118e-03	-4.824121e-01	-4.823926e-01	-4.856444e-01	9.009547e-02	9.333138e-02	7.674899e-03	4.679334e-05
5.662514e-03	-4.824121e-01	-4.823926e-01	-4.856444e-01	9.009547e-02	9.333138e-02	7.674899e-03	4.736942e-05
5.660911e-03	-4.824121e-01	-4.823926e-01	-4.856444e-01	9.009547e-02	9.333138e-02	7.674899e-03	4.603041e-05
5.659310e-03	-4.824121e-01	-4.823926e-01	-4.856444e-01	9.009547e-02	9.333138e-02	7.674899e-03	4.658892e-05
5.657709e-03	-4.824121e-01	-4.823926e-01	-4.856444e-01	9.009547e-02	9.333138e-02	7.674899e-03	4.606478e-05
5.656109e-03	-4.824121e-01	-4.823926e-01	-4.856444e-01	9.009547e-02	9.333138e-02	7.674899e-03	4.534458e-05
5.654509e-03	-4.824121e-01	-4.823926e-01	-4.856444e-01	9.009547e-02	9.333138e-02	7.674899e-03	4.670360e-05
5.652911e-03	-4.824121e-01	-4.823926e-01	-4.856444e-01	9.009547e-02	9.333138e-02	7.674899e-03	4.582281e-05
5.651314e-03	-4.824121e-01	-4.823926e-01	-4.856444e-01	9.009547e-02	9.333138e-02	7.674899e-03	4.860747e-05
5.649718e-03	-4.824121e-01	-4.823926e-01	-4.856444e-01	9.009547e-02	9.333138e-02	7.674899e-03	4.475270e-05
5.648122e-03	-4.824121e-01	-4.823926e-01	-4.856444e-01	9.009547e-02	9.333138e-02	7.674899e-03	4.691621e-05
5.646527e-03	-4.824121e-01	-4.823926e-01	-4.856444e-01	9.009547e-02	9.333138e-02	7.674899e-03	4.672877e-05
5.644934e-03	-4.824121e-01	-4.823926e-01	-4.856444e-01	9.009547e-02	9.333138e-02	7.674899e-03	4.531023e-05
5.643341e-03	-4.824121e-01	-4.823926e-01	-4.856444e-01	9.009547e-02	9.333138e-02	7.674899e-03	4.729917e-05
5.641749e-03	-4.824121e-01	-4.823926e-01	-4.856444e-01	9.009547e-02	9.333138e-02	7.674899e-03	4.602217e-05
5.640158e-03	-4.824121e-01	-4.823926e-01	-4.856444e-01	9.009547e-02	9.333138e-02	7.674899e-03	4.656634e-05
5.638568e-03	-4.824121e-01	-4.823926e-01	-4.856444e-01	9.009547e-02	9.333138e-02	7.674899e-03	4.603836e-05
5.636979e-03	-4.824121e-01	-4.823926e-01	-4.856444e-01	9.009547e-02	9.333138e-02	7.674899e-03	4.695877e-05
5.635390e-03	-4.824121e-01	-4.823926e-01	-4.856444e-01	9.009547e-02	9.333138e-02	7.674899e-03	4.657357e-05
5.633803e-03	-4.824121e-01	-4.823926e-01	-4.856444e-01	9.009547e-02	9.333138e-02	7.674899e-03	4.486262e-05
5.632216e-03	-4.824121e-01	-4.823926e-01	-4.856444e-01	9.009547e-02	9.333138e-02	7.674899e-03	4.675151e-05
5.630631e-03	-4.824121e-01	-4.823926e-01	-4.856444e-01	9.009547e-02	9.333138e-02	7.674899e-03	4.593516e-05
5.629046e-03	-4.824121e-01	-4.823926e-01	-4.856444e-01	9.009547e-02	9.333138e-02	7.674899e-03	4.671449e-05
5.627462e-03	-4.824121e-01	-4.823926e-01	-4.856444e-01	9.009547e-02	9.333138e-02	7.674899e-03	4.663309e-05
5.625879e-03	-4.824121e-01	-4.823926e-01	-4.856444e-01	9.009547e-02	9.333138e-02	7.674899e-03	4.743160e-05
5.624297e-03	-4.824121e-01	-4.823926e-01	-4.856444e-01	9.009547e-02	9.333138e-02	7.674899e-03	4.711687e-05
5.622716e-03	-4.824121e-01	-4.823926e-01	-4.856444e-01	9.009547e-02	9.333138e-02	7.674899e-03	4.610053e-05
5.621135e-03	-4.824121e-01	-4.823926e-01	-4.856444e-01	9.009547e-02	9.333138e-02	7.674899e-03	4.731380e-05
5.619556e-03	-4.824121e-01	-4.823926e-01	-4.856444e-01	9.009547e-02	9.333138e-02	7.674899e-03	4.550438e-05
5.617978e-03	-4.824121e-01	-4.823926e-01	-4.856444e-01	9.009547e-02	9.333138e-02	7.674899e-03	4.695277e-05
5.616400e-03	-4.824121e-01	-4.823926e-01	-4.856444e-01	9.009547e-02	9.333138e-02	7.674899e-03	4.559158e-05
5.614823e-03	-4.824121e-01	-4.823926e-01	-4.856444e-01	9.009547e-02	9.333138e-02	7.674899e-03	4.817752e-05
5.613247e-03	-4.824121e-01	-4.823926e-01	-4.856444e-01	9.009547e-02	9.333138e-02	7.674899e-03	4.600362e-05
5.611672e-03	-4.824121e-01	-4.823926e-01	-4.856444e-01	9.009547e-02	9.333138e-02	7.674899e-03	4.799698e-05
5.610098e-03	-4.824121e-01	-4.823926e-01	-4.856444e-01	9.009547e-02	9.333138e-02	7.674899e-03	4.648874e-05
5.608525e-03	-4.824121e-01	-4.823926e-01	-4.856444e-01	9.009547e-02	9.333138e-02	7.674899e-03	4.772559e-05
5.606953e-03	-4.824121e-01	-4.823926e-01	-4.856444e-01	9.009547e-02	9.333138e-02	7.674899e-03	4.842136e-05
5.605381e-03	-4.824121e-01	-4.823926e-01	-4.856444e-01	9.009547e-02	9.333138e-02	7.674899e-03	4.727258e-05
5.603811e-03	-4.824121e-01	-4.823926e-01	-4.856444e-01	9.009547e-02	9.333138e-02	7.674899e-03	4.843947e-05
5.602241e-03	-4.824121e-01	-4.823926e-01	-4.856444e-01	9.009547e-02	9.333138e-02	7.674899e-03	4.690902e-05
5.600672e-03	-4.824121e-01	-4.823926e-01	-4.856444e-01	9.009547e-02	9.333138e-02	7.674899e-03	4.845753e-05
5.599104e-03	-4.824121e-01	-4.823926e-01	-4.856444e-01	9.009547e-02	9.333138e-02	7.674899e-03	4.779566e-05
5.597537e-03	-4.824121e-01	-4.823926e-01	-4.856444e-01	9.009547e-02	9.333138e-02	7.674899e-03	4.905609e-05
5.595971e-03	-4.824121e-01	-4.823926e-01	-4.856444e-01	9.009547e-02	9.333138e-02	7.674899e-03	4.801257e-05
5.594406e-03	-4.824121e-01	-4.823926e-01	-4.856444e-01	9.009547e-02	9.333138e-02	7.674899e-03	4.985568e-05
5.592841e-03	-4.824121e-01	-4.823926e-01	-4.856444e-01	9.009547e-02	9.333138e-02	7.674899e-03	4.806632e-05
5.591278e-03	-4.824121e-01	-4.823926e-01	-4.856444e-01	9.009547e-02	9.333138e-02	7.674899e-03	5.007512e-05
5.589715e-03	-4.824121e-01	-4.823926e-01	-4.856444e-01	9.009547e-02	9.333138e-02	7.674899e-03	4.961192e-05
5.588153e-03	-4.824121e-01	-4.823926e-01	-4.856444e-01	9.009547e-02	9.333138e-02	7.674899e-03	5.036777e-05
5.586592e-03	-4.824121e-01	-4.823926e-01	-4.856444e-01	9.009547e-02	9.333138e-02	7.674899e-03	5.112445e-05
5.585032e-03	-4.824121e-01	-4.823926e-01	-4.856444e-01	9.009547e-02	9.333138e-02	7.674899e-03	4.936713e-05
5.583473e-03	-4.824121e-01	-4.823926e-01	-4.856444e-01	9.009547e-02	9.333138e-02	7.674899e-03	5.085339e-05
5.581915e-03	-4.824121e-01	-4.823926e-01	-4.856444e-01	9.009547e-02	9.333138e-02	7.674899e-03	5.237777e-05
5.580357e-03	-4.824121e-01	-4.823926e-01	-4.856444e-01	9.009547e-02	9.333138e-02	7.674899e-03	5.111098e-05
5.578801e-03	-4.824121e-01	-4.823926e-01	-4.856444e-01	9.009547e-02	9.333138e-02	7.674899e-03	5.391565e-05
5.577245e-03	-4.824121e-01	-4.823926e-01	-4.856444e-01	9.009547e-02	9.333138e-02	7.674899e-03	5.337923e-05
5.575690e-03	-4.824121e-01	-4.823926e-01	-4.856444e-01	9.009547e-02	9.333138e-02	7.674899e-03	5.489005e-05
5.574136e-03	-4.824121e-01	-4.823926e-01	-4.856444e-01	9.009547e-02	9.333138e-02	7.674899e-03	5.449988e-05
5.572583e-03	-4.824121e-01	-4.823926e-01	-4.856444e-01	9.009547e-02	9.333138e-02	7.674899e-03	5.615940e-05
5.571031e-03	-4.824121e-01	-4.823926e-01	-4.856444e-01	9.009547e-02	9.333138e-02	7.674899e-03	5.575114e-05
5.569479e-03	-4.824121e-01	-4.823926e-01	-4.856444e-01	9.009547e-02	9.333138e-02	7.674899e-03	5.671679e-05
5.567929e-03	-4.824121e-01	-4.823926e-01	-4.856444e-01	9.009547e-02	9.333138e-02	7.674899e-03	5.847192e-05
5.566379e-03	-4.824121e-01	-4.823926e-01	-4.856444e-01	9.009547e-02	9.333138e-02	7.674899e-03	6.044913e-05
5.564830e-03	-4.824121e-01	-4.823926e-01	-4.856444e-01	9.009547e-02	9.333138e-02	7.674899e-03	5.890417e-05
5.563282e-03	-4.824121e-01	-4.823926e-01	-4.856444e-01	9.009547e-02	9.333138e-02	7.674899e-03	6.351013e-05
5.561735e-03	-4.824121e-01	-4.823926e-01	-4.856444e-01	9.009547e-02	9.333138e-02	7.674899e-03	6.231425e-05
5.560189e-03	-4.824121e-01	-4.823926e-01	-4.856444e-01	9.009547e-02	9.333138e-02	7.674899e-03	6.479433e-05
5.558644e-03	-4.824121e-01	-4.823926e-01	-4.856444e-01	9.009547e-02	9.333138e-02	7.674899e-03	6.541906e-05
5.557099e-03	-4.824121e-01	-4.823926e-01	-4.856444e-01	9.009547e-02	9.333138e-02	7.674899e-03	6.766427e-05
5.555556e-03	-4.824121e-01	-4.823926e-01	-4.856444e-01	9.009547e-02	9.333138e-02	7.674899e-03	6.790447e-05
5.554013e-03	-4.824121e-01	-4.823926e-01	-4.856444e-01	9.009547e-02	9.333138e-02	7.674899e-03	7.197782e-05
5.552471e-03	-4.824121e-01	-4.823926e-01	-4.856444e-01	9.009547e-02	9.333138e-02	7.674899e-03	7.303188e-05
5.550930e-03	-4.824121e-01	-4.823926e-01	-4.856444e-01	9.009547e-02	9.333138e-02	7.674899e-03	7.602411e-05
5.549390e-03	-4.824121e-01	-4.823926e-01	-4.856444e-01	9.009547e-02	9.333138e-02	7.674899e-03	7.658315e-05
5.547850e-03	-4.824121e-01	-4.823926e-01	-4.856444e-01	9.009547e-02	9.333138e-02	7.674899e-03	8.087340e-05
5.546312e-03	-4.824121e-01	-4.823926e-01	-4.856444e-01	9.009547e-02	9.333138e-02	7.674899e-03	8.261831e-05
5.544774e-03	-4.824121e-01	-4.823926e-01	-4.856444e-01	9.009547e-02	9.333138e-02	7.674899e-03	8.455001e-05
5.543237e-03	-4.824121e-01	-4.823926e-01	-4.856444e-01	9.009547e-02	9.333138e-02	7.674899e-03	9.018366e-05
5.541701e-03	-4.824121e-01	-4.823926e-01	-4.856444e-01	9.009547e-02	9.333138e-02	7.674899e-03	9.226970e-05
5.540166e-03	-4.824121e-01	-4.823926e-01	-4.856444e-01	9.009547e-02	9.333138e-02	7.674899e-03	9.558032e-05
5.538632e-03	-4.824121e-01	-4.823926e-01	-4.856444e-01	9.009547e-02	9.333138e-02	7.674899e-03	9.928368e-05
5.537099e-03	-4.824121e-01	-4.823926e-01	-4.856444e-01	9.009547e-02	9.333138e-02	7.674899e-03	1.041777e-04
5.535566e-03	-4.824121e-01	-4.823926e-01	-4.856444e-01	9.009547e-02	9.333138e-02	7.674899e-03	1.077229e-04
5.534034e-03	-4.824121e-01	-4.823926e-01	-4.856444e-01	9.009547e-02	9.333138e-02	7.674899e-03	1.111420e-04
5.532503e-03	-4.824121e-01	-4.823926e-01	-4.856444e-01	9.009547e-02	9.333138e-02	7.674899e-03	1.176663e-04
5.530973e-03	-4.824121e-01	-4.823926e-01	-4.856444e-01	9.009547e-02	9.333138e-02	7.674898e-03	1.214662e-04
5.529444e-03	-4.824121e-01	-4.823926e-01	-4.856444e-01	9.009547e-02	9.333138e-02	7.674898e-03	1.281892e-04
5.527916e-03	-4.824121e-01	-4.823926e-01	-4.856444e-01	9.009547e-02	9.333138e-02	7.674898e-03	1.329664e-04
5.526389e-03	-4.824121e-01	-4.823926e-01	-4.856444e-01	9.009547e-02	9.333138e-02	7.674898e-03	1.404475e-04
5.524862e-03	-4.824121e-01	-4.823926e-01	-4.856444e-01	9.009547e-02	9.333138e-02	7.674898e-03	1.452553e-04
5.523336e-03	-4.824121e-01	-4.823926e-01	-4.856444e-01	9.009547e-02	9.333138e-02	7.674898e-03	1.512608e-04
5.521811e-03	-4.824121e-01	-4.823926e-01	-4.856444e-01	9.009547e-02	9.333138e-02	7.674898e-03	1.596591e-04
5.520287e-03	-4.824121e-01	-4.823926e-01	-4.856444e-01	9.009547e-02	9.333138e-02	7.674898e-03	1.634034e-04
5.518764e-03	-4.824121e-01	-4.823926e-01	-4.856444e-01	9.009547e-02	9.333138e-02	7.674898e-03	1.730120e-04
5.517241e-03	-4.824121e-01	-4.823926e-01	-4.856444e-01	9.009547e-02	9.333138e-02	7.674898e-03	1.813801e-04
5.515720e-03	-4.824121e-01	-4.823926e-01	-4.856444e-01	9.009547e-02	9.333138e-02	7.674898e-03	1.860765e-04
5.514199e-03	-4.824121e-01	-4.823926e-01	-4.856444e-01	9.009547e-02	9.333138e-02	7.674898e-03	1.967416e-04
5.512679e-03	-4.824121e-01	-4.823926e-01	-4.856444e-01	9.009547e-02	9.333138e-02	7.674898e-03	2.033781e-04
5.511160e-03	-4.824121e-01	-4.823926e-01	-4.856444e-01	9.009547e-02	9.333138e-02	7.674898e-03	2.119308e-04
5.509642e-03	-4.824121e-01	-4.823926e-01	-4.856444e-01	9.009547e-02	9.333138e-02	7.674898e-03	2.198187e-04
5.508124e-03	-4.824121e-01	-4.823926e-01	-4.856444e-01	9.009547e-02	9.333138e-02	7.674898e-03	2.282772e-04
5.506608e-03	-4.824121e-01	-4.823926e-01	-4.856444e-01	9.009547e-02	9.333138e-02	7.674898e-03	2.363139e-04
5.505092e-03	-4.824121e-01	-4.823926e-01	-4.856444e-01	9.009547e-02	9.333138e-02	7.674898e-03	2.446593e-04
5.503577e-03	-4.824121e-01	-4.823926e-01	-4.856444e-01	9.009547e-02	9.333138e-02	7.674897e-03	2.534831e-04
5.502063e-03	-4.824121e-01	-4.823926e-01	-4.856444e-01	9.009547e-02	9.333138e-02	7.674897e-03	2.637998e-04
5.500550e-03	-4.824121e-01	-4.823926e-01	-4.856444e-01	9.009547e-02	9.333138e-02	7.674897e-03	2.683412e-04
5.499038e-03	-4.824121e-01	-4.823926e-01	-4.856444e-01	9.009547e-02	9.333138e-02	7.674897e-03	2.811586e-04
5.497526e-03	-4.824121e-01	-4.823926e-01	-4.856444e-01	9.009547e-02	9.333138e-02	7.674897e-03	2.863914e-04
5.496015e-03	-4.824121e-01	-4.823926e-01	-4.856444e-01	9.009547e-02	9.333138e-02	7.674897e-03	2.953559e-04
5.494505e-03	-4.824121e-01	-4.823926e-01	-4.856444e-01	9.009547e-02	9.333138e-02	7.674897e-03	3.033134e-04
5.492996e-03	-4.824121e-01	-4.823926e-01	-4.856444e-01	9.009547e-02	9.333138e-02	7.674897e-03	3.108462e-04
5.491488e-03	-4.824121e-01	-4.823926e-01	-4.856444e-01	9.009547e-02	9.333138e-02	7.674897e-03	3.169922e-04
5.489981e-03	-4.824121e-01	-4.823926e-01	-4.856444e-01	9.009547e-02	9.333138e-02	7.674897e-03	3.260682e-04
5.488474e-03	-4.824121e-01	-4.823926e-01	-4.856444e-01	9.009547e-02	9.333138e-02	7.674896e-03	3.319271e-04
5.486968e-03	-4.824121e-01	-4.823926e-01	-4.856444e-01	9.009547e-02	9.333138e-02	7.674896e-03	3.420405e-04
5.485464e-03	-4.824121e-01	-4.823926e-01	-4.856444e-01	9.009547e-02	9.333138e-02	7.674896e-03	3.439284e-04
5.483959e-03	-4.824121e-01	-4.823926e-01	-4.856444e-01	9.009547e-02	9.333138e-02	7.674896e-03	3.523014e-04
5.482456e-03	-4.824121e-01	-4.823926e-01	-4.856444e-01	9.009547e-02	9.333138e-02	7.674896e-03	3.577710e-04
5.480954e-03	-4.824121e-01	-4.823926e-01	-4.856444e-01	9.009547e-02	9.333138e-02	7.674896e-03	3.626598e-04
5.479452e-03	-4.824121e-01	-4.823926e-01	-4.856444e-01	9.009547e-02	9.333138e-02	7.674896e-03	3.693903e-04
5.477951e-03	-4.824121e-01	-4.823926e-01	-4.856444e-01	9.009547e-02	9.333138e-02	7.674895e-03	3.721500e-04
5.476451e-03	-4.824121e-01	-4.823926e-01	-4.856444e-01	9.009547e-02	9.333138e-02	7.674895e-03	3.751968e-04
5.474952e-03	-4.824121e-01	-4.823926e-01	-4.856444e-01	9.009546e-02	9.333138e-02	7.674895e-03	3.813379e-04
5.473454e-03	-4.824121e-01	-4.823926e-01	-4.856444e-01	9.009546e-02	9.333138e-02	7.674895e-03	3.838616e-04
5.471956e-03	-4.824121e-01	-4.823926e-01	-4.856444e-01	9.009546e-02	9.333138e-02	7.674895e-03	3.851158e-04
5.470460e-03	-4.824121e-01	-4.823926e-01	-4.856444e-01	9.009546e-02	9.333138e-02	7.674895e-03	3.893915e-04
5.468964e-03	-4.824121e-01	-4.823926e-01	-4.856444e-01	9.009546e-02	9.333138e-02	7.674895e-03	3.899656e-04
5.467469e-03	-4.824121e-01	-4.823926e-01	-4.856444e-01	9.009546e-02	9.333138e-02	7.674894e-03	3.902930e-04
5.465974e-03	-4.824121e-01	-4.823926e-01	-4.856444e-01	9.009546e-02	9.333138e-02	7.674894e-03	3.943497e-04
5.464481e-03	-4.824121e-01	-4.823926e-01	-4.856444e-01	9.009546e-02	9.333138e-02	7.674894e-03	3.905867e-04
5.462988e-03	-4.824121e-01	-4.823926e-01	-4.856444e-01	9.009546e-02	9.333138e-02	7.674894e-03	3.941333e-04
5.461496e-03	-4.824121e-01	-4.823926e-01	-4.856444e-01	9.009546e-02	9.333138e-02	7.674894e-03	3.917569e-04
5.460005e-03	-4.824121e-01	-4.823926e-01	-4.856444e-01	9.009546e-02	9.333138e-02	7.674894e-03	3.914942e-04
5.458515e-03	-4.824121e-01	-4.823926e-01	-4.856444e-01	9.009546e-02	9.333138e-02	7.674894e-03	3.886173e-04
5.457026e-03	-4.824121e-01	-4.823926e-01	-4.856444e-01	9.009546e-02	9.333138e-02	7.674894e-03	3.883523e-04
5.455537e-03	-4.824121e-01	-4.823926e-01	-4.856444e-01	9.009546e-02	9.333138e-02	7.674894e-03	3.860814e-04
5.454050e-03	-4.824121e-01	-4.823926e-01	-4.856444e-01	9.009546e-02	9.333138e-02	7.674894e-03	3.857952e-04
5.452563e-03	-4.824121e-01	-4.823926e-01	-4.856444e-01	9.009546e-02	9.333138e-02	7.674893e-03	3.800977e-04
5.451077e-03	-4.824121e-01	-4.823926e-01	-4.856444e-01	9.009546e-02	9.333137e-02	7.674893e-03	3.774355e-04
5.449591e-03	-4.824121e-01	-4.823926e-01	-4.856444e-01	9.009546e-02	9.333137e-02	7.674893e-03	3.760909e-04
5.448107e-03	-4.824121e-01	-4.823926e-01	-4.856444e-01	9.009546e-02	9.333137e-02	7.674893e-03	3.718720e-04
5.446623e-03	-4.824121e-01	-4.823926e-01	-4.856444e-01	9.009546e-02	9.333137e-02	7.674893e-03	3.662687e-04
5.445140e-03	-4.824121e-01	-4.823926e-01	-4.856444e-01	9.009546e-02	9.333137e-02	7.674893e-03	3.642252e-04
5.443658e-03	-4.824121e-01	-4.823926e-01	-4.856444e-01	9.009546e-02	9.333137e-02	7.674893e-03	3.592251e-04
5.442177e-03	-4.824121e-01	-4.823926e-01	-4.856444e-01	9.009546e-02	9.333137e-02	7.674893e-03	3.551407e-04
5.440696e-03	-4.824121e-01	-4.823926e-01	-4.856444e-01	9.009546e-02	9.333137e-02	7.674893e-03	3.513206e-04
5.439217e-03	-4.824121e-01	-4.823926e-01	-4.856444e-01	9.009546e-02	9.333137e-02	7.674893e-03	3.472848e-04
5.437738e-03	-4.824121e-01	-4.823926e-01	-4.856444e-01	9.009546e-02	9.333137e-02	7.674893e-03	3.401301e-04
5.436260e-03	-4.824121e-01	-4.823926e-01	-4.856444e-01	9.009546e-02	9.333137e-02	7.674893e-03	3.378339e-04
5.434783e-03	-4.824121e-01	-4.823926e-01	-4.856444e-01	9.009546e-02	9.333137e-02	7.674893e-03	3.321286e-04
5.433306e-03	-4.824121e-01	-4.823926e-01	-4.856444e-01	9.009546e-02	9.333137e-02	7.674893e-03	3.270332e-04
5.431831e-03	-4.824121e-01	-4.823926e-01	-4.856444e-01	9.009546e-02	9.333137e-02	7.674893e-03	3.233770e-04
5.430356e-03	-4.824121e-01	-4.823926e-01	-4.856444e-01	9.009546e-02	9.333137e-02	7.674893e-03	3.174421e-04
5.428882e-03	-4.824121e-01	-4.823926e-01	-4.856444e-01	9.009546e-02	9.333137e-02	7.674893e-03	3.138536e-04
5.427408e-03	-4.824121e-01	-4.823926e-01	-4.856444e-01	9.009546e-02	9.333137e-02	7.674893e-03	3.085243e-04
5.425936e-03	-4.824121e-01	-4.823926e-01	-4.856444e-01	9.009546e-02	9.333137e-02	7.674893e-03	3.024360e-04
5.424464e-03	-4.824121e-01	-4.823926e-01	-4.856444e-01	9.009546e-02	9.333137e-02	7.674893e-03	2.971331e-04
5.422993e-03	-4.824121e-01	-4.823926e-01	-4.856444e-01	9.009546e-02	9.333137e-02	7.674893e-03	2.948589e-04
5.421523e-03	-4.824121e-01	-4.823926e-01	-4.856444e-01	9.009546e-02	9.333137e-02	7.674893e-03	2.882695e-04
5.420054e-03	-4.824121e-01	-4.823926e-01	-4.856444e-01	9.009546e-02	9.333137e-02	7.674893e-03	2.842075e-04
5.418586e-03	-4.824121e-01	-4.823926e-01	-4.856444e-01	9.009546e-02	9.333137e-02	7.674893e-03	2.796765e-04
5.417118e-03	-4.824121e-01	-4.823926e-01	-4.856444e-01	9.009546e-02	9.333137e-02	7.674893e-03	2.743849e-04
5.415651e-03	-4.824121e-01	-4.823926e-01	-4.856444e-01	9.009546e-02	9.333137e-02	7.674893e-03	2.696689e-04
5.414185e-03	-4.824121e-01	-4.823926e-01	-4.856444e-01	9.009546e-02	9.333137e-02	7.674893e-03	2.666929e-04
5.412720e-03	-4.824121e-01	-4.823926e-01	-4.856444e-01	9.009546e-02	9.333137e-02	7.674893e-03	2.612883e-04
5.411255e-03	-4.824121e-01	-4.823926e-01	-4.856444e-01	9.009546e-02	9.333137e-02	7.674893e-03	2.578190e-04
5.409792e-03	-4.824121e-01	-4.823926e-01	-4.856444e-01	9.009546e-02	9.333137e-02	7.674893e-03	2.522675e-04
5.408329e-03	-4.824121e-01	-4.823926e-01	-4.856444e-01	9.009546e-02	9.333137e-02	7.674893e-03	2.500137e-04
5.406867e-03	-4.824121e-01	-4.823926e-01	-4.856444e-01	9.009546e-02	9.333137e-02	7.674893e-03	2.452296e-04
5.405405e-03	-4.824121e-01	-4.823926e-01	-4.856444e-01	9.009546e-02	9.333137e-02	7.674894e-03	2.418798e-04
5.403945e-03	-4.824121e-01	-4.823926e-01	-4.856444e-01	9.009546e-02	9.333137e-02	7.674894e-03	2.385847e-04
5.402485e-03	-4.824121e-01	-4.823926e-01	-4.856444e-01	9.009546e-02	9.333137e-02	7.674894e-03	2.335526e-04
5.401026e-03	-4.824121e-01	-4.823926e-01	-4.856444e-01	9.009546e-02	9.333137e-02	7.674894e-03	2.309897e-04
5.399568e-03	-4.824121e-01	-4.823926e-01	-4.856444e-01	9.009546e-02	9.333137e-02	7.674894e-03	2.268252e-04
5.398111e-03	-4.824121e-01	-4.823926e-01	-4.856444e-01	9.009546e-02	9.333137e-02	7.674894e-03	2.243727e-04
5.396654e-03	-4.824121e-01	-4.823926e-01	-4.856444e-01	9.009546e-02	9.333137e-02	7.674894e-03	2.201609e-04
5.395198e-03	-4.824121e-01	-4.823926e-01	-4.856444e-01	9.009546e-02	9.333137e-02	7.674894e-03	2.170770e-04
5.393743e-03	-4.824121e-01	-4.823926e-01	-4.856444e-01	9.009546e-02	9.333137e-02	7.674894e-03	2.147909e-04
5.392289e-03	-4.824121e-01	-4.823926e-01	-4.856444e-01	9.009546e-02	9.333137e-02	7.674894e-03	2.122089e-04
5.390836e-03	-4.824121e-01	-4.823926e-01	-4.856444e-01	9.009546e-02	9.333137e-02	7.674894e-03	2.079615e-04
5.389383e-03	-4.824121e-01	-4.823926e-01	-4.856444e-01	9.009546e-02	9.333137e-02	7.674894e-03	2.066646e-04
5.387931e-03	-4.824121e-01	-4.823926e-01	-4.856444e-01	9.009546e-02	9.333137e-02	7.674894e-03	2.037017e-04
5.386480e-03	-4.824121e-01	-4.823926e-01	-4.856444e-01	9.009546e-02	9.333137e-02	7.674894e-03	2.003830e-04
5.385030e-03	-4.824121e-01	-4.823926e-01	-4.856444e-01	9.009546e-02	9.333137e-02	7.674894e-03	1.998048e-04
5.383580e-03	-4.824121e-01	-4.823926e-01	-4.856444e-01	9.009546e-02	9.333137e-02	7.674894e-03	1.965587e-04
5.382131e-03	-4.824121e-01	-4.823926e-01	-4.856444e-01	9.009546e-02	9.333137e-02	7.674894e-03	1.932304e-04
5.380683e-03	-4.824121e-01	-4.823926e-01	-4.856444e-01	9.009546e-02	9.333137e-02	7.674894e-03	1.903697e-04
5.379236e-03	-4.824121e-01	-4.823926e-01	-4.856444e-01	9.009546e-02	9.333137e-02	7.674894e-03	1.894114e-04
5.377790e-03	-4.824121e-01	-4.823926e-01	-4.856444e-01	9.009546e-02	9.333137e-02	7.674894e-03	1.866633e-04
5.376344e-03	-4.824121e-01	-4.823926e-01	-4.856444e-01	9.009546e-02	9.333137e-02	7.674894e-03	1.859968e-04
5.374899e-03	-4.824121e-01	-4.823926e-01	-4.856444e-01	9.009546e-02	9.333137e-02	7.674894e-03	1.823190e-04
5.373455e-03	-4.824121e-01	-4.823926e-01	-4.856444e-01	9.009546e-02	9.333137e-02	7.674894e-03	1.798774e-04
5.372012e-03	-4.824121e-01	-4.823926e-01	-4.856444e-01	9.009546e-02	9.333137e-02	7.674894e-03	1.818847e-04
5.370569e-03	-4.824121e-01	-4.823926e-01	-4.856444e-01	9.009546e-02	9.333137e-02	7.674894e-03	1.781985e-04
5.369128e-03	-4.824121e-01	-4.823926e-01	-4.856444e-01	9.009546e-02	9.333137e-02	7.674895e-03	1.744097e-04
5.367687e-03	-4.824121e-01	-4.823926e-01	-4.856444e-01	9.009546e-02	9.333137e-02	7.674895e-03	1.742863e-04
5.366246e-03	-4.824121e-01	-4.823926e-01	-4.856444e-01	9.009546e-02	9.333137e-02	7.674895e-03	1.749129e-04
5.364807e-03	-4.824121e-01	-4.823926e-01	-4.856444e-01	9.009546e-02	9.333137e-02	7.674895e-03	1.703259e-04
5.363368e-03	-4.824121e-01	-4.823926e-01	-4.856444e-01	9.009546e-02	9.333137e-02	7.674895e-03	1.691724e-04
5.361930e-03	-4.824121e-01	-4.823926e-01	-4.856444e-01	9.009546e-02	9.333137e-02	7.674895e-03	1.688875e-04
5.360493e-03	-4.824121e-01	-4.823926e-01	-4.856444e-01	9.009546e-02	9.333137e-02	7.674895e-03	1.667031e-04
5.359057e-03	-4.824121e-01	-4.823926e-01	-4.856444e-01	9.009546e-02	9.333137e-02	7.674895e-03	1.664956e-04
5.357621e-03	-4.824121e-01	-4.823926e-01	-4.856444e-01	9.009546e-02	9.333137e-02	7.674895e-03	1.645055e-04
5.356186e-03	-4.824121e-01	-4.823926e-01	-4.856444e-01	9.009546e-02	9.333137e-02	7.674895e-03	1.639596e-04
5.354752e-03	-4.824121e-01	-4.823926e-01	-4.856444e-01	9.009546e-02	9.333137e-02	7.674895e-03	1.626399e-04
5.353319e-03	-4.824121e-01	-4.823926e-01	-4.856444e-01	9.009546e-02	9.333137e-02	7.674895e-03	1.622708e-04
5.351887e-03	-4.824121e-01	-4.823926e-01	-4.856444e-01	9.009546e-02	9.333137e-02	7.674895e-03	1.601945e-04
5.350455e-03	-4.824121e-01	-4.823926e-01	-4.856444e-01	9.009546e-02	9.333137e-02	7.674895e-03	1.600817e-04
5.349024e-03	-4.824121e-01	-4.823926e-01	-4.856444e-01	9.009546e-02	9.333137e-02	7.674895e-03	1.578826e-04
5.347594e-03	-4.824121e-01	-4.823926e-01	-4.856444e-01	9.009546e-02	9.333137e-02	7.674895e-03	1.590802e-04
5.346164e-03	-4.824121e-01	-4.823926e-01	-4.856444e-01	9.009546e-02	9.333137e-02	7.674895e-03	1.588670e-04
5.344735e-03	-4.824121e-01	-4.823926e-01	-4.856444e-01	9.009546e-02	9.333137e-02	7.674895e-03	1.559273e-04
5.343308e-03	-4.824121e-01	-4.823926e-01	-4.856444e-01	9.009546e-02	9.333137e-02	7.674895e-03	1.571256e-04
5.341880e-03	-4.824121e-01	-4.823926e-01	-4.856444e-01	9.009546e-02	9.333137e-02	7.674895e-03	1.571299e-04
5.340454e-03	-4.824121e-01	-4.823926e-01	-4.856444e-01	9.009546e-02	9.333137e-02	7.674895e-03	1.564963e-04
5.339028e-03	-4.824121e-01	-4.823926e-01	-4.856444e-01	9.009546e-02	9.333137e-02	7.674895e-03	1.556825e-04
5.337603e-03	-4.824121e-01	-4.823926e-01	-4.856444e-01	9.009546e-02	9.333137e-02	7.674895e-03	1.549875e-04
5.336179e-03	-4.824121e-01	-4.823926e-01	-4.856444e-01	9.009546e-02	9.333137e-02	7.674895e-03	1.587634e-04
5.334756e-03	-4.824121e-01	-4.823926e-01	-4.856444e-01	9.009546e-02	9.333137e-02	7.674895e-03	1.549933e-04
5.333333e-03	-4.824121e-01	-4.823926e-01	-4.856444e-01	9.009546e-02	9.333137e-02	7.674895e-03	1.569345e-04
5.331911e-03	-4.824121e-01	-4.823926e-01	-4.856444e-01	9.009546e-02	9.333137e-02	7.674895e-03	1.565583e-04
5.330490e-03	-4.824121e-01	-4.823926e-01	-4.856444e-01	9.009546e-02	9.333137e-02	7.674895e-03	1.566818e-04
5.329070e-03	-4.824121e-01	-4.823926e-01	-4.856444e-01	9.009546e-02	9.333137e-02	7.674895e-03	1.582665e-04
5.327651e-03	-4.824121e-01	-4.823926e-01	-4.856444e-01	9.009546e-02	9.333137e-02	7.674896e-03	1.586313e-04
5.326232e-03	-4.824121e-01	-4.823926e-01	-4.856444e-01	9.009546e-02	9.333137e-02	7.674896e-03	1.583150e-04
5.324814e-03	-4.824121e-01	-4.823926e-01	-4.856444e-01	9.009546e-02	9.333137e-02	7.674896e-03	1.607650e-04
5.323396e-03	-4.824121e-01	-4.823926e-01	-4.856444e-01	9.009546e-02	9.333137e-02	7.674896e-03	1.610512e-04
5.321980e-03	-4.824121e-01	-4.823926e-01	-4.856444e-01	9.009545e-02	9.333137e-02	7.674896e-03	1.614782e-04
5.320564e-03	-4.824121e-01	-4.823926e-01	-4.856444e-01	9.009545e-02	9.333137e-02	7.674896e-03	1.623472e-04
5.319149e-03	-4.824121e-01	-4.823926e-01	-4.856444e-01	9.009545e-02	9.333137e-02	7.674896e-03	1.634582e-04
5.317735e-03	-4.824121e-01	-4.823926e-01	-4.856444e-01	9.009545e-02	9.333137e-02	7.674896e-03	1.647915e-04
5.316321e-03	-4.824121e-01	-4.823926e-01	-4.856444e-01	9.009545e-02	9.333137e-02	7.674896e-03	1.657842e-04
5.314908e-03	-4.824121e-01	-4.823926e-01	-4.856444e-01	9.009545e-02	9.333137e-02	7.674896e-03	1.670596e-04
5.313496e-03	-4.824121e-01	-4.823926e-01	-4.856444e-01	9.009545e-02	9.333137e-02	7.674896e-03	1.694637e-04
5.312085e-03	-4.824121e-01	-4.823926e-01	-4.856444e-01	9.009545e-02	9.333137e-02	7.674896e-03	1.699768e-04
5.310674e-03	-4.824121e-01	-4.823926e-01	-4.856444e-01	9.009545e-02	9.333137e-02	7.674896e-03	1.713570e-04
5.309265e-03	-4.824121e-01	-4.823926e-01	-4.856444e-01	9.009545e-02	9.333137e-02	7.674896e-03	1.714682e-04
5.307856e-03	-4.824121e-01	-4.823926e-01	-4.856444e-01	9.009545e-02	9.333137e-02	7.674896e-03	1.729514e-04
5.306447e-03	-4.824121e-01	-4.823926e-01	-4.856444e-01	9.009545e-02	9.333137e-02	7.674896e-03	1.758694e-04
5.305040e-03	-4.824121e-01	-4.823926e-01	-4.856444e-01	9.009545e-02	9.333137e-02	7.674896e-03	1.758618e-04
5.303633e-03	-4.824121e-01	-4.823926e-01	-4.856444e-01	9.009545e-02	9.333137e-02	7.674896e-03	1.766220e-04
5.302227e-03	-4.824121e-01	-4.823926e-01	-4.856444e-01	9.009545e-02	9.333137e-02	7.674896e-03	1.800114e-04
5.300822e-03	-4.824121e-01	-4.823926e-01	-4.856444e-01	9.009545e-02	9.333137e-02	7.674896e-03	1.800866e-04
5.299417e-03	-4.824121e-01	-4.823926e-01	-4.856444e-01	9.009545e-02	9.333137e-02	7.674896e-03	1.815180e-04
5.298013e-03	-4.824121e-01	-4.823926e-01	-4.856444e-01	9.009545e-02	9.333137e-02	7.674896e-03	1.833760e-04
5.296610e-03	-4.824121e-01	-4.823926e-01	-4.856444e-01	9.009545e-02	9.333137e-02	7.674896e-03	1.844863e-04
5.295208e-03	-4.824121e-01	-4.823926e-01	-4.856444e-01	9.009545e-02	9.333137e-02	7.674896e-03	1.849692e-04
5.293806e-03	-4.824121e-01	-4.823926e-01	-4.856444e-01	9.009545e-02	9.333137e-02	7.674896e-03	1.873592e-04
5.292405e-03	-4.824121e-01	-4.823926e-01	-4.856444e-01	9.009545e-02	9.333136e-02	7.674897e-03	1.863016e-04
5.291005e-03	-4.824121e-01	-4.823926e-01	-4.856444e-01	9.009545e-02	9.333136e-02	7.674897e-03	1.890805e-04
5.289606e-03	-4.824121e-01	-4.823926e-01	-4.856444e-01	9.009545e-02	9.333136e-02	7.674897e-03	1.919841e-04
5.288207e-03	-4.824121e-01	-4.823926e-01	-4.856444e-01	9.009545e-02	9.333136e-02	7.674897e-03	1.887522e-04
5.286809e-03	-4.824121e-01	-4.823926e-01	-4.856444e-01	9.009545e-02	9.333136e-02	7.674897e-03	1.938550e-04
5.285412e-03	-4.824121e-01	-4.823926e-01	-4.856444e-01	9.009545e-02	9.333136e-02	7.674897e-03	1.933470e-04
5.284016e-03	-4.824121e-01	-4.823926e-01	-4.856444e-01	9.009545e-02	9.333136e-02	7.674897e-03	1.950169e-04
5.282620e-03	-4.824121e-01	-4.823926e-01	-4.856444e-01	9.009545e-02	9.333136e-02	7.674897e-03	1.956903e-04
5.281225e-03	-4.824121e-01	-4.823926e-01	-4.856444e-01	9.009545e-02	9.333136e-02	7.674897e-03	1.957121e-04
5.279831e-03	-4.824121e-01	-4.823926e-01	-4.856444e-01	9.009545e-02	9.333136e-02	7.674897e-03	1.969166e-04
5.278438e-03	-4.824121e-01	-4.823926e-01	-4.856444e-01	9.009545e-02	9.333136e-02	7.674897e-03	1.994688e-04
5.277045e-03	-4.824121e-01	-4.823926e-01	-4.856444e-01	9.009545e-02	9.333136e-02	7.674897e-03	1.991046e-04
5.275653e-03	-4.824121e-01	-4.823926e-01	-4.856444e-01	9.009545e-02	9.333136e-02	7.674897e-03	2.009866e-04
5.274262e-03	-4.824121e-01	-4.823926e-01	-4.856444e-01	9.009545e-02	9.333136e-02	7.674897e-03	2.029112e-04
5.272871e-03	-4.824121e-01	-4.823926e-01	-4.856444e-01	9.009545e-02	9.333136e-02	7.674897e-03	2.037952e-04
5.271481e-03	-4.824121e-01	-4.823926e-01	-4.856444e-01	9.009545e-02	9.333136e-02	7.674897e-03	2.050891e-04
5.270092e-03	-4.824121e-01	-4.823926e-01	-4.856444e-01	9.009545e-02	9.333136e-02	7.674897e-03	2.078783e-04
5.268704e-03	-4.824121e-01	-4.823926e-01	-4.856444e-01	9.009545e-02	9.333136e-02	7.674897e-03	2.101380e-04
5.267316e-03	-4.824121e-01	-4.823926e-01	-4.856444e-01	9.009545e-02	9.333136e-02	7.674897e-03	2.113141e-04
5.265929e-03	-4.824121e-01	-4.823926e-01	-4.856444e-01	9.009545e-02	9.333136e-02	7.674897e-03	2.133523e-04
5.264543e-03	-4.824121e-01	-4.823926e-01	-4.856444e-01	9.009545e-02	9.333136e-02	7.674897e-03	2.162950e-04
5.263158e-03	-4.824121e-01	-4.823926e-01	-4.856444e-01	9.009545e-02	9.333136e-02	7.674897e-03	2.209234e-04
5.261773e-03	-4.824121e-01	-4.823926e-01	-4.856444e-01	9.009545e-02	9.333136e-02	7.674897e-03	2.253923e-04
5.260389e-03	-4.824121e-01	-4.823926e-01	-4.856444e-01	9.009545e-02	9.333136e-02	7.674897e-03	2.280787e-04
5.259006e-03	-4.824121e-01	-4.823926e-01	-4.856444e-01	9.009545e-02	9.333136e-02	7.674897e-03	2.361321e-04
5.257624e-03	-4.824121e-01	-4.823926e-01	-4.856444e-01	9.009545e-02	9.333136e-02	7.674897e-03	2.392792e-04
5.256242e-03	-4.824121e-01	-4.823926e-01	-4.856444e-01	9.009545e-02	9.333136e-02	7.674897e-03	2.483755e-04
5.254861e-03	-4.824121e-01	-4.823926e-01	-4.856444e-01	9.009545e-02	9.333136e-02	7.674897e-03	2.571313e-04
5.253480e-03	-4.824121e-01	-4.823926e-01	-4.856444e-01	9.009545e-02	9.333136e-02	7.674897e-03	2.653813e-04
5.252101e-03	-4.824121e-01	-4.823926e-01	-4.856444e-01	9.009545e-02	9.333136e-02	7.674898e-03	2.747115e-04
5.250722e-03	-4.824121e-01	-4.823926e-01	-4.856444e-01	9.009545e-02	9.333136e-02	7.674898e-03	2.859069e-04
5.249344e-03	-4.824121e-01	-4.823926e-01	-4.856444e-01	9.009545e-02	9.333136e-02	7.674898e-03	2.984961e-04
5.247966e-03	-4.824121e-01	-4.823926e-01	-4.856444e-01	9.009545e-02	9.333136e-02	7.674898e-03	3.149167e-04
5.246590e-03	-4.824121e-01	-4.823926e-01	-4.856444e-01	9.009545e-02	9.333136e-02	7.674898e-03	3.281949e-04
5.245214e-03	-4.824121e-01	-4.823926e-01	-4.856444e-01	9.009545e-02	9.333136e-02	7.674898e-03	3.451233e-04
5.243838e-03	-4.824121e-01	-4.823926e-01	-4.856444e-01	9.009545e-02	9.333136e-02	7.674898e-03	3.619660e-04
5.242464e-03	-4.824121e-01	-4.823926e-01	-4.856444e-01	9.009545e-02	9.333136e-02	7.674898e-03	3.806255e-04
5.241090e-03	-4.824121e-01	-4.823926e-01	-4.856444e-01	9.009545e-02	9.333136e-02	7.674898e-03	4.012911e-04
5.239717e-03	-4.824121e-01	-4.823926e-01	-4.856444e-01	9.009545e-02	9.333136e-02	7.674898e-03	4.204461e-04
5.238345e-03	-4.824121e-01	-4.823926e-01	-4.856444e-01	9.009545e-02	9.333136e-02	7.674898e-03	4.442197e-04
5.236973e-03	-4.824121e-01	-4.823926e-01	-4.856444e-01	9.009545e-02	9.333136e-02	7.674898e-03	4.610956e-04
5.235602e-03	-4.824121e-01	-4.823926e-01	-4.856444e-01	9.009545e-02	9.333136e-02	7.674898e-03	4.846663e-04
5.234232e-03	-4.824121e-01	-4.823926e-01	-4.856444e-01	9.009545e-02	9.333136e-02	7.674898e-03	5.032405e-04
5.232862e-03	-4.824121e-01	-4.823926e-01	-4.856444e-01	9.009545e-02	9.333136e-02	7.674898e-03	5.251761e-04
5.231494e-03	-4.824121e-01	-4.823926e-01	-4.856444e-01	9.009545e-02	9.333136e-02	7.674898e-03	5.418174e-04
5.230126e-03	-4.824121e-01	-4.823926e-01	-4.856444e-01	9.009545e-02	9.333136e-02	7.674898e-03	5.601799e-04
5.228758e-03	-4.824121e-01	-4.823926e-01	-4.856444e-01	9.009545e-02	9.333136e-02	7.674898e-03	5.787693e-04
5.227392e-03	-4.824121e-01	-4.823926e-01	-4.856444e-01	9.009545e-02	9.333136e-02	7.674898e-03	5.955474e-04
5.226026e-03	-4.824121e-01	-4.823926e-01	-4.856444e-01	9.009545e-02	9.333136e-02	7.674898e-03	6.098243e-04
5.224660e-03	-4.824121e-01	-4.823926e-01	-4.856444e-01	9.009545e-02	9.333136e-02	7.674898e-03	6.224084e-04
5.223296e-03	-4.824121e-01	-4.823926e-01	-4.856444e-01	9.009545e-02	9.333136e-02	7.674898e-03	6.382973e-04
5.221932e-03	-4.824121e-01	-4.823926e-01	-4.856444e-01	9.009545e-02	9.333136e-02	7.674898e-03	6.493246e-04
5.220569e-03	-4.824121e-01	-4.823926e-01	-4.856444e-01	9.009545e-02	9.333136e-02	7.674899e-03	6.636794e-04
5.219207e-03	-4.824121e-01	-4.823926e-01	-4.856444e-01	9.009545e-02	9.333136e-02	7.674899e-03	6.761082e-04
5.217845e-03	-4.824121e-01	-4.823926e-01	-4.856444e-01	9.009545e-02	9.333136e-02	7.674899e-03	6.862740e-04
5.216484e-03	-4.824121e-01	-4.823926e-01	-4.856444e-01	9.009545e-02	9.333136e-02	7.674899e-03	6.966172e-04
5.215124e-03	-4.824121e-01	-4.823926e-01	-4.856444e-01	9.009545e-02	9.333136e-02	7.674899e-03	7.076189e-04
5.213764e-03	-4.824121e-01	-4.823926e-01	-4.856444e-01	9.009545e-02	9.333136e-02	7.674899e-03	7.163315e-04
5.212406e-03	-4.824121e-01	-4.823926e-01	-4.856444e-01	9.009545e-02	9.333136e-02	7.674899e-03	7.240277e-04
5.211047e-03	-4.824121e-01	-4.823926e-01	-4.856444e-01	9.009545e-02	9.333136e-02	7.674899e-03	7.286755e-04
5.209690e-03	-4.824121e-01	-4.823926e-01	-4.856444e-01	9.009545e-02	9.333136e-02	7.674899e-03	7.352546e-04
5.208333e-03	-4.824121e-01	-4.823926e-01	-4.856444e-01	9.009545e-02	9.333136e-02	7.674899e-03	7.348624e-04
5.206977e-03	-4.824121e-01	-4.823926e-01	-4.856444e-01	9.009545e-02	9.333136e-02	7.674899e-03	7.351194e-04
5.205622e-03	-4.824121e-01	-4.823926e-01	-4.856444e-01	9.009545e-02	9.333136e-02	7.674899e-03	7.326494e-04
5.204267e-03	-4.824121e-01	-4.823926e-01	-4.856444e-01	9.009544e-02	9.333136e-02	7.674899e-03	7.295679e-04
5.202914e-03	-4.824121e-01	-4.823926e-01	-4.856444e-01	9.009544e-02	9.333136e-02	7.674899e-03	7.198894e-04
5.201560e-03	-4.824121e-01	-4.823926e-01	-4.856444e-01	9.009544e-02	9.333136e-02	7.674899e-03	7.136881e-04
5.200208e-03	-4.824121e-01	-4.823926e-01	-4.856444e-01	9.009544e-02	9.333136e-02	7.674899e-03	6.995974e-04
5.198856e-03	-4.824121e-01	-4.823926e-01	-4.856444e-01	9.009544e-02	9.333136e-02	7.674899e-03	6.867536e-04
5.197505e-03	-4.824121e-01	-4.823926e-01	-4.856444e-01	9.009544e-02	9.333136e-02	7.674899e-03	6.748221e-04
5.196155e-03	-4.824121e-01	-4.823926e-01	-4.856444e-01	9.009544e-02	9.333136e-02	7.674900e-03	6.585620e-04
5.194805e-03	-4.824121e-01	-4.823926e-01	-4.856444e-01	9.009544e-02	9.333136e-02	7.674900e-03	6.398413e-04
5.193456e-03	-4.824121e-01	-4.823926e-01	-4.856444e-01	9.009544e-02	9.333136e-02	7.674900e-03	6.221757e-04
5.192108e-03	-4.824121e-01	-4.823926e-01	-4.856444e-01	9.009544e-02	9.333136e-02	7.674900e-03	6.034793e-04
5.190760e-03	-4.824121e-01	-4.823926e-01	-4.856444e-01	9.009544e-02	9.333136e-02	7.674900e-03	5.866198e-04
5.189414e-03	-4.824121e-01	-4.823926e-01	-4.856444e-01	9.009544e-02	9.333135e-02	7.674901e-03	5.656055e-04
5.188067e-03	-4.824121e-01	-4.823926e-01	-4.856444e-01	9.009544e-02	9.333135e-02	7.674901e-03	5.447591e-04
5.186722e-03	-4.824121e-01	-4.823926e-01	-4.856444e-01	9.009544e-02	9.333135e-02	7.674901e-03	5.272083e-04
5.185377e-03	-4.824121e-01	-4.823926e-01	-4.856444e-01	9.009544e-02	9.333135e-02	7.674901e-03	5.045229e-04
5.184033e-03	-4.824121e-01	-4.823926e-01	-4.856444e-01	9.009544e-02	9.333135e-02	7.674902e-03	4.863615e-04
5.182690e-03	-4.824121e-01	-4.823926e-01	-4.856444e-01	9.009544e-02	9.333135e-02	7.674902e-03	4.658954e-04
5.181347e-03	-4.824121e-01	-4.823926e-01	-4.856444e-01	9.009544e-02	9.333135e-02	7.674902e-03	4.463819e-04
5.180005e-03	-4.824121e-01	-4.823926e-01	-4.856444e-01	9.009544e-02	9.333135e-02	7.674903e-03	4.279920e-04
5.178664e-03	-4.824121e-01	-4.823926e-01	-4.856444e-01	9.009544e-02	9.333135e-02	7.674903e-03	4.087562e-04
5.177323e-03	-4.824121e-01	-4.823926e-01	-4.856444e-01	9.009544e-02	9.333135e-02	7.674904e-03	3.907091e-04
5.175983e-03	-4.824121e-01	-4.823926e-01	-4.856444e-01	9.009544e-02	9.333135e-02	7.674904e-03	3.732160e-04
5.174644e-03	-4.824121e-01	-4.823926e-01	-4.856444e-01	9.009544e-02	9.333135e-02	7.674905e-03	3.592074e-04
5.173306e-03	-4.824121e-01	-4.823926e-01	-4.856444e-01	9.009544e-02	9.333135e-02	7.674905e-03	3.412760e-04
5.171968e-03	-4.824121e-01	-4.823926e-01	-4.856444e-01	9.009544e-02	9.333135e-02	7.674905e-03	3.275972e-04
5.170631e-03	-4.824121e-01	-4.823926e-01	-4.856444e-01	9.009544e-02	9.333135e-02	7.674906e-03	3.126073e-04
5.169294e-03	-4.824121e-01	-4.823926e-01	-4.856444e-01	9.009544e-02	9.333135e-02	7.674906e-03	2.993035e-04
5.167959e-03	-4.824121e-01	-4.823926e-01	-4.856444e-01	9.009544e-02	9.333135e-02	7.674907e-03	2.867520e-04
5.166624e-03	-4.824121e-01	-4.823926e-01	-4.856444e-01	9.009544e-02	9.333135e-02	7.674907e-03	2.756780e-04
5.165289e-03	-4.824121e-01	-4.823926e-01	-4.856444e-01	9.009544e-02	9.333135e-02	7.674908e-03	2.650186e-04
5.163956e-03	-4.824121e-01	-4.823926e-01	-4.856444e-01	9.009544e-02	9.333135e-02	7.674908e-03	2.539857e-04
5.162623e-03	-4.824121e-01	-4.823926e-01	-4.856444e-01	9.009544e-02	9.333135e-02	7.674909e-03	2.443702e-04
5.161290e-03	-4.824121e-01	-4.823926e-01	-4.856444e-01	9.009544e-02	9.333135e-02	7.674909e-03	2.365585e-04
5.159959e-03	-4.824121e-01	-4.823926e-01	-4.856444e-01	9.009544e-02	9.333135e-02	7.674909e-03	2.280554e-04
5.158628e-03	-4.824121e-01	-4.823926e-01	-4.856444e-01	9.009544e-02	9.333135e-02	7.674910e-03	2.202697e-04
5.157298e-03	-4.824121e-01	-4.823926e-01	-4.856444e-01	9.009544e-02	9.333135e-02	7.674910e-03	2.149336e-04
5.155968e-03	-4.824121e-01	-4.823926e-01	-4.856444e-01	9.009544e-02	9.333135e-02	7.674911e-03	2.078813e-04
5.154639e-03	-4.824121e-01	-4.823926e-01	-4.856444e-01	9.009544e-02	9.333135e-02	7.674911e-03	1.991315e-04
5.153311e-03	-4.824121e-01	-4.823926e-01	-4.856444e-01	9.009544e-02	9.333135e-02	7.674911e-03	1.980355e-04
5.151984e-03	-4.824121e-01	-4.823926e-01	-4.856444e-01	9.009544e-02	9.333135e-02	7.674912e-03	1.918200e-04
5.150657e-03	-4.824121e-01	-4.823926e-01	-4.856444e-01	9.009544e-02	9.333135e-02	7.674912e-03	1.864764e-04
5.149331e-03	-4.824121e-01	-4.823926e-01	-4.856444e-01	9.009544e-02	9.333135e-02	7.674913e-03	1.835069e-04
5.148005e-03	-4.824121e-01	-4.823926e-01	-4.856444e-01	9.009544e-02	9.333135e-02	7.674913e-03	1.797621e-04
5.146680e-03	-4.824121e-01	-4.823926e-01	-4.856444e-01	9.009544e-02	9.333135e-02	7.674913e-03	1.754125e-04
5.145356e-03	-4.824121e-01	-4.823926e-01	-4.856444e-01	9.009544e-02	9.333135e-02	7.674914e-03	1.739568e-04
5.144033e-03	-4.824121e-01	-4.823926e-01	-4.856444e-01	9.009544e-02	9.333135e-02	7.674914e-03	1.702226e-04
5.142710e-03	-4.824121e-01	-4.823926e-01	-4.856444e-01	9.009544e-02	9.333135e-02	7.674914e-03	1.655172e-04
5.141388e-03	-4.824121e-01	-4.823926e-01	-4.856444e-01	9.009544e-02	9.333135e-02	7.674915e-03	1.654733e-04
5.140067e-03	-4.824121e-01	-4.823926e-01	-4.856444e-01	9.009544e-02	9.333135e-02	7.674915e-03	1.613415e-04
5.138746e-03	-4.824121e-01	-4.823926e-01	-4.856444e-01	9.009544e-02	9.333135e-02	7.674915e-03	1.607786e-04
5.137426e-03	-4.824121e-01	-4.823926e-01	-4.856444e-01	9.009544e-02	9.333135e-02	7.674915e-03	1.570061e-04
5.136107e-03	-4.824121e-01	-4.823926e-01	-4.856444e-01	9.009544e-02	9.333135e-02	7.674916e-03	1.571083e-04
5.134788e-03	-4.824121e-01	-4.823926e-01	-4.856444e-01	9.009544e-02	9.333135e-02	7.674916e-03	1.507859e-04
5.133470e-03	-4.824121e-01	-4.823926e-01	-4.856444e-01	9.009544e-02	9.333135e-02	7.674916e-03	1.520713e-04
5.132153e-03	-4.824121e-01	-4.823926e-01	-4.856444e-01	9.009544e-02	9.333135e-02	7.674916e-03	1.490416e-04
5.130836e-03	-4.824121e-01	-4.823926e-01	-4.856444e-01	9.009544e-02	9.333135e-02	7.674917e-03	1.487511e-04
5.129520e-03	-4.824121e-01	-4.823926e-01	-4.856444e-01	9.009544e-02	9.333135e-02	7.674917e-03	1.456300e-04
5.128205e-03	-4.824121e-01	-4.823926e-01	-4.856444e-01	9.009544e-02	9.333135e-02	7.674917e-03	1.441701e-04
5.126891e-03	-4.824121e-01	-4.823926e-01	-4.856444e-01	9.009544e-02	9.333135e-02	7.674917e-03	1.421896e-04
5.125577e-03	-4.824121e-01	-4.823926e-01	-4.856444e-01	9.009544e-02	9.333135e-02	7.674918e-03	1.407696e-04
5.124263e-03	-4.824121e-01	-4.823926e-01	-4.856444e-01	9.009544e-02	9.333135e-02	7.674918e-03	1.382223e-04
5.122951e-03	-4.824121e-01	-4.823926e-01	-4.856444e-01	9.009544e-02	9.333135e-02	7.674918e-03	1.366254e-04
5.121639e-03	-4.824121e-01	-4.823926e-01	-4.856444e-01	9.009544e-02	9.333135e-02	7.674918e-03	1.314946e-04
5.120328e-03	-4.824121e-01	-4.823926e-01	-4.856444e-01	9.009544e-02	9.333135e-02	7.674918e-03	1.337084e-04
5.119017e-03	-4.824121e-01	-4.823926e-01	-4.856444e-01	9.009544e-02	9.333135e-02	7.674919e-03	1.290045e-04
5.117707e-03	-4.824121e-01	-4.823926e-01	-4.856444e-01	9.009544e-02	9.333135e-02	7.674919e-03	1.283978e-04
5.116398e-03	-4.824121e-01	-4.823926e-01	-4.856444e-01	9.009544e-02	9.333135e-02	7.674919e-03	1.267263e-04
5.115090e-03	-4.824121e-01	-4.823926e-01	-4.856444e-01	9.009544e-02	9.333135e-02	7.674919e-03	1.227285e-04
5.113782e-03	-4.824121e-01	-4.823926e-01	-4.856444e-01	9.009544e-02	9.333135e-02	7.674919e-03	1.230086e-04
5.112474e-03	-4.824121e-01	-4.823926e-01	-4.856444e-01	9.009544e-02	9.333135e-02	7.674919e-03	1.192439e-04
5.111168e-03	-4.824121e-01	-4.823926e-01	-4.856444e-01	9.009544e-02	9.333135e-02	7.674920e-03	1.179123e-04
5.109862e-03	-4.824121e-01	-4.823926e-01	-4.856444e-01	9.009544e-02	9.333135e-02	7.674920e-03	1.156431e-04
5.108557e-03	-4.824121e-01	-4.823926e-01	-4.856444e-01	9.009544e-02	9.333135e-02	7.674920e-03	1.131538e-04
5.107252e-03	-4.824121e-01	-4.823926e-01	-4.856444e-01	9.009544e-02	9.333135e-02	7.674920e-03	1.134296e-04
5.105948e-03	-4.824121e-01	-4.823926e-01	-4.856444e-01	9.009544e-02	9.333135e-02	7.674920e-03	1.099771e-04
5.104645e-03	-4.824121e-01	-4.823926e-01	-4.856444e-01	9.009544e-02	9.333135e-02	7.674920e-03	1.095970e-04
5.103343e-03	-4.824121e-01	-4.823926e-01	-4.856444e-01	9.009544e-02	9.333135e-02	7.674920e-03	1.081470e-04
5.102041e-03	-4.824121e-01	-4.823926e-01	-4.856444e-01	9.009544e-02	9.333135e-02	7.674920e-03	1.055381e-04
5.100740e-03	-4.824121e-01	-4.823926e-01	-4.856444e-01	9.009544e-02	9.333135e-02	7.674921e-03	1.077112e-04
5.099439e-03	-4.824121e-01	-4.823926e-01	-4.856444e-01	9.009544e-02	9.333135e-02	7.674921e-03	1.046840e-04
5.098139e-03	-4.824121e-01	-4.823926e-01	-4.856444e-01	9.009544e-02	9.333135e-02	7.674921e-03	1.056997e-04
5.096840e-03	-4.824121e-01	-4.823926e-01	-4.856444e-01	9.009544e-02	9.333135e-02	7.674921e-03	1.016836e-04
5.095541e-03	-4.824121e-01	-4.823926e-01	-4.856444e-01	9.009544e-02	9.333135e-02	7.674921e-03	1.039028e-04
5.094244e-03	-4.824121e-01	-4.823926e-01	-4.856444e-01	9.009544e-02	9.333135e-02	7.674921e-03	1.018749e-04
5.092946e-03	-4.824121e-01	-4.823926e-01	-4.856444e-01	9.009544e-02	9.333135e-02	7.674921e-03	1.023432e-04
5.091650e-03	-4.824121e-01	-4.823926e-01	-4.856444e-01	9.009544e-02	9.333135e-02	7.674921e-03	1.039301e-04
5.090354e-03	-4.824121e-01	-4.823926e-01	-4.856444e-01	9.009544e-02	9.333135e-02	7.674921e-03	1.018113e-04
5.089059e-03	-4.824121e-01	-4.823926e-01	-4.856444e-01	9.009544e-02	9.333135e-02	7.674921e-03	1.016217e-04
5.087764e-03	-4.824121e-01	-4.823926e-01	-4.856444e-01	9.009544e-02	9.333135e-02	7.674921e-03	9.971897e-05
5.086470e-03	-4.824121e-01	-4.823926e-01	-4.856444e-01	9.009544e-02	9.333135e-02	7.674922e-03	1.017251e-04
5.085177e-03	-4.824121e-01	-4.823926e-01	-4.856444e-01	9.009544e-02	9.333135e-02	7.674922e-03	1.027880e-04
5.083884e-03	-4.824121e-01	-4.823926e-01	-4.856444e-01	9.009544e-02	9.333135e-02	7.674922e-03	1.033682e-04
5.082592e-03	-4.824121e-01	-4.823926e-01	-4.856444e-01	9.009544e-02	9.333135e-02	7.674922e-03	1.003181e-04
5.081301e-03	-4.824121e-01	-4.823926e-01	-4.856444e-01	9.009544e-02	9.333135e-02	7.674922e-03	1.020863e-04
5.080010e-03	-4.824121e-01	-4.823926e-01	-4.856444e-01	9.009544e-02	9.333135e-02	7.674922e-03	1.000236e-04
5.078720e-03	-4.824121e-01	-4.823926e-01	-4.856444e-01	9.009544e-02	9.333135e-02	7.674922e-03	9.987609e-05
5.077431e-03	-4.824121e-01	-4.823926e-01	-4.856444e-01	9.009544e-02	9.333135e-02	7.674922e-03	1.022861e-04
5.076142e-03	-4.824121e-01	-4.823926e-01	-4.856444e-01	9.009544e-02	9.333135e-02	7.674922e-03	1.008820e-04
5.074854e-03	-4.824121e-01	-4.823926e-01	-4.856444e-01	9.009544e-02	9.333135e-02	7.674922e-03	1.015954e-04
5.073567e-03	-4.824121e-01	-4.823926e-01	-4.856444e-01	9.009544e-02	9.333135e-02	7.674922e-03	1.008078e-04
5.072280e-03	-4.824121e-01	-4.823926e-01	-4.856444e-01	9.009544e-02	9.333135e-02	7.674922e-03	1.004171e-04
5.070994e-03	-4.824121e-01	-4.823926e-01	-4.856444e-01	9.009544e-02	9.333135e-02	7.674922e-03	9.927435e-05
5.069708e-03	-4.824121e-01	-4.823926e-01	-4.856444e-01	9.009544e-02	9.333135e-02	7.674922e-03	9.872756e-05
5.068424e-03	-4.824121e-01	-4.823926e-01	-4.856444e-01	9.009544e-02	9.333135e-02	7.674922e-03	1.032474e-04
5.067140e-03	-4.824121e-01	-4.823926e-01	-4.856444e-01	9.009544e-02	9.333135e-02	7.674922e-03	9.880555e-05
5.065856e-03	-4.824121e-01	-4.823926e-01	-4.856444e-01	9.009544e-02	9.333135e-02	7.674922e-03	1.016687e-04
5.064573e-03	-4.824121e-01	-4.823926e-01	-4.856444e-01	9.009544e-02	9.333135e-02	7.674922e-03	9.844032e-05
5.063291e-03	-4.824121e-01	-4.823926e-01	-4.856444e-01	9.009544e-02	9.333135e-02	7.674923e-03	1.018604e-04
5.062010e-03	-4.824121e-01	-4.823926e-01	-4.856444e-01	9.009544e-02	9.333135e-02	7.674923e-03	9.949396e-05
5.060729e-03	-4.824121e-01	-4.823926e-01	-4.856444e-01	9.009544e-02	9.333135e-02	7.674923e-03	1.002768e-04
5.059449e-03	-4.824121e-01	-4.823926e-01	-4.856444e-01	9.009544e-02	9.333135e-02	7.674923e-03	1.012380e-04
5.058169e-03	-4.824121e-01	-4.823926e-01	-4.856444e-01	9.009544e-02	9.333135e-02	7.674923e-03	9.873419e-05
5.056890e-03	-4.824121e-01	-4.823926e-01	-4.856444e-01	9.009544e-02	9.333135e-02	7.674923e-03	9.898420e-05
5.055612e-03	-4.824121e-01	-4.823926e-01	-4.856444e-01	9.009544e-02	9.333135e-02	7.674923e-03	9.814466e-05
5.054334e-03	-4.824121e-01	-4.823926e-01	-4.856444e-01	9.009544e-02	9.333135e-02	7.674923e-03	1.000411e-04
5.053057e-03	-4.824121e-01	-4.823926e-01	-4.856444e-01	9.009544e-02	9.333135e-02	7.674923e-03	9.779868e-05
5.051781e-03	-4.824121e-01	-4.823926e-01	-4.856444e-01	9.009544e-02	9.333135e-02	7.674923e-03	9.887269e-05
5.050505e-03	-4.824121e-01	-4.823926e-01	-4.856444e-01	9.009544e-02	9.333135e-02	7.674923e-03	9.769697e-05
5.049230e-03	-4.824121e-01	-4.823926e-01	-4.856444e-01	9.009544e-02	9.333135e-02	7.674923e-03	9.611870e-05
5.047956e-03	-4.824121e-01	-4.823926e-01	-4.856444e-01	9.009544e-02	9.333135e-02	7.674923e-03	9.741646e-05
5.046682e-03	-4.824121e-01	-4.823926e-01	-4.856444e-01	9.009544e-02	9.333135e-02	7.674923e-03	9.764419e-05
5.045409e-03	-4.824121e-01	-4.823926e-01	-4.856444e-01	9.009544e-02	9.333135e-02	7.674923e-03	9.483524e-05
5.044136e-03	-4.824121e-01	-4.823926e-01	-4.856444e-01	9.009544e-02	9.333135e-02	7.674923e-03	9.499480e-05
5.042864e-03	-4.824121e-01	-4.823926e-01	-4.856444e-01	9.009544e-02	9.333135e-02	7.674923e-03	9.620505e-05
5.041593e-03	-4.824121e-01	-4.823926e-01	-4.856444e-01	9.009544e-02	9.333135e-02	7.674923e-03	9.316738e-05
5.040323e-03	-4.824121e-01	-4.823926e-01	-4.856444e-01	9.009544e-02	9.333135e-02	7.674923e-03	9.406460e-05
5.039053e-03	-4.824121e-01	-4.823926e-01	-4.856444e-01	9.009544e-02	9.333135e-02	7.674923e-03	9.328373e-05
5.037783e-03	-4.824121e-01	-4.823926e-01	-4.856444e-01	9.009544e-02	9.333135e-02	7.674923e-03	9.270361e-05
5.036515e-03	-4.824121e-01	-4.823926e-01	-4.856444e-01	9.009544e-02	9.333135e-02	7.674923e-03	9.342258e-05
5.035247e-03	-4.824121e-01	-4.823926e-01	-4.856444e-01	9.009544e-02	9.333135e-02	7.674923e-03	9.176571e-05
5.033979e-03	-4.824121e-01	-4.823926e-01	-4.856444e-01	9.009544e-02	9.333135e-02	7.674923e-03	9.277647e-05
5.032713e-03	-4.824121e-01	-4.823926e-01	-4.856444e-01	9.009544e-02	9.333135e-02	7.674923e-03	9.143173e-05
5.031447e-03	-4.824121e-01	-4.823926e-01	-4.856444e-01	9.009544e-02	9.333135e-02	7.674923e-03	9.132058e-05
5.030181e-03	-4.824121e-01	-4.823926e-01	-4.856444e-01	9.009544e-02	9.333135e-02	7.674923e-03	9.172597e-05
5.028916e-03	-4.824121e-01	-4.823926e-01	-4.856444e-01	9.009544e-02	9.333135e-02	7.674923e-03	9.226661e-05
5.027652e-03	-4.824121e-01	-4.823926e-01	-4.856444e-01	9.009544e-02	9.333135e-02	7.674923e-03	9.114364e-05
5.026389e-03	-4.824121e-01	-4.823926e-01	-4.856444e-01	9.009544e-02	9.333135e-02	7.674923e-03	8.963702e-05
5.025126e-03	-4.824121e-01	-4.823926e-01	-4.856444e-01	9.009544e-02	9.333135e-02	7.674923e-03	9.218075e-05
5.023863e-03	-4.824121e-01	-4.823926e-01	-4.856444e-01	9.009544e-02	9.333135e-02	7.674923e-03	9.150638e-05
5.022602e-03	-4.824121e-01	-4.823926e-01	-4.856444e-01	9.009544e-02	9.333135e-02	7.674923e-03	9.051583e-05
5.021341e-03	-4.824121e-01	-4.823926e-01	-4.856444e-01	9.009544e-02	9.333135e-02	7.674923e-03	9.040349e-05
5.020080e-03	-4.824121e-01	-4.823926e-01	-4.856444e-01	9.009544e-02	9.333135e-02	7.674923e-03	9.229847e-05
5.018821e-03	-4.824121e-01	-4.823926e-01	-4.856444e-01	9.009544e-02	9.333135e-02	7.674923e-03	9.238994e-05
5.017561e-03	-4.824121e-01	-4.823926e-01	-4.856444e-01	9.009544e-02	9.333135e-02	7.674923e-03	9.085582e-05
5.016303e-03	-4.824121e-01	-4.823926e-01	-4.856444e-01	9.009544e-02	9.333135e-02	7.674923e-03	9.270860e-05
5.015045e-03	-4.824121e-01	-4.823926e-01	-4.856444e-01	9.009544e-02	9.333135e-02	7.674923e-03	9.318453e-05
5.013788e-03	-4.824121e-01	-4.823926e-01	-4.856444e-01	9.009544e-02	9.333135e-02	7.674923e-03	9.277902e-05
5.012531e-03	-4.824121e-01	-4.823926e-01	-4.856444e-01	9.009544e-02	9.333135e-02	7.674924e-03	9.087990e-05
5.011275e-03	-4.824121e-01	-4.823926e-01	-4.856444e-01	9.009544e-02	9.333135e-02	7.674924e-03	9.585992e-05
5.010020e-03	-4.824121e-01	-4.823926e-01	-4.856444e-01	9.009544e-02	9.333135e-02	7.674924e-03	9.178630e-05
5.008765e-03	-4.824121e-01	-4.823926e-01	-4.856444e-01	9.009544e-02	9.333135e-02	7.674924e-03	9.423402e-05
5.007511e-03	-4.824121e-01	-4.823926e-01	-4.856444e-01	9.009544e-02	9.333135e-02	7.674924e-03	9.509732e-05
5.006258e-03	-4.824121e-01	-4.823926e-01	-4.856444e-01	9.009544e-02	9.333135e-02	7.674924e-03	9.714084e-05
5.005005e-03	-4.824121e-01	-4.823926e-01	-4.856444e-01	9.009544e-02	9.333135e-02	7.674924e-03	9.414876e-05
5.003753e-03	-4.824121e-01	-4.823926e-01	-4.856444e-01	9.009544e-02	9.333135e-02	7.674924e-03	9.642081e-05
5.002501e-03	-4.824121e-01	-4.823926e-01	-4.856444e-01	9.009544e-02	9.333135e-02	7.674924e-03	9.814994e-05
5.001250e-03	-4.824121e-01	-4.823926e-01	-4.856444e-01	9.009544e-02	9.333135e-02	7.674924e-03	9.708547e-05