# Finite Temperature Data for Kitaev Ladder
# chi_max = 150, h = 0.1000
# Columns: T | Sigmax | Sigmay | Sigmaz | S1 | S2 | Wp | Cv
# 
2.000000e+01	-8.969731e-03	-8.969739e-03	-8.950040e-03	3.014312e-05	3.013218e-05	1.193285e-07	3.650032e-01
1.000000e+01	-1.265799e-02	-1.265802e-02	-1.261498e-02	1.521116e-04	1.519939e-04	1.332398e-06	1.388116e+00
6.666667e+00	-1.582639e-02	-1.582646e-02	-1.575250e-02	4.617089e-04	4.610944e-04	7.052695e-06	2.906380e+00
5.000000e+00	-1.850948e-02	-1.850960e-02	-1.839833e-02	1.062751e-03	1.060599e-03	2.470727e-05	4.717434e+00
4.000000e+00	-2.075497e-02	-2.075516e-02	-2.060133e-02	2.051519e-03	2.045694e-03	6.658376e-05	6.621309e+00
3.333333e+00	-2.261710e-02	-2.261736e-02	-2.241679e-02	3.504581e-03	3.491408e-03	1.495719e-04	8.451339e+00
2.857143e+00	-2.415107e-02	-2.415142e-02	-2.390080e-02	5.472727e-03	5.446657e-03	2.938883e-04	1.008933e+01
2.500000e+00	-2.540920e-02	-2.540965e-02	-2.510637e-02	7.980301e-03	7.933734e-03	5.212685e-04	1.146685e+01
2.222222e+00	-2.643861e-02	-2.643915e-02	-2.608114e-02	1.102821e-02	1.095152e-02	8.531054e-04	1.255761e+01
2.000000e+00	-2.728024e-02	-2.728089e-02	-2.686638e-02	1.459881e-02	1.448052e-02	1.308903e-03	1.336622e+01
1.818182e+00	-2.796874e-02	-2.796948e-02	-2.749692e-02	1.866126e-02	1.848840e-02	1.905219e-03	1.391699e+01
1.666667e+00	-2.853286e-02	-2.853369e-02	-2.800161e-02	2.317646e-02	2.293492e-02	2.655121e-03	1.424465e+01
1.538462e+00	-2.899614e-02	-2.899706e-02	-2.840398e-02	2.810111e-02	2.777612e-02	3.568065e-03	1.438762e+01
1.428571e+00	-2.937768e-02	-2.937868e-02	-2.872310e-02	3.339083e-02	3.296734e-02	4.650102e-03	1.438359e+01
1.333333e+00	-2.969286e-02	-2.969393e-02	-2.897430e-02	3.900230e-02	3.846541e-02	5.904271e-03	1.426706e+01
1.250000e+00	-2.995402e-02	-2.995517e-02	-2.916984e-02	4.489476e-02	4.422999e-02	7.331086e-03	1.406809e+01
1.176471e+00	-3.017107e-02	-3.017229e-02	-2.931956e-02	5.103078e-02	5.022436e-02	8.929056e-03	1.381195e+01
1.111111e+00	-3.035193e-02	-3.035321e-02	-2.943131e-02	5.737669e-02	5.641575e-02	1.069518e-02	1.351934e+01
1.052632e+00	-3.050294e-02	-3.050428e-02	-2.951140e-02	6.390267e-02	6.277535e-02	1.262537e-02	1.320679e+01
1.000000e+00	-3.062920e-02	-3.063059e-02	-2.956487e-02	7.058262e-02	6.927818e-02	1.471484e-02	1.288722e+01
9.523810e-01	-3.073481e-02	-3.073625e-02	-2.959581e-02	7.739398e-02	7.590281e-02	1.695843e-02	1.257053e+01
9.090909e-01	-3.082307e-02	-3.082455e-02	-2.960751e-02	8.431738e-02	8.263102e-02	1.935079e-02	1.226412e+01
8.695652e-01	-3.089666e-02	-3.089819e-02	-2.960265e-02	9.133633e-02	8.944743e-02	2.188664e-02	1.197338e+01
8.333333e-01	-3.095775e-02	-3.095932e-02	-2.958341e-02	9.843691e-02	9.633917e-02	2.456084e-02	1.170212e+01
8.000000e-01	-3.100813e-02	-3.100974e-02	-2.955159e-02	1.056074e-01	1.032956e-01	2.736854e-02	1.145287e+01
7.692308e-01	-3.104925e-02	-3.105088e-02	-2.950867e-02	1.128381e-01	1.103078e-01	3.030519e-02	1.122723e+01
7.407407e-01	-3.108230e-02	-3.108397e-02	-2.945587e-02	1.201207e-01	1.173686e-01	3.336661e-02	1.102604e+01
7.142857e-01	-3.110828e-02	-3.110997e-02	-2.939424e-02	1.274488e-01	1.244720e-01	3.654901e-02	1.084963e+01
6.896552e-01	-3.112801e-02	-3.112973e-02	-2.932462e-02	1.348166e-01	1.316133e-01	3.984895e-02	1.069790e+01
6.666667e-01	-3.114219e-02	-3.114393e-02	-2.924776e-02	1.422197e-01	1.387887e-01	4.326338e-02	1.057048e+01
6.451613e-01	-3.115138e-02	-3.115314e-02	-2.916428e-02	1.496545e-01	1.459950e-01	4.678958e-02	1.046679e+01
6.250000e-01	-3.115607e-02	-3.115786e-02	-2.907472e-02	1.571179e-01	1.532298e-01	5.042515e-02	1.038613e+01
6.060606e-01	-3.115669e-02	-3.115849e-02	-2.897954e-02	1.646075e-01	1.604911e-01	5.416802e-02	1.032772e+01
5.882353e-01	-3.115358e-02	-3.115540e-02	-2.887914e-02	1.721214e-01	1.677775e-01	5.801635e-02	1.029075e+01
5.714286e-01	-3.114703e-02	-3.114887e-02	-2.877389e-02	1.796581e-01	1.750878e-01	6.196855e-02	1.027438e+01
5.555556e-01	-3.113732e-02	-3.113917e-02	-2.866410e-02	1.872162e-01	1.824209e-01	6.602324e-02	1.027778e+01
5.405405e-01	-3.112465e-02	-3.112651e-02	-2.855005e-02	1.947947e-01	1.897762e-01	7.017925e-02	1.030016e+01
5.263158e-01	-3.110923e-02	-3.111110e-02	-2.843200e-02	2.023927e-01	1.971531e-01	7.443552e-02	1.034074e+01
5.128205e-01	-3.109122e-02	-3.109310e-02	-2.831018e-02	2.100095e-01	2.045511e-01	7.879115e-02	1.039878e+01
5.000000e-01	-3.107076e-02	-3.107266e-02	-2.818479e-02	2.176445e-01	2.119697e-01	8.324535e-02	1.047358e+01
4.878049e-01	-3.104800e-02	-3.104990e-02	-2.805602e-02	2.252971e-01	2.194086e-01	8.779740e-02	1.056448e+01
4.761905e-01	-3.102302e-02	-3.102493e-02	-2.792407e-02	2.329666e-01	2.268673e-01	9.244666e-02	1.067085e+01
4.651163e-01	-3.099595e-02	-3.099786e-02	-2.778909e-02	2.406527e-01	2.343455e-01	9.719253e-02	1.079211e+01
4.545455e-01	-3.096686e-02	-3.096878e-02	-2.765124e-02	2.483548e-01	2.418428e-01	1.020344e-01	1.092770e+01
4.444444e-01	-3.093583e-02	-3.093775e-02	-2.751066e-02	2.560722e-01	2.493587e-01	1.069718e-01	1.107709e+01
4.347826e-01	-3.090294e-02	-3.090487e-02	-2.736751e-02	2.638044e-01	2.568928e-01	1.120041e-01	1.123980e+01
4.255319e-01	-3.086824e-02	-3.087017e-02	-2.722191e-02	2.715507e-01	2.644444e-01	1.171308e-01	1.141533e+01
4.166667e-01	-3.083181e-02	-3.083374e-02	-2.707399e-02	2.793105e-01	2.720130e-01	1.223512e-01	1.160325e+01
4.081633e-01	-3.079368e-02	-3.079561e-02	-2.692388e-02	2.870829e-01	2.795979e-01	1.276647e-01	1.180310e+01
4.000000e-01	-3.075390e-02	-3.075584e-02	-2.677169e-02	2.948671e-01	2.871983e-01	1.330708e-01	1.201448e+01
3.921569e-01	-3.071253e-02	-3.071446e-02	-2.661755e-02	3.026623e-01	2.948134e-01	1.385685e-01	1.223697e+01
3.846154e-01	-3.066960e-02	-3.067153e-02	-2.646156e-02	3.104674e-01	3.024423e-01	1.441572e-01	1.247016e+01
3.773585e-01	-3.062515e-02	-3.062708e-02	-2.630385e-02	3.182815e-01	3.100840e-01	1.498360e-01	1.271366e+01
3.703704e-01	-3.057922e-02	-3.058114e-02	-2.614451e-02	3.261033e-01	3.177375e-01	1.556040e-01	1.296707e+01
3.636364e-01	-3.053184e-02	-3.053376e-02	-2.598366e-02	3.339317e-01	3.254015e-01	1.614601e-01	1.323000e+01
3.571429e-01	-3.048305e-02	-3.048497e-02	-2.582140e-02	3.417655e-01	3.330749e-01	1.674033e-01	1.350205e+01
3.508772e-01	-3.043287e-02	-3.043479e-02	-2.565784e-02	3.496032e-01	3.407564e-01	1.734324e-01	1.378283e+01
3.448276e-01	-3.038135e-02	-3.038326e-02	-2.549308e-02	3.574435e-01	3.484445e-01	1.795461e-01	1.407193e+01
3.389831e-01	-3.032851e-02	-3.033041e-02	-2.532723e-02	3.652849e-01	3.561379e-01	1.857430e-01	1.436894e+01
3.333333e-01	-3.027438e-02	-3.027627e-02	-2.516038e-02	3.731258e-01	3.638350e-01	1.920218e-01	1.467345e+01
3.278689e-01	-3.021899e-02	-3.022088e-02	-2.499265e-02	3.809646e-01	3.715343e-01	1.983808e-01	1.498504e+01
3.225806e-01	-3.016238e-02	-3.016426e-02	-2.482412e-02	3.887997e-01	3.792340e-01	2.048184e-01	1.530328e+01
3.174603e-01	-3.010457e-02	-3.010644e-02	-2.465491e-02	3.966291e-01	3.869325e-01	2.113328e-01	1.562772e+01
3.125000e-01	-3.004559e-02	-3.004746e-02	-2.448510e-02	4.044513e-01	3.946279e-01	2.179223e-01	1.595793e+01
3.076923e-01	-2.998549e-02	-2.998735e-02	-2.431480e-02	4.122642e-01	4.023185e-01	2.245847e-01	1.629344e+01
3.030303e-01	-2.992428e-02	-2.992613e-02	-2.414411e-02	4.200661e-01	4.100023e-01	2.313182e-01	1.663378e+01
2.985075e-01	-2.986200e-02	-2.986384e-02	-2.397312e-02	4.278549e-01	4.176775e-01	2.381204e-01	1.697848e+01
2.941176e-01	-2.979868e-02	-2.980051e-02	-2.380194e-02	4.356286e-01	4.253420e-01	2.449893e-01	1.732706e+01
2.898551e-01	-2.973437e-02	-2.973619e-02	-2.363064e-02	4.433853e-01	4.329938e-01	2.519224e-01	1.767902e+01
2.857143e-01	-2.966908e-02	-2.967089e-02	-2.345935e-02	4.511228e-01	4.406309e-01	2.589174e-01	1.803386e+01
2.816901e-01	-2.960285e-02	-2.960465e-02	-2.328813e-02	4.588391e-01	4.482512e-01	2.659717e-01	1.839108e+01
2.777778e-01	-2.953573e-02	-2.953752e-02	-2.311710e-02	4.665320e-01	4.558525e-01	2.730826e-01	1.875016e+01
2.739726e-01	-2.946775e-02	-2.946952e-02	-2.294634e-02	4.741995e-01	4.634327e-01	2.802477e-01	1.911059e+01
2.702703e-01	-2.939894e-02	-2.940070e-02	-2.277595e-02	4.818392e-01	4.709897e-01	2.874639e-01	1.947184e+01
2.666667e-01	-2.932934e-02	-2.933109e-02	-2.260600e-02	4.894492e-01	4.785214e-01	2.947287e-01	1.983338e+01
2.631579e-01	-2.925899e-02	-2.926072e-02	-2.243660e-02	4.970273e-01	4.860255e-01	3.020390e-01	2.019470e+01
2.597403e-01	-2.918792e-02	-2.918964e-02	-2.226783e-02	5.045711e-01	4.934998e-01	3.093918e-01	2.055526e+01
2.564103e-01	-2.911618e-02	-2.911789e-02	-2.209977e-02	5.120788e-01	5.009422e-01	3.167842e-01	2.091454e+01
2.531646e-01	-2.904381e-02	-2.904551e-02	-2.193251e-02	5.195479e-01	5.083506e-01	3.242131e-01	2.127202e+01
2.500000e-01	-2.897085e-02	-2.897253e-02	-2.176613e-02	5.269765e-01	5.157227e-01	3.316754e-01	2.162716e+01
2.469136e-01	-2.889733e-02	-2.889900e-02	-2.160071e-02	5.343624e-01	5.230565e-01	3.391678e-01	2.197947e+01
2.439024e-01	-2.882330e-02	-2.882496e-02	-2.143633e-02	5.417035e-01	5.303498e-01	3.466872e-01	2.232842e+01
2.409639e-01	-2.874880e-02	-2.875044e-02	-2.127306e-02	5.489978e-01	5.376004e-01	3.542304e-01	2.267352e+01
2.380952e-01	-2.867388e-02	-2.867550e-02	-2.111098e-02	5.562432e-01	5.448065e-01	3.617940e-01	2.301427e+01
2.352941e-01	-2.859856e-02	-2.860016e-02	-2.095016e-02	5.634377e-01	5.519659e-01	3.693749e-01	2.335021e+01
2.325581e-01	-2.852290e-02	-2.852449e-02	-2.079067e-02	5.705794e-01	5.590766e-01	3.769697e-01	2.368085e+01
2.298851e-01	-2.844693e-02	-2.844850e-02	-2.063258e-02	5.776664e-01	5.661367e-01	3.845751e-01	2.400574e+01
2.272727e-01	-2.837070e-02	-2.837226e-02	-2.047594e-02	5.846969e-01	5.731443e-01	3.921878e-01	2.432444e+01
2.247191e-01	-2.829425e-02	-2.829579e-02	-2.032083e-02	5.916689e-01	5.800976e-01	3.998047e-01	2.463653e+01
2.222222e-01	-2.821761e-02	-2.821914e-02	-2.016729e-02	5.985808e-01	5.869947e-01	4.074223e-01	2.494159e+01
2.197802e-01	-2.814085e-02	-2.814236e-02	-2.001539e-02	6.054309e-01	5.938339e-01	4.150374e-01	2.523925e+01
2.173913e-01	-2.806398e-02	-2.806547e-02	-1.986518e-02	6.122176e-01	6.006135e-01	4.226468e-01	2.552912e+01
2.150538e-01	-2.798705e-02	-2.798853e-02	-1.971670e-02	6.189393e-01	6.073319e-01	4.302473e-01	2.581085e+01
2.127660e-01	-2.791011e-02	-2.791157e-02	-1.957001e-02	6.255945e-01	6.139876e-01	4.378357e-01	2.608412e+01
2.105263e-01	-2.783319e-02	-2.783463e-02	-1.942515e-02	6.321818e-01	6.205791e-01	4.454090e-01	2.634861e+01
2.083333e-01	-2.775633e-02	-2.775775e-02	-1.928216e-02	6.386998e-01	6.271049e-01	4.529640e-01	2.660404e+01
2.061856e-01	-2.767956e-02	-2.768097e-02	-1.914108e-02	6.451472e-01	6.335637e-01	4.604977e-01	2.685013e+01
2.040816e-01	-2.760293e-02	-2.760433e-02	-1.900195e-02	6.515230e-01	6.399543e-01	4.680072e-01	2.708665e+01
2.020202e-01	-2.752648e-02	-2.752786e-02	-1.886479e-02	6.578258e-01	6.462753e-01	4.754895e-01	2.731337e+01
2.000000e-01	-2.745023e-02	-2.745159e-02	-1.872964e-02	6.640548e-01	6.525258e-01	4.829418e-01	2.753010e+01
1.980198e-01	-2.737423e-02	-2.737557e-02	-1.859651e-02	6.702088e-01	6.587047e-01	4.903614e-01	2.773666e+01
1.960784e-01	-2.729850e-02	-2.729983e-02	-1.846545e-02	6.762871e-01	6.648109e-01	4.977455e-01	2.793289e+01
1.941748e-01	-2.722308e-02	-2.722439e-02	-1.833646e-02	6.822887e-01	6.708437e-01	5.050915e-01	2.811868e+01
1.923077e-01	-2.714801e-02	-2.714930e-02	-1.820957e-02	6.882130e-01	6.768021e-01	5.123969e-01	2.829391e+01
1.904762e-01	-2.707330e-02	-2.707458e-02	-1.808478e-02	6.940593e-01	6.826855e-01	5.196592e-01	2.845850e+01
1.886792e-01	-2.699900e-02	-2.700026e-02	-1.796212e-02	6.998270e-01	6.884931e-01	5.268760e-01	2.861238e+01
1.869159e-01	-2.692513e-02	-2.692637e-02	-1.784158e-02	7.055156e-01	6.942244e-01	5.340451e-01	2.875552e+01
1.851852e-01	-2.685172e-02	-2.685294e-02	-1.772319e-02	7.111247e-01	6.998789e-01	5.411643e-01	2.888791e+01
1.834862e-01	-2.677879e-02	-2.678000e-02	-1.760693e-02	7.166539e-01	7.054561e-01	5.482314e-01	2.900952e+01
1.818182e-01	-2.670637e-02	-2.670757e-02	-1.749282e-02	7.221029e-01	7.109556e-01	5.552444e-01	2.912040e+01
1.801802e-01	-2.663449e-02	-2.663567e-02	-1.738085e-02	7.274715e-01	7.163772e-01	5.622015e-01	2.922058e+01
1.785714e-01	-2.656316e-02	-2.656433e-02	-1.727103e-02	7.327596e-01	7.217207e-01	5.691007e-01	2.931011e+01
1.769912e-01	-2.649242e-02	-2.649357e-02	-1.716333e-02	7.379671e-01	7.269858e-01	5.759403e-01	2.938907e+01
1.754386e-01	-2.642227e-02	-2.642340e-02	-1.705777e-02	7.430940e-01	7.321725e-01	5.827188e-01	2.945755e+01
1.739130e-01	-2.635274e-02	-2.635386e-02	-1.695432e-02	7.481404e-01	7.372808e-01	5.894344e-01	2.951566e+01
1.724138e-01	-2.628385e-02	-2.628496e-02	-1.685299e-02	7.531063e-01	7.423107e-01	5.960859e-01	2.956352e+01
1.709402e-01	-2.621562e-02	-2.621671e-02	-1.675375e-02	7.579920e-01	7.472622e-01	6.026717e-01	2.960126e+01
1.694915e-01	-2.614805e-02	-2.614913e-02	-1.665658e-02	7.627977e-01	7.521357e-01	6.091908e-01	2.962903e+01
1.680672e-01	-2.608117e-02	-2.608223e-02	-1.656149e-02	7.675236e-01	7.569311e-01	6.156417e-01	2.964700e+01
1.666667e-01	-2.601499e-02	-2.601604e-02	-1.646843e-02	7.721702e-01	7.616489e-01	6.220236e-01	2.965532e+01
1.652893e-01	-2.594952e-02	-2.595055e-02	-1.637741e-02	7.767378e-01	7.662894e-01	6.283352e-01	2.965418e+01
1.639344e-01	-2.588478e-02	-2.588579e-02	-1.628839e-02	7.812269e-01	7.708529e-01	6.345759e-01	2.964378e+01
1.626016e-01	-2.582077e-02	-2.582177e-02	-1.620136e-02	7.856380e-01	7.753398e-01	6.407446e-01	2.962430e+01
1.612903e-01	-2.575750e-02	-2.575849e-02	-1.611628e-02	7.899716e-01	7.797506e-01	6.468408e-01	2.959596e+01
1.600000e-01	-2.569498e-02	-2.569596e-02	-1.603315e-02	7.942283e-01	7.840858e-01	6.528636e-01	2.955897e+01
1.587302e-01	-2.563323e-02	-2.563419e-02	-1.595192e-02	7.984087e-01	7.883459e-01	6.588125e-01	2.951354e+01
1.574803e-01	-2.557224e-02	-2.557318e-02	-1.587258e-02	8.025135e-01	7.925316e-01	6.646870e-01	2.945989e+01
1.562500e-01	-2.551202e-02	-2.551295e-02	-1.579510e-02	8.065434e-01	7.966434e-01	6.704867e-01	2.939826e+01
1.550388e-01	-2.545258e-02	-2.545350e-02	-1.571946e-02	8.104990e-01	8.006820e-01	6.762111e-01	2.932887e+01
1.538462e-01	-2.539392e-02	-2.539482e-02	-1.564561e-02	8.143812e-01	8.046481e-01	6.818601e-01	2.925196e+01
1.526718e-01	-2.533604e-02	-2.533693e-02	-1.557354e-02	8.181907e-01	8.085424e-01	6.874333e-01	2.916776e+01
1.515152e-01	-2.527895e-02	-2.527983e-02	-1.550322e-02	8.219284e-01	8.123656e-01	6.929307e-01	2.907651e+01
1.503759e-01	-2.522264e-02	-2.522352e-02	-1.543461e-02	8.255950e-01	8.161186e-01	6.983521e-01	2.897844e+01
1.492537e-01	-2.516713e-02	-2.516799e-02	-1.536768e-02	8.291915e-01	8.198020e-01	7.036975e-01	2.887380e+01
1.481481e-01	-2.511240e-02	-2.511325e-02	-1.530241e-02	8.327186e-01	8.234167e-01	7.089668e-01	2.876282e+01
1.470588e-01	-2.505847e-02	-2.505930e-02	-1.523877e-02	8.361773e-01	8.269635e-01	7.141603e-01	2.864574e+01
1.459854e-01	-2.500532e-02	-2.500614e-02	-1.517672e-02	8.395685e-01	8.304433e-01	7.192781e-01	2.852279e+01
1.449275e-01	-2.495295e-02	-2.495377e-02	-1.511623e-02	8.428932e-01	8.338570e-01	7.243202e-01	2.839422e+01
1.438849e-01	-2.490137e-02	-2.490218e-02	-1.505728e-02	8.461521e-01	8.372053e-01	7.292870e-01	2.826024e+01
1.428571e-01	-2.485057e-02	-2.485136e-02	-1.499982e-02	8.493463e-01	8.404892e-01	7.341787e-01	2.812110e+01
1.418440e-01	-2.480055e-02	-2.480133e-02	-1.494384e-02	8.524768e-01	8.437097e-01	7.389957e-01	2.797702e+01
1.408451e-01	-2.475130e-02	-2.475207e-02	-1.488929e-02	8.555444e-01	8.468675e-01	7.437382e-01	2.782822e+01
1.398601e-01	-2.470283e-02	-2.470359e-02	-1.483616e-02	8.585502e-01	8.499636e-01	7.484069e-01	2.767493e+01
1.388889e-01	-2.465511e-02	-2.465586e-02	-1.478440e-02	8.614950e-01	8.529989e-01	7.530020e-01	2.751737e+01
1.379310e-01	-2.460816e-02	-2.460890e-02	-1.473399e-02	8.643800e-01	8.559744e-01	7.575240e-01	2.735574e+01
1.369863e-01	-2.456196e-02	-2.456269e-02	-1.468489e-02	8.672060e-01	8.588910e-01	7.619735e-01	2.719026e+01
1.360544e-01	-2.451651e-02	-2.451723e-02	-1.463709e-02	8.699741e-01	8.617496e-01	7.663511e-01	2.702113e+01
1.351351e-01	-2.447181e-02	-2.447252e-02	-1.459054e-02	8.726851e-01	8.645511e-01	7.706572e-01	2.684856e+01
1.342282e-01	-2.442784e-02	-2.442854e-02	-1.454522e-02	8.753402e-01	8.672964e-01	7.748925e-01	2.667272e+01
1.333333e-01	-2.438460e-02	-2.438529e-02	-1.450110e-02	8.779401e-01	8.699866e-01	7.790576e-01	2.649382e+01
1.324503e-01	-2.434208e-02	-2.434276e-02	-1.445815e-02	8.804860e-01	8.726224e-01	7.831532e-01	2.631203e+01
1.315789e-01	-2.430028e-02	-2.430095e-02	-1.441634e-02	8.829787e-01	8.752049e-01	7.871799e-01	2.612755e+01
1.307190e-01	-2.425919e-02	-2.425985e-02	-1.437565e-02	8.854192e-01	8.777350e-01	7.911384e-01	2.594055e+01
1.298701e-01	-2.421880e-02	-2.421945e-02	-1.433605e-02	8.878085e-01	8.802135e-01	7.950295e-01	2.575119e+01
1.290323e-01	-2.417910e-02	-2.417975e-02	-1.429750e-02	8.901475e-01	8.826414e-01	7.988538e-01	2.555966e+01
1.282051e-01	-2.414009e-02	-2.414073e-02	-1.425999e-02	8.924371e-01	8.850196e-01	8.026121e-01	2.536610e+01
1.273885e-01	-2.410176e-02	-2.410239e-02	-1.422349e-02	8.946783e-01	8.873490e-01	8.063051e-01	2.517069e+01
1.265823e-01	-2.406410e-02	-2.406472e-02	-1.418797e-02	8.968720e-01	8.896305e-01	8.099337e-01	2.497357e+01
1.257862e-01	-2.402710e-02	-2.402771e-02	-1.415341e-02	8.990190e-01	8.918649e-01	8.134985e-01	2.477490e+01
1.250000e-01	-2.399076e-02	-2.399136e-02	-1.411978e-02	9.011204e-01	8.940531e-01	8.170004e-01	2.457481e+01
1.242236e-01	-2.395506e-02	-2.395565e-02	-1.408706e-02	9.031769e-01	8.961960e-01	8.204402e-01	2.437345e+01
1.234568e-01	-2.391999e-02	-2.392058e-02	-1.405523e-02	9.051894e-01	8.982945e-01	8.238186e-01	2.417095e+01
1.226994e-01	-2.388556e-02	-2.388614e-02	-1.402425e-02	9.071589e-01	9.003493e-01	8.271366e-01	2.396743e+01
1.219512e-01	-2.385175e-02	-2.385232e-02	-1.399412e-02	9.090862e-01	9.023614e-01	8.303948e-01	2.376303e+01
1.212121e-01	-2.381854e-02	-2.381911e-02	-1.396480e-02	9.109720e-01	9.043316e-01	8.335941e-01	2.355785e+01
1.204819e-01	-2.378594e-02	-2.378651e-02	-1.393627e-02	9.128173e-01	9.062605e-01	8.367353e-01	2.335202e+01
1.197605e-01	-2.375394e-02	-2.375450e-02	-1.390852e-02	9.146229e-01	9.081492e-01	8.398193e-01	2.314565e+01
1.190476e-01	-2.372252e-02	-2.372307e-02	-1.388152e-02	9.163896e-01	9.099983e-01	8.428469e-01	2.293883e+01
1.183432e-01	-2.369169e-02	-2.369223e-02	-1.385525e-02	9.181182e-01	9.118087e-01	8.458188e-01	2.273168e+01
1.176471e-01	-2.366142e-02	-2.366195e-02	-1.382970e-02	9.198094e-01	9.135811e-01	8.487360e-01	2.252430e+01
1.169591e-01	-2.363171e-02	-2.363224e-02	-1.380483e-02	9.214640e-01	9.153163e-01	8.515991e-01	2.231676e+01
1.162791e-01	-2.360255e-02	-2.360307e-02	-1.378064e-02	9.230829e-01	9.170149e-01	8.544092e-01	2.210918e+01
1.156069e-01	-2.357394e-02	-2.357446e-02	-1.375711e-02	9.246666e-01	9.186779e-01	8.571668e-01	2.190162e+01
1.149425e-01	-2.354586e-02	-2.354637e-02	-1.373421e-02	9.262161e-01	9.203058e-01	8.598730e-01	2.169418e+01
1.142857e-01	-2.351832e-02	-2.351882e-02	-1.371193e-02	9.277320e-01	9.218994e-01	8.625285e-01	2.148693e+01
1.136364e-01	-2.349129e-02	-2.349179e-02	-1.369026e-02	9.292149e-01	9.234594e-01	8.651340e-01	2.127995e+01
1.129944e-01	-2.346477e-02	-2.346526e-02	-1.366917e-02	9.306657e-01	9.249865e-01	8.676904e-01	2.107331e+01
1.123596e-01	-2.343876e-02	-2.343924e-02	-1.364865e-02	9.320850e-01	9.264814e-01	8.701986e-01	2.086708e+01
1.117318e-01	-2.341324e-02	-2.341372e-02	-1.362869e-02	9.334734e-01	9.279446e-01	8.726592e-01	2.066132e+01
1.111111e-01	-2.338820e-02	-2.338868e-02	-1.360926e-02	9.348316e-01	9.293770e-01	8.750730e-01	2.045611e+01
1.104972e-01	-2.336365e-02	-2.336412e-02	-1.359035e-02	9.361603e-01	9.307791e-01	8.774409e-01	2.025149e+01
1.098901e-01	-2.333957e-02	-2.334004e-02	-1.357196e-02	9.374601e-01	9.321515e-01	8.797636e-01	2.004752e+01
1.092896e-01	-2.331595e-02	-2.331641e-02	-1.355406e-02	9.387317e-01	9.334949e-01	8.820418e-01	1.984426e+01
1.086957e-01	-2.329279e-02	-2.329324e-02	-1.353664e-02	9.399756e-01	9.348099e-01	8.842764e-01	1.964176e+01
1.081081e-01	-2.327007e-02	-2.327053e-02	-1.351968e-02	9.411924e-01	9.360970e-01	8.864681e-01	1.944008e+01
1.075269e-01	-2.324780e-02	-2.324825e-02	-1.350318e-02	9.423827e-01	9.373570e-01	8.886175e-01	1.923924e+01
1.069519e-01	-2.322596e-02	-2.322640e-02	-1.348712e-02	9.435472e-01	9.385902e-01	8.907255e-01	1.903931e+01
1.063830e-01	-2.320454e-02	-2.320498e-02	-1.347149e-02	9.446863e-01	9.397974e-01	8.927928e-01	1.884031e+01
1.058201e-01	-2.318354e-02	-2.318398e-02	-1.345628e-02	9.458006e-01	9.409790e-01	8.948200e-01	1.864230e+01
1.052632e-01	-2.316296e-02	-2.316339e-02	-1.344147e-02	9.468907e-01	9.421356e-01	8.968080e-01	1.844530e+01
1.047120e-01	-2.314278e-02	-2.314321e-02	-1.342705e-02	9.479570e-01	9.432677e-01	8.987573e-01	1.824935e+01
1.041667e-01	-2.312299e-02	-2.312342e-02	-1.341302e-02	9.490002e-01	9.443758e-01	9.006687e-01	1.805449e+01
1.036269e-01	-2.310360e-02	-2.310402e-02	-1.339936e-02	9.500207e-01	9.454605e-01	9.025428e-01	1.786074e+01
1.030928e-01	-2.308459e-02	-2.308501e-02	-1.338606e-02	9.510190e-01	9.465223e-01	9.043804e-01	1.766814e+01
1.025641e-01	-2.306596e-02	-2.306637e-02	-1.337311e-02	9.519956e-01	9.475616e-01	9.061821e-01	1.747671e+01
1.020408e-01	-2.304769e-02	-2.304810e-02	-1.336050e-02	9.529510e-01	9.485789e-01	9.079485e-01	1.728648e+01
1.015228e-01	-2.302979e-02	-2.303020e-02	-1.334822e-02	9.538857e-01	9.495747e-01	9.096803e-01	1.709747e+01
1.010101e-01	-2.301225e-02	-2.301266e-02	-1.333627e-02	9.548000e-01	9.505494e-01	9.113781e-01	1.690970e+01
1.005025e-01	-2.299506e-02	-2.299546e-02	-1.332463e-02	9.556945e-01	9.515036e-01	9.130426e-01	1.672320e+01
1.000000e-01	-2.297821e-02	-2.297861e-02	-1.331329e-02	9.565696e-01	9.524376e-01	9.146744e-01	1.653798e+01
9.950249e-02	-2.296170e-02	-2.296209e-02	-1.330225e-02	9.574257e-01	9.533518e-01	9.162740e-01	1.635407e+01
9.900990e-02	-2.294552e-02	-2.294591e-02	-1.329149e-02	9.582633e-01	9.542468e-01	9.178421e-01	1.617147e+01
9.852217e-02	-2.292967e-02	-2.293006e-02	-1.328102e-02	9.590827e-01	9.551229e-01	9.193792e-01	1.599021e+01
9.803922e-02	-2.291414e-02	-2.291452e-02	-1.327082e-02	9.598843e-01	9.559805e-01	9.208860e-01	1.581030e+01
9.756098e-02	-2.289892e-02	-2.289930e-02	-1.326088e-02	9.606686e-01	9.568200e-01	9.223631e-01	1.563174e+01
9.708738e-02	-2.288401e-02	-2.288439e-02	-1.325119e-02	9.614360e-01	9.576418e-01	9.238108e-01	1.545456e+01
9.661836e-02	-2.286940e-02	-2.286978e-02	-1.324176e-02	9.621867e-01	9.584462e-01	9.252300e-01	1.527877e+01
9.615385e-02	-2.285509e-02	-2.285547e-02	-1.323257e-02	9.629212e-01	9.592338e-01	9.266210e-01	1.510437e+01
9.569378e-02	-2.284107e-02	-2.284144e-02	-1.322362e-02	9.636398e-01	9.600047e-01	9.279844e-01	1.493137e+01
9.523810e-02	-2.282734e-02	-2.282771e-02	-1.321489e-02	9.643429e-01	9.607595e-01	9.293207e-01	1.475978e+01
9.478673e-02	-2.281389e-02	-2.281426e-02	-1.320639e-02	9.650308e-01	9.614983e-01	9.306305e-01	1.458960e+01
9.433962e-02	-2.280071e-02	-2.280108e-02	-1.319810e-02	9.657039e-01	9.622216e-01	9.319143e-01	1.442085e+01
9.389671e-02	-2.278781e-02	-2.278817e-02	-1.319003e-02	9.663625e-01	9.629298e-01	9.331725e-01	1.425353e+01
9.345794e-02	-2.277516e-02	-2.277552e-02	-1.318216e-02	9.670069e-01	9.636230e-01	9.344057e-01	1.408764e+01
9.302326e-02	-2.276278e-02	-2.276314e-02	-1.317449e-02	9.676374e-01	9.643017e-01	9.356143e-01	1.392318e+01
9.259259e-02	-2.275066e-02	-2.275101e-02	-1.316701e-02	9.682543e-01	9.649662e-01	9.367988e-01	1.376016e+01
9.216590e-02	-2.273878e-02	-2.273914e-02	-1.315972e-02	9.688580e-01	9.656167e-01	9.379597e-01	1.359859e+01
9.174312e-02	-2.272715e-02	-2.272750e-02	-1.315261e-02	9.694487e-01	9.662536e-01	9.390974e-01	1.343845e+01
9.132420e-02	-2.271576e-02	-2.271611e-02	-1.314569e-02	9.700267e-01	9.668771e-01	9.402125e-01	1.327976e+01
9.090909e-02	-2.270461e-02	-2.270496e-02	-1.313893e-02	9.705923e-01	9.674876e-01	9.413052e-01	1.312251e+01
9.049774e-02	-2.269369e-02	-2.269404e-02	-1.313235e-02	9.711458e-01	9.680853e-01	9.423762e-01	1.296671e+01
9.009009e-02	-2.268300e-02	-2.268334e-02	-1.312592e-02	9.716874e-01	9.686705e-01	9.434257e-01	1.281234e+01
8.968610e-02	-2.267253e-02	-2.267287e-02	-1.311966e-02	9.722174e-01	9.692435e-01	9.444542e-01	1.265942e+01
8.928571e-02	-2.266228e-02	-2.266262e-02	-1.311356e-02	9.727360e-01	9.698045e-01	9.454622e-01	1.250794e+01
8.888889e-02	-2.265224e-02	-2.265258e-02	-1.310760e-02	9.732435e-01	9.703538e-01	9.464500e-01	1.235789e+01
8.849558e-02	-2.264241e-02	-2.264275e-02	-1.310179e-02	9.737402e-01	9.708916e-01	9.474180e-01	1.220928e+01
8.810573e-02	-2.263279e-02	-2.263313e-02	-1.309612e-02	9.742263e-01	9.714182e-01	9.483666e-01	1.206210e+01
8.771930e-02	-2.262337e-02	-2.262371e-02	-1.309060e-02	9.747020e-01	9.719338e-01	9.492962e-01	1.191634e+01
8.733624e-02	-2.261415e-02	-2.261449e-02	-1.308521e-02	9.751675e-01	9.724387e-01	9.502072e-01	1.177201e+01
8.695652e-02	-2.260513e-02	-2.260546e-02	-1.307995e-02	9.756231e-01	9.729331e-01	9.511000e-01	1.162910e+01
8.658009e-02	-2.259629e-02	-2.259662e-02	-1.307482e-02	9.760690e-01	9.734172e-01	9.519748e-01	1.148760e+01
8.620690e-02	-2.258765e-02	-2.258797e-02	-1.306981e-02	9.765054e-01	9.738913e-01	9.528321e-01	1.134751e+01
8.583691e-02	-2.257918e-02	-2.257951e-02	-1.306493e-02	9.769325e-01	9.743554e-01	9.536722e-01	1.120882e+01
8.547009e-02	-2.257090e-02	-2.257122e-02	-1.306016e-02	9.773505e-01	9.748100e-01	9.544954e-01	1.107153e+01
8.510638e-02	-2.256279e-02	-2.256311e-02	-1.305551e-02	9.777597e-01	9.752551e-01	9.553022e-01	1.093563e+01
8.474576e-02	-2.255485e-02	-2.255517e-02	-1.305097e-02	9.781601e-01	9.756910e-01	9.560927e-01	1.080112e+01
8.438819e-02	-2.254708e-02	-2.254740e-02	-1.304654e-02	9.785521e-01	9.761178e-01	9.568674e-01	1.066799e+01
8.403361e-02	-2.253948e-02	-2.253980e-02	-1.304221e-02	9.789357e-01	9.765358e-01	9.576265e-01	1.053623e+01
8.368201e-02	-2.253204e-02	-2.253236e-02	-1.303799e-02	9.793112e-01	9.769451e-01	9.583703e-01	1.040584e+01
8.333333e-02	-2.252476e-02	-2.252508e-02	-1.303388e-02	9.796787e-01	9.773460e-01	9.590993e-01	1.027680e+01
8.298755e-02	-2.251764e-02	-2.251795e-02	-1.302985e-02	9.800385e-01	9.777386e-01	9.598136e-01	1.014912e+01
8.264463e-02	-2.251067e-02	-2.251098e-02	-1.302593e-02	9.803906e-01	9.781230e-01	9.605135e-01	1.002278e+01
8.230453e-02	-2.250385e-02	-2.250416e-02	-1.302210e-02	9.807353e-01	9.784996e-01	9.611994e-01	9.897773e+00
8.196721e-02	-2.249717e-02	-2.249748e-02	-1.301836e-02	9.810727e-01	9.788683e-01	9.618715e-01	9.774096e+00
8.163265e-02	-2.249064e-02	-2.249095e-02	-1.301470e-02	9.814030e-01	9.792294e-01	9.625301e-01	9.651739e+00
8.130081e-02	-2.248426e-02	-2.248456e-02	-1.301114e-02	9.817263e-01	9.795831e-01	9.631755e-01	9.530693e+00
8.097166e-02	-2.247801e-02	-2.247831e-02	-1.300765e-02	9.820428e-01	9.799295e-01	9.638079e-01	9.410951e+00
8.064516e-02	-2.247189e-02	-2.247220e-02	-1.300425e-02	9.823526e-01	9.802688e-01	9.644276e-01	9.292504e+00
8.032129e-02	-2.246591e-02	-2.246621e-02	-1.300093e-02	9.826559e-01	9.806011e-01	9.650348e-01	9.175343e+00
8.000000e-02	-2.246006e-02	-2.246036e-02	-1.299769e-02	9.829529e-01	9.809265e-01	9.656299e-01	9.059460e+00
7.968127e-02	-2.245434e-02	-2.245464e-02	-1.299452e-02	9.832435e-01	9.812453e-01	9.662129e-01	8.944845e+00
7.936508e-02	-2.244874e-02	-2.244904e-02	-1.299142e-02	9.835281e-01	9.815575e-01	9.667843e-01	8.831490e+00
7.905138e-02	-2.244326e-02	-2.244356e-02	-1.298840e-02	9.838067e-01	9.818633e-01	9.673442e-01	8.719386e+00
7.874016e-02	-2.243790e-02	-2.243820e-02	-1.298545e-02	9.840794e-01	9.821628e-01	9.678928e-01	8.608524e+00
7.843137e-02	-2.243266e-02	-2.243296e-02	-1.298257e-02	9.843464e-01	9.824562e-01	9.684304e-01	8.498894e+00
7.812500e-02	-2.242754e-02	-2.242784e-02	-1.297975e-02	9.846079e-01	9.827436e-01	9.689573e-01	8.390488e+00
7.782101e-02	-2.242253e-02	-2.242283e-02	-1.297700e-02	9.848638e-01	9.830250e-01	9.694735e-01	8.283296e+00
7.751938e-02	-2.241763e-02	-2.241793e-02	-1.297431e-02	9.851144e-01	9.833007e-01	9.699793e-01	8.177308e+00
7.722008e-02	-2.241284e-02	-2.241313e-02	-1.297168e-02	9.853597e-01	9.835708e-01	9.704750e-01	8.072515e+00
7.692308e-02	-2.240815e-02	-2.240845e-02	-1.296911e-02	9.856000e-01	9.838353e-01	9.709608e-01	7.968907e+00
7.662835e-02	-2.240357e-02	-2.240386e-02	-1.296660e-02	9.858351e-01	9.840945e-01	9.714368e-01	7.866476e+00
7.633588e-02	-2.239909e-02	-2.239938e-02	-1.296415e-02	9.860654e-01	9.843483e-01	9.719032e-01	7.765210e+00
7.604563e-02	-2.239471e-02	-2.239500e-02	-1.296176e-02	9.862909e-01	9.845970e-01	9.723602e-01	7.665102e+00
7.575758e-02	-2.239043e-02	-2.239072e-02	-1.295941e-02	9.865117e-01	9.848406e-01	9.728081e-01	7.566140e+00
7.547170e-02	-2.238624e-02	-2.238653e-02	-1.295713e-02	9.867278e-01	9.850792e-01	9.732470e-01	7.468316e+00
7.518797e-02	-2.238215e-02	-2.238244e-02	-1.295489e-02	9.869395e-01	9.853129e-01	9.736771e-01	7.371620e+00
7.490637e-02	-2.237815e-02	-2.237844e-02	-1.295270e-02	9.871468e-01	9.855419e-01	9.740985e-01	7.276041e+00
7.462687e-02	-2.237424e-02	-2.237453e-02	-1.295057e-02	9.873497e-01	9.857662e-01	9.745115e-01	7.181571e+00
7.434944e-02	-2.237042e-02	-2.237070e-02	-1.294848e-02	9.875484e-01	9.859860e-01	9.749162e-01	7.088200e+00
7.407407e-02	-2.236668e-02	-2.236697e-02	-1.294644e-02	9.877430e-01	9.862013e-01	9.753128e-01	6.995918e+00
7.380074e-02	-2.236303e-02	-2.236332e-02	-1.294444e-02	9.879336e-01	9.864122e-01	9.757014e-01	6.904715e+00
7.352941e-02	-2.235946e-02	-2.235975e-02	-1.294249e-02	9.881202e-01	9.866188e-01	9.760822e-01	6.814581e+00
7.326007e-02	-2.235598e-02	-2.235626e-02	-1.294058e-02	9.883029e-01	9.868212e-01	9.764554e-01	6.725508e+00
7.299270e-02	-2.235257e-02	-2.235285e-02	-1.293872e-02	9.884819e-01	9.870196e-01	9.768211e-01	6.637485e+00
7.272727e-02	-2.234924e-02	-2.234952e-02	-1.293690e-02	9.886571e-01	9.872139e-01	9.771794e-01	6.550503e+00
7.246377e-02	-2.234599e-02	-2.234627e-02	-1.293511e-02	9.888287e-01	9.874042e-01	9.775306e-01	6.464552e+00
7.220217e-02	-2.234281e-02	-2.234309e-02	-1.293337e-02	9.889968e-01	9.875907e-01	9.778748e-01	6.379623e+00
7.194245e-02	-2.233971e-02	-2.233998e-02	-1.293167e-02	9.891614e-01	9.877734e-01	9.782120e-01	6.295705e+00
7.168459e-02	-2.233667e-02	-2.233695e-02	-1.293000e-02	9.893225e-01	9.879524e-01	9.785425e-01	6.212790e+00
7.142857e-02	-2.233371e-02	-2.233399e-02	-1.292837e-02	9.894804e-01	9.881278e-01	9.788663e-01	6.130868e+00
7.117438e-02	-2.233082e-02	-2.233109e-02	-1.292678e-02	9.896350e-01	9.882997e-01	9.791837e-01	6.049928e+00
7.092199e-02	-2.232799e-02	-2.232827e-02	-1.292522e-02	9.897864e-01	9.884680e-01	9.794947e-01	5.969963e+00
7.067138e-02	-2.232523e-02	-2.232551e-02	-1.292369e-02	9.899347e-01	9.886330e-01	9.797995e-01	5.890962e+00
7.042254e-02	-2.232253e-02	-2.232281e-02	-1.292220e-02	9.900799e-01	9.887946e-01	9.800982e-01	5.812917e+00
7.017544e-02	-2.231990e-02	-2.232018e-02	-1.292074e-02	9.902221e-01	9.889530e-01	9.803909e-01	5.735816e+00
6.993007e-02	-2.231733e-02	-2.231761e-02	-1.291932e-02	9.903614e-01	9.891082e-01	9.806777e-01	5.659652e+00
6.968641e-02	-2.231482e-02	-2.231510e-02	-1.291792e-02	9.904979e-01	9.892602e-01	9.809588e-01	5.584415e+00
6.944444e-02	-2.231237e-02	-2.231265e-02	-1.291656e-02	9.906315e-01	9.894092e-01	9.812343e-01	5.510096e+00
6.920415e-02	-2.230998e-02	-2.231025e-02	-1.291522e-02	9.907624e-01	9.895552e-01	9.815043e-01	5.436685e+00
6.896552e-02	-2.230765e-02	-2.230792e-02	-1.291392e-02	9.908906e-01	9.896982e-01	9.817688e-01	5.364173e+00
6.872852e-02	-2.230537e-02	-2.230564e-02	-1.291264e-02	9.910162e-01	9.898384e-01	9.820281e-01	5.292551e+00
6.849315e-02	-2.230315e-02	-2.230342e-02	-1.291139e-02	9.911391e-01	9.899757e-01	9.822822e-01	5.221810e+00
6.825939e-02	-2.230098e-02	-2.230125e-02	-1.291017e-02	9.912596e-01	9.901103e-01	9.825312e-01	5.151941e+00
6.802721e-02	-2.229886e-02	-2.229913e-02	-1.290897e-02	9.913776e-01	9.902421e-01	9.827752e-01	5.082934e+00
6.779661e-02	-2.229680e-02	-2.229707e-02	-1.290780e-02	9.914932e-01	9.903713e-01	9.830144e-01	5.014781e+00
6.756757e-02	-2.229478e-02	-2.229505e-02	-1.290666e-02	9.916064e-01	9.904980e-01	9.832488e-01	4.947474e+00
6.734007e-02	-2.229282e-02	-2.229309e-02	-1.290554e-02	9.917173e-01	9.906220e-01	9.834785e-01	4.881002e+00
6.711409e-02	-2.229090e-02	-2.229117e-02	-1.290445e-02	9.918259e-01	9.907436e-01	9.837036e-01	4.815357e+00
6.688963e-02	-2.228903e-02	-2.228930e-02	-1.290337e-02	9.919323e-01	9.908628e-01	9.839242e-01	4.750531e+00
6.666667e-02	-2.228721e-02	-2.228748e-02	-1.290232e-02	9.920366e-01	9.909795e-01	9.841404e-01	4.686515e+00
6.644518e-02	-2.228543e-02	-2.228570e-02	-1.290130e-02	9.921387e-01	9.910939e-01	9.843523e-01	4.623300e+00
6.622517e-02	-2.228370e-02	-2.228397e-02	-1.290029e-02	9.922387e-01	9.912060e-01	9.845600e-01	4.560878e+00
6.600660e-02	-2.228201e-02	-2.228228e-02	-1.289931e-02	9.923367e-01	9.913159e-01	9.847635e-01	4.499239e+00
6.578947e-02	-2.228037e-02	-2.228063e-02	-1.289835e-02	9.924327e-01	9.914236e-01	9.849629e-01	4.438376e+00
6.557377e-02	-2.227876e-02	-2.227903e-02	-1.289741e-02	9.925267e-01	9.915291e-01	9.851584e-01	4.378280e+00
6.535948e-02	-2.227720e-02	-2.227746e-02	-1.289649e-02	9.926188e-01	9.916325e-01	9.853500e-01	4.318943e+00
6.514658e-02	-2.227568e-02	-2.227594e-02	-1.289559e-02	9.927091e-01	9.917338e-01	9.855378e-01	4.260356e+00
6.493506e-02	-2.227420e-02	-2.227446e-02	-1.289471e-02	9.927975e-01	9.918331e-01	9.857218e-01	4.202511e+00
6.472492e-02	-2.227275e-02	-2.227301e-02	-1.289384e-02	9.928841e-01	9.919305e-01	9.859022e-01	4.145401e+00
6.451613e-02	-2.227135e-02	-2.227161e-02	-1.289300e-02	9.929689e-01	9.920258e-01	9.860789e-01	4.089017e+00
6.430868e-02	-2.226998e-02	-2.227024e-02	-1.289217e-02	9.930520e-01	9.921193e-01	9.862522e-01	4.033351e+00
6.410256e-02	-2.226864e-02	-2.226890e-02	-1.289136e-02	9.931335e-01	9.922109e-01	9.864220e-01	3.978395e+00
6.389776e-02	-2.226734e-02	-2.226760e-02	-1.289057e-02	9.932133e-01	9.923007e-01	9.865884e-01	3.924141e+00
6.369427e-02	-2.226608e-02	-2.226634e-02	-1.288979e-02	9.932914e-01	9.923887e-01	9.867515e-01	3.870582e+00
6.349206e-02	-2.226485e-02	-2.226511e-02	-1.288904e-02	9.933680e-01	9.924749e-01	9.869114e-01	3.817710e+00
6.329114e-02	-2.226366e-02	-2.226392e-02	-1.288829e-02	9.934430e-01	9.925594e-01	9.870680e-01	3.765516e+00
6.309148e-02	-2.226250e-02	-2.226275e-02	-1.288756e-02	9.935165e-01	9.926422e-01	9.872216e-01	3.713995e+00
6.289308e-02	-2.226136e-02	-2.226162e-02	-1.288685e-02	9.935885e-01	9.927234e-01	9.873721e-01	3.663137e+00
6.269592e-02	-2.226027e-02	-2.226052e-02	-1.288616e-02	9.936591e-01	9.928030e-01	9.875196e-01	3.612936e+00
6.250000e-02	-2.225920e-02	-2.225945e-02	-1.288547e-02	9.937282e-01	9.928809e-01	9.876642e-01	3.563383e+00
6.230530e-02	-2.225816e-02	-2.225842e-02	-1.288481e-02	9.937960e-01	9.929573e-01	9.878059e-01	3.514472e+00
6.211180e-02	-2.225715e-02	-2.225741e-02	-1.288415e-02	9.938623e-01	9.930322e-01	9.879448e-01	3.466195e+00
6.191950e-02	-2.225617e-02	-2.225643e-02	-1.288351e-02	9.939274e-01	9.931056e-01	9.880809e-01	3.418545e+00
6.172840e-02	-2.225522e-02	-2.225548e-02	-1.288288e-02	9.939911e-01	9.931776e-01	9.882144e-01	3.371515e+00
6.153846e-02	-2.225430e-02	-2.225455e-02	-1.288227e-02	9.940535e-01	9.932481e-01	9.883451e-01	3.325097e+00
6.134969e-02	-2.225340e-02	-2.225366e-02	-1.288167e-02	9.941147e-01	9.933172e-01	9.884733e-01	3.279285e+00
6.116208e-02	-2.225253e-02	-2.225279e-02	-1.288108e-02	9.941746e-01	9.933850e-01	9.885990e-01	3.234071e+00
6.097561e-02	-2.225169e-02	-2.225194e-02	-1.288050e-02	9.942333e-01	9.934513e-01	9.887221e-01	3.189448e+00
6.079027e-02	-2.225087e-02	-2.225112e-02	-1.287994e-02	9.942909e-01	9.935164e-01	9.888428e-01	3.145410e+00
6.060606e-02	-2.225007e-02	-2.225033e-02	-1.287939e-02	9.943473e-01	9.935802e-01	9.889611e-01	3.101949e+00
6.042296e-02	-2.224931e-02	-2.224956e-02	-1.287885e-02	9.944025e-01	9.936427e-01	9.890771e-01	3.059060e+00
6.024096e-02	-2.224856e-02	-2.224882e-02	-1.287832e-02	9.944567e-01	9.937040e-01	9.891907e-01	3.016734e+00
6.006006e-02	-2.224784e-02	-2.224809e-02	-1.287780e-02	9.945097e-01	9.937640e-01	9.893021e-01	2.974966e+00
5.988024e-02	-2.224714e-02	-2.224740e-02	-1.287729e-02	9.945617e-01	9.938229e-01	9.894113e-01	2.933749e+00
5.970149e-02	-2.224647e-02	-2.224672e-02	-1.287679e-02	9.946126e-01	9.938806e-01	9.895184e-01	2.893076e+00
5.952381e-02	-2.224581e-02	-2.224607e-02	-1.287631e-02	9.946625e-01	9.939372e-01	9.896233e-01	2.852941e+00
5.934718e-02	-2.224518e-02	-2.224544e-02	-1.287583e-02	9.947115e-01	9.939926e-01	9.897261e-01	2.813338e+00
5.917160e-02	-2.224457e-02	-2.224483e-02	-1.287536e-02	9.947594e-01	9.940469e-01	9.898269e-01	2.774261e+00
5.899705e-02	-2.224398e-02	-2.224424e-02	-1.287490e-02	9.948064e-01	9.941002e-01	9.899257e-01	2.735703e+00
5.882353e-02	-2.224341e-02	-2.224367e-02	-1.287446e-02	9.948524e-01	9.941524e-01	9.900226e-01	2.697657e+00
5.865103e-02	-2.224286e-02	-2.224312e-02	-1.287402e-02	9.948975e-01	9.942035e-01	9.901175e-01	2.660119e+00
5.847953e-02	-2.224234e-02	-2.224259e-02	-1.287359e-02	9.949417e-01	9.942537e-01	9.902106e-01	2.623081e+00
5.830904e-02	-2.224183e-02	-2.224208e-02	-1.287317e-02	9.949850e-01	9.943028e-01	9.903018e-01	2.586539e+00
5.813953e-02	-2.224133e-02	-2.224159e-02	-1.287275e-02	9.950275e-01	9.943510e-01	9.903912e-01	2.550485e+00
5.797101e-02	-2.224086e-02	-2.224111e-02	-1.287235e-02	9.950691e-01	9.943982e-01	9.904788e-01	2.514914e+00
5.780347e-02	-2.224041e-02	-2.224066e-02	-1.287196e-02	9.951099e-01	9.944445e-01	9.905647e-01	2.479820e+00
5.763689e-02	-2.223997e-02	-2.224022e-02	-1.287157e-02	9.951498e-01	9.944899e-01	9.906489e-01	2.445198e+00
5.747126e-02	-2.223955e-02	-2.223980e-02	-1.287119e-02	9.951890e-01	9.945344e-01	9.907315e-01	2.411041e+00
5.730659e-02	-2.223915e-02	-2.223940e-02	-1.287082e-02	9.952274e-01	9.945780e-01	9.908124e-01	2.377344e+00
5.714286e-02	-2.223876e-02	-2.223901e-02	-1.287045e-02	9.952650e-01	9.946207e-01	9.908917e-01	2.344100e+00
5.698006e-02	-2.223839e-02	-2.223864e-02	-1.287010e-02	9.953019e-01	9.946626e-01	9.909694e-01	2.311305e+00
5.681818e-02	-2.223803e-02	-2.223828e-02	-1.286975e-02	9.953380e-01	9.947037e-01	9.910456e-01	2.278953e+00
5.665722e-02	-2.223770e-02	-2.223795e-02	-1.286941e-02	9.953734e-01	9.947439e-01	9.911203e-01	2.247038e+00
5.649718e-02	-2.223737e-02	-2.223762e-02	-1.286907e-02	9.954081e-01	9.947834e-01	9.911936e-01	2.215554e+00
5.633803e-02	-2.223706e-02	-2.223731e-02	-1.286874e-02	9.954421e-01	9.948221e-01	9.912654e-01	2.184496e+00
5.617978e-02	-2.223677e-02	-2.223702e-02	-1.286842e-02	9.954755e-01	9.948600e-01	9.913357e-01	2.153859e+00
5.602241e-02	-2.223649e-02	-2.223674e-02	-1.286811e-02	9.955081e-01	9.948971e-01	9.914047e-01	2.123638e+00
5.586592e-02	-2.223623e-02	-2.223648e-02	-1.286780e-02	9.955402e-01	9.949336e-01	9.914723e-01	2.093826e+00
5.571031e-02	-2.223598e-02	-2.223622e-02	-1.286750e-02	9.955715e-01	9.949693e-01	9.915386e-01	2.064420e+00
5.555556e-02	-2.223574e-02	-2.223599e-02	-1.286720e-02	9.956023e-01	9.950043e-01	9.916036e-01	2.035413e+00
5.540166e-02	-2.223551e-02	-2.223576e-02	-1.286692e-02	9.956325e-01	9.950386e-01	9.916673e-01	2.006802e+00
5.524862e-02	-2.223530e-02	-2.223555e-02	-1.286663e-02	9.956620e-01	9.950722e-01	9.917297e-01	1.978580e+00
5.509642e-02	-2.223510e-02	-2.223535e-02	-1.286636e-02	9.956910e-01	9.951052e-01	9.917909e-01	1.950743e+00
5.494505e-02	-2.223492e-02	-2.223517e-02	-1.286608e-02	9.957194e-01	9.951375e-01	9.918509e-01	1.923286e+00
5.479452e-02	-2.223474e-02	-2.223499e-02	-1.286582e-02	9.957472e-01	9.951692e-01	9.919097e-01	1.896205e+00
5.464481e-02	-2.223458e-02	-2.223483e-02	-1.286556e-02	9.957745e-01	9.952002e-01	9.919674e-01	1.869494e+00
5.449591e-02	-2.223443e-02	-2.223468e-02	-1.286530e-02	9.958012e-01	9.952306e-01	9.920239e-01	1.843149e+00
5.434783e-02	-2.223429e-02	-2.223454e-02	-1.286505e-02	9.958275e-01	9.952605e-01	9.920793e-01	1.817165e+00
5.420054e-02	-2.223417e-02	-2.223441e-02	-1.286481e-02	9.958531e-01	9.952897e-01	9.921337e-01	1.791538e+00
5.405405e-02	-2.223405e-02	-2.223430e-02	-1.286457e-02	9.958783e-01	9.953184e-01	9.921869e-01	1.766263e+00
5.390836e-02	-2.223395e-02	-2.223419e-02	-1.286433e-02	9.959030e-01	9.953465e-01	9.922391e-01	1.741336e+00
5.376344e-02	-2.223385e-02	-2.223410e-02	-1.286410e-02	9.959272e-01	9.953740e-01	9.922903e-01	1.716752e+00
5.361930e-02	-2.223377e-02	-2.223401e-02	-1.286388e-02	9.959509e-01	9.954010e-01	9.923404e-01	1.692508e+00
5.347594e-02	-2.223369e-02	-2.223394e-02	-1.286366e-02	9.959742e-01	9.954275e-01	9.923896e-01	1.668599e+00
5.333333e-02	-2.223363e-02	-2.223387e-02	-1.286344e-02	9.959970e-01	9.954535e-01	9.924378e-01	1.645021e+00
5.319149e-02	-2.223357e-02	-2.223382e-02	-1.286323e-02	9.960193e-01	9.954789e-01	9.924851e-01	1.621771e+00
5.305040e-02	-2.223353e-02	-2.223378e-02	-1.286302e-02	9.960412e-01	9.955038e-01	9.925314e-01	1.598843e+00
5.291005e-02	-2.223349e-02	-2.223374e-02	-1.286282e-02	9.960627e-01	9.955283e-01	9.925769e-01	1.576234e+00
5.277045e-02	-2.223347e-02	-2.223371e-02	-1.286262e-02	9.960838e-01	9.955522e-01	9.926214e-01	1.553940e+00
5.263158e-02	-2.223345e-02	-2.223370e-02	-1.286243e-02	9.961044e-01	9.955757e-01	9.926651e-01	1.531958e+00
5.249344e-02	-2.223344e-02	-2.223369e-02	-1.286224e-02	9.961246e-01	9.955987e-01	9.927079e-01	1.510282e+00
5.235602e-02	-2.223344e-02	-2.223369e-02	-1.286205e-02	9.961445e-01	9.956213e-01	9.927498e-01	1.488909e+00
5.221932e-02	-2.223345e-02	-2.223370e-02	-1.286187e-02	9.961639e-01	9.956434e-01	9.927909e-01	1.467836e+00
5.208333e-02	-2.223347e-02	-2.223371e-02	-1.286169e-02	9.961830e-01	9.956651e-01	9.928313e-01	1.447058e+00
5.194805e-02	-2.223349e-02	-2.223374e-02	-1.286151e-02	9.962017e-01	9.956863e-01	9.928708e-01	1.426572e+00
5.181347e-02	-2.223353e-02	-2.223377e-02	-1.286134e-02	9.962200e-01	9.957072e-01	9.929096e-01	1.406373e+00
5.167959e-02	-2.223357e-02	-2.223381e-02	-1.286117e-02	9.962380e-01	9.957276e-01	9.929475e-01	1.386458e+00
5.154639e-02	-2.223362e-02	-2.223386e-02	-1.286101e-02	9.962556e-01	9.957476e-01	9.929848e-01	1.366824e+00
5.141388e-02	-2.223367e-02	-2.223392e-02	-1.286084e-02	9.962728e-01	9.957672e-01	9.930213e-01	1.347466e+00
5.128205e-02	-2.223374e-02	-2.223398e-02	-1.286069e-02	9.962898e-01	9.957865e-01	9.930571e-01	1.328381e+00
5.115090e-02	-2.223381e-02	-2.223405e-02	-1.286053e-02	9.963064e-01	9.958053e-01	9.930922e-01	1.309566e+00
5.102041e-02	-2.223389e-02	-2.223413e-02	-1.286038e-02	9.963227e-01	9.958238e-01	9.931266e-01	1.291016e+00
5.089059e-02	-2.223397e-02	-2.223422e-02	-1.286023e-02	9.963386e-01	9.958419e-01	9.931604e-01	1.272728e+00
5.076142e-02	-2.223406e-02	-2.223431e-02	-1.286008e-02	9.963543e-01	9.958597e-01	9.931934e-01	1.254699e+00
5.063291e-02	-2.223416e-02	-2.223441e-02	-1.285994e-02	9.963696e-01	9.958771e-01	9.932259e-01	1.236926e+00
5.050505e-02	-2.223427e-02	-2.223451e-02	-1.285980e-02	9.963846e-01	9.958941e-01	9.932577e-01	1.219405e+00
5.037783e-02	-2.223438e-02	-2.223462e-02	-1.285966e-02	9.963994e-01	9.959109e-01	9.932888e-01	1.202132e+00
5.025126e-02	-2.223449e-02	-2.223474e-02	-1.285953e-02	9.964138e-01	9.959272e-01	9.933194e-01	1.185105e+00
5.012531e-02	-2.223462e-02	-2.223486e-02	-1.285940e-02	9.964280e-01	9.959433e-01	9.933493e-01	1.168320e+00
5.000000e-02	-2.223475e-02	-2.223499e-02	-1.285927e-02	9.964419e-01	9.959591e-01	9.933787e-01	1.151775e+00
4.987531e-02	-2.223488e-02	-2.223513e-02	-1.285914e-02	9.964556e-01	9.959745e-01	9.934075e-01	1.135465e+00
4.975124e-02	-2.223502e-02	-2.223527e-02	-1.285902e-02	9.964689e-01	9.959896e-01	9.934357e-01	1.119389e+00
4.962779e-02	-2.223517e-02	-2.223542e-02	-1.285890e-02	9.964820e-01	9.960045e-01	9.934634e-01	1.103542e+00
4.950495e-02	-2.223532e-02	-2.223557e-02	-1.285878e-02	9.964949e-01	9.960190e-01	9.934905e-01	1.087922e+00
4.938272e-02	-2.223548e-02	-2.223573e-02	-1.285866e-02	9.965075e-01	9.960333e-01	9.935171e-01	1.072525e+00
4.926108e-02	-2.223564e-02	-2.223589e-02	-1.285855e-02	9.965199e-01	9.960472e-01	9.935432e-01	1.057350e+00
4.914005e-02	-2.223581e-02	-2.223606e-02	-1.285844e-02	9.965320e-01	9.960609e-01	9.935688e-01	1.042392e+00
4.901961e-02	-2.223599e-02	-2.223623e-02	-1.285833e-02	9.965439e-01	9.960743e-01	9.935939e-01	1.027649e+00
4.889976e-02	-2.223617e-02	-2.223641e-02	-1.285822e-02	9.965555e-01	9.960875e-01	9.936184e-01	1.013118e+00
4.878049e-02	-2.223635e-02	-2.223659e-02	-1.285812e-02	9.965670e-01	9.961004e-01	9.936425e-01	9.987971e-01
4.866180e-02	-2.223654e-02	-2.223678e-02	-1.285801e-02	9.965782e-01	9.961130e-01	9.936662e-01	9.846822e-01
4.854369e-02	-2.223673e-02	-2.223697e-02	-1.285791e-02	9.965892e-01	9.961254e-01	9.936893e-01	9.707709e-01
4.842615e-02	-2.223693e-02	-2.223717e-02	-1.285781e-02	9.966000e-01	9.961375e-01	9.937121e-01	9.570605e-01
4.830918e-02	-2.223713e-02	-2.223737e-02	-1.285772e-02	9.966105e-01	9.961494e-01	9.937343e-01	9.435482e-01
4.819277e-02	-2.223734e-02	-2.223758e-02	-1.285762e-02	9.966209e-01	9.961611e-01	9.937562e-01	9.302313e-01
4.807692e-02	-2.223755e-02	-2.223779e-02	-1.285753e-02	9.966311e-01	9.961725e-01	9.937776e-01	9.171071e-01
4.796163e-02	-2.223776e-02	-2.223800e-02	-1.285744e-02	9.966411e-01	9.961837e-01	9.937986e-01	9.041730e-01
4.784689e-02	-2.223798e-02	-2.223822e-02	-1.285735e-02	9.966508e-01	9.961947e-01	9.938191e-01	8.914264e-01
4.773270e-02	-2.223820e-02	-2.223844e-02	-1.285726e-02	9.966604e-01	9.962055e-01	9.938393e-01	8.788646e-01
4.761905e-02	-2.223843e-02	-2.223867e-02	-1.285718e-02	9.966699e-01	9.962160e-01	9.938591e-01	8.664851e-01
4.750594e-02	-2.223866e-02	-2.223890e-02	-1.285709e-02	9.966791e-01	9.962263e-01	9.938785e-01	8.542855e-01
4.739336e-02	-2.223890e-02	-2.223914e-02	-1.285701e-02	9.966882e-01	9.962365e-01	9.938975e-01	8.422634e-01
4.728132e-02	-2.223914e-02	-2.223938e-02	-1.285693e-02	9.966970e-01	9.962464e-01	9.939162e-01	8.304162e-01
4.716981e-02	-2.223938e-02	-2.223962e-02	-1.285685e-02	9.967058e-01	9.962561e-01	9.939344e-01	8.187417e-01
4.705882e-02	-2.223962e-02	-2.223986e-02	-1.285677e-02	9.967143e-01	9.962657e-01	9.939524e-01	8.072376e-01
4.694836e-02	-2.223987e-02	-2.224011e-02	-1.285670e-02	9.967227e-01	9.962750e-01	9.939699e-01	7.959016e-01
4.683841e-02	-2.224013e-02	-2.224037e-02	-1.285662e-02	9.967309e-01	9.962842e-01	9.939872e-01	7.847316e-01
4.672897e-02	-2.224038e-02	-2.224062e-02	-1.285655e-02	9.967390e-01	9.962931e-01	9.940041e-01	7.737252e-01
4.662005e-02	-2.224064e-02	-2.224088e-02	-1.285648e-02	9.967469e-01	9.963019e-01	9.940206e-01	7.628804e-01
4.651163e-02	-2.224091e-02	-2.224114e-02	-1.285641e-02	9.967547e-01	9.963106e-01	9.940369e-01	7.521948e-01
4.640371e-02	-2.224117e-02	-2.224141e-02	-1.285634e-02	9.967623e-01	9.963190e-01	9.940528e-01	7.416665e-01
4.629630e-02	-2.224144e-02	-2.224168e-02	-1.285628e-02	9.967698e-01	9.963273e-01	9.940684e-01	7.312933e-01
4.618938e-02	-2.224171e-02	-2.224195e-02	-1.285621e-02	9.967771e-01	9.963354e-01	9.940837e-01	7.210731e-01
4.608295e-02	-2.224199e-02	-2.224223e-02	-1.285615e-02	9.967843e-01	9.963433e-01	9.940987e-01	7.110038e-01
4.597701e-02	-2.224227e-02	-2.224250e-02	-1.285608e-02	9.967913e-01	9.963511e-01	9.941134e-01	7.010834e-01
4.587156e-02	-2.224255e-02	-2.224278e-02	-1.285602e-02	9.967983e-01	9.963588e-01	9.941279e-01	6.913097e-01
4.576659e-02	-2.224283e-02	-2.224307e-02	-1.285596e-02	9.968051e-01	9.963662e-01	9.941420e-01	6.816809e-01
4.566210e-02	-2.224312e-02	-2.224335e-02	-1.285590e-02	9.968117e-01	9.963736e-01	9.941559e-01	6.721949e-01
4.555809e-02	-2.224341e-02	-2.224364e-02	-1.285585e-02	9.968183e-01	9.963807e-01	9.941695e-01	6.628499e-01
4.545455e-02	-2.224370e-02	-2.224394e-02	-1.285579e-02	9.968247e-01	9.963878e-01	9.941829e-01	6.536437e-01
4.535147e-02	-2.224399e-02	-2.224423e-02	-1.285573e-02	9.968310e-01	9.963947e-01	9.941959e-01	6.445745e-01
4.524887e-02	-2.224429e-02	-2.224453e-02	-1.285568e-02	9.968372e-01	9.964014e-01	9.942088e-01	6.356405e-01
4.514673e-02	-2.224459e-02	-2.224483e-02	-1.285563e-02	9.968432e-01	9.964081e-01	9.942213e-01	6.268398e-01
4.504505e-02	-2.224489e-02	-2.224513e-02	-1.285557e-02	9.968492e-01	9.964145e-01	9.942337e-01	6.181704e-01
4.494382e-02	-2.224519e-02	-2.224543e-02	-1.285552e-02	9.968550e-01	9.964209e-01	9.942458e-01	6.096307e-01
4.484305e-02	-2.224550e-02	-2.224574e-02	-1.285547e-02	9.968607e-01	9.964271e-01	9.942576e-01	6.012187e-01
4.474273e-02	-2.224581e-02	-2.224605e-02	-1.285542e-02	9.968664e-01	9.964332e-01	9.942692e-01	5.929328e-01
4.464286e-02	-2.224612e-02	-2.224636e-02	-1.285538e-02	9.968719e-01	9.964392e-01	9.942806e-01	5.847711e-01
4.454343e-02	-2.224643e-02	-2.224667e-02	-1.285533e-02	9.968773e-01	9.964450e-01	9.942918e-01	5.767319e-01
4.444444e-02	-2.224675e-02	-2.224699e-02	-1.285528e-02	9.968826e-01	9.964508e-01	9.943028e-01	5.688137e-01
4.434590e-02	-2.224707e-02	-2.224731e-02	-1.285524e-02	9.968878e-01	9.964564e-01	9.943135e-01	5.610145e-01
4.424779e-02	-2.224739e-02	-2.224763e-02	-1.285519e-02	9.968929e-01	9.964619e-01	9.943240e-01	5.533328e-01
4.415011e-02	-2.224771e-02	-2.224795e-02	-1.285515e-02	9.968980e-01	9.964673e-01	9.943344e-01	5.457671e-01
4.405286e-02	-2.224803e-02	-2.224827e-02	-1.285511e-02	9.969029e-01	9.964726e-01	9.943445e-01	5.383154e-01
4.395604e-02	-2.224836e-02	-2.224860e-02	-1.285507e-02	9.969077e-01	9.964778e-01	9.943544e-01	5.309765e-01
4.385965e-02	-2.224868e-02	-2.224892e-02	-1.285503e-02	9.969125e-01	9.964828e-01	9.943642e-01	5.237484e-01
4.376368e-02	-2.224901e-02	-2.224925e-02	-1.285499e-02	9.969171e-01	9.964878e-01	9.943737e-01	5.166297e-01
4.366812e-02	-2.224934e-02	-2.224958e-02	-1.285495e-02	9.969217e-01	9.964927e-01	9.943831e-01	5.096187e-01
4.357298e-02	-2.224968e-02	-2.224992e-02	-1.285491e-02	9.969262e-01	9.964974e-01	9.943923e-01	5.027139e-01
4.347826e-02	-2.225001e-02	-2.225025e-02	-1.285487e-02	9.969306e-01	9.965021e-01	9.944013e-01	4.959137e-01
4.338395e-02	-2.225035e-02	-2.225059e-02	-1.285484e-02	9.969350e-01	9.965067e-01	9.944101e-01	4.892166e-01
4.329004e-02	-2.225068e-02	-2.225093e-02	-1.285480e-02	9.969392e-01	9.965111e-01	9.944188e-01	4.826213e-01
4.319654e-02	-2.225102e-02	-2.225126e-02	-1.285477e-02	9.969434e-01	9.965155e-01	9.944273e-01	4.761261e-01
4.310345e-02	-2.225137e-02	-2.225161e-02	-1.285473e-02	9.969475e-01	9.965198e-01	9.944356e-01	4.697300e-01
4.301075e-02	-2.225171e-02	-2.225195e-02	-1.285470e-02	9.969515e-01	9.965240e-01	9.944438e-01	4.634313e-01
4.291845e-02	-2.225205e-02	-2.225229e-02	-1.285467e-02	9.969555e-01	9.965281e-01	9.944518e-01	4.572289e-01
4.282655e-02	-2.225240e-02	-2.225264e-02	-1.285464e-02	9.969594e-01	9.965322e-01	9.944596e-01	4.511214e-01
4.273504e-02	-2.225274e-02	-2.225299e-02	-1.285460e-02	9.969632e-01	9.965361e-01	9.944673e-01	4.451076e-01
4.264392e-02	-2.225309e-02	-2.225333e-02	-1.285457e-02	9.969669e-01	9.965400e-01	9.944749e-01	4.391860e-01
4.255319e-02	-2.225344e-02	-2.225368e-02	-1.285454e-02	9.969706e-01	9.965438e-01	9.944823e-01	4.333555e-01
4.246285e-02	-2.225379e-02	-2.225404e-02	-1.285451e-02	9.969742e-01	9.965475e-01	9.944895e-01	4.276147e-01
4.237288e-02	-2.225415e-02	-2.225439e-02	-1.285449e-02	9.969777e-01	9.965511e-01	9.944966e-01	4.219624e-01
4.228330e-02	-2.225450e-02	-2.225474e-02	-1.285446e-02	9.969812e-01	9.965547e-01	9.945036e-01	4.163973e-01
4.219409e-02	-2.225486e-02	-2.225510e-02	-1.285443e-02	9.969846e-01	9.965582e-01	9.945105e-01	4.109182e-01
4.210526e-02	-2.225521e-02	-2.225545e-02	-1.285440e-02	9.969880e-01	9.965616e-01	9.945172e-01	4.055238e-01
4.201681e-02	-2.225557e-02	-2.225581e-02	-1.285438e-02	9.969913e-01	9.965649e-01	9.945238e-01	4.002130e-01
4.192872e-02	-2.225593e-02	-2.225617e-02	-1.285435e-02	9.969945e-01	9.965682e-01	9.945302e-01	3.949846e-01
4.184100e-02	-2.225629e-02	-2.225653e-02	-1.285433e-02	9.969977e-01	9.965714e-01	9.945365e-01	3.898373e-01
4.175365e-02	-2.225665e-02	-2.225689e-02	-1.285430e-02	9.970008e-01	9.965745e-01	9.945428e-01	3.847700e-01
4.166667e-02	-2.225701e-02	-2.225725e-02	-1.285428e-02	9.970039e-01	9.965776e-01	9.945488e-01	3.797816e-01
4.158004e-02	-2.225738e-02	-2.225762e-02	-1.285425e-02	9.970069e-01	9.965806e-01	9.945548e-01	3.748709e-01
4.149378e-02	-2.225774e-02	-2.225798e-02	-1.285423e-02	9.970099e-01	9.965835e-01	9.945607e-01	3.700369e-01
4.140787e-02	-2.225811e-02	-2.225835e-02	-1.285421e-02	9.970128e-01	9.965864e-01	9.945664e-01	3.652785e-01
4.132231e-02	-2.225847e-02	-2.225871e-02	-1.285419e-02	9.970156e-01	9.965892e-01	9.945720e-01	3.605945e-01
4.123711e-02	-2.225884e-02	-2.225908e-02	-1.285417e-02	9.970185e-01	9.965919e-01	9.945775e-01	3.559840e-01
4.115226e-02	-2.225921e-02	-2.225945e-02	-1.285414e-02	9.970212e-01	9.965946e-01	9.945830e-01	3.514458e-01
4.106776e-02	-2.225958e-02	-2.225982e-02	-1.285412e-02	9.970239e-01	9.965973e-01	9.945883e-01	3.469788e-01
4.098361e-02	-2.225995e-02	-2.226019e-02	-1.285410e-02	9.970266e-01	9.965999e-01	9.945935e-01	3.425819e-01
4.089980e-02	-2.226032e-02	-2.226056e-02	-1.285408e-02	9.970292e-01	9.966024e-01	9.945986e-01	3.382539e-01
4.081633e-02	-2.226069e-02	-2.226094e-02	-1.285406e-02	9.970318e-01	9.966048e-01	9.946036e-01	3.339939e-01
4.073320e-02	-2.226107e-02	-2.226131e-02	-1.285405e-02	9.970343e-01	9.966073e-01	9.946085e-01	3.298007e-01
4.065041e-02	-2.226144e-02	-2.226168e-02	-1.285403e-02	9.970368e-01	9.966096e-01	9.946133e-01	3.256736e-01
4.056795e-02	-2.226182e-02	-2.226206e-02	-1.285401e-02	9.970393e-01	9.966119e-01	9.946180e-01	3.216117e-01
4.048583e-02	-2.226219e-02	-2.226243e-02	-1.285399e-02	9.970417e-01	9.966142e-01	9.946227e-01	3.176140e-01
4.040404e-02	-2.226257e-02	-2.226281e-02	-1.285398e-02	9.970440e-01	9.966164e-01	9.946272e-01	3.136797e-01
4.032258e-02	-2.226295e-02	-2.226319e-02	-1.285396e-02	9.970463e-01	9.966186e-01	9.946316e-01	3.098080e-01
4.024145e-02	-2.226333e-02	-2.226357e-02	-1.285394e-02	9.970486e-01	9.966207e-01	9.946360e-01	3.059979e-01
4.016064e-02	-2.226370e-02	-2.226395e-02	-1.285393e-02	9.970509e-01	9.966228e-01	9.946403e-01	3.022487e-01
4.008016e-02	-2.226408e-02	-2.226432e-02	-1.285391e-02	9.970531e-01	9.966248e-01	9.946445e-01	2.985593e-01
4.000000e-02	-2.226447e-02	-2.226471e-02	-1.285390e-02	9.970552e-01	9.966268e-01	9.946486e-01	2.949290e-01
3.992016e-02	-2.226485e-02	-2.226509e-02	-1.285388e-02	9.970574e-01	9.966287e-01	9.946527e-01	2.913568e-01
3.984064e-02	-2.226523e-02	-2.226547e-02	-1.285387e-02	9.970595e-01	9.966306e-01	9.946566e-01	2.878419e-01
3.976143e-02	-2.226561e-02	-2.226585e-02	-1.285385e-02	9.970615e-01	9.966325e-01	9.946605e-01	2.843834e-01
3.968254e-02	-2.226599e-02	-2.226623e-02	-1.285384e-02	9.970636e-01	9.966343e-01	9.946643e-01	2.809806e-01
3.960396e-02	-2.226638e-02	-2.226662e-02	-1.285382e-02	9.970656e-01	9.966360e-01	9.946680e-01	2.776326e-01
3.952569e-02	-2.226676e-02	-2.226700e-02	-1.285381e-02	9.970675e-01	9.966378e-01	9.946717e-01	2.743387e-01
3.944773e-02	-2.226715e-02	-2.226739e-02	-1.285380e-02	9.970695e-01	9.966395e-01	9.946753e-01	2.710979e-01
3.937008e-02	-2.226753e-02	-2.226777e-02	-1.285379e-02	9.970714e-01	9.966411e-01	9.946788e-01	2.679096e-01
3.929273e-02	-2.226792e-02	-2.226816e-02	-1.285377e-02	9.970732e-01	9.966427e-01	9.946823e-01	2.647731e-01
3.921569e-02	-2.226831e-02	-2.226855e-02	-1.285376e-02	9.970751e-01	9.966443e-01	9.946857e-01	2.616875e-01
3.913894e-02	-2.226869e-02	-2.226893e-02	-1.285375e-02	9.970769e-01	9.966458e-01	9.946890e-01	2.586521e-01
3.906250e-02	-2.226908e-02	-2.226932e-02	-1.285374e-02	9.970787e-01	9.966474e-01	9.946923e-01	2.556662e-01
3.898635e-02	-2.226947e-02	-2.226971e-02	-1.285373e-02	9.970804e-01	9.966488e-01	9.946955e-01	2.527290e-01
3.891051e-02	-2.226986e-02	-2.227010e-02	-1.285372e-02	9.970821e-01	9.966503e-01	9.946986e-01	2.498399e-01
3.883495e-02	-2.227025e-02	-2.227049e-02	-1.285370e-02	9.970838e-01	9.966517e-01	9.947017e-01	2.469982e-01
3.875969e-02	-2.227064e-02	-2.227088e-02	-1.285369e-02	9.970855e-01	9.966530e-01	9.947047e-01	2.442031e-01
3.868472e-02	-2.227103e-02	-2.227127e-02	-1.285368e-02	9.970871e-01	9.966544e-01	9.947076e-01	2.414540e-01
3.861004e-02	-2.227142e-02	-2.227166e-02	-1.285367e-02	9.970887e-01	9.966557e-01	9.947105e-01	2.387502e-01
3.853565e-02	-2.227181e-02	-2.227205e-02	-1.285366e-02	9.970903e-01	9.966570e-01	9.947134e-01	2.360910e-01
3.846154e-02	-2.227221e-02	-2.227245e-02	-1.285366e-02	9.970919e-01	9.966582e-01	9.947162e-01	2.334758e-01
3.838772e-02	-2.227260e-02	-2.227284e-02	-1.285365e-02	9.970934e-01	9.966594e-01	9.947189e-01	2.309039e-01
3.831418e-02	-2.227299e-02	-2.227323e-02	-1.285364e-02	9.970950e-01	9.966606e-01	9.947216e-01	2.283747e-01
3.824092e-02	-2.227338e-02	-2.227362e-02	-1.285363e-02	9.970965e-01	9.966618e-01	9.947242e-01	2.258876e-01
3.816794e-02	-2.227378e-02	-2.227402e-02	-1.285362e-02	9.970979e-01	9.966629e-01	9.947268e-01	2.234419e-01
3.809524e-02	-2.227417e-02	-2.227441e-02	-1.285361e-02	9.970994e-01	9.966640e-01	9.947293e-01	2.210370e-01
3.802281e-02	-2.227457e-02	-2.227481e-02	-1.285360e-02	9.971008e-01	9.966651e-01	9.947318e-01	2.186724e-01
3.795066e-02	-2.227496e-02	-2.227520e-02	-1.285360e-02	9.971022e-01	9.966661e-01	9.947343e-01	2.163474e-01
3.787879e-02	-2.227536e-02	-2.227560e-02	-1.285359e-02	9.971036e-01	9.966672e-01	9.947367e-01	2.140615e-01
3.780718e-02	-2.227575e-02	-2.227599e-02	-1.285358e-02	9.971050e-01	9.966682e-01	9.947390e-01	2.118140e-01
3.773585e-02	-2.227615e-02	-2.227639e-02	-1.285357e-02	9.971063e-01	9.966691e-01	9.947413e-01	2.096046e-01
3.766478e-02	-2.227655e-02	-2.227678e-02	-1.285357e-02	9.971076e-01	9.966701e-01	9.947436e-01	2.074324e-01
3.759398e-02	-2.227694e-02	-2.227718e-02	-1.285356e-02	9.971089e-01	9.966710e-01	9.947458e-01	2.052971e-01
3.752345e-02	-2.227734e-02	-2.227758e-02	-1.285355e-02	9.971102e-01	9.966719e-01	9.947479e-01	2.031981e-01
3.745318e-02	-2.227774e-02	-2.227798e-02	-1.285355e-02	9.971115e-01	9.966728e-01	9.947501e-01	2.011348e-01
3.738318e-02	-2.227813e-02	-2.227837e-02	-1.285354e-02	9.971127e-01	9.966736e-01	9.947522e-01	1.991067e-01
3.731343e-02	-2.227853e-02	-2.227877e-02	-1.285354e-02	9.971140e-01	9.966745e-01	9.947542e-01	1.971133e-01
3.724395e-02	-2.227893e-02	-2.227917e-02	-1.285353e-02	9.971152e-01	9.966753e-01	9.947562e-01	1.951540e-01
3.717472e-02	-2.227933e-02	-2.227957e-02	-1.285352e-02	9.971164e-01	9.966761e-01	9.947582e-01	1.932284e-01
3.710575e-02	-2.227973e-02	-2.227997e-02	-1.285352e-02	9.971175e-01	9.966768e-01	9.947601e-01	1.913360e-01
3.703704e-02	-2.228013e-02	-2.228037e-02	-1.285351e-02	9.971187e-01	9.966776e-01	9.947620e-01	1.894762e-01
3.696858e-02	-2.228053e-02	-2.228077e-02	-1.285351e-02	9.971198e-01	9.966783e-01	9.947639e-01	1.876486e-01
3.690037e-02	-2.228093e-02	-2.228117e-02	-1.285350e-02	9.971210e-01	9.966790e-01	9.947657e-01	1.858526e-01
3.683241e-02	-2.228133e-02	-2.228157e-02	-1.285350e-02	9.971221e-01	9.966797e-01	9.947675e-01	1.840880e-01
3.676471e-02	-2.228173e-02	-2.228197e-02	-1.285349e-02	9.971232e-01	9.966804e-01	9.947692e-01	1.823540e-01
3.669725e-02	-2.228213e-02	-2.228237e-02	-1.285349e-02	9.971243e-01	9.966810e-01	9.947709e-01	1.806504e-01
3.663004e-02	-2.228253e-02	-2.228277e-02	-1.285348e-02	9.971253e-01	9.966817e-01	9.947726e-01	1.789767e-01
3.656307e-02	-2.228293e-02	-2.228317e-02	-1.285348e-02	9.971264e-01	9.966823e-01	9.947743e-01	1.773324e-01
3.649635e-02	-2.228333e-02	-2.228357e-02	-1.285348e-02	9.971274e-01	9.966829e-01	9.947759e-01	1.757171e-01
3.642987e-02	-2.228373e-02	-2.228397e-02	-1.285347e-02	9.971284e-01	9.966835e-01	9.947775e-01	1.741305e-01
3.636364e-02	-2.228413e-02	-2.228437e-02	-1.285347e-02	9.971294e-01	9.966840e-01	9.947791e-01	1.725718e-01
3.629764e-02	-2.228453e-02	-2.228477e-02	-1.285346e-02	9.971304e-01	9.966846e-01	9.947806e-01	1.710410e-01
3.623188e-02	-2.228494e-02	-2.228518e-02	-1.285346e-02	9.971314e-01	9.966851e-01	9.947821e-01	1.695374e-01
3.616637e-02	-2.228534e-02	-2.228558e-02	-1.285346e-02	9.971324e-01	9.966856e-01	9.947836e-01	1.680608e-01
3.610108e-02	-2.228574e-02	-2.228598e-02	-1.285345e-02	9.971334e-01	9.966861e-01	9.947850e-01	1.666106e-01
3.603604e-02	-2.228614e-02	-2.228638e-02	-1.285345e-02	9.971343e-01	9.966866e-01	9.947864e-01	1.651865e-01
3.597122e-02	-2.228655e-02	-2.228678e-02	-1.285345e-02	9.971352e-01	9.966871e-01	9.947878e-01	1.637881e-01
3.590664e-02	-2.228695e-02	-2.228719e-02	-1.285344e-02	9.971362e-01	9.966875e-01	9.947892e-01	1.624150e-01
3.584229e-02	-2.228735e-02	-2.228759e-02	-1.285344e-02	9.971371e-01	9.966880e-01	9.947905e-01	1.610668e-01
3.577818e-02	-2.228775e-02	-2.228799e-02	-1.285344e-02	9.971380e-01	9.966884e-01	9.947919e-01	1.597432e-01
3.571429e-02	-2.228816e-02	-2.228840e-02	-1.285344e-02	9.971388e-01	9.966888e-01	9.947931e-01	1.584437e-01
3.565062e-02	-2.228856e-02	-2.228880e-02	-1.285343e-02	9.971397e-01	9.966892e-01	9.947944e-01	1.571680e-01
3.558719e-02	-2.228896e-02	-2.228920e-02	-1.285343e-02	9.971406e-01	9.966896e-01	9.947956e-01	1.559157e-01
3.552398e-02	-2.228937e-02	-2.228961e-02	-1.285343e-02	9.971414e-01	9.966900e-01	9.947969e-01	1.546866e-01
3.546099e-02	-2.228977e-02	-2.229001e-02	-1.285343e-02	9.971423e-01	9.966903e-01	9.947981e-01	1.534801e-01
3.539823e-02	-2.229018e-02	-2.229042e-02	-1.285342e-02	9.971431e-01	9.966907e-01	9.947992e-01	1.522961e-01
3.533569e-02	-2.229058e-02	-2.229082e-02	-1.285342e-02	9.971439e-01	9.966910e-01	9.948004e-01	1.511341e-01
3.527337e-02	-2.229098e-02	-2.229122e-02	-1.285342e-02	9.971448e-01	9.966913e-01	9.948015e-01	1.499939e-01
3.521127e-02	-2.229139e-02	-2.229163e-02	-1.285342e-02	9.971456e-01	9.966916e-01	9.948026e-01	1.488751e-01
3.514938e-02	-2.229179e-02	-2.229203e-02	-1.285342e-02	9.971464e-01	9.966919e-01	9.948037e-01	1.477775e-01
3.508772e-02	-2.229220e-02	-2.229244e-02	-1.285342e-02	9.971471e-01	9.966922e-01	9.948048e-01	1.467006e-01
3.502627e-02	-2.229260e-02	-2.229284e-02	-1.285341e-02	9.971479e-01	9.966925e-01	9.948058e-01	1.456442e-01
3.496503e-02	-2.229301e-02	-2.229325e-02	-1.285341e-02	9.971487e-01	9.966927e-01	9.948068e-01	1.446080e-01
3.490401e-02	-2.229341e-02	-2.229365e-02	-1.285341e-02	9.971495e-01	9.966930e-01	9.948078e-01	1.435917e-01
3.484321e-02	-2.229382e-02	-2.229406e-02	-1.285341e-02	9.971502e-01	9.966932e-01	9.948088e-01	1.425950e-01
3.478261e-02	-2.229422e-02	-2.229446e-02	-1.285341e-02	9.971509e-01	9.966935e-01	9.948098e-01	1.416177e-01
3.472222e-02	-2.229463e-02	-2.229487e-02	-1.285341e-02	9.971517e-01	9.966937e-01	9.948107e-01	1.406593e-01
3.466205e-02	-2.229503e-02	-2.229527e-02	-1.285341e-02	9.971524e-01	9.966939e-01	9.948117e-01	1.397197e-01
3.460208e-02	-2.229544e-02	-2.229568e-02	-1.285341e-02	9.971531e-01	9.966941e-01	9.948126e-01	1.387985e-01
3.454231e-02	-2.229584e-02	-2.229608e-02	-1.285340e-02	9.971538e-01	9.966943e-01	9.948135e-01	1.378955e-01
3.448276e-02	-2.229625e-02	-2.229649e-02	-1.285340e-02	9.971545e-01	9.966945e-01	9.948144e-01	1.370104e-01
3.442341e-02	-2.229665e-02	-2.229689e-02	-1.285340e-02	9.971552e-01	9.966947e-01	9.948152e-01	1.361428e-01
3.436426e-02	-2.229706e-02	-2.229730e-02	-1.285340e-02	9.971559e-01	9.966948e-01	9.948161e-01	1.352926e-01
3.430532e-02	-2.229746e-02	-2.229770e-02	-1.285340e-02	9.971566e-01	9.966950e-01	9.948169e-01	1.344594e-01
3.424658e-02	-2.229787e-02	-2.229811e-02	-1.285340e-02	9.971573e-01	9.966951e-01	9.948177e-01	1.336431e-01
3.418803e-02	-2.229828e-02	-2.229851e-02	-1.285340e-02	9.971579e-01	9.966953e-01	9.948185e-01	1.328432e-01
3.412969e-02	-2.229868e-02	-2.229892e-02	-1.285340e-02	9.971586e-01	9.966954e-01	9.948193e-01	1.320596e-01
3.407155e-02	-2.229909e-02	-2.229933e-02	-1.285340e-02	9.971593e-01	9.966955e-01	9.948201e-01	1.312921e-01
3.401361e-02	-2.229949e-02	-2.229973e-02	-1.285340e-02	9.971599e-01	9.966956e-01	9.948208e-01	1.305404e-01
3.395586e-02	-2.229990e-02	-2.230014e-02	-1.285340e-02	9.971605e-01	9.966957e-01	9.948216e-01	1.298043e-01
3.389831e-02	-2.230030e-02	-2.230054e-02	-1.285340e-02	9.971612e-01	9.966958e-01	9.948223e-01	1.290836e-01
3.384095e-02	-2.230071e-02	-2.230095e-02	-1.285340e-02	9.971618e-01	9.966959e-01	9.948230e-01	1.283780e-01
3.378378e-02	-2.230112e-02	-2.230135e-02	-1.285340e-02	9.971624e-01	9.966960e-01	9.948237e-01	1.276874e-01
3.372681e-02	-2.230152e-02	-2.230176e-02	-1.285340e-02	9.971631e-01	9.966961e-01	9.948244e-01	1.270114e-01
3.367003e-02	-2.230193e-02	-2.230217e-02	-1.285340e-02	9.971637e-01	9.966962e-01	9.948251e-01	1.263501e-01
3.361345e-02	-2.230233e-02	-2.230257e-02	-1.285340e-02	9.971643e-01	9.966962e-01	9.948257e-01	1.257031e-01
3.355705e-02	-2.230274e-02	-2.230298e-02	-1.285340e-02	9.971649e-01	9.966963e-01	9.948264e-01	1.250702e-01
3.350084e-02	-2.230315e-02	-2.230338e-02	-1.285340e-02	9.971655e-01	9.966963e-01	9.948270e-01	1.244513e-01
3.344482e-02	-2.230355e-02	-2.230379e-02	-1.285340e-02	9.971661e-01	9.966964e-01	9.948277e-01	1.238461e-01
3.338898e-02	-2.230396e-02	-2.230420e-02	-1.285340e-02	9.971666e-01	9.966964e-01	9.948283e-01	1.232544e-01
3.333333e-02	-2.230436e-02	-2.230460e-02	-1.285340e-02	9.971672e-01	9.966964e-01	9.948289e-01	1.226762e-01
3.327787e-02	-2.230477e-02	-2.230501e-02	-1.285340e-02	9.971678e-01	9.966964e-01	9.948295e-01	1.221111e-01
3.322259e-02	-2.230518e-02	-2.230541e-02	-1.285340e-02	9.971684e-01	9.966965e-01	9.948301e-01	1.215590e-01
3.316750e-02	-2.230558e-02	-2.230582e-02	-1.285340e-02	9.971689e-01	9.966965e-01	9.948306e-01	1.210197e-01
3.311258e-02	-2.230599e-02	-2.230623e-02	-1.285340e-02	9.971695e-01	9.966965e-01	9.948312e-01	1.204930e-01
3.305785e-02	-2.230639e-02	-2.230663e-02	-1.285341e-02	9.971700e-01	9.966965e-01	9.948317e-01	1.199788e-01
3.300330e-02	-2.230680e-02	-2.230704e-02	-1.285341e-02	9.971706e-01	9.966965e-01	9.948323e-01	1.194768e-01
3.294893e-02	-2.230721e-02	-2.230744e-02	-1.285341e-02	9.971711e-01	9.966965e-01	9.948328e-01	1.189869e-01
3.289474e-02	-2.230761e-02	-2.230785e-02	-1.285341e-02	9.971717e-01	9.966964e-01	9.948333e-01	1.185090e-01
3.284072e-02	-2.230802e-02	-2.230826e-02	-1.285341e-02	9.971722e-01	9.966964e-01	9.948338e-01	1.180428e-01
3.278689e-02	-2.230842e-02	-2.230866e-02	-1.285341e-02	9.971727e-01	9.966964e-01	9.948343e-01	1.175880e-01
3.273322e-02	-2.230883e-02	-2.230907e-02	-1.285341e-02	9.971733e-01	9.966963e-01	9.948348e-01	1.171447e-01
3.267974e-02	-2.230924e-02	-2.230947e-02	-1.285341e-02	9.971738e-01	9.966963e-01	9.948353e-01	1.167126e-01
3.262643e-02	-2.230964e-02	-2.230988e-02	-1.285341e-02	9.971743e-01	9.966963e-01	9.948358e-01	1.162914e-01
3.257329e-02	-2.231005e-02	-2.231029e-02	-1.285341e-02	9.971748e-01	9.966962e-01	9.948362e-01	1.158811e-01
3.252033e-02	-2.231045e-02	-2.231069e-02	-1.285342e-02	9.971753e-01	9.966962e-01	9.948367e-01	1.154812e-01
3.246753e-02	-2.231086e-02	-2.231110e-02	-1.285342e-02	9.971759e-01	9.966961e-01	9.948371e-01	1.150918e-01
3.241491e-02	-2.231126e-02	-2.231150e-02	-1.285342e-02	9.971764e-01	9.966960e-01	9.948376e-01	1.147125e-01
3.236246e-02	-2.231167e-02	-2.231191e-02	-1.285342e-02	9.971769e-01	9.966960e-01	9.948380e-01	1.143432e-01
3.231018e-02	-2.231208e-02	-2.231231e-02	-1.285342e-02	9.971774e-01	9.966959e-01	9.948384e-01	1.139835e-01
3.225806e-02	-2.231248e-02	-2.231272e-02	-1.285342e-02	9.971779e-01	9.966958e-01	9.948389e-01	1.136334e-01
3.220612e-02	-2.231289e-02	-2.231313e-02	-1.285342e-02	9.971783e-01	9.966957e-01	9.948393e-01	1.132926e-01
3.215434e-02	-2.231329e-02	-2.231353e-02	-1.285343e-02	9.971788e-01	9.966957e-01	9.948397e-01	1.129608e-01
3.210273e-02	-2.231370e-02	-2.231394e-02	-1.285343e-02	9.971793e-01	9.966956e-01	9.948401e-01	1.126379e-01
3.205128e-02	-2.231410e-02	-2.231434e-02	-1.285343e-02	9.971798e-01	9.966955e-01	9.948404e-01	1.123238e-01
3.200000e-02	-2.231451e-02	-2.231475e-02	-1.285343e-02	9.971803e-01	9.966954e-01	9.948408e-01	1.120182e-01
3.194888e-02	-2.231492e-02	-2.231515e-02	-1.285343e-02	9.971808e-01	9.966953e-01	9.948412e-01	1.117210e-01
3.189793e-02	-2.231532e-02	-2.231556e-02	-1.285343e-02	9.971812e-01	9.966952e-01	9.948416e-01	1.114323e-01
3.184713e-02	-2.231573e-02	-2.231596e-02	-1.285343e-02	9.971817e-01	9.966951e-01	9.948419e-01	1.111520e-01
3.179650e-02	-2.231613e-02	-2.231637e-02	-1.285344e-02	9.971822e-01	9.966950e-01	9.948423e-01	1.108800e-01
3.174603e-02	-2.231654e-02	-2.231677e-02	-1.285344e-02	9.971826e-01	9.966948e-01	9.948426e-01	1.106166e-01
3.169572e-02	-2.231694e-02	-2.231718e-02	-1.285344e-02	9.971831e-01	9.966947e-01	9.948430e-01	1.103618e-01
3.164557e-02	-2.231735e-02	-2.231758e-02	-1.285344e-02	9.971835e-01	9.966946e-01	9.948433e-01	1.101156e-01
3.159558e-02	-2.231775e-02	-2.231799e-02	-1.285344e-02	9.971840e-01	9.966945e-01	9.948436e-01	1.098785e-01
3.154574e-02	-2.231816e-02	-2.231839e-02	-1.285345e-02	9.971844e-01	9.966943e-01	9.948439e-01	1.096503e-01
3.149606e-02	-2.231856e-02	-2.231880e-02	-1.285345e-02	9.971849e-01	9.966942e-01	9.948442e-01	1.094313e-01
3.144654e-02	-2.231897e-02	-2.231920e-02	-1.285345e-02	9.971853e-01	9.966941e-01	9.948446e-01	1.092215e-01
3.139717e-02	-2.231937e-02	-2.231961e-02	-1.285345e-02	9.971858e-01	9.966939e-01	9.948449e-01	1.090210e-01
3.134796e-02	-2.231978e-02	-2.232001e-02	-1.285345e-02	9.971862e-01	9.966938e-01	9.948452e-01	1.088300e-01
3.129890e-02	-2.232018e-02	-2.232042e-02	-1.285346e-02	9.971867e-01	9.966936e-01	9.948455e-01	1.086480e-01
3.125000e-02	-2.232059e-02	-2.232082e-02	-1.285346e-02	9.971871e-01	9.966935e-01	9.948457e-01	1.084750e-01
3.120125e-02	-2.232099e-02	-2.232123e-02	-1.285346e-02	9.971875e-01	9.966934e-01	9.948460e-01	1.083100e-01
3.115265e-02	-2.232140e-02	-2.232163e-02	-1.285346e-02	9.971880e-01	9.966932e-01	9.948463e-01	1.081523e-01
3.110420e-02	-2.232180e-02	-2.232204e-02	-1.285347e-02	9.971884e-01	9.966930e-01	9.948466e-01	1.080009e-01
3.105590e-02	-2.232221e-02	-2.232244e-02	-1.285347e-02	9.971888e-01	9.966929e-01	9.948468e-01	1.078543e-01
3.100775e-02	-2.232261e-02	-2.232285e-02	-1.285347e-02	9.971893e-01	9.966927e-01	9.948471e-01	1.077115e-01
3.095975e-02	-2.232301e-02	-2.232325e-02	-1.285347e-02	9.971897e-01	9.966926e-01	9.948474e-01	1.075712e-01
3.091190e-02	-2.232342e-02	-2.232366e-02	-1.285348e-02	9.971901e-01	9.966924e-01	9.948476e-01	1.074324e-01
3.086420e-02	-2.232382e-02	-2.232406e-02	-1.285348e-02	9.971905e-01	9.966922e-01	9.948479e-01	1.072944e-01
3.081664e-02	-2.232423e-02	-2.232446e-02	-1.285348e-02	9.971909e-01	9.966921e-01	9.948481e-01	1.071573e-01
3.076923e-02	-2.232463e-02	-2.232487e-02	-1.285348e-02	9.971914e-01	9.966919e-01	9.948484e-01	1.070217e-01
3.072197e-02	-2.232503e-02	-2.232527e-02	-1.285349e-02	9.971918e-01	9.966917e-01	9.948486e-01	1.068888e-01
3.067485e-02	-2.232544e-02	-2.232568e-02	-1.285349e-02	9.971922e-01	9.966915e-01	9.948488e-01	1.067602e-01
3.062787e-02	-2.232584e-02	-2.232608e-02	-1.285349e-02	9.971926e-01	9.966913e-01	9.948491e-01	1.066372e-01
3.058104e-02	-2.232625e-02	-2.232648e-02	-1.285349e-02	9.971930e-01	9.966912e-01	9.948493e-01	1.065212e-01
3.053435e-02	-2.232665e-02	-2.232689e-02	-1.285350e-02	9.971934e-01	9.966910e-01	9.948495e-01	1.064127e-01
3.048780e-02	-2.232705e-02	-2.232729e-02	-1.285350e-02	9.971938e-01	9.966908e-01	9.948497e-01	1.063121e-01
3.044140e-02	-2.232746e-02	-2.232769e-02	-1.285350e-02	9.971942e-01	9.966906e-01	9.948499e-01	1.062195e-01
3.039514e-02	-2.232786e-02	-2.232810e-02	-1.285350e-02	9.971946e-01	9.966904e-01	9.948501e-01	1.061346e-01
3.034901e-02	-2.232826e-02	-2.232850e-02	-1.285351e-02	9.971950e-01	9.966902e-01	9.948503e-01	1.060570e-01
3.030303e-02	-2.232867e-02	-2.232890e-02	-1.285351e-02	9.971954e-01	9.966900e-01	9.948505e-01	1.059864e-01
3.025719e-02	-2.232907e-02	-2.232931e-02	-1.285351e-02	9.971958e-01	9.966898e-01	9.948507e-01	1.059223e-01
3.021148e-02	-2.232947e-02	-2.232971e-02	-1.285352e-02	9.971962e-01	9.966896e-01	9.948509e-01	1.058645e-01
3.016591e-02	-2.232988e-02	-2.233011e-02	-1.285352e-02	9.971966e-01	9.966894e-01	9.948511e-01	1.058124e-01
3.012048e-02	-2.233028e-02	-2.233052e-02	-1.285352e-02	9.971970e-01	9.966892e-01	9.948513e-01	1.057658e-01
3.007519e-02	-2.233068e-02	-2.233092e-02	-1.285352e-02	9.971974e-01	9.966890e-01	9.948515e-01	1.057243e-01
3.003003e-02	-2.233109e-02	-2.233132e-02	-1.285353e-02	9.971978e-01	9.966888e-01	9.948517e-01	1.056879e-01
2.998501e-02	-2.233149e-02	-2.233173e-02	-1.285353e-02	9.971981e-01	9.966886e-01	9.948519e-01	1.056561e-01
2.994012e-02	-2.233189e-02	-2.233213e-02	-1.285353e-02	9.971985e-01	9.966884e-01	9.948520e-01	1.056290e-01
2.989537e-02	-2.233229e-02	-2.233253e-02	-1.285354e-02	9.971989e-01	9.966882e-01	9.948522e-01	1.056065e-01
2.985075e-02	-2.233270e-02	-2.233294e-02	-1.285354e-02	9.971993e-01	9.966880e-01	9.948524e-01	1.055884e-01
2.980626e-02	-2.233310e-02	-2.233334e-02	-1.285354e-02	9.971997e-01	9.966878e-01	9.948525e-01	1.055749e-01
2.976190e-02	-2.233350e-02	-2.233374e-02	-1.285355e-02	9.972001e-01	9.966875e-01	9.948527e-01	1.055658e-01
2.971768e-02	-2.233390e-02	-2.233414e-02	-1.285355e-02	9.972004e-01	9.966873e-01	9.948529e-01	1.055614e-01
2.967359e-02	-2.233430e-02	-2.233455e-02	-1.285355e-02	9.972008e-01	9.966871e-01	9.948530e-01	1.055614e-01
2.962963e-02	-2.233471e-02	-2.233495e-02	-1.285356e-02	9.972012e-01	9.966869e-01	9.948532e-01	1.055662e-01
2.958580e-02	-2.233511e-02	-2.233535e-02	-1.285356e-02	9.972016e-01	9.966867e-01	9.948533e-01	1.055758e-01
2.954210e-02	-2.233551e-02	-2.233575e-02	-1.285356e-02	9.972019e-01	9.966864e-01	9.948535e-01	1.055904e-01
2.949853e-02	-2.233591e-02	-2.233616e-02	-1.285356e-02	9.972023e-01	9.966862e-01	9.948536e-01	1.056101e-01
2.945508e-02	-2.233631e-02	-2.233656e-02	-1.285357e-02	9.972027e-01	9.966860e-01	9.948538e-01	1.056349e-01
2.941176e-02	-2.233672e-02	-2.233696e-02	-1.285357e-02	9.972030e-01	9.966858e-01	9.948539e-01	1.056651e-01
2.936858e-02	-2.233712e-02	-2.233736e-02	-1.285357e-02	9.972034e-01	9.966855e-01	9.948541e-01	1.057004e-01
2.932551e-02	-2.233752e-02	-2.233776e-02	-1.285358e-02	9.972038e-01	9.966853e-01	9.948542e-01	1.057411e-01
2.928258e-02	-2.233792e-02	-2.233816e-02	-1.285358e-02	9.972041e-01	9.966851e-01	9.948543e-01	1.057871e-01
2.923977e-02	-2.233832e-02	-2.233857e-02	-1.285358e-02	9.972045e-01	9.966848e-01	9.948545e-01	1.058383e-01
2.919708e-02	-2.233872e-02	-2.233897e-02	-1.285359e-02	9.972049e-01	9.966846e-01	9.948546e-01	1.058941e-01
2.915452e-02	-2.233912e-02	-2.233937e-02	-1.285359e-02	9.972052e-01	9.966844e-01	9.948547e-01	1.059536e-01
2.911208e-02	-2.233953e-02	-2.233977e-02	-1.285359e-02	9.972056e-01	9.966841e-01	9.948549e-01	1.060152e-01
2.906977e-02	-2.233993e-02	-2.234017e-02	-1.285360e-02	9.972060e-01	9.966839e-01	9.948550e-01	1.060770e-01
2.902758e-02	-2.234033e-02	-2.234057e-02	-1.285360e-02	9.972063e-01	9.966837e-01	9.948551e-01	1.061371e-01
2.898551e-02	-2.234073e-02	-2.234097e-02	-1.285360e-02	9.972067e-01	9.966834e-01	9.948552e-01	1.061935e-01
2.894356e-02	-2.234113e-02	-2.234137e-02	-1.285361e-02	9.972070e-01	9.966832e-01	9.948554e-01	1.062455e-01
2.890173e-02	-2.234153e-02	-2.234178e-02	-1.285361e-02	9.972074e-01	9.966829e-01	9.948555e-01	1.062932e-01
2.886003e-02	-2.234193e-02	-2.234218e-02	-1.285361e-02	9.972078e-01	9.966827e-01	9.948556e-01	1.063381e-01
2.881844e-02	-2.234233e-02	-2.234258e-02	-1.285362e-02	9.972081e-01	9.966825e-01	9.948557e-01	1.063822e-01
2.877698e-02	-2.234273e-02	-2.234298e-02	-1.285362e-02	9.972085e-01	9.966822e-01	9.948558e-01	1.064281e-01
2.873563e-02	-2.234313e-02	-2.234338e-02	-1.285363e-02	9.972088e-01	9.966820e-01	9.948559e-01	1.064773e-01
2.869440e-02	-2.234353e-02	-2.234378e-02	-1.285363e-02	9.972092e-01	9.966817e-01	9.948560e-01	1.065315e-01
2.865330e-02	-2.234393e-02	-2.234418e-02	-1.285363e-02	9.972095e-01	9.966815e-01	9.948561e-01	1.065913e-01
2.861230e-02	-2.234433e-02	-2.234458e-02	-1.285364e-02	9.972099e-01	9.966812e-01	9.948563e-01	1.066570e-01
2.857143e-02	-2.234473e-02	-2.234498e-02	-1.285364e-02	9.972102e-01	9.966810e-01	9.948564e-01	1.067286e-01
2.853067e-02	-2.234513e-02	-2.234538e-02	-1.285364e-02	9.972106e-01	9.966807e-01	9.948565e-01	1.068057e-01
2.849003e-02	-2.234553e-02	-2.234578e-02	-1.285365e-02	9.972109e-01	9.966805e-01	9.948566e-01	1.068879e-01
2.844950e-02	-2.234593e-02	-2.234618e-02	-1.285365e-02	9.972113e-01	9.966802e-01	9.948567e-01	1.069747e-01
2.840909e-02	-2.234633e-02	-2.234658e-02	-1.285365e-02	9.972116e-01	9.966800e-01	9.948568e-01	1.070661e-01
2.836879e-02	-2.234673e-02	-2.234698e-02	-1.285366e-02	9.972120e-01	9.966797e-01	9.948568e-01	1.071614e-01
2.832861e-02	-2.234713e-02	-2.234738e-02	-1.285366e-02	9.972123e-01	9.966795e-01	9.948569e-01	1.072604e-01
2.828854e-02	-2.234753e-02	-2.234778e-02	-1.285366e-02	9.972127e-01	9.966792e-01	9.948570e-01	1.073630e-01
2.824859e-02	-2.234793e-02	-2.234817e-02	-1.285367e-02	9.972130e-01	9.966790e-01	9.948571e-01	1.074688e-01
2.820874e-02	-2.234833e-02	-2.234857e-02	-1.285367e-02	9.972134e-01	9.966787e-01	9.948572e-01	1.075777e-01
2.816901e-02	-2.234873e-02	-2.234897e-02	-1.285367e-02	9.972137e-01	9.966785e-01	9.948573e-01	1.076895e-01
2.812940e-02	-2.234912e-02	-2.234937e-02	-1.285368e-02	9.972141e-01	9.966782e-01	9.948574e-01	1.078042e-01
2.808989e-02	-2.234952e-02	-2.234977e-02	-1.285368e-02	9.972144e-01	9.966780e-01	9.948575e-01	1.079216e-01
2.805049e-02	-2.234992e-02	-2.235017e-02	-1.285369e-02	9.972147e-01	9.966777e-01	9.948576e-01	1.080417e-01
2.801120e-02	-2.235032e-02	-2.235057e-02	-1.285369e-02	9.972151e-01	9.966774e-01	9.948577e-01	1.081642e-01
2.797203e-02	-2.235072e-02	-2.235097e-02	-1.285369e-02	9.972154e-01	9.966772e-01	9.948577e-01	1.082893e-01
2.793296e-02	-2.235112e-02	-2.235136e-02	-1.285370e-02	9.972158e-01	9.966769e-01	9.948578e-01	1.084167e-01
2.789400e-02	-2.235152e-02	-2.235176e-02	-1.285370e-02	9.972161e-01	9.966767e-01	9.948579e-01	1.085466e-01
2.785515e-02	-2.235191e-02	-2.235216e-02	-1.285370e-02	9.972164e-01	9.966764e-01	9.948580e-01	1.086787e-01
2.781641e-02	-2.235231e-02	-2.235256e-02	-1.285371e-02	9.972168e-01	9.966761e-01	9.948581e-01	1.088132e-01
2.777778e-02	-2.235271e-02	-2.235296e-02	-1.285371e-02	9.972171e-01	9.966759e-01	9.948581e-01	1.089498e-01
2.773925e-02	-2.235311e-02	-2.235335e-02	-1.285371e-02	9.972175e-01	9.966756e-01	9.948582e-01	1.090885e-01
2.770083e-02	-2.235351e-02	-2.235375e-02	-1.285372e-02	9.972178e-01	9.966753e-01	9.948583e-01	1.092295e-01
2.766252e-02	-2.235390e-02	-2.235415e-02	-1.285372e-02	9.972181e-01	9.966751e-01	9.948584e-01	1.093725e-01
2.762431e-02	-2.235430e-02	-2.235455e-02	-1.285372e-02	9.972185e-01	9.966748e-01	9.948584e-01	1.095175e-01
2.758621e-02	-2.235470e-02	-2.235494e-02	-1.285373e-02	9.972188e-01	9.966746e-01	9.948585e-01	1.096646e-01
2.754821e-02	-2.235510e-02	-2.235534e-02	-1.285373e-02	9.972191e-01	9.966743e-01	9.948586e-01	1.098137e-01
2.751032e-02	-2.235549e-02	-2.235574e-02	-1.285373e-02	9.972195e-01	9.966740e-01	9.948586e-01	1.099646e-01
2.747253e-02	-2.235589e-02	-2.235614e-02	-1.285374e-02	9.972198e-01	9.966738e-01	9.948587e-01	1.101175e-01
2.743484e-02	-2.235629e-02	-2.235653e-02	-1.285374e-02	9.972201e-01	9.966735e-01	9.948588e-01	1.102721e-01
2.739726e-02	-2.235668e-02	-2.235693e-02	-1.285374e-02	9.972205e-01	9.966732e-01	9.948589e-01	1.104286e-01
2.735978e-02	-2.235708e-02	-2.235733e-02	-1.285375e-02	9.972208e-01	9.966730e-01	9.948589e-01	1.105868e-01
2.732240e-02	-2.235748e-02	-2.235772e-02	-1.285375e-02	9.972211e-01	9.966727e-01	9.948590e-01	1.107467e-01
2.728513e-02	-2.235787e-02	-2.235812e-02	-1.285375e-02	9.972215e-01	9.966724e-01	9.948591e-01	1.109084e-01
2.724796e-02	-2.235827e-02	-2.235852e-02	-1.285376e-02	9.972218e-01	9.966722e-01	9.948591e-01	1.110717e-01
2.721088e-02	-2.235867e-02	-2.235891e-02	-1.285376e-02	9.972221e-01	9.966719e-01	9.948592e-01	1.112366e-01
2.717391e-02	-2.235906e-02	-2.235931e-02	-1.285376e-02	9.972225e-01	9.966716e-01	9.948592e-01	1.114032e-01
2.713704e-02	-2.235946e-02	-2.235970e-02	-1.285377e-02	9.972228e-01	9.966714e-01	9.948593e-01	1.115713e-01
2.710027e-02	-2.235986e-02	-2.236010e-02	-1.285377e-02	9.972231e-01	9.966711e-01	9.948594e-01	1.117411e-01
2.706360e-02	-2.236025e-02	-2.236049e-02	-1.285377e-02	9.972235e-01	9.966708e-01	9.948594e-01	1.119123e-01
2.702703e-02	-2.236065e-02	-2.236089e-02	-1.285378e-02	9.972238e-01	9.966705e-01	9.948595e-01	1.120852e-01
2.699055e-02	-2.236104e-02	-2.236129e-02	-1.285378e-02	9.972241e-01	9.966703e-01	9.948595e-01	1.122596e-01
2.695418e-02	-2.236144e-02	-2.236168e-02	-1.285378e-02	9.972245e-01	9.966700e-01	9.948596e-01	1.124356e-01
2.691790e-02	-2.236183e-02	-2.236208e-02	-1.285379e-02	9.972248e-01	9.966697e-01	9.948597e-01	1.126131e-01
2.688172e-02	-2.236223e-02	-2.236247e-02	-1.285379e-02	9.972251e-01	9.966695e-01	9.948597e-01	1.127920e-01
2.684564e-02	-2.236262e-02	-2.236287e-02	-1.285379e-02	9.972254e-01	9.966692e-01	9.948598e-01	1.129723e-01
2.680965e-02	-2.236302e-02	-2.236326e-02	-1.285380e-02	9.972258e-01	9.966689e-01	9.948598e-01	1.131542e-01
2.677376e-02	-2.236341e-02	-2.236366e-02	-1.285380e-02	9.972261e-01	9.966686e-01	9.948599e-01	1.133375e-01
2.673797e-02	-2.236381e-02	-2.236405e-02	-1.285380e-02	9.972264e-01	9.966684e-01	9.948599e-01	1.135221e-01
2.670227e-02	-2.236420e-02	-2.236445e-02	-1.285381e-02	9.972267e-01	9.966681e-01	9.948600e-01	1.137082e-01
2.666667e-02	-2.236460e-02	-2.236484e-02	-1.285381e-02	9.972271e-01	9.966678e-01	9.948600e-01	1.138955e-01
2.663116e-02	-2.236499e-02	-2.236523e-02	-1.285381e-02	9.972274e-01	9.966676e-01	9.948601e-01	1.140843e-01
2.659574e-02	-2.236539e-02	-2.236563e-02	-1.285382e-02	9.972277e-01	9.966673e-01	9.948602e-01	1.142743e-01
2.656042e-02	-2.236578e-02	-2.236602e-02	-1.285382e-02	9.972280e-01	9.966670e-01	9.948602e-01	1.144657e-01
2.652520e-02	-2.236617e-02	-2.236642e-02	-1.285382e-02	9.972284e-01	9.966667e-01	9.948603e-01	1.146583e-01
2.649007e-02	-2.236657e-02	-2.236681e-02	-1.285383e-02	9.972287e-01	9.966665e-01	9.948603e-01	1.148522e-01
2.645503e-02	-2.236696e-02	-2.236720e-02	-1.285383e-02	9.972290e-01	9.966662e-01	9.948604e-01	1.150473e-01
2.642008e-02	-2.236736e-02	-2.236760e-02	-1.285383e-02	9.972293e-01	9.966659e-01	9.948604e-01	1.152436e-01
2.638522e-02	-2.236775e-02	-2.236799e-02	-1.285383e-02	9.972297e-01	9.966656e-01	9.948605e-01	1.154412e-01
2.635046e-02	-2.236814e-02	-2.236838e-02	-1.285384e-02	9.972300e-01	9.966654e-01	9.948605e-01	1.156400e-01
2.631579e-02	-2.236854e-02	-2.236878e-02	-1.285384e-02	9.972303e-01	9.966651e-01	9.948606e-01	1.158398e-01
2.628121e-02	-2.236893e-02	-2.236917e-02	-1.285384e-02	9.972306e-01	9.966648e-01	9.948606e-01	1.160409e-01
2.624672e-02	-2.236932e-02	-2.236956e-02	-1.285385e-02	9.972310e-01	9.966645e-01	9.948606e-01	1.162431e-01
2.621232e-02	-2.236971e-02	-2.236996e-02	-1.285385e-02	9.972313e-01	9.966643e-01	9.948607e-01	1.164464e-01
2.617801e-02	-2.237011e-02	-2.237035e-02	-1.285385e-02	9.972316e-01	9.966640e-01	9.948607e-01	1.166508e-01
2.614379e-02	-2.237050e-02	-2.237074e-02	-1.285386e-02	9.972319e-01	9.966637e-01	9.948608e-01	1.168563e-01
2.610966e-02	-2.237089e-02	-2.237113e-02	-1.285386e-02	9.972322e-01	9.966634e-01	9.948608e-01	1.170629e-01
2.607562e-02	-2.237128e-02	-2.237153e-02	-1.285386e-02	9.972326e-01	9.966632e-01	9.948609e-01	1.172705e-01
2.604167e-02	-2.237168e-02	-2.237192e-02	-1.285387e-02	9.972329e-01	9.966629e-01	9.948609e-01	1.174791e-01
2.600780e-02	-2.237207e-02	-2.237231e-02	-1.285387e-02	9.972332e-01	9.966626e-01	9.948610e-01	1.176888e-01
2.597403e-02	-2.237246e-02	-2.237270e-02	-1.285387e-02	9.972335e-01	9.966623e-01	9.948610e-01	1.178995e-01
2.594034e-02	-2.237285e-02	-2.237309e-02	-1.285387e-02	9.972338e-01	9.966620e-01	9.948610e-01	1.181112e-01
2.590674e-02	-2.237324e-02	-2.237348e-02	-1.285388e-02	9.972342e-01	9.966618e-01	9.948611e-01	1.183239e-01
2.587322e-02	-2.237364e-02	-2.237388e-02	-1.285388e-02	9.972345e-01	9.966615e-01	9.948611e-01	1.185375e-01
2.583979e-02	-2.237403e-02	-2.237427e-02	-1.285388e-02	9.972348e-01	9.966612e-01	9.948612e-01	1.187521e-01
2.580645e-02	-2.237442e-02	-2.237466e-02	-1.285389e-02	9.972351e-01	9.966609e-01	9.948612e-01	1.189677e-01
2.577320e-02	-2.237481e-02	-2.237505e-02	-1.285389e-02	9.972354e-01	9.966607e-01	9.948613e-01	1.191841e-01
2.574003e-02	-2.237520e-02	-2.237544e-02	-1.285389e-02	9.972358e-01	9.966604e-01	9.948613e-01	1.194015e-01
2.570694e-02	-2.237559e-02	-2.237583e-02	-1.285390e-02	9.972361e-01	9.966601e-01	9.948613e-01	1.196197e-01
2.567394e-02	-2.237598e-02	-2.237622e-02	-1.285390e-02	9.972364e-01	9.966598e-01	9.948614e-01	1.198389e-01
2.564103e-02	-2.237637e-02	-2.237661e-02	-1.285390e-02	9.972367e-01	9.966595e-01	9.948614e-01	1.200589e-01
2.560819e-02	-2.237676e-02	-2.237700e-02	-1.285390e-02	9.972370e-01	9.966593e-01	9.948615e-01	1.202798e-01
2.557545e-02	-2.237715e-02	-2.237739e-02	-1.285391e-02	9.972374e-01	9.966590e-01	9.948615e-01	1.205015e-01
2.554278e-02	-2.237754e-02	-2.237778e-02	-1.285391e-02	9.972377e-01	9.966587e-01	9.948615e-01	1.207242e-01
2.551020e-02	-2.237793e-02	-2.237817e-02	-1.285391e-02	9.972380e-01	9.966584e-01	9.948616e-01	1.209475e-01
2.547771e-02	-2.237832e-02	-2.237856e-02	-1.285392e-02	9.972383e-01	9.966582e-01	9.948616e-01	1.211718e-01
2.544529e-02	-2.237871e-02	-2.237895e-02	-1.285392e-02	9.972386e-01	9.966579e-01	9.948616e-01	1.213968e-01
2.541296e-02	-2.237910e-02	-2.237934e-02	-1.285392e-02	9.972389e-01	9.966576e-01	9.948617e-01	1.216226e-01
2.538071e-02	-2.237949e-02	-2.237973e-02	-1.285393e-02	9.972393e-01	9.966573e-01	9.948617e-01	1.218492e-01
2.534854e-02	-2.237988e-02	-2.238012e-02	-1.285393e-02	9.972396e-01	9.966570e-01	9.948618e-01	1.220766e-01
2.531646e-02	-2.238027e-02	-2.238051e-02	-1.285393e-02	9.972399e-01	9.966568e-01	9.948618e-01	1.223047e-01
2.528445e-02	-2.238066e-02	-2.238090e-02	-1.285393e-02	9.972402e-01	9.966565e-01	9.948618e-01	1.225335e-01
2.525253e-02	-2.238105e-02	-2.238129e-02	-1.285394e-02	9.972405e-01	9.966562e-01	9.948619e-01	1.227632e-01
2.522068e-02	-2.238144e-02	-2.238168e-02	-1.285394e-02	9.972408e-01	9.966559e-01	9.948619e-01	1.229935e-01
2.518892e-02	-2.238183e-02	-2.238207e-02	-1.285394e-02	9.972411e-01	9.966556e-01	9.948619e-01	1.232245e-01
2.515723e-02	-2.238222e-02	-2.238246e-02	-1.285395e-02	9.972415e-01	9.966554e-01	9.948620e-01	1.234563e-01
2.512563e-02	-2.238260e-02	-2.238284e-02	-1.285395e-02	9.972418e-01	9.966551e-01	9.948620e-01	1.236887e-01
2.509410e-02	-2.238299e-02	-2.238323e-02	-1.285395e-02	9.972421e-01	9.966548e-01	9.948620e-01	1.239219e-01
2.506266e-02	-2.238338e-02	-2.238362e-02	-1.285395e-02	9.972424e-01	9.966545e-01	9.948621e-01	1.241557e-01
2.503129e-02	-2.238377e-02	-2.238401e-02	-1.285396e-02	9.972427e-01	9.966542e-01	9.948621e-01	1.243901e-01
2.500000e-02	-2.238416e-02	-2.238440e-02	-1.285396e-02	9.972430e-01	9.966540e-01	9.948621e-01	1.246254e-01
2.496879e-02	-2.238455e-02	-2.238479e-02	-1.285396e-02	9.972433e-01	9.966537e-01	9.948622e-01	1.248611e-01
2.493766e-02	-2.238493e-02	-2.238517e-02	-1.285397e-02	9.972437e-01	9.966534e-01	9.948622e-01	1.250976e-01
2.490660e-02	-2.238532e-02	-2.238556e-02	-1.285397e-02	9.972440e-01	9.966531e-01	9.948623e-01	1.253346e-01
2.487562e-02	-2.238571e-02	-2.238595e-02	-1.285397e-02	9.972443e-01	9.966528e-01	9.948623e-01	1.255723e-01
2.484472e-02	-2.238610e-02	-2.238634e-02	-1.285397e-02	9.972446e-01	9.966526e-01	9.948623e-01	1.258107e-01
2.481390e-02	-2.238648e-02	-2.238672e-02	-1.285398e-02	9.972449e-01	9.966523e-01	9.948623e-01	1.260495e-01
2.478315e-02	-2.238687e-02	-2.238711e-02	-1.285398e-02	9.972452e-01	9.966520e-01	9.948624e-01	1.262891e-01
2.475248e-02	-2.238726e-02	-2.238750e-02	-1.285398e-02	9.972455e-01	9.966517e-01	9.948624e-01	1.265291e-01
2.472188e-02	-2.238764e-02	-2.238788e-02	-1.285399e-02	9.972458e-01	9.966514e-01	9.948624e-01	1.267699e-01
2.469136e-02	-2.238803e-02	-2.238827e-02	-1.285399e-02	9.972462e-01	9.966512e-01	9.948625e-01	1.270112e-01
2.466091e-02	-2.238842e-02	-2.238866e-02	-1.285399e-02	9.972465e-01	9.966509e-01	9.948625e-01	1.272530e-01
2.463054e-02	-2.238880e-02	-2.238904e-02	-1.285400e-02	9.972468e-01	9.966506e-01	9.948625e-01	1.274953e-01
2.460025e-02	-2.238919e-02	-2.238943e-02	-1.285400e-02	9.972471e-01	9.966503e-01	9.948626e-01	1.277383e-01
2.457002e-02	-2.238958e-02	-2.238982e-02	-1.285400e-02	9.972474e-01	9.966500e-01	9.948626e-01	1.279818e-01
2.453988e-02	-2.238996e-02	-2.239020e-02	-1.285400e-02	9.972477e-01	9.966498e-01	9.948626e-01	1.282258e-01
2.450980e-02	-2.239035e-02	-2.239059e-02	-1.285401e-02	9.972480e-01	9.966495e-01	9.948627e-01	1.284703e-01
2.447980e-02	-2.239073e-02	-2.239097e-02	-1.285401e-02	9.972483e-01	9.966492e-01	9.948627e-01	1.287154e-01
2.444988e-02	-2.239112e-02	-2.239136e-02	-1.285401e-02	9.972486e-01	9.966489e-01	9.948627e-01	1.289610e-01
2.442002e-02	-2.239150e-02	-2.239174e-02	-1.285402e-02	9.972489e-01	9.966486e-01	9.948628e-01	1.292071e-01
2.439024e-02	-2.239189e-02	-2.239213e-02	-1.285402e-02	9.972493e-01	9.966484e-01	9.948628e-01	1.294537e-01
2.436054e-02	-2.239228e-02	-2.239252e-02	-1.285402e-02	9.972496e-01	9.966481e-01	9.948628e-01	1.297008e-01
2.433090e-02	-2.239266e-02	-2.239290e-02	-1.285402e-02	9.972499e-01	9.966478e-01	9.948628e-01	1.299484e-01
2.430134e-02	-2.239305e-02	-2.239329e-02	-1.285403e-02	9.972502e-01	9.966475e-01	9.948629e-01	1.301965e-01
2.427184e-02	-2.239343e-02	-2.239367e-02	-1.285403e-02	9.972505e-01	9.966472e-01	9.948629e-01	1.304451e-01
2.424242e-02	-2.239381e-02	-2.239405e-02	-1.285403e-02	9.972508e-01	9.966470e-01	9.948629e-01	1.306941e-01
2.421308e-02	-2.239420e-02	-2.239444e-02	-1.285404e-02	9.972511e-01	9.966467e-01	9.948630e-01	1.309435e-01
2.418380e-02	-2.239458e-02	-2.239482e-02	-1.285404e-02	9.972514e-01	9.966464e-01	9.948630e-01	1.311935e-01
2.415459e-02	-2.239497e-02	-2.239521e-02	-1.285404e-02	9.972517e-01	9.966461e-01	9.948630e-01	1.314439e-01
2.412545e-02	-2.239535e-02	-2.239559e-02	-1.285404e-02	9.972520e-01	9.966458e-01	9.948631e-01	1.316947e-01
2.409639e-02	-2.239574e-02	-2.239598e-02	-1.285405e-02	9.972524e-01	9.966456e-01	9.948631e-01	1.319460e-01
2.406739e-02	-2.239612e-02	-2.239636e-02	-1.285405e-02	9.972527e-01	9.966453e-01	9.948631e-01	1.321977e-01
2.403846e-02	-2.239650e-02	-2.239674e-02	-1.285405e-02	9.972530e-01	9.966450e-01	9.948631e-01	1.324499e-01
2.400960e-02	-2.239689e-02	-2.239713e-02	-1.285406e-02	9.972533e-01	9.966447e-01	9.948632e-01	1.327025e-01
2.398082e-02	-2.239727e-02	-2.239751e-02	-1.285406e-02	9.972536e-01	9.966444e-01	9.948632e-01	1.329555e-01
2.395210e-02	-2.239765e-02	-2.239789e-02	-1.285406e-02	9.972539e-01	9.966442e-01	9.948632e-01	1.332089e-01
2.392344e-02	-2.239804e-02	-2.239828e-02	-1.285406e-02	9.972542e-01	9.966439e-01	9.948633e-01	1.334627e-01
2.389486e-02	-2.239842e-02	-2.239866e-02	-1.285407e-02	9.972545e-01	9.966436e-01	9.948633e-01	1.337169e-01
2.386635e-02	-2.239880e-02	-2.239904e-02	-1.285407e-02	9.972548e-01	9.966433e-01	9.948633e-01	1.339715e-01
2.383790e-02	-2.239919e-02	-2.239943e-02	-1.285407e-02	9.972551e-01	9.966430e-01	9.948633e-01	1.342266e-01
2.380952e-02	-2.239957e-02	-2.239981e-02	-1.285408e-02	9.972554e-01	9.966428e-01	9.948634e-01	1.344819e-01
2.378121e-02	-2.239995e-02	-2.240019e-02	-1.285408e-02	9.972557e-01	9.966425e-01	9.948634e-01	1.347378e-01
2.375297e-02	-2.240033e-02	-2.240057e-02	-1.285408e-02	9.972560e-01	9.966422e-01	9.948634e-01	1.349939e-01
2.372479e-02	-2.240072e-02	-2.240096e-02	-1.285408e-02	9.972563e-01	9.966419e-01	9.948634e-01	1.352505e-01
2.369668e-02	-2.240110e-02	-2.240134e-02	-1.285409e-02	9.972567e-01	9.966417e-01	9.948635e-01	1.355074e-01
2.366864e-02	-2.240148e-02	-2.240172e-02	-1.285409e-02	9.972570e-01	9.966414e-01	9.948635e-01	1.357647e-01
2.364066e-02	-2.240186e-02	-2.240210e-02	-1.285409e-02	9.972573e-01	9.966411e-01	9.948635e-01	1.360223e-01
2.361275e-02	-2.240224e-02	-2.240248e-02	-1.285410e-02	9.972576e-01	9.966408e-01	9.948636e-01	1.362803e-01
2.358491e-02	-2.240263e-02	-2.240287e-02	-1.285410e-02	9.972579e-01	9.966405e-01	9.948636e-01	1.365386e-01
2.355713e-02	-2.240301e-02	-2.240325e-02	-1.285410e-02	9.972582e-01	9.966403e-01	9.948636e-01	1.367973e-01
2.352941e-02	-2.240339e-02	-2.240363e-02	-1.285410e-02	9.972585e-01	9.966400e-01	9.948636e-01	1.370564e-01
2.350176e-02	-2.240377e-02	-2.240401e-02	-1.285411e-02	9.972588e-01	9.966397e-01	9.948637e-01	1.373158e-01
2.347418e-02	-2.240415e-02	-2.240439e-02	-1.285411e-02	9.972591e-01	9.966394e-01	9.948637e-01	1.375755e-01
2.344666e-02	-2.240453e-02	-2.240477e-02	-1.285411e-02	9.972594e-01	9.966391e-01	9.948637e-01	1.378357e-01
2.341920e-02	-2.240491e-02	-2.240515e-02	-1.285411e-02	9.972597e-01	9.966389e-01	9.948637e-01	1.380960e-01
2.339181e-02	-2.240529e-02	-2.240553e-02	-1.285412e-02	9.972600e-01	9.966386e-01	9.948638e-01	1.383568e-01
2.336449e-02	-2.240567e-02	-2.240591e-02	-1.285412e-02	9.972603e-01	9.966383e-01	9.948638e-01	1.386178e-01
2.333722e-02	-2.240605e-02	-2.240629e-02	-1.285412e-02	9.972606e-01	9.966380e-01	9.948638e-01	1.388791e-01
2.331002e-02	-2.240643e-02	-2.240667e-02	-1.285413e-02	9.972609e-01	9.966377e-01	9.948638e-01	1.391409e-01
2.328289e-02	-2.240681e-02	-2.240705e-02	-1.285413e-02	9.972612e-01	9.966375e-01	9.948639e-01	1.394029e-01
2.325581e-02	-2.240719e-02	-2.240743e-02	-1.285413e-02	9.972615e-01	9.966372e-01	9.948639e-01	1.396652e-01
2.322880e-02	-2.240757e-02	-2.240781e-02	-1.285413e-02	9.972618e-01	9.966369e-01	9.948639e-01	1.399278e-01
2.320186e-02	-2.240795e-02	-2.240819e-02	-1.285414e-02	9.972621e-01	9.966366e-01	9.948639e-01	1.401908e-01
2.317497e-02	-2.240833e-02	-2.240857e-02	-1.285414e-02	9.972624e-01	9.966364e-01	9.948640e-01	1.404540e-01
2.314815e-02	-2.240871e-02	-2.240895e-02	-1.285414e-02	9.972627e-01	9.966361e-01	9.948640e-01	1.407175e-01
2.312139e-02	-2.240909e-02	-2.240933e-02	-1.285415e-02	9.972631e-01	9.966358e-01	9.948640e-01	1.409814e-01
2.309469e-02	-2.240947e-02	-2.240971e-02	-1.285415e-02	9.972634e-01	9.966355e-01	9.948640e-01	1.412455e-01
2.306805e-02	-2.240985e-02	-2.241009e-02	-1.285415e-02	9.972637e-01	9.966352e-01	9.948641e-01	1.415098e-01
2.304147e-02	-2.241023e-02	-2.241047e-02	-1.285415e-02	9.972640e-01	9.966350e-01	9.948641e-01	1.417746e-01
2.301496e-02	-2.241061e-02	-2.241085e-02	-1.285416e-02	9.972643e-01	9.966347e-01	9.948641e-01	1.420396e-01
2.298851e-02	-2.241099e-02	-2.241123e-02	-1.285416e-02	9.972646e-01	9.966344e-01	9.948641e-01	1.423047e-01
2.296211e-02	-2.241137e-02	-2.241160e-02	-1.285416e-02	9.972649e-01	9.966341e-01	9.948642e-01	1.425703e-01
2.293578e-02	-2.241174e-02	-2.241198e-02	-1.285417e-02	9.972652e-01	9.966338e-01	9.948642e-01	1.428362e-01
2.290951e-02	-2.241212e-02	-2.241236e-02	-1.285417e-02	9.972655e-01	9.966336e-01	9.948642e-01	1.431023e-01
2.288330e-02	-2.241250e-02	-2.241274e-02	-1.285417e-02	9.972658e-01	9.966333e-01	9.948642e-01	1.433686e-01
2.285714e-02	-2.241288e-02	-2.241312e-02	-1.285417e-02	9.972661e-01	9.966330e-01	9.948643e-01	1.436352e-01
2.283105e-02	-2.241326e-02	-2.241350e-02	-1.285418e-02	9.972664e-01	9.966327e-01	9.948643e-01	1.439021e-01
2.280502e-02	-2.241363e-02	-2.241387e-02	-1.285418e-02	9.972667e-01	9.966325e-01	9.948643e-01	1.441693e-01
2.277904e-02	-2.241401e-02	-2.241425e-02	-1.285418e-02	9.972670e-01	9.966322e-01	9.948643e-01	1.444366e-01
2.275313e-02	-2.241439e-02	-2.241463e-02	-1.285419e-02	9.972673e-01	9.966319e-01	9.948644e-01	1.447044e-01
2.272727e-02	-2.241477e-02	-2.241500e-02	-1.285419e-02	9.972676e-01	9.966316e-01	9.948644e-01	1.449723e-01
2.270148e-02	-2.241514e-02	-2.241538e-02	-1.285419e-02	9.972679e-01	9.966313e-01	9.948644e-01	1.452405e-01
2.267574e-02	-2.241552e-02	-2.241576e-02	-1.285419e-02	9.972682e-01	9.966311e-01	9.948644e-01	1.455088e-01
2.265006e-02	-2.241590e-02	-2.241614e-02	-1.285420e-02	9.972685e-01	9.966308e-01	9.948645e-01	1.457776e-01
2.262443e-02	-2.241627e-02	-2.241651e-02	-1.285420e-02	9.972688e-01	9.966305e-01	9.948645e-01	1.460464e-01
2.259887e-02	-2.241665e-02	-2.241689e-02	-1.285420e-02	9.972691e-01	9.966302e-01	9.948645e-01	1.463156e-01
2.257336e-02	-2.241703e-02	-2.241727e-02	-1.285421e-02	9.972694e-01	9.966300e-01	9.948645e-01	1.465850e-01
2.254791e-02	-2.241740e-02	-2.241764e-02	-1.285421e-02	9.972697e-01	9.966297e-01	9.948646e-01	1.468545e-01
2.252252e-02	-2.241778e-02	-2.241802e-02	-1.285421e-02	9.972700e-01	9.966294e-01	9.948646e-01	1.471244e-01
2.249719e-02	-2.241815e-02	-2.241839e-02	-1.285421e-02	9.972703e-01	9.966291e-01	9.948646e-01	1.473945e-01
2.247191e-02	-2.241853e-02	-2.241877e-02	-1.285422e-02	9.972706e-01	9.966289e-01	9.948646e-01	1.476647e-01
2.244669e-02	-2.241891e-02	-2.241915e-02	-1.285422e-02	9.972709e-01	9.966286e-01	9.948647e-01	1.479352e-01
2.242152e-02	-2.241928e-02	-2.241952e-02	-1.285422e-02	9.972712e-01	9.966283e-01	9.948647e-01	1.482058e-01
2.239642e-02	-2.241966e-02	-2.241990e-02	-1.285422e-02	9.972715e-01	9.966280e-01	9.948647e-01	1.484768e-01
2.237136e-02	-2.242003e-02	-2.242027e-02	-1.285423e-02	9.972718e-01	9.966278e-01	9.948647e-01	1.487478e-01
2.234637e-02	-2.242041e-02	-2.242065e-02	-1.285423e-02	9.972721e-01	9.966275e-01	9.948647e-01	1.490192e-01
2.232143e-02	-2.242078e-02	-2.242102e-02	-1.285423e-02	9.972724e-01	9.966272e-01	9.948648e-01	1.492907e-01
2.229654e-02	-2.242116e-02	-2.242140e-02	-1.285424e-02	9.972727e-01	9.966269e-01	9.948648e-01	1.495625e-01
2.227171e-02	-2.242153e-02	-2.242177e-02	-1.285424e-02	9.972730e-01	9.966266e-01	9.948648e-01	1.498344e-01
2.224694e-02	-2.242191e-02	-2.242215e-02	-1.285424e-02	9.972733e-01	9.966264e-01	9.948648e-01	1.501066e-01
2.222222e-02	-2.242228e-02	-2.242252e-02	-1.285424e-02	9.972736e-01	9.966261e-01	9.948649e-01	1.503790e-01
2.219756e-02	-2.242265e-02	-2.242289e-02	-1.285425e-02	9.972739e-01	9.966258e-01	9.948649e-01	1.506515e-01
2.217295e-02	-2.242303e-02	-2.242327e-02	-1.285425e-02	9.972742e-01	9.966255e-01	9.948649e-01	1.509243e-01
2.214839e-02	-2.242340e-02	-2.242364e-02	-1.285425e-02	9.972745e-01	9.966253e-01	9.948649e-01	1.511972e-01
2.212389e-02	-2.242378e-02	-2.242402e-02	-1.285426e-02	9.972748e-01	9.966250e-01	9.948650e-01	1.514703e-01
2.209945e-02	-2.242415e-02	-2.242439e-02	-1.285426e-02	9.972751e-01	9.966247e-01	9.948650e-01	1.517437e-01
2.207506e-02	-2.242452e-02	-2.242476e-02	-1.285426e-02	9.972754e-01	9.966244e-01	9.948650e-01	1.520172e-01
2.205072e-02	-2.242490e-02	-2.242514e-02	-1.285426e-02	9.972757e-01	9.966242e-01	9.948650e-01	1.522909e-01
2.202643e-02	-2.242527e-02	-2.242551e-02	-1.285427e-02	9.972760e-01	9.966239e-01	9.948651e-01	1.525649e-01
2.200220e-02	-2.242564e-02	-2.242588e-02	-1.285427e-02	9.972763e-01	9.966236e-01	9.948651e-01	1.528390e-01
2.197802e-02	-2.242602e-02	-2.242626e-02	-1.285427e-02	9.972766e-01	9.966233e-01	9.948651e-01	1.531131e-01
2.195390e-02	-2.242639e-02	-2.242663e-02	-1.285428e-02	9.972769e-01	9.966231e-01	9.948651e-01	1.533877e-01
2.192982e-02	-2.242676e-02	-2.242700e-02	-1.285428e-02	9.972772e-01	9.966228e-01	9.948651e-01	1.536622e-01
2.190581e-02	-2.242713e-02	-2.242737e-02	-1.285428e-02	9.972775e-01	9.966225e-01	9.948652e-01	1.539370e-01
2.188184e-02	-2.242751e-02	-2.242775e-02	-1.285428e-02	9.972778e-01	9.966222e-01	9.948652e-01	1.542119e-01
2.185792e-02	-2.242788e-02	-2.242812e-02	-1.285429e-02	9.972781e-01	9.966220e-01	9.948652e-01	1.544871e-01
2.183406e-02	-2.242825e-02	-2.242849e-02	-1.285429e-02	9.972784e-01	9.966217e-01	9.948652e-01	1.547624e-01
2.181025e-02	-2.242862e-02	-2.242886e-02	-1.285429e-02	9.972786e-01	9.966214e-01	9.948653e-01	1.550379e-01
2.178649e-02	-2.242900e-02	-2.242924e-02	-1.285429e-02	9.972789e-01	9.966211e-01	9.948653e-01	1.553135e-01
2.176279e-02	-2.242937e-02	-2.242961e-02	-1.285430e-02	9.972792e-01	9.966209e-01	9.948653e-01	1.555893e-01
2.173913e-02	-2.242974e-02	-2.242998e-02	-1.285430e-02	9.972795e-01	9.966206e-01	9.948653e-01	1.558652e-01
2.171553e-02	-2.243011e-02	-2.243035e-02	-1.285430e-02	9.972798e-01	9.966203e-01	9.948653e-01	1.561413e-01
2.169197e-02	-2.243048e-02	-2.243072e-02	-1.285431e-02	9.972801e-01	9.966200e-01	9.948654e-01	1.564175e-01
2.166847e-02	-2.243085e-02	-2.243109e-02	-1.285431e-02	9.972804e-01	9.966198e-01	9.948654e-01	1.566940e-01
2.164502e-02	-2.243122e-02	-2.243146e-02	-1.285431e-02	9.972807e-01	9.966195e-01	9.948654e-01	1.569704e-01
2.162162e-02	-2.243160e-02	-2.243184e-02	-1.285431e-02	9.972810e-01	9.966192e-01	9.948654e-01	1.572472e-01
2.159827e-02	-2.243197e-02	-2.243221e-02	-1.285432e-02	9.972813e-01	9.966190e-01	9.948655e-01	1.575240e-01
2.157497e-02	-2.243234e-02	-2.243258e-02	-1.285432e-02	9.972816e-01	9.966187e-01	9.948655e-01	1.578010e-01
2.155172e-02	-2.243271e-02	-2.243295e-02	-1.285432e-02	9.972819e-01	9.966184e-01	9.948655e-01	1.580781e-01
2.152853e-02	-2.243308e-02	-2.243332e-02	-1.285433e-02	9.972822e-01	9.966181e-01	9.948655e-01	1.583553e-01
2.150538e-02	-2.243345e-02	-2.243369e-02	-1.285433e-02	9.972825e-01	9.966179e-01	9.948655e-01	1.586328e-01
2.148228e-02	-2.243382e-02	-2.243406e-02	-1.285433e-02	9.972828e-01	9.966176e-01	9.948656e-01	1.589102e-01
2.145923e-02	-2.243419e-02	-2.243443e-02	-1.285433e-02	9.972831e-01	9.966173e-01	9.948656e-01	1.591878e-01
2.143623e-02	-2.243456e-02	-2.243480e-02	-1.285434e-02	9.972834e-01	9.966170e-01	9.948656e-01	1.594655e-01
2.141328e-02	-2.243493e-02	-2.243517e-02	-1.285434e-02	9.972837e-01	9.966168e-01	9.948656e-01	1.597434e-01
2.139037e-02	-2.243530e-02	-2.243554e-02	-1.285434e-02	9.972840e-01	9.966165e-01	9.948657e-01	1.600215e-01
2.136752e-02	-2.243567e-02	-2.243591e-02	-1.285435e-02	9.972843e-01	9.966162e-01	9.948657e-01	1.602994e-01
2.134472e-02	-2.243604e-02	-2.243628e-02	-1.285435e-02	9.972846e-01	9.966159e-01	9.948657e-01	1.605776e-01
2.132196e-02	-2.243640e-02	-2.243664e-02	-1.285435e-02	9.972848e-01	9.966157e-01	9.948657e-01	1.608559e-01
2.129925e-02	-2.243677e-02	-2.243701e-02	-1.285435e-02	9.972851e-01	9.966154e-01	9.948657e-01	1.611343e-01
2.127660e-02	-2.243714e-02	-2.243738e-02	-1.285436e-02	9.972854e-01	9.966151e-01	9.948658e-01	1.614128e-01
2.125399e-02	-2.243751e-02	-2.243775e-02	-1.285436e-02	9.972857e-01	9.966149e-01	9.948658e-01	1.616913e-01
2.123142e-02	-2.243788e-02	-2.243812e-02	-1.285436e-02	9.972860e-01	9.966146e-01	9.948658e-01	1.619699e-01
2.120891e-02	-2.243825e-02	-2.243849e-02	-1.285437e-02	9.972863e-01	9.966143e-01	9.948658e-01	1.622486e-01
2.118644e-02	-2.243862e-02	-2.243886e-02	-1.285437e-02	9.972866e-01	9.966140e-01	9.948659e-01	1.625273e-01
2.116402e-02	-2.243898e-02	-2.243922e-02	-1.285437e-02	9.972869e-01	9.966138e-01	9.948659e-01	1.628062e-01
2.114165e-02	-2.243935e-02	-2.243959e-02	-1.285437e-02	9.972872e-01	9.966135e-01	9.948659e-01	1.630851e-01
2.111932e-02	-2.243972e-02	-2.243996e-02	-1.285438e-02	9.972875e-01	9.966132e-01	9.948659e-01	1.633640e-01
2.109705e-02	-2.244009e-02	-2.244033e-02	-1.285438e-02	9.972878e-01	9.966130e-01	9.948659e-01	1.636429e-01
2.107482e-02	-2.244045e-02	-2.244069e-02	-1.285438e-02	9.972881e-01	9.966127e-01	9.948660e-01	1.639220e-01
2.105263e-02	-2.244082e-02	-2.244106e-02	-1.285439e-02	9.972884e-01	9.966124e-01	9.948660e-01	1.642010e-01
2.103049e-02	-2.244119e-02	-2.244143e-02	-1.285439e-02	9.972887e-01	9.966121e-01	9.948660e-01	1.644800e-01
2.100840e-02	-2.244156e-02	-2.244180e-02	-1.285439e-02	9.972890e-01	9.966119e-01	9.948660e-01	1.647591e-01
2.098636e-02	-2.244192e-02	-2.244216e-02	-1.285439e-02	9.972892e-01	9.966116e-01	9.948660e-01	1.650382e-01
2.096436e-02	-2.244229e-02	-2.244253e-02	-1.285440e-02	9.972895e-01	9.966113e-01	9.948661e-01	1.653173e-01
2.094241e-02	-2.244266e-02	-2.244290e-02	-1.285440e-02	9.972898e-01	9.966111e-01	9.948661e-01	1.655964e-01
2.092050e-02	-2.244302e-02	-2.244326e-02	-1.285440e-02	9.972901e-01	9.966108e-01	9.948661e-01	1.658755e-01
2.089864e-02	-2.244339e-02	-2.244363e-02	-1.285441e-02	9.972904e-01	9.966105e-01	9.948661e-01	1.661546e-01
2.087683e-02	-2.244376e-02	-2.244400e-02	-1.285441e-02	9.972907e-01	9.966102e-01	9.948662e-01	1.664337e-01
2.085506e-02	-2.244412e-02	-2.244436e-02	-1.285441e-02	9.972910e-01	9.966100e-01	9.948662e-01	1.667129e-01
2.083333e-02	-2.244449e-02	-2.244473e-02	-1.285441e-02	9.972913e-01	9.966097e-01	9.948662e-01	1.669919e-01
2.081165e-02	-2.244485e-02	-2.244509e-02	-1.285442e-02	9.972916e-01	9.966094e-01	9.948662e-01	1.672711e-01
2.079002e-02	-2.244522e-02	-2.244546e-02	-1.285442e-02	9.972919e-01	9.966092e-01	9.948662e-01	1.675501e-01
2.076843e-02	-2.244558e-02	-2.244582e-02	-1.285442e-02	9.972922e-01	9.966089e-01	9.948663e-01	1.678292e-01
2.074689e-02	-2.244595e-02	-2.244619e-02	-1.285442e-02	9.972924e-01	9.966086e-01	9.948663e-01	1.681083e-01
2.072539e-02	-2.244631e-02	-2.244655e-02	-1.285443e-02	9.972927e-01	9.966084e-01	9.948663e-01	1.683875e-01
2.070393e-02	-2.244668e-02	-2.244692e-02	-1.285443e-02	9.972930e-01	9.966081e-01	9.948663e-01	1.686665e-01
2.068252e-02	-2.244704e-02	-2.244728e-02	-1.285443e-02	9.972933e-01	9.966078e-01	9.948663e-01	1.689456e-01
2.066116e-02	-2.244741e-02	-2.244765e-02	-1.285444e-02	9.972936e-01	9.966075e-01	9.948664e-01	1.692247e-01
2.063983e-02	-2.244777e-02	-2.244801e-02	-1.285444e-02	9.972939e-01	9.966073e-01	9.948664e-01	1.695036e-01
2.061856e-02	-2.244814e-02	-2.244838e-02	-1.285444e-02	9.972942e-01	9.966070e-01	9.948664e-01	1.697829e-01
2.059732e-02	-2.244850e-02	-2.244874e-02	-1.285444e-02	9.972945e-01	9.966067e-01	9.948664e-01	1.700620e-01
2.057613e-02	-2.244887e-02	-2.244911e-02	-1.285445e-02	9.972948e-01	9.966065e-01	9.948664e-01	1.703411e-01
2.055498e-02	-2.244923e-02	-2.244947e-02	-1.285445e-02	9.972951e-01	9.966062e-01	9.948665e-01	1.706202e-01
2.053388e-02	-2.244960e-02	-2.244984e-02	-1.285445e-02	9.972953e-01	9.966059e-01	9.948665e-01	1.708994e-01
2.051282e-02	-2.244996e-02	-2.245020e-02	-1.285446e-02	9.972956e-01	9.966057e-01	9.948665e-01	1.711786e-01
2.049180e-02	-2.245032e-02	-2.245056e-02	-1.285446e-02	9.972959e-01	9.966054e-01	9.948665e-01	1.714579e-01
2.047083e-02	-2.245069e-02	-2.245093e-02	-1.285446e-02	9.972962e-01	9.966051e-01	9.948666e-01	1.717372e-01
2.044990e-02	-2.245105e-02	-2.245129e-02	-1.285446e-02	9.972965e-01	9.966049e-01	9.948666e-01	1.720165e-01
2.042901e-02	-2.245141e-02	-2.245165e-02	-1.285447e-02	9.972968e-01	9.966046e-01	9.948666e-01	1.722961e-01
2.040816e-02	-2.245178e-02	-2.245202e-02	-1.285447e-02	9.972971e-01	9.966043e-01	9.948666e-01	1.725754e-01
2.038736e-02	-2.245214e-02	-2.245238e-02	-1.285447e-02	9.972974e-01	9.966041e-01	9.948666e-01	1.728550e-01
2.036660e-02	-2.245250e-02	-2.245274e-02	-1.285448e-02	9.972977e-01	9.966038e-01	9.948667e-01	1.731345e-01
2.034588e-02	-2.245286e-02	-2.245310e-02	-1.285448e-02	9.972980e-01	9.966035e-01	9.948667e-01	1.734143e-01
2.032520e-02	-2.245323e-02	-2.245347e-02	-1.285448e-02	9.972982e-01	9.966032e-01	9.948667e-01	1.736940e-01
2.030457e-02	-2.245359e-02	-2.245383e-02	-1.285448e-02	9.972985e-01	9.966030e-01	9.948667e-01	1.739739e-01
2.028398e-02	-2.245395e-02	-2.245419e-02	-1.285449e-02	9.972988e-01	9.966027e-01	9.948667e-01	1.742537e-01
2.026342e-02	-2.245431e-02	-2.245455e-02	-1.285449e-02	9.972991e-01	9.966024e-01	9.948668e-01	1.745338e-01
2.024291e-02	-2.245468e-02	-2.245492e-02	-1.285449e-02	9.972994e-01	9.966022e-01	9.948668e-01	1.748138e-01
2.022245e-02	-2.245504e-02	-2.245528e-02	-1.285450e-02	9.972997e-01	9.966019e-01	9.948668e-01	1.750939e-01
2.020202e-02	-2.245540e-02	-2.245564e-02	-1.285450e-02	9.973000e-01	9.966016e-01	9.948668e-01	1.753741e-01
2.018163e-02	-2.245576e-02	-2.245600e-02	-1.285450e-02	9.973003e-01	9.966014e-01	9.948668e-01	1.756545e-01
2.016129e-02	-2.245612e-02	-2.245636e-02	-1.285450e-02	9.973005e-01	9.966011e-01	9.948669e-01	1.759348e-01
2.014099e-02	-2.245648e-02	-2.245672e-02	-1.285451e-02	9.973008e-01	9.966008e-01	9.948669e-01	1.762153e-01
2.012072e-02	-2.245684e-02	-2.245708e-02	-1.285451e-02	9.973011e-01	9.966006e-01	9.948669e-01	1.764959e-01
2.010050e-02	-2.245720e-02	-2.245744e-02	-1.285451e-02	9.973014e-01	9.966003e-01	9.948669e-01	1.767765e-01
2.008032e-02	-2.245757e-02	-2.245781e-02	-1.285452e-02	9.973017e-01	9.966000e-01	9.948669e-01	1.770574e-01
2.006018e-02	-2.245793e-02	-2.245817e-02	-1.285452e-02	9.973020e-01	9.965998e-01	9.948670e-01	1.773383e-01
2.004008e-02	-2.245829e-02	-2.245853e-02	-1.285452e-02	9.973023e-01	9.965995e-01	9.948670e-01	1.776194e-01
2.002002e-02	-2.245865e-02	-2.245889e-02	-1.285452e-02	9.973026e-01	9.965992e-01	9.948670e-01	1.779005e-01
2.000000e-02	-2.245901e-02	-2.245925e-02	-1.285453e-02	9.973028e-01	9.965990e-01	9.948670e-01	1.781818e-01
1.998002e-02	-2.245937e-02	-2.245961e-02	-1.285453e-02	9.973031e-01	9.965987e-01	9.948671e-01	1.784633e-01
1.996008e-02	-2.245973e-02	-2.245997e-02	-1.285453e-02	9.973034e-01	9.965984e-01	9.948671e-01	1.787448e-01
1.994018e-02	-2.246009e-02	-2.246033e-02	-1.285453e-02	9.973037e-01	9.965982e-01	9.948671e-01	1.790265e-01
1.992032e-02	-2.246045e-02	-2.246069e-02	-1.285454e-02	9.973040e-01	9.965979e-01	9.948671e-01	1.793082e-01
1.990050e-02	-2.246081e-02	-2.246105e-02	-1.285454e-02	9.973043e-01	9.965976e-01	9.948671e-01	1.795901e-01
1.988072e-02	-2.246116e-02	-2.246140e-02	-1.285454e-02	9.973046e-01	9.965974e-01	9.948672e-01	1.798720e-01
1.986097e-02	-2.246152e-02	-2.246176e-02	-1.285455e-02	9.973048e-01	9.965971e-01	9.948672e-01	1.801539e-01
1.984127e-02	-2.246188e-02	-2.246212e-02	-1.285455e-02	9.973051e-01	9.965969e-01	9.948672e-01	1.804359e-01
1.982161e-02	-2.246224e-02	-2.246248e-02	-1.285455e-02	9.973054e-01	9.965966e-01	9.948672e-01	1.807178e-01
1.980198e-02	-2.246260e-02	-2.246284e-02	-1.285455e-02	9.973057e-01	9.965963e-01	9.948672e-01	1.809998e-01
1.978239e-02	-2.246296e-02	-2.246320e-02	-1.285456e-02	9.973060e-01	9.965961e-01	9.948673e-01	1.812816e-01
1.976285e-02	-2.246332e-02	-2.246356e-02	-1.285456e-02	9.973063e-01	9.965958e-01	9.948673e-01	1.815635e-01
1.974334e-02	-2.246368e-02	-2.246392e-02	-1.285456e-02	9.973066e-01	9.965955e-01	9.948673e-01	1.818451e-01
1.972387e-02	-2.246403e-02	-2.246427e-02	-1.285457e-02	9.973068e-01	9.965953e-01	9.948673e-01	1.821269e-01
1.970443e-02	-2.246439e-02	-2.246463e-02	-1.285457e-02	9.973071e-01	9.965950e-01	9.948673e-01	1.824083e-01
1.968504e-02	-2.246475e-02	-2.246499e-02	-1.285457e-02	9.973074e-01	9.965947e-01	9.948674e-01	1.826900e-01
1.966568e-02	-2.246511e-02	-2.246535e-02	-1.285457e-02	9.973077e-01	9.965945e-01	9.948674e-01	1.829715e-01
1.964637e-02	-2.246546e-02	-2.246570e-02	-1.285458e-02	9.973080e-01	9.965942e-01	9.948674e-01	1.832531e-01
1.962709e-02	-2.246582e-02	-2.246606e-02	-1.285458e-02	9.973083e-01	9.965939e-01	9.948674e-01	1.835345e-01
1.960784e-02	-2.246618e-02	-2.246642e-02	-1.285458e-02	9.973085e-01	9.965937e-01	9.948674e-01	1.838161e-01
1.958864e-02	-2.246654e-02	-2.246678e-02	-1.285458e-02	9.973088e-01	9.965934e-01	9.948675e-01	1.840977e-01
1.956947e-02	-2.246689e-02	-2.246713e-02	-1.285459e-02	9.973091e-01	9.965931e-01	9.948675e-01	1.843793e-01
1.955034e-02	-2.246725e-02	-2.246749e-02	-1.285459e-02	9.973094e-01	9.965929e-01	9.948675e-01	1.846609e-01
1.953125e-02	-2.246761e-02	-2.246785e-02	-1.285459e-02	9.973097e-01	9.965926e-01	9.948675e-01	1.849426e-01
1.951220e-02	-2.246796e-02	-2.246820e-02	-1.285460e-02	9.973100e-01	9.965924e-01	9.948675e-01	1.852242e-01
1.949318e-02	-2.246832e-02	-2.246856e-02	-1.285460e-02	9.973102e-01	9.965921e-01	9.948676e-01	1.855060e-01
1.947420e-02	-2.246867e-02	-2.246891e-02	-1.285460e-02	9.973105e-01	9.965918e-01	9.948676e-01	1.857878e-01
1.945525e-02	-2.246903e-02	-2.246927e-02	-1.285460e-02	9.973108e-01	9.965916e-01	9.948676e-01	1.860696e-01
1.943635e-02	-2.246939e-02	-2.246963e-02	-1.285461e-02	9.973111e-01	9.965913e-01	9.948676e-01	1.863514e-01
1.941748e-02	-2.246974e-02	-2.246998e-02	-1.285461e-02	9.973114e-01	9.965910e-01	9.948677e-01	1.866333e-01
1.939864e-02	-2.247010e-02	-2.247034e-02	-1.285461e-02	9.973117e-01	9.965908e-01	9.948677e-01	1.869153e-01
1.937984e-02	-2.247045e-02	-2.247069e-02	-1.285461e-02	9.973119e-01	9.965905e-01	9.948677e-01	1.871972e-01
1.936108e-02	-2.247081e-02	-2.247105e-02	-1.285462e-02	9.973122e-01	9.965903e-01	9.948677e-01	1.874792e-01
1.934236e-02	-2.247116e-02	-2.247140e-02	-1.285462e-02	9.973125e-01	9.965900e-01	9.948677e-01	1.877612e-01
1.932367e-02	-2.247152e-02	-2.247176e-02	-1.285462e-02	9.973128e-01	9.965897e-01	9.948678e-01	1.880432e-01
1.930502e-02	-2.247187e-02	-2.247211e-02	-1.285463e-02	9.973131e-01	9.965895e-01	9.948678e-01	1.883252e-01
1.928640e-02	-2.247223e-02	-2.247247e-02	-1.285463e-02	9.973134e-01	9.965892e-01	9.948678e-01	1.886074e-01
1.926782e-02	-2.247258e-02	-2.247282e-02	-1.285463e-02	9.973136e-01	9.965889e-01	9.948678e-01	1.888894e-01
1.924928e-02	-2.247294e-02	-2.247318e-02	-1.285463e-02	9.973139e-01	9.965887e-01	9.948678e-01	1.891715e-01
1.923077e-02	-2.247329e-02	-2.247353e-02	-1.285464e-02	9.973142e-01	9.965884e-01	9.948679e-01	1.894537e-01
1.921230e-02	-2.247364e-02	-2.247388e-02	-1.285464e-02	9.973145e-01	9.965882e-01	9.948679e-01	1.897358e-01
1.919386e-02	-2.247400e-02	-2.247424e-02	-1.285464e-02	9.973148e-01	9.965879e-01	9.948679e-01	1.900179e-01
1.917546e-02	-2.247435e-02	-2.247459e-02	-1.285464e-02	9.973151e-01	9.965876e-01	9.948679e-01	1.903001e-01
1.915709e-02	-2.247470e-02	-2.247494e-02	-1.285465e-02	9.973153e-01	9.965874e-01	9.948679e-01	1.905824e-01
1.913876e-02	-2.247506e-02	-2.247530e-02	-1.285465e-02	9.973156e-01	9.965871e-01	9.948680e-01	1.908646e-01
1.912046e-02	-2.247541e-02	-2.247565e-02	-1.285465e-02	9.973159e-01	9.965869e-01	9.948680e-01	1.911469e-01
1.910220e-02	-2.247576e-02	-2.247600e-02	-1.285466e-02	9.973162e-01	9.965866e-01	9.948680e-01	1.914292e-01
1.908397e-02	-2.247612e-02	-2.247636e-02	-1.285466e-02	9.973165e-01	9.965863e-01	9.948680e-01	1.917116e-01
1.906578e-02	-2.247647e-02	-2.247671e-02	-1.285466e-02	9.973167e-01	9.965861e-01	9.948680e-01	1.919938e-01
1.904762e-02	-2.247682e-02	-2.247706e-02	-1.285466e-02	9.973170e-01	9.965858e-01	9.948681e-01	1.922764e-01
1.902950e-02	-2.247717e-02	-2.247742e-02	-1.285467e-02	9.973173e-01	9.965855e-01	9.948681e-01	1.925587e-01
1.901141e-02	-2.247753e-02	-2.247777e-02	-1.285467e-02	9.973176e-01	9.965853e-01	9.948681e-01	1.928411e-01
1.899335e-02	-2.247788e-02	-2.247812e-02	-1.285467e-02	9.973179e-01	9.965850e-01	9.948681e-01	1.931237e-01
1.897533e-02	-2.247823e-02	-2.247847e-02	-1.285467e-02	9.973181e-01	9.965848e-01	9.948681e-01	1.934062e-01
1.895735e-02	-2.247858e-02	-2.247882e-02	-1.285468e-02	9.973184e-01	9.965845e-01	9.948682e-01	1.936886e-01
1.893939e-02	-2.247893e-02	-2.247918e-02	-1.285468e-02	9.973187e-01	9.965842e-01	9.948682e-01	1.939713e-01
1.892148e-02	-2.247929e-02	-2.247953e-02	-1.285468e-02	9.973190e-01	9.965840e-01	9.948682e-01	1.942539e-01
1.890359e-02	-2.247964e-02	-2.247988e-02	-1.285468e-02	9.973193e-01	9.965837e-01	9.948682e-01	1.945366e-01
1.888574e-02	-2.247999e-02	-2.248023e-02	-1.285469e-02	9.973195e-01	9.965835e-01	9.948682e-01	1.948192e-01
1.886792e-02	-2.248034e-02	-2.248058e-02	-1.285469e-02	9.973198e-01	9.965832e-01	9.948683e-01	1.951019e-01
1.885014e-02	-2.248069e-02	-2.248093e-02	-1.285469e-02	9.973201e-01	9.965829e-01	9.948683e-01	1.953846e-01
1.883239e-02	-2.248104e-02	-2.248128e-02	-1.285470e-02	9.973204e-01	9.965827e-01	9.948683e-01	1.956675e-01
1.881468e-02	-2.248139e-02	-2.248163e-02	-1.285470e-02	9.973207e-01	9.965824e-01	9.948683e-01	1.959502e-01
1.879699e-02	-2.248174e-02	-2.248198e-02	-1.285470e-02	9.973209e-01	9.965822e-01	9.948683e-01	1.962330e-01
1.877934e-02	-2.248209e-02	-2.248233e-02	-1.285470e-02	9.973212e-01	9.965819e-01	9.948684e-01	1.965158e-01
1.876173e-02	-2.248244e-02	-2.248268e-02	-1.285471e-02	9.973215e-01	9.965817e-01	9.948684e-01	1.967987e-01
1.874414e-02	-2.248279e-02	-2.248303e-02	-1.285471e-02	9.973218e-01	9.965814e-01	9.948684e-01	1.970817e-01
1.872659e-02	-2.248314e-02	-2.248338e-02	-1.285471e-02	9.973221e-01	9.965811e-01	9.948684e-01	1.973644e-01
1.870907e-02	-2.248349e-02	-2.248373e-02	-1.285471e-02	9.973223e-01	9.965809e-01	9.948684e-01	1.976475e-01
1.869159e-02	-2.248384e-02	-2.248408e-02	-1.285472e-02	9.973226e-01	9.965806e-01	9.948685e-01	1.979303e-01
1.867414e-02	-2.248419e-02	-2.248443e-02	-1.285472e-02	9.973229e-01	9.965804e-01	9.948685e-01	1.982133e-01
1.865672e-02	-2.248454e-02	-2.248478e-02	-1.285472e-02	9.973232e-01	9.965801e-01	9.948685e-01	1.984963e-01
1.863933e-02	-2.248489e-02	-2.248513e-02	-1.285472e-02	9.973234e-01	9.965798e-01	9.948685e-01	1.987792e-01
1.862197e-02	-2.248524e-02	-2.248548e-02	-1.285473e-02	9.973237e-01	9.965796e-01	9.948685e-01	1.990623e-01
1.860465e-02	-2.248559e-02	-2.248583e-02	-1.285473e-02	9.973240e-01	9.965793e-01	9.948686e-01	1.993453e-01
1.858736e-02	-2.248594e-02	-2.248618e-02	-1.285473e-02	9.973243e-01	9.965791e-01	9.948686e-01	1.996283e-01
1.857010e-02	-2.248628e-02	-2.248652e-02	-1.285473e-02	9.973246e-01	9.965788e-01	9.948686e-01	1.999113e-01
1.855288e-02	-2.248663e-02	-2.248687e-02	-1.285474e-02	9.973248e-01	9.965786e-01	9.948686e-01	2.001943e-01
1.853568e-02	-2.248698e-02	-2.248722e-02	-1.285474e-02	9.973251e-01	9.965783e-01	9.948686e-01	2.004773e-01
1.851852e-02	-2.248733e-02	-2.248757e-02	-1.285474e-02	9.973254e-01	9.965780e-01	9.948687e-01	2.007604e-01
1.850139e-02	-2.248768e-02	-2.248792e-02	-1.285475e-02	9.973257e-01	9.965778e-01	9.948687e-01	2.010435e-01
1.848429e-02	-2.248802e-02	-2.248826e-02	-1.285475e-02	9.973259e-01	9.965775e-01	9.948687e-01	2.013264e-01
1.846722e-02	-2.248837e-02	-2.248861e-02	-1.285475e-02	9.973262e-01	9.965773e-01	9.948687e-01	2.016095e-01
1.845018e-02	-2.248872e-02	-2.248896e-02	-1.285475e-02	9.973265e-01	9.965770e-01	9.948687e-01	2.018925e-01
1.843318e-02	-2.248907e-02	-2.248931e-02	-1.285476e-02	9.973268e-01	9.965768e-01	9.948688e-01	2.021756e-01
1.841621e-02	-2.248941e-02	-2.248965e-02	-1.285476e-02	9.973270e-01	9.965765e-01	9.948688e-01	2.024587e-01
1.839926e-02	-2.248976e-02	-2.249000e-02	-1.285476e-02	9.973273e-01	9.965762e-01	9.948688e-01	2.027416e-01
1.838235e-02	-2.249011e-02	-2.249035e-02	-1.285476e-02	9.973276e-01	9.965760e-01	9.948688e-01	2.030247e-01
1.836547e-02	-2.249045e-02	-2.249069e-02	-1.285477e-02	9.973279e-01	9.965757e-01	9.948688e-01	2.033077e-01
1.834862e-02	-2.249080e-02	-2.249104e-02	-1.285477e-02	9.973282e-01	9.965755e-01	9.948689e-01	2.035908e-01
1.833181e-02	-2.249115e-02	-2.249139e-02	-1.285477e-02	9.973284e-01	9.965752e-01	9.948689e-01	2.038738e-01
1.831502e-02	-2.249149e-02	-2.249173e-02	-1.285477e-02	9.973287e-01	9.965750e-01	9.948689e-01	2.041568e-01
1.829826e-02	-2.249184e-02	-2.249208e-02	-1.285478e-02	9.973290e-01	9.965747e-01	9.948689e-01	2.044398e-01
1.828154e-02	-2.249218e-02	-2.249242e-02	-1.285478e-02	9.973293e-01	9.965744e-01	9.948690e-01	2.047229e-01
1.826484e-02	-2.249253e-02	-2.249277e-02	-1.285478e-02	9.973295e-01	9.965742e-01	9.948690e-01	2.050058e-01
1.824818e-02	-2.249288e-02	-2.249312e-02	-1.285478e-02	9.973298e-01	9.965739e-01	9.948690e-01	2.052888e-01
1.823154e-02	-2.249322e-02	-2.249346e-02	-1.285479e-02	9.973301e-01	9.965737e-01	9.948690e-01	2.055717e-01
1.821494e-02	-2.249357e-02	-2.249381e-02	-1.285479e-02	9.973304e-01	9.965734e-01	9.948690e-01	2.058548e-01
1.819836e-02	-2.249391e-02	-2.249415e-02	-1.285479e-02	9.973306e-01	9.965732e-01	9.948691e-01	2.061378e-01
1.818182e-02	-2.249426e-02	-2.249450e-02	-1.285479e-02	9.973309e-01	9.965729e-01	9.948691e-01	2.064207e-01
1.816530e-02	-2.249460e-02	-2.249484e-02	-1.285480e-02	9.973312e-01	9.965727e-01	9.948691e-01	2.067035e-01
1.814882e-02	-2.249495e-02	-2.249519e-02	-1.285480e-02	9.973315e-01	9.965724e-01	9.948691e-01	2.069865e-01
1.813237e-02	-2.249529e-02	-2.249553e-02	-1.285480e-02	9.973317e-01	9.965722e-01	9.948691e-01	2.072694e-01
1.811594e-02	-2.249563e-02	-2.249587e-02	-1.285480e-02	9.973320e-01	9.965719e-01	9.948692e-01	2.075523e-01
1.809955e-02	-2.249598e-02	-2.249622e-02	-1.285481e-02	9.973323e-01	9.965716e-01	9.948692e-01	2.078352e-01
1.808318e-02	-2.249632e-02	-2.249656e-02	-1.285481e-02	9.973326e-01	9.965714e-01	9.948692e-01	2.081181e-01
1.806685e-02	-2.249667e-02	-2.249691e-02	-1.285481e-02	9.973328e-01	9.965711e-01	9.948692e-01	2.084010e-01
1.805054e-02	-2.249701e-02	-2.249725e-02	-1.285481e-02	9.973331e-01	9.965709e-01	9.948692e-01	2.086837e-01
1.803427e-02	-2.249735e-02	-2.249759e-02	-1.285482e-02	9.973334e-01	9.965706e-01	9.948693e-01	2.089665e-01
1.801802e-02	-2.249770e-02	-2.249794e-02	-1.285482e-02	9.973336e-01	9.965704e-01	9.948693e-01	2.092494e-01
1.800180e-02	-2.249804e-02	-2.249828e-02	-1.285482e-02	9.973339e-01	9.965701e-01	9.948693e-01	2.095321e-01
1.798561e-02	-2.249838e-02	-2.249862e-02	-1.285483e-02	9.973342e-01	9.965699e-01	9.948693e-01	2.098150e-01
1.796945e-02	-2.249873e-02	-2.249897e-02	-1.285483e-02	9.973345e-01	9.965696e-01	9.948693e-01	2.100975e-01
1.795332e-02	-2.249907e-02	-2.249931e-02	-1.285483e-02	9.973347e-01	9.965694e-01	9.948694e-01	2.103804e-01
1.793722e-02	-2.249941e-02	-2.249965e-02	-1.285483e-02	9.973350e-01	9.965691e-01	9.948694e-01	2.106631e-01
1.792115e-02	-2.249975e-02	-2.249999e-02	-1.285484e-02	9.973353e-01	9.965689e-01	9.948694e-01	2.109456e-01
1.790510e-02	-2.250010e-02	-2.250034e-02	-1.285484e-02	9.973356e-01	9.965686e-01	9.948694e-01	2.112283e-01
1.788909e-02	-2.250044e-02	-2.250068e-02	-1.285484e-02	9.973358e-01	9.965683e-01	9.948694e-01	2.115110e-01
1.787310e-02	-2.250078e-02	-2.250102e-02	-1.285484e-02	9.973361e-01	9.965681e-01	9.948694e-01	2.117936e-01
1.785714e-02	-2.250112e-02	-2.250136e-02	-1.285485e-02	9.973364e-01	9.965678e-01	9.948695e-01	2.120761e-01
1.784121e-02	-2.250146e-02	-2.250170e-02	-1.285485e-02	9.973366e-01	9.965676e-01	9.948695e-01	2.123587e-01
1.782531e-02	-2.250180e-02	-2.250204e-02	-1.285485e-02	9.973369e-01	9.965673e-01	9.948695e-01	2.126411e-01
1.780944e-02	-2.250215e-02	-2.250239e-02	-1.285485e-02	9.973372e-01	9.965671e-01	9.948695e-01	2.129237e-01
1.779359e-02	-2.250249e-02	-2.250273e-02	-1.285486e-02	9.973375e-01	9.965668e-01	9.948695e-01	2.132062e-01
1.777778e-02	-2.250283e-02	-2.250307e-02	-1.285486e-02	9.973377e-01	9.965666e-01	9.948696e-01	2.134886e-01
1.776199e-02	-2.250317e-02	-2.250341e-02	-1.285486e-02	9.973380e-01	9.965663e-01	9.948696e-01	2.137710e-01
1.774623e-02	-2.250351e-02	-2.250375e-02	-1.285486e-02	9.973383e-01	9.965661e-01	9.948696e-01	2.140533e-01
1.773050e-02	-2.250385e-02	-2.250409e-02	-1.285487e-02	9.973386e-01	9.965658e-01	9.948696e-01	2.143358e-01
1.771479e-02	-2.250419e-02	-2.250443e-02	-1.285487e-02	9.973388e-01	9.965656e-01	9.948696e-01	2.146181e-01
1.769912e-02	-2.250453e-02	-2.250477e-02	-1.285487e-02	9.973391e-01	9.965653e-01	9.948697e-01	2.149003e-01
1.768347e-02	-2.250487e-02	-2.250511e-02	-1.285487e-02	9.973394e-01	9.965651e-01	9.948697e-01	2.151826e-01
1.766784e-02	-2.250521e-02	-2.250545e-02	-1.285488e-02	9.973396e-01	9.965648e-01	9.948697e-01	2.154648e-01
1.765225e-02	-2.250555e-02	-2.250579e-02	-1.285488e-02	9.973399e-01	9.965646e-01	9.948697e-01	2.157470e-01
1.763668e-02	-2.250589e-02	-2.250613e-02	-1.285488e-02	9.973402e-01	9.965643e-01	9.948697e-01	2.160291e-01
1.762115e-02	-2.250623e-02	-2.250647e-02	-1.285488e-02	9.973404e-01	9.965641e-01	9.948698e-01	2.163113e-01
1.760563e-02	-2.250657e-02	-2.250681e-02	-1.285489e-02	9.973407e-01	9.965638e-01	9.948698e-01	2.165933e-01
1.759015e-02	-2.250691e-02	-2.250715e-02	-1.285489e-02	9.973410e-01	9.965636e-01	9.948698e-01	2.168755e-01
1.757469e-02	-2.250725e-02	-2.250749e-02	-1.285489e-02	9.973413e-01	9.965633e-01	9.948698e-01	2.171574e-01
1.755926e-02	-2.250759e-02	-2.250783e-02	-1.285489e-02	9.973415e-01	9.965631e-01	9.948698e-01	2.174394e-01
1.754386e-02	-2.250792e-02	-2.250817e-02	-1.285490e-02	9.973418e-01	9.965628e-01	9.948699e-01	2.177214e-01
1.752848e-02	-2.250826e-02	-2.250850e-02	-1.285490e-02	9.973421e-01	9.965626e-01	9.948699e-01	2.180033e-01
1.751313e-02	-2.250860e-02	-2.250884e-02	-1.285490e-02	9.973423e-01	9.965623e-01	9.948699e-01	2.182853e-01
1.749781e-02	-2.250894e-02	-2.250918e-02	-1.285490e-02	9.973426e-01	9.965621e-01	9.948699e-01	2.185671e-01
1.748252e-02	-2.250928e-02	-2.250952e-02	-1.285491e-02	9.973429e-01	9.965618e-01	9.948699e-01	2.188490e-01
1.746725e-02	-2.250962e-02	-2.250986e-02	-1.285491e-02	9.973431e-01	9.965616e-01	9.948700e-01	2.191307e-01
1.745201e-02	-2.250995e-02	-2.251019e-02	-1.285491e-02	9.973434e-01	9.965613e-01	9.948700e-01	2.194124e-01
1.743679e-02	-2.251029e-02	-2.251053e-02	-1.285491e-02	9.973437e-01	9.965611e-01	9.948700e-01	2.196943e-01
1.742160e-02	-2.251063e-02	-2.251087e-02	-1.285492e-02	9.973440e-01	9.965608e-01	9.948700e-01	2.199760e-01
1.740644e-02	-2.251097e-02	-2.251121e-02	-1.285492e-02	9.973442e-01	9.965606e-01	9.948700e-01	2.202575e-01
1.739130e-02	-2.251130e-02	-2.251154e-02	-1.285492e-02	9.973445e-01	9.965603e-01	9.948701e-01	2.205393e-01
1.737619e-02	-2.251164e-02	-2.251188e-02	-1.285492e-02	9.973448e-01	9.965601e-01	9.948701e-01	2.208207e-01
1.736111e-02	-2.251198e-02	-2.251222e-02	-1.285493e-02	9.973450e-01	9.965598e-01	9.948701e-01	2.211024e-01
1.734605e-02	-2.251231e-02	-2.251255e-02	-1.285493e-02	9.973453e-01	9.965596e-01	9.948701e-01	2.213839e-01
1.733102e-02	-2.251265e-02	-2.251289e-02	-1.285493e-02	9.973456e-01	9.965593e-01	9.948701e-01	2.216653e-01
1.731602e-02	-2.251299e-02	-2.251323e-02	-1.285493e-02	9.973458e-01	9.965591e-01	9.948702e-01	2.219468e-01
1.730104e-02	-2.251332e-02	-2.251356e-02	-1.285494e-02	9.973461e-01	9.965588e-01	9.948702e-01	2.222282e-01
1.728608e-02	-2.251366e-02	-2.251390e-02	-1.285494e-02	9.973464e-01	9.965586e-01	9.948702e-01	2.225096e-01
1.727116e-02	-2.251399e-02	-2.251423e-02	-1.285494e-02	9.973466e-01	9.965583e-01	9.948702e-01	2.227908e-01
1.725626e-02	-2.251433e-02	-2.251457e-02	-1.285494e-02	9.973469e-01	9.965581e-01	9.948702e-01	2.230721e-01
1.724138e-02	-2.251467e-02	-2.251491e-02	-1.285495e-02	9.973472e-01	9.965578e-01	9.948703e-01	2.233536e-01
1.722653e-02	-2.251500e-02	-2.251524e-02	-1.285495e-02	9.973474e-01	9.965576e-01	9.948703e-01	2.236347e-01
1.721170e-02	-2.251534e-02	-2.251558e-02	-1.285495e-02	9.973477e-01	9.965573e-01	9.948703e-01	2.239159e-01
1.719690e-02	-2.251567e-02	-2.251591e-02	-1.285495e-02	9.973480e-01	9.965571e-01	9.948703e-01	2.241970e-01
1.718213e-02	-2.251601e-02	-2.251625e-02	-1.285496e-02	9.973482e-01	9.965568e-01	9.948703e-01	2.244783e-01
1.716738e-02	-2.251634e-02	-2.251658e-02	-1.285496e-02	9.973485e-01	9.965566e-01	9.948704e-01	2.247593e-01
1.715266e-02	-2.251668e-02	-2.251692e-02	-1.285496e-02	9.973488e-01	9.965563e-01	9.948704e-01	2.250403e-01
1.713796e-02	-2.251701e-02	-2.251725e-02	-1.285496e-02	9.973490e-01	9.965561e-01	9.948704e-01	2.253214e-01
1.712329e-02	-2.251734e-02	-2.251758e-02	-1.285497e-02	9.973493e-01	9.965558e-01	9.948704e-01	2.256025e-01
1.710864e-02	-2.251768e-02	-2.251792e-02	-1.285497e-02	9.973496e-01	9.965556e-01	9.948704e-01	2.258833e-01
1.709402e-02	-2.251801e-02	-2.251825e-02	-1.285497e-02	9.973498e-01	9.965553e-01	9.948705e-01	2.261643e-01
1.707942e-02	-2.251835e-02	-2.251859e-02	-1.285497e-02	9.973501e-01	9.965551e-01	9.948705e-01	2.264451e-01
1.706485e-02	-2.251868e-02	-2.251892e-02	-1.285498e-02	9.973504e-01	9.965549e-01	9.948705e-01	2.267261e-01
1.705030e-02	-2.251901e-02	-2.251925e-02	-1.285498e-02	9.973506e-01	9.965546e-01	9.948705e-01	2.270070e-01
1.703578e-02	-2.251935e-02	-2.251959e-02	-1.285498e-02	9.973509e-01	9.965544e-01	9.948705e-01	2.272877e-01
1.702128e-02	-2.251968e-02	-2.251992e-02	-1.285498e-02	9.973512e-01	9.965541e-01	9.948705e-01	2.275686e-01
1.700680e-02	-2.252001e-02	-2.252025e-02	-1.285499e-02	9.973514e-01	9.965539e-01	9.948706e-01	2.278494e-01
1.699235e-02	-2.252035e-02	-2.252059e-02	-1.285499e-02	9.973517e-01	9.965536e-01	9.948706e-01	2.281302e-01
1.697793e-02	-2.252068e-02	-2.252092e-02	-1.285499e-02	9.973520e-01	9.965534e-01	9.948706e-01	2.284110e-01
1.696353e-02	-2.252101e-02	-2.252125e-02	-1.285499e-02	9.973522e-01	9.965531e-01	9.948706e-01	2.286916e-01
1.694915e-02	-2.252134e-02	-2.252158e-02	-1.285500e-02	9.973525e-01	9.965529e-01	9.948706e-01	2.289724e-01
1.693480e-02	-2.252168e-02	-2.252192e-02	-1.285500e-02	9.973528e-01	9.965526e-01	9.948707e-01	2.292532e-01
1.692047e-02	-2.252201e-02	-2.252225e-02	-1.285500e-02	9.973530e-01	9.965524e-01	9.948707e-01	2.295340e-01
1.690617e-02	-2.252234e-02	-2.252258e-02	-1.285500e-02	9.973533e-01	9.965521e-01	9.948707e-01	2.298147e-01
1.689189e-02	-2.252267e-02	-2.252291e-02	-1.285501e-02	9.973536e-01	9.965519e-01	9.948707e-01	2.300955e-01
1.687764e-02	-2.252300e-02	-2.252324e-02	-1.285501e-02	9.973538e-01	9.965517e-01	9.948707e-01	2.303763e-01
1.686341e-02	-2.252333e-02	-2.252358e-02	-1.285501e-02	9.973541e-01	9.965514e-01	9.948708e-01	2.306571e-01
1.684920e-02	-2.252367e-02	-2.252391e-02	-1.285501e-02	9.973543e-01	9.965512e-01	9.948708e-01	2.309378e-01
1.683502e-02	-2.252400e-02	-2.252424e-02	-1.285502e-02	9.973546e-01	9.965509e-01	9.948708e-01	2.312187e-01
1.682086e-02	-2.252433e-02	-2.252457e-02	-1.285502e-02	9.973549e-01	9.965507e-01	9.948708e-01	2.314996e-01
1.680672e-02	-2.252466e-02	-2.252490e-02	-1.285502e-02	9.973551e-01	9.965504e-01	9.948708e-01	2.317806e-01
1.679261e-02	-2.252499e-02	-2.252523e-02	-1.285502e-02	9.973554e-01	9.965502e-01	9.948709e-01	2.320616e-01
1.677852e-02	-2.252532e-02	-2.252556e-02	-1.285503e-02	9.973557e-01	9.965499e-01	9.948709e-01	2.323427e-01
1.676446e-02	-2.252565e-02	-2.252589e-02	-1.285503e-02	9.973559e-01	9.965497e-01	9.948709e-01	2.326238e-01
1.675042e-02	-2.252598e-02	-2.252622e-02	-1.285503e-02	9.973562e-01	9.965495e-01	9.948709e-01	2.329051e-01
1.673640e-02	-2.252631e-02	-2.252655e-02	-1.285503e-02	9.973565e-01	9.965492e-01	9.948709e-01	2.331864e-01
1.672241e-02	-2.252664e-02	-2.252688e-02	-1.285504e-02	9.973567e-01	9.965490e-01	9.948710e-01	2.334680e-01
1.670844e-02	-2.252697e-02	-2.252721e-02	-1.285504e-02	9.973570e-01	9.965487e-01	9.948710e-01	2.337495e-01
1.669449e-02	-2.252730e-02	-2.252754e-02	-1.285504e-02	9.973572e-01	9.965485e-01	9.948710e-01	2.340313e-01
1.668057e-02	-2.252763e-02	-2.252787e-02	-1.285504e-02	9.973575e-01	9.965482e-01	9.948710e-01	2.343132e-01
1.666667e-02	-2.252796e-02	-2.252820e-02	-1.285505e-02	9.973578e-01	9.965480e-01	9.948710e-01	2.345952e-01
1.665279e-02	-2.252829e-02	-2.252853e-02	-1.285505e-02	9.973580e-01	9.965478e-01	9.948710e-01	2.348776e-01
1.663894e-02	-2.252862e-02	-2.252886e-02	-1.285505e-02	9.973583e-01	9.965475e-01	9.948711e-01	2.351600e-01
1.662510e-02	-2.252895e-02	-2.252919e-02	-1.285505e-02	9.973586e-01	9.965473e-01	9.948711e-01	2.354428e-01
1.661130e-02	-2.252927e-02	-2.252952e-02	-1.285505e-02	9.973588e-01	9.965470e-01	9.948711e-01	2.357257e-01
1.659751e-02	-2.252960e-02	-2.252984e-02	-1.285506e-02	9.973591e-01	9.965468e-01	9.948711e-01	2.360090e-01
1.658375e-02	-2.252993e-02	-2.253017e-02	-1.285506e-02	9.973593e-01	9.965465e-01	9.948711e-01	2.362927e-01
1.657001e-02	-2.253026e-02	-2.253050e-02	-1.285506e-02	9.973596e-01	9.965463e-01	9.948712e-01	2.365766e-01
1.655629e-02	-2.253059e-02	-2.253083e-02	-1.285506e-02	9.973599e-01	9.965460e-01	9.948712e-01	2.368608e-01
1.654260e-02	-2.253092e-02	-2.253116e-02	-1.285507e-02	9.973601e-01	9.965458e-01	9.948712e-01	2.371455e-01
1.652893e-02	-2.253124e-02	-2.253148e-02	-1.285507e-02	9.973604e-01	9.965456e-01	9.948712e-01	2.374305e-01
1.651528e-02	-2.253157e-02	-2.253181e-02	-1.285507e-02	9.973606e-01	9.965453e-01	9.948712e-01	2.377161e-01
1.650165e-02	-2.253190e-02	-2.253214e-02	-1.285507e-02	9.973609e-01	9.965451e-01	9.948713e-01	2.380019e-01
1.648805e-02	-2.253223e-02	-2.253247e-02	-1.285508e-02	9.973612e-01	9.965448e-01	9.948713e-01	2.382883e-01
1.647446e-02	-2.253255e-02	-2.253279e-02	-1.285508e-02	9.973614e-01	9.965446e-01	9.948713e-01	2.385751e-01
1.646091e-02	-2.253288e-02	-2.253312e-02	-1.285508e-02	9.973617e-01	9.965444e-01	9.948713e-01	2.388625e-01
1.644737e-02	-2.253321e-02	-2.253345e-02	-1.285508e-02	9.973619e-01	9.965441e-01	9.948713e-01	2.391500e-01
1.643385e-02	-2.253353e-02	-2.253377e-02	-1.285509e-02	9.973622e-01	9.965439e-01	9.948714e-01	2.394383e-01
1.642036e-02	-2.253386e-02	-2.253410e-02	-1.285509e-02	9.973625e-01	9.965436e-01	9.948714e-01	2.397270e-01
1.640689e-02	-2.253419e-02	-2.253443e-02	-1.285509e-02	9.973627e-01	9.965434e-01	9.948714e-01	2.400158e-01
1.639344e-02	-2.253451e-02	-2.253475e-02	-1.285509e-02	9.973630e-01	9.965431e-01	9.948714e-01	2.403051e-01
1.638002e-02	-2.253484e-02	-2.253508e-02	-1.285510e-02	9.973632e-01	9.965429e-01	9.948714e-01	2.405946e-01
1.636661e-02	-2.253516e-02	-2.253540e-02	-1.285510e-02	9.973635e-01	9.965427e-01	9.948714e-01	2.408843e-01
1.635323e-02	-2.253549e-02	-2.253573e-02	-1.285510e-02	9.973638e-01	9.965424e-01	9.948715e-01	2.411739e-01
1.633987e-02	-2.253581e-02	-2.253606e-02	-1.285510e-02	9.973640e-01	9.965422e-01	9.948715e-01	2.414636e-01
1.632653e-02	-2.253614e-02	-2.253638e-02	-1.285511e-02	9.973643e-01	9.965419e-01	9.948715e-01	2.417531e-01
1.631321e-02	-2.253646e-02	-2.253671e-02	-1.285511e-02	9.973645e-01	9.965417e-01	9.948715e-01	2.420422e-01
1.629992e-02	-2.253679e-02	-2.253703e-02	-1.285511e-02	9.973648e-01	9.965415e-01	9.948715e-01	2.423307e-01
1.628664e-02	-2.253711e-02	-2.253736e-02	-1.285511e-02	9.973651e-01	9.965412e-01	9.948716e-01	2.426187e-01
1.627339e-02	-2.253744e-02	-2.253768e-02	-1.285512e-02	9.973653e-01	9.965410e-01	9.948716e-01	2.429057e-01
1.626016e-02	-2.253776e-02	-2.253800e-02	-1.285512e-02	9.973656e-01	9.965407e-01	9.948716e-01	2.431921e-01
1.624695e-02	-2.253809e-02	-2.253833e-02	-1.285512e-02	9.973658e-01	9.965405e-01	9.948716e-01	2.434769e-01
1.623377e-02	-2.253841e-02	-2.253865e-02	-1.285512e-02	9.973661e-01	9.965403e-01	9.948716e-01	2.437609e-01
1.622060e-02	-2.253874e-02	-2.253898e-02	-1.285513e-02	9.973664e-01	9.965400e-01	9.948717e-01	2.440436e-01
1.620746e-02	-2.253906e-02	-2.253930e-02	-1.285513e-02	9.973666e-01	9.965398e-01	9.948717e-01	2.443250e-01
1.619433e-02	-2.253938e-02	-2.253963e-02	-1.285513e-02	9.973669e-01	9.965395e-01	9.948717e-01	2.446052e-01
1.618123e-02	-2.253971e-02	-2.253995e-02	-1.285513e-02	9.973671e-01	9.965393e-01	9.948717e-01	2.448840e-01
1.616815e-02	-2.254003e-02	-2.254027e-02	-1.285514e-02	9.973674e-01	9.965391e-01	9.948717e-01	2.451617e-01
1.615509e-02	-2.254035e-02	-2.254060e-02	-1.285514e-02	9.973676e-01	9.965388e-01	9.948717e-01	2.454383e-01
1.614205e-02	-2.254068e-02	-2.254092e-02	-1.285514e-02	9.973679e-01	9.965386e-01	9.948718e-01	2.457140e-01
1.612903e-02	-2.254100e-02	-2.254124e-02	-1.285514e-02	9.973682e-01	9.965383e-01	9.948718e-01	2.459887e-01
1.611604e-02	-2.254132e-02	-2.254156e-02	-1.285515e-02	9.973684e-01	9.965381e-01	9.948718e-01	2.462631e-01
1.610306e-02	-2.254165e-02	-2.254189e-02	-1.285515e-02	9.973687e-01	9.965379e-01	9.948718e-01	2.465366e-01
1.609010e-02	-2.254197e-02	-2.254221e-02	-1.285515e-02	9.973689e-01	9.965376e-01	9.948718e-01	2.468101e-01
1.607717e-02	-2.254229e-02	-2.254253e-02	-1.285515e-02	9.973692e-01	9.965374e-01	9.948719e-01	2.470832e-01
1.606426e-02	-2.254261e-02	-2.254285e-02	-1.285516e-02	9.973694e-01	9.965372e-01	9.948719e-01	2.473561e-01
1.605136e-02	-2.254293e-02	-2.254318e-02	-1.285516e-02	9.973697e-01	9.965369e-01	9.948719e-01	2.476292e-01
1.603849e-02	-2.254326e-02	-2.254350e-02	-1.285516e-02	9.973700e-01	9.965367e-01	9.948719e-01	2.479026e-01
1.602564e-02	-2.254358e-02	-2.254382e-02	-1.285516e-02	9.973702e-01	9.965364e-01	9.948719e-01	2.481759e-01
1.601281e-02	-2.254390e-02	-2.254414e-02	-1.285517e-02	9.973705e-01	9.965362e-01	9.948720e-01	2.484496e-01
1.600000e-02	-2.254422e-02	-2.254446e-02	-1.285517e-02	9.973707e-01	9.965360e-01	9.948720e-01	2.487233e-01
1.598721e-02	-2.254454e-02	-2.254478e-02	-1.285517e-02	9.973710e-01	9.965357e-01	9.948720e-01	2.489974e-01
1.597444e-02	-2.254486e-02	-2.254510e-02	-1.285517e-02	9.973712e-01	9.965355e-01	9.948720e-01	2.492717e-01
1.596169e-02	-2.254518e-02	-2.254543e-02	-1.285518e-02	9.973715e-01	9.965353e-01	9.948720e-01	2.495461e-01
1.594896e-02	-2.254550e-02	-2.254575e-02	-1.285518e-02	9.973717e-01	9.965350e-01	9.948720e-01	2.498205e-01
1.593625e-02	-2.254583e-02	-2.254607e-02	-1.285518e-02	9.973720e-01	9.965348e-01	9.948721e-01	2.500948e-01
1.592357e-02	-2.254615e-02	-2.254639e-02	-1.285518e-02	9.973723e-01	9.965345e-01	9.948721e-01	2.503689e-01
1.591090e-02	-2.254647e-02	-2.254671e-02	-1.285519e-02	9.973725e-01	9.965343e-01	9.948721e-01	2.506425e-01
1.589825e-02	-2.254679e-02	-2.254703e-02	-1.285519e-02	9.973728e-01	9.965341e-01	9.948721e-01	2.509157e-01
1.588562e-02	-2.254711e-02	-2.254735e-02	-1.285519e-02	9.973730e-01	9.965338e-01	9.948721e-01	2.511881e-01
1.587302e-02	-2.254743e-02	-2.254767e-02	-1.285519e-02	9.973733e-01	9.965336e-01	9.948722e-01	2.514598e-01
1.586043e-02	-2.254775e-02	-2.254799e-02	-1.285519e-02	9.973735e-01	9.965334e-01	9.948722e-01	2.517303e-01
1.584786e-02	-2.254806e-02	-2.254831e-02	-1.285520e-02	9.973738e-01	9.965331e-01	9.948722e-01	2.519998e-01
1.583531e-02	-2.254838e-02	-2.254863e-02	-1.285520e-02	9.973740e-01	9.965329e-01	9.948722e-01	2.522680e-01
1.582278e-02	-2.254870e-02	-2.254894e-02	-1.285520e-02	9.973743e-01	9.965327e-01	9.948722e-01	2.525350e-01
1.581028e-02	-2.254902e-02	-2.254926e-02	-1.285520e-02	9.973745e-01	9.965324e-01	9.948722e-01	2.528006e-01
1.579779e-02	-2.254934e-02	-2.254958e-02	-1.285521e-02	9.973748e-01	9.965322e-01	9.948723e-01	2.530651e-01
1.578532e-02	-2.254966e-02	-2.254990e-02	-1.285521e-02	9.973751e-01	9.965319e-01	9.948723e-01	2.533281e-01
1.577287e-02	-2.254998e-02	-2.255022e-02	-1.285521e-02	9.973753e-01	9.965317e-01	9.948723e-01	2.535902e-01
1.576044e-02	-2.255030e-02	-2.255054e-02	-1.285521e-02	9.973756e-01	9.965315e-01	9.948723e-01	2.538510e-01
1.574803e-02	-2.255061e-02	-2.255086e-02	-1.285522e-02	9.973758e-01	9.965312e-01	9.948723e-01	2.541111e-01
1.573564e-02	-2.255093e-02	-2.255117e-02	-1.285522e-02	9.973761e-01	9.965310e-01	9.948724e-01	2.543702e-01
1.572327e-02	-2.255125e-02	-2.255149e-02	-1.285522e-02	9.973763e-01	9.965308e-01	9.948724e-01	2.546291e-01
1.571092e-02	-2.255157e-02	-2.255181e-02	-1.285522e-02	9.973766e-01	9.965305e-01	9.948724e-01	2.548872e-01
1.569859e-02	-2.255189e-02	-2.255213e-02	-1.285523e-02	9.973768e-01	9.965303e-01	9.948724e-01	2.551454e-01
1.568627e-02	-2.255220e-02	-2.255244e-02	-1.285523e-02	9.973771e-01	9.965301e-01	9.948724e-01	2.554032e-01
1.567398e-02	-2.255252e-02	-2.255276e-02	-1.285523e-02	9.973773e-01	9.965298e-01	9.948725e-01	2.556611e-01
1.566171e-02	-2.255284e-02	-2.255308e-02	-1.285523e-02	9.973776e-01	9.965296e-01	9.948725e-01	2.559191e-01
1.564945e-02	-2.255315e-02	-2.255340e-02	-1.285524e-02	9.973778e-01	9.965294e-01	9.948725e-01	2.561774e-01
1.563722e-02	-2.255347e-02	-2.255371e-02	-1.285524e-02	9.973781e-01	9.965291e-01	9.948725e-01	2.564360e-01
1.562500e-02	-2.255379e-02	-2.255403e-02	-1.285524e-02	9.973783e-01	9.965289e-01	9.948725e-01	2.566951e-01
1.561280e-02	-2.255410e-02	-2.255435e-02	-1.285524e-02	9.973786e-01	9.965287e-01	9.948725e-01	2.569544e-01
1.560062e-02	-2.255442e-02	-2.255466e-02	-1.285525e-02	9.973788e-01	9.965284e-01	9.948726e-01	2.572143e-01
1.558846e-02	-2.255474e-02	-2.255498e-02	-1.285525e-02	9.973791e-01	9.965282e-01	9.948726e-01	2.574747e-01
1.557632e-02	-2.255505e-02	-2.255529e-02	-1.285525e-02	9.973794e-01	9.965280e-01	9.948726e-01	2.577356e-01
1.556420e-02	-2.255537e-02	-2.255561e-02	-1.285525e-02	9.973796e-01	9.965277e-01	9.948726e-01	2.579969e-01
1.555210e-02	-2.255568e-02	-2.255592e-02	-1.285525e-02	9.973799e-01	9.965275e-01	9.948726e-01	2.582585e-01
1.554002e-02	-2.255600e-02	-2.255624e-02	-1.285526e-02	9.973801e-01	9.965273e-01	9.948727e-01	2.585208e-01
1.552795e-02	-2.255631e-02	-2.255656e-02	-1.285526e-02	9.973804e-01	9.965270e-01	9.948727e-01	2.587834e-01
1.551590e-02	-2.255663e-02	-2.255687e-02	-1.285526e-02	9.973806e-01	9.965268e-01	9.948727e-01	2.590463e-01
1.550388e-02	-2.255694e-02	-2.255719e-02	-1.285526e-02	9.973809e-01	9.965266e-01	9.948727e-01	2.593094e-01
1.549187e-02	-2.255726e-02	-2.255750e-02	-1.285527e-02	9.973811e-01	9.965263e-01	9.948727e-01	2.595728e-01
1.547988e-02	-2.255757e-02	-2.255781e-02	-1.285527e-02	9.973814e-01	9.965261e-01	9.948727e-01	2.598368e-01
1.546790e-02	-2.255789e-02	-2.255813e-02	-1.285527e-02	9.973816e-01	9.965259e-01	9.948728e-01	2.601009e-01
1.545595e-02	-2.255820e-02	-2.255844e-02	-1.285527e-02	9.973819e-01	9.965256e-01	9.948728e-01	2.603650e-01
1.544402e-02	-2.255852e-02	-2.255876e-02	-1.285528e-02	9.973821e-01	9.965254e-01	9.948728e-01	2.606297e-01
1.543210e-02	-2.255883e-02	-2.255907e-02	-1.285528e-02	9.973824e-01	9.965252e-01	9.948728e-01	2.608944e-01
1.542020e-02	-2.255914e-02	-2.255939e-02	-1.285528e-02	9.973826e-01	9.965249e-01	9.948728e-01	2.611593e-01
1.540832e-02	-2.255946e-02	-2.255970e-02	-1.285528e-02	9.973829e-01	9.965247e-01	9.948729e-01	2.614245e-01
1.539646e-02	-2.255977e-02	-2.256001e-02	-1.285529e-02	9.973831e-01	9.965245e-01	9.948729e-01	2.616897e-01
1.538462e-02	-2.256008e-02	-2.256033e-02	-1.285529e-02	9.973834e-01	9.965242e-01	9.948729e-01	2.619552e-01
1.537279e-02	-2.256040e-02	-2.256064e-02	-1.285529e-02	9.973836e-01	9.965240e-01	9.948729e-01	2.622210e-01
1.536098e-02	-2.256071e-02	-2.256095e-02	-1.285529e-02	9.973839e-01	9.965238e-01	9.948729e-01	2.624867e-01
1.534919e-02	-2.256102e-02	-2.256127e-02	-1.285529e-02	9.973841e-01	9.965235e-01	9.948729e-01	2.627527e-01
1.533742e-02	-2.256134e-02	-2.256158e-02	-1.285530e-02	9.973844e-01	9.965233e-01	9.948730e-01	2.630187e-01
1.532567e-02	-2.256165e-02	-2.256189e-02	-1.285530e-02	9.973846e-01	9.965231e-01	9.948730e-01	2.632850e-01
1.531394e-02	-2.256196e-02	-2.256220e-02	-1.285530e-02	9.973849e-01	9.965228e-01	9.948730e-01	2.635512e-01
1.530222e-02	-2.256227e-02	-2.256252e-02	-1.285530e-02	9.973851e-01	9.965226e-01	9.948730e-01	2.638175e-01
1.529052e-02	-2.256259e-02	-2.256283e-02	-1.285531e-02	9.973854e-01	9.965224e-01	9.948730e-01	2.640839e-01
1.527884e-02	-2.256290e-02	-2.256314e-02	-1.285531e-02	9.973856e-01	9.965222e-01	9.948731e-01	2.643503e-01
1.526718e-02	-2.256321e-02	-2.256345e-02	-1.285531e-02	9.973858e-01	9.965219e-01	9.948731e-01	2.646168e-01
1.525553e-02	-2.256352e-02	-2.256376e-02	-1.285531e-02	9.973861e-01	9.965217e-01	9.948731e-01	2.648831e-01
1.524390e-02	-2.256383e-02	-2.256407e-02	-1.285532e-02	9.973863e-01	9.965215e-01	9.948731e-01	2.651496e-01
1.523229e-02	-2.256414e-02	-2.256439e-02	-1.285532e-02	9.973866e-01	9.965212e-01	9.948731e-01	2.654160e-01
1.522070e-02	-2.256446e-02	-2.256470e-02	-1.285532e-02	9.973868e-01	9.965210e-01	9.948731e-01	2.656825e-01
1.520913e-02	-2.256477e-02	-2.256501e-02	-1.285532e-02	9.973871e-01	9.965208e-01	9.948732e-01	2.659487e-01
1.519757e-02	-2.256508e-02	-2.256532e-02	-1.285533e-02	9.973873e-01	9.965205e-01	9.948732e-01	2.662149e-01
1.518603e-02	-2.256539e-02	-2.256563e-02	-1.285533e-02	9.973876e-01	9.965203e-01	9.948732e-01	2.664812e-01
1.517451e-02	-2.256570e-02	-2.256594e-02	-1.285533e-02	9.973878e-01	9.965201e-01	9.948732e-01	2.667473e-01
1.516300e-02	-2.256601e-02	-2.256625e-02	-1.285533e-02	9.973881e-01	9.965199e-01	9.948732e-01	2.670133e-01
1.515152e-02	-2.256632e-02	-2.256656e-02	-1.285533e-02	9.973883e-01	9.965196e-01	9.948733e-01	2.672792e-01
1.514005e-02	-2.256663e-02	-2.256687e-02	-1.285534e-02	9.973886e-01	9.965194e-01	9.948733e-01	2.675450e-01
1.512859e-02	-2.256694e-02	-2.256718e-02	-1.285534e-02	9.973888e-01	9.965192e-01	9.948733e-01	2.678108e-01
1.511716e-02	-2.256725e-02	-2.256749e-02	-1.285534e-02	9.973891e-01	9.965189e-01	9.948733e-01	2.680764e-01
1.510574e-02	-2.256756e-02	-2.256780e-02	-1.285534e-02	9.973893e-01	9.965187e-01	9.948733e-01	2.683418e-01
1.509434e-02	-2.256787e-02	-2.256811e-02	-1.285535e-02	9.973896e-01	9.965185e-01	9.948733e-01	2.686072e-01
1.508296e-02	-2.256818e-02	-2.256842e-02	-1.285535e-02	9.973898e-01	9.965183e-01	9.948734e-01	2.688722e-01
1.507159e-02	-2.256848e-02	-2.256873e-02	-1.285535e-02	9.973901e-01	9.965180e-01	9.948734e-01	2.691375e-01
1.506024e-02	-2.256879e-02	-2.256903e-02	-1.285535e-02	9.973903e-01	9.965178e-01	9.948734e-01	2.694024e-01
1.504891e-02	-2.256910e-02	-2.256934e-02	-1.285536e-02	9.973905e-01	9.965176e-01	9.948734e-01	2.696674e-01
1.503759e-02	-2.256941e-02	-2.256965e-02	-1.285536e-02	9.973908e-01	9.965173e-01	9.948734e-01	2.699319e-01
1.502630e-02	-2.256972e-02	-2.256996e-02	-1.285536e-02	9.973910e-01	9.965171e-01	9.948734e-01	2.701966e-01
1.501502e-02	-2.257003e-02	-2.257027e-02	-1.285536e-02	9.973913e-01	9.965169e-01	9.948735e-01	2.704611e-01
1.500375e-02	-2.257034e-02	-2.257058e-02	-1.285536e-02	9.973915e-01	9.965167e-01	9.948735e-01	2.707254e-01
1.499250e-02	-2.257064e-02	-2.257088e-02	-1.285537e-02	9.973918e-01	9.965164e-01	9.948735e-01	2.709897e-01
1.498127e-02	-2.257095e-02	-2.257119e-02	-1.285537e-02	9.973920e-01	9.965162e-01	9.948735e-01	2.712537e-01
1.497006e-02	-2.257126e-02	-2.257150e-02	-1.285537e-02	9.973923e-01	9.965160e-01	9.948735e-01	2.715179e-01
1.495886e-02	-2.257157e-02	-2.257181e-02	-1.285537e-02	9.973925e-01	9.965157e-01	9.948736e-01	2.717818e-01
1.494768e-02	-2.257187e-02	-2.257211e-02	-1.285538e-02	9.973928e-01	9.965155e-01	9.948736e-01	2.720455e-01
1.493652e-02	-2.257218e-02	-2.257242e-02	-1.285538e-02	9.973930e-01	9.965153e-01	9.948736e-01	2.723093e-01
1.492537e-02	-2.257249e-02	-2.257273e-02	-1.285538e-02	9.973932e-01	9.965151e-01	9.948736e-01	2.725727e-01
1.491424e-02	-2.257279e-02	-2.257304e-02	-1.285538e-02	9.973935e-01	9.965148e-01	9.948736e-01	2.728363e-01
1.490313e-02	-2.257310e-02	-2.257334e-02	-1.285539e-02	9.973937e-01	9.965146e-01	9.948736e-01	2.730997e-01
1.489203e-02	-2.257341e-02	-2.257365e-02	-1.285539e-02	9.973940e-01	9.965144e-01	9.948737e-01	2.733629e-01
1.488095e-02	-2.257371e-02	-2.257395e-02	-1.285539e-02	9.973942e-01	9.965142e-01	9.948737e-01	2.736260e-01
1.486989e-02	-2.257402e-02	-2.257426e-02	-1.285539e-02	9.973945e-01	9.965139e-01	9.948737e-01	2.738892e-01
1.485884e-02	-2.257433e-02	-2.257457e-02	-1.285539e-02	9.973947e-01	9.965137e-01	9.948737e-01	2.741521e-01
1.484781e-02	-2.257463e-02	-2.257487e-02	-1.285540e-02	9.973950e-01	9.965135e-01	9.948737e-01	2.744150e-01
1.483680e-02	-2.257494e-02	-2.257518e-02	-1.285540e-02	9.973952e-01	9.965133e-01	9.948738e-01	2.746777e-01
1.482580e-02	-2.257524e-02	-2.257548e-02	-1.285540e-02	9.973954e-01	9.965130e-01	9.948738e-01	2.749404e-01
1.481481e-02	-2.257555e-02	-2.257579e-02	-1.285540e-02	9.973957e-01	9.965128e-01	9.948738e-01	2.752029e-01
1.480385e-02	-2.257585e-02	-2.257609e-02	-1.285541e-02	9.973959e-01	9.965126e-01	9.948738e-01	2.754652e-01
1.479290e-02	-2.257616e-02	-2.257640e-02	-1.285541e-02	9.973962e-01	9.965123e-01	9.948738e-01	2.757276e-01
1.478197e-02	-2.257646e-02	-2.257670e-02	-1.285541e-02	9.973964e-01	9.965121e-01	9.948738e-01	2.759897e-01
1.477105e-02	-2.257677e-02	-2.257701e-02	-1.285541e-02	9.973967e-01	9.965119e-01	9.948739e-01	2.762518e-01
1.476015e-02	-2.257707e-02	-2.257731e-02	-1.285541e-02	9.973969e-01	9.965117e-01	9.948739e-01	2.765138e-01
1.474926e-02	-2.257738e-02	-2.257762e-02	-1.285542e-02	9.973971e-01	9.965114e-01	9.948739e-01	2.767757e-01
1.473839e-02	-2.257768e-02	-2.257792e-02	-1.285542e-02	9.973974e-01	9.965112e-01	9.948739e-01	2.770373e-01
1.472754e-02	-2.257798e-02	-2.257823e-02	-1.285542e-02	9.973976e-01	9.965110e-01	9.948739e-01	2.772989e-01
1.471670e-02	-2.257829e-02	-2.257853e-02	-1.285542e-02	9.973979e-01	9.965108e-01	9.948739e-01	2.775604e-01
1.470588e-02	-2.257859e-02	-2.257883e-02	-1.285543e-02	9.973981e-01	9.965105e-01	9.948740e-01	2.778218e-01
1.469508e-02	-2.257890e-02	-2.257914e-02	-1.285543e-02	9.973983e-01	9.965103e-01	9.948740e-01	2.780830e-01
1.468429e-02	-2.257920e-02	-2.257944e-02	-1.285543e-02	9.973986e-01	9.965101e-01	9.948740e-01	2.783441e-01
1.467351e-02	-2.257950e-02	-2.257974e-02	-1.285543e-02	9.973988e-01	9.965099e-01	9.948740e-01	2.786051e-01
1.466276e-02	-2.257981e-02	-2.258005e-02	-1.285543e-02	9.973991e-01	9.965097e-01	9.948740e-01	2.788660e-01
1.465201e-02	-2.258011e-02	-2.258035e-02	-1.285544e-02	9.973993e-01	9.965094e-01	9.948741e-01	2.791267e-01
1.464129e-02	-2.258041e-02	-2.258065e-02	-1.285544e-02	9.973996e-01	9.965092e-01	9.948741e-01	2.793874e-01
1.463058e-02	-2.258071e-02	-2.258095e-02	-1.285544e-02	9.973998e-01	9.965090e-01	9.948741e-01	2.796477e-01
1.461988e-02	-2.258102e-02	-2.258126e-02	-1.285544e-02	9.974000e-01	9.965088e-01	9.948741e-01	2.799082e-01
1.460920e-02	-2.258132e-02	-2.258156e-02	-1.285545e-02	9.974003e-01	9.965085e-01	9.948741e-01	2.801683e-01
1.459854e-02	-2.258162e-02	-2.258186e-02	-1.285545e-02	9.974005e-01	9.965083e-01	9.948741e-01	2.804284e-01
1.458789e-02	-2.258192e-02	-2.258216e-02	-1.285545e-02	9.974008e-01	9.965081e-01	9.948742e-01	2.806883e-01
1.457726e-02	-2.258222e-02	-2.258247e-02	-1.285545e-02	9.974010e-01	9.965079e-01	9.948742e-01	2.809482e-01
1.456664e-02	-2.258253e-02	-2.258277e-02	-1.285545e-02	9.974012e-01	9.965076e-01	9.948742e-01	2.812077e-01
1.455604e-02	-2.258283e-02	-2.258307e-02	-1.285546e-02	9.974015e-01	9.965074e-01	9.948742e-01	2.814674e-01
1.454545e-02	-2.258313e-02	-2.258337e-02	-1.285546e-02	9.974017e-01	9.965072e-01	9.948742e-01	2.817266e-01
1.453488e-02	-2.258343e-02	-2.258367e-02	-1.285546e-02	9.974020e-01	9.965070e-01	9.948742e-01	2.819861e-01
1.452433e-02	-2.258373e-02	-2.258397e-02	-1.285546e-02	9.974022e-01	9.965067e-01	9.948743e-01	2.822452e-01
1.451379e-02	-2.258403e-02	-2.258427e-02	-1.285547e-02	9.974024e-01	9.965065e-01	9.948743e-01	2.825041e-01
1.450326e-02	-2.258433e-02	-2.258457e-02	-1.285547e-02	9.974027e-01	9.965063e-01	9.948743e-01	2.827628e-01
1.449275e-02	-2.258463e-02	-2.258487e-02	-1.285547e-02	9.974029e-01	9.965061e-01	9.948743e-01	2.830217e-01
1.448226e-02	-2.258493e-02	-2.258517e-02	-1.285547e-02	9.974032e-01	9.965059e-01	9.948743e-01	2.832802e-01
1.447178e-02	-2.258523e-02	-2.258547e-02	-1.285547e-02	9.974034e-01	9.965056e-01	9.948744e-01	2.835386e-01
1.446132e-02	-2.258553e-02	-2.258577e-02	-1.285548e-02	9.974036e-01	9.965054e-01	9.948744e-01	2.837968e-01
1.445087e-02	-2.258583e-02	-2.258607e-02	-1.285548e-02	9.974039e-01	9.965052e-01	9.948744e-01	2.840552e-01
1.444043e-02	-2.258613e-02	-2.258637e-02	-1.285548e-02	9.974041e-01	9.965050e-01	9.948744e-01	2.843128e-01
1.443001e-02	-2.258643e-02	-2.258667e-02	-1.285548e-02	9.974044e-01	9.965048e-01	9.948744e-01	2.845709e-01
1.441961e-02	-2.258673e-02	-2.258697e-02	-1.285549e-02	9.974046e-01	9.965045e-01	9.948744e-01	2.848285e-01
1.440922e-02	-2.258703e-02	-2.258727e-02	-1.285549e-02	9.974048e-01	9.965043e-01	9.948745e-01	2.850861e-01
1.439885e-02	-2.258733e-02	-2.258757e-02	-1.285549e-02	9.974051e-01	9.965041e-01	9.948745e-01	2.853436e-01
1.438849e-02	-2.258763e-02	-2.258787e-02	-1.285549e-02	9.974053e-01	9.965039e-01	9.948745e-01	2.856005e-01
1.437815e-02	-2.258793e-02	-2.258817e-02	-1.285549e-02	9.974055e-01	9.965036e-01	9.948745e-01	2.858579e-01
1.436782e-02	-2.258823e-02	-2.258847e-02	-1.285550e-02	9.974058e-01	9.965034e-01	9.948745e-01	2.861146e-01
1.435750e-02	-2.258852e-02	-2.258877e-02	-1.285550e-02	9.974060e-01	9.965032e-01	9.948745e-01	2.863715e-01
1.434720e-02	-2.258882e-02	-2.258906e-02	-1.285550e-02	9.974063e-01	9.965030e-01	9.948746e-01	2.866281e-01
1.433692e-02	-2.258912e-02	-2.258936e-02	-1.285550e-02	9.974065e-01	9.965028e-01	9.948746e-01	2.868846e-01
1.432665e-02	-2.258942e-02	-2.258966e-02	-1.285551e-02	9.974067e-01	9.965025e-01	9.948746e-01	2.871411e-01
1.431639e-02	-2.258972e-02	-2.258996e-02	-1.285551e-02	9.974070e-01	9.965023e-01	9.948746e-01	2.873971e-01
1.430615e-02	-2.259001e-02	-2.259025e-02	-1.285551e-02	9.974072e-01	9.965021e-01	9.948746e-01	2.876533e-01
1.429593e-02	-2.259031e-02	-2.259055e-02	-1.285551e-02	9.974074e-01	9.965019e-01	9.948746e-01	2.879091e-01
1.428571e-02	-2.259061e-02	-2.259085e-02	-1.285551e-02	9.974077e-01	9.965017e-01	9.948747e-01	2.881648e-01
1.427552e-02	-2.259091e-02	-2.259115e-02	-1.285552e-02	9.974079e-01	9.965014e-01	9.948747e-01	2.884204e-01
1.426534e-02	-2.259120e-02	-2.259144e-02	-1.285552e-02	9.974082e-01	9.965012e-01	9.948747e-01	2.886757e-01
1.425517e-02	-2.259150e-02	-2.259174e-02	-1.285552e-02	9.974084e-01	9.965010e-01	9.948747e-01	2.889311e-01
1.424501e-02	-2.259180e-02	-2.259204e-02	-1.285552e-02	9.974086e-01	9.965008e-01	9.948747e-01	2.891861e-01
1.423488e-02	-2.259209e-02	-2.259233e-02	-1.285553e-02	9.974089e-01	9.965006e-01	9.948747e-01	2.894412e-01
1.422475e-02	-2.259239e-02	-2.259263e-02	-1.285553e-02	9.974091e-01	9.965003e-01	9.948748e-01	2.896958e-01
1.421464e-02	-2.259268e-02	-2.259293e-02	-1.285553e-02	9.974093e-01	9.965001e-01	9.948748e-01	2.899505e-01
1.420455e-02	-2.259298e-02	-2.259322e-02	-1.285553e-02	9.974096e-01	9.964999e-01	9.948748e-01	2.902051e-01
1.419446e-02	-2.259328e-02	-2.259352e-02	-1.285553e-02	9.974098e-01	9.964997e-01	9.948748e-01	2.904593e-01
1.418440e-02	-2.259357e-02	-2.259381e-02	-1.285554e-02	9.974100e-01	9.964995e-01	9.948748e-01	2.907136e-01
1.417434e-02	-2.259387e-02	-2.259411e-02	-1.285554e-02	9.974103e-01	9.964993e-01	9.948749e-01	2.909675e-01
1.416431e-02	-2.259416e-02	-2.259440e-02	-1.285554e-02	9.974105e-01	9.964990e-01	9.948749e-01	2.912212e-01
1.415428e-02	-2.259446e-02	-2.259470e-02	-1.285554e-02	9.974108e-01	9.964988e-01	9.948749e-01	2.914751e-01
1.414427e-02	-2.259475e-02	-2.259499e-02	-1.285554e-02	9.974110e-01	9.964986e-01	9.948749e-01	2.917286e-01
1.413428e-02	-2.259505e-02	-2.259529e-02	-1.285555e-02	9.974112e-01	9.964984e-01	9.948749e-01	2.919820e-01
1.412429e-02	-2.259534e-02	-2.259558e-02	-1.285555e-02	9.974115e-01	9.964982e-01	9.948749e-01	2.922352e-01
1.411433e-02	-2.259564e-02	-2.259588e-02	-1.285555e-02	9.974117e-01	9.964979e-01	9.948750e-01	2.924883e-01
1.410437e-02	-2.259593e-02	-2.259617e-02	-1.285555e-02	9.974119e-01	9.964977e-01	9.948750e-01	2.927412e-01
1.409443e-02	-2.259623e-02	-2.259647e-02	-1.285556e-02	9.974122e-01	9.964975e-01	9.948750e-01	2.929938e-01
1.408451e-02	-2.259652e-02	-2.259676e-02	-1.285556e-02	9.974124e-01	9.964973e-01	9.948750e-01	2.932464e-01
1.407460e-02	-2.259681e-02	-2.259706e-02	-1.285556e-02	9.974126e-01	9.964971e-01	9.948750e-01	2.934990e-01
1.406470e-02	-2.259711e-02	-2.259735e-02	-1.285556e-02	9.974129e-01	9.964969e-01	9.948750e-01	2.937510e-01
1.405481e-02	-2.259740e-02	-2.259764e-02	-1.285556e-02	9.974131e-01	9.964966e-01	9.948751e-01	2.940033e-01
1.404494e-02	-2.259769e-02	-2.259794e-02	-1.285557e-02	9.974133e-01	9.964964e-01	9.948751e-01	2.942552e-01
1.403509e-02	-2.259799e-02	-2.259823e-02	-1.285557e-02	9.974136e-01	9.964962e-01	9.948751e-01	2.945068e-01
1.402525e-02	-2.259828e-02	-2.259852e-02	-1.285557e-02	9.974138e-01	9.964960e-01	9.948751e-01	2.947585e-01
1.401542e-02	-2.259857e-02	-2.259882e-02	-1.285557e-02	9.974140e-01	9.964958e-01	9.948751e-01	2.950100e-01
1.400560e-02	-2.259887e-02	-2.259911e-02	-1.285557e-02	9.974143e-01	9.964956e-01	9.948751e-01	2.952614e-01
1.399580e-02	-2.259916e-02	-2.259940e-02	-1.285558e-02	9.974145e-01	9.964953e-01	9.948752e-01	2.955124e-01
1.398601e-02	-2.259945e-02	-2.259969e-02	-1.285558e-02	9.974147e-01	9.964951e-01	9.948752e-01	2.957634e-01
1.397624e-02	-2.259974e-02	-2.259999e-02	-1.285558e-02	9.974150e-01	9.964949e-01	9.948752e-01	2.960141e-01
1.396648e-02	-2.260004e-02	-2.260028e-02	-1.285558e-02	9.974152e-01	9.964947e-01	9.948752e-01	2.962650e-01
1.395673e-02	-2.260033e-02	-2.260057e-02	-1.285559e-02	9.974154e-01	9.964945e-01	9.948752e-01	2.965154e-01
1.394700e-02	-2.260062e-02	-2.260086e-02	-1.285559e-02	9.974157e-01	9.964943e-01	9.948752e-01	2.967656e-01
1.393728e-02	-2.260091e-02	-2.260115e-02	-1.285559e-02	9.974159e-01	9.964940e-01	9.948753e-01	2.970159e-01
1.392758e-02	-2.260120e-02	-2.260144e-02	-1.285559e-02	9.974161e-01	9.964938e-01	9.948753e-01	2.972657e-01
1.391788e-02	-2.260149e-02	-2.260174e-02	-1.285559e-02	9.974164e-01	9.964936e-01	9.948753e-01	2.975157e-01
1.390821e-02	-2.260179e-02	-2.260203e-02	-1.285560e-02	9.974166e-01	9.964934e-01	9.948753e-01	2.977654e-01
1.389854e-02	-2.260208e-02	-2.260232e-02	-1.285560e-02	9.974168e-01	9.964932e-01	9.948753e-01	2.980147e-01
1.388889e-02	-2.260237e-02	-2.260261e-02	-1.285560e-02	9.974171e-01	9.964930e-01	9.948753e-01	2.982642e-01
1.387925e-02	-2.260266e-02	-2.260290e-02	-1.285560e-02	9.974173e-01	9.964928e-01	9.948754e-01	2.985132e-01
1.386963e-02	-2.260295e-02	-2.260319e-02	-1.285560e-02	9.974175e-01	9.964925e-01	9.948754e-01	2.987625e-01
1.386001e-02	-2.260324e-02	-2.260348e-02	-1.285561e-02	9.974177e-01	9.964923e-01	9.948754e-01	2.990112e-01
1.385042e-02	-2.260353e-02	-2.260377e-02	-1.285561e-02	9.974180e-01	9.964921e-01	9.948754e-01	2.992598e-01
1.384083e-02	-2.260382e-02	-2.260406e-02	-1.285561e-02	9.974182e-01	9.964919e-01	9.948754e-01	2.995085e-01
1.383126e-02	-2.260411e-02	-2.260435e-02	-1.285561e-02	9.974184e-01	9.964917e-01	9.948754e-01	2.997567e-01
1.382170e-02	-2.260440e-02	-2.260464e-02	-1.285562e-02	9.974187e-01	9.964915e-01	9.948755e-01	3.000051e-01
1.381215e-02	-2.260469e-02	-2.260493e-02	-1.285562e-02	9.974189e-01	9.964913e-01	9.948755e-01	3.002529e-01
1.380262e-02	-2.260498e-02	-2.260522e-02	-1.285562e-02	9.974191e-01	9.964910e-01	9.948755e-01	3.005008e-01
1.379310e-02	-2.260527e-02	-2.260551e-02	-1.285562e-02	9.974194e-01	9.964908e-01	9.948755e-01	3.007486e-01
1.378360e-02	-2.260556e-02	-2.260580e-02	-1.285562e-02	9.974196e-01	9.964906e-01	9.948755e-01	3.009961e-01
1.377410e-02	-2.260584e-02	-2.260609e-02	-1.285563e-02	9.974198e-01	9.964904e-01	9.948755e-01	3.012435e-01
1.376462e-02	-2.260613e-02	-2.260637e-02	-1.285563e-02	9.974201e-01	9.964902e-01	9.948756e-01	3.014905e-01
1.375516e-02	-2.260642e-02	-2.260666e-02	-1.285563e-02	9.974203e-01	9.964900e-01	9.948756e-01	3.017378e-01
1.374570e-02	-2.260671e-02	-2.260695e-02	-1.285563e-02	9.974205e-01	9.964898e-01	9.948756e-01	3.019843e-01
1.373626e-02	-2.260700e-02	-2.260724e-02	-1.285563e-02	9.974207e-01	9.964895e-01	9.948756e-01	3.022314e-01
1.372684e-02	-2.260729e-02	-2.260753e-02	-1.285564e-02	9.974210e-01	9.964893e-01	9.948756e-01	3.024777e-01
1.371742e-02	-2.260757e-02	-2.260782e-02	-1.285564e-02	9.974212e-01	9.964891e-01	9.948756e-01	3.027243e-01
1.370802e-02	-2.260786e-02	-2.260810e-02	-1.285564e-02	9.974214e-01	9.964889e-01	9.948757e-01	3.029703e-01
1.369863e-02	-2.260815e-02	-2.260839e-02	-1.285564e-02	9.974217e-01	9.964887e-01	9.948757e-01	3.032164e-01
1.368925e-02	-2.260844e-02	-2.260868e-02	-1.285564e-02	9.974219e-01	9.964885e-01	9.948757e-01	3.034623e-01
1.367989e-02	-2.260872e-02	-2.260897e-02	-1.285565e-02	9.974221e-01	9.964883e-01	9.948757e-01	3.037080e-01
1.367054e-02	-2.260901e-02	-2.260925e-02	-1.285565e-02	9.974223e-01	9.964881e-01	9.948757e-01	3.039536e-01
1.366120e-02	-2.260930e-02	-2.260954e-02	-1.285565e-02	9.974226e-01	9.964878e-01	9.948757e-01	3.041990e-01
1.365188e-02	-2.260959e-02	-2.260983e-02	-1.285565e-02	9.974228e-01	9.964876e-01	9.948758e-01	3.044441e-01
1.364256e-02	-2.260987e-02	-2.261011e-02	-1.285566e-02	9.974230e-01	9.964874e-01	9.948758e-01	3.046892e-01
1.363327e-02	-2.261016e-02	-2.261040e-02	-1.285566e-02	9.974233e-01	9.964872e-01	9.948758e-01	3.049340e-01
1.362398e-02	-2.261045e-02	-2.261069e-02	-1.285566e-02	9.974235e-01	9.964870e-01	9.948758e-01	3.051788e-01
1.361470e-02	-2.261073e-02	-2.261097e-02	-1.285566e-02	9.974237e-01	9.964868e-01	9.948758e-01	3.054234e-01
1.360544e-02	-2.261102e-02	-2.261126e-02	-1.285566e-02	9.974239e-01	9.964866e-01	9.948758e-01	3.056678e-01
1.359619e-02	-2.261130e-02	-2.261154e-02	-1.285567e-02	9.974242e-01	9.964864e-01	9.948759e-01	3.059120e-01
1.358696e-02	-2.261159e-02	-2.261183e-02	-1.285567e-02	9.974244e-01	9.964861e-01	9.948759e-01	3.061560e-01
1.357773e-02	-2.261187e-02	-2.261212e-02	-1.285567e-02	9.974246e-01	9.964859e-01	9.948759e-01	3.064000e-01
1.356852e-02	-2.261216e-02	-2.261240e-02	-1.285567e-02	9.974249e-01	9.964857e-01	9.948759e-01	3.066437e-01
1.355932e-02	-2.261244e-02	-2.261269e-02	-1.285567e-02	9.974251e-01	9.964855e-01	9.948759e-01	3.068873e-01
1.355014e-02	-2.261273e-02	-2.261297e-02	-1.285568e-02	9.974253e-01	9.964853e-01	9.948759e-01	3.071307e-01
1.354096e-02	-2.261301e-02	-2.261326e-02	-1.285568e-02	9.974255e-01	9.964851e-01	9.948760e-01	3.073739e-01
1.353180e-02	-2.261330e-02	-2.261354e-02	-1.285568e-02	9.974258e-01	9.964849e-01	9.948760e-01	3.076169e-01
1.352265e-02	-2.261358e-02	-2.261383e-02	-1.285568e-02	9.974260e-01	9.964847e-01	9.948760e-01	3.078600e-01
1.351351e-02	-2.261387e-02	-2.261411e-02	-1.285568e-02	9.974262e-01	9.964845e-01	9.948760e-01	3.081025e-01
1.350439e-02	-2.261415e-02	-2.261439e-02	-1.285569e-02	9.974264e-01	9.964843e-01	9.948760e-01	3.083453e-01
1.349528e-02	-2.261444e-02	-2.261468e-02	-1.285569e-02	9.974267e-01	9.964840e-01	9.948760e-01	3.085876e-01
1.348618e-02	-2.261472e-02	-2.261496e-02	-1.285569e-02	9.974269e-01	9.964838e-01	9.948761e-01	3.088298e-01
1.347709e-02	-2.261500e-02	-2.261525e-02	-1.285569e-02	9.974271e-01	9.964836e-01	9.948761e-01	3.090720e-01
1.346801e-02	-2.261529e-02	-2.261553e-02	-1.285570e-02	9.974273e-01	9.964834e-01	9.948761e-01	3.093136e-01
1.345895e-02	-2.261557e-02	-2.261581e-02	-1.285570e-02	9.974276e-01	9.964832e-01	9.948761e-01	3.095557e-01
1.344990e-02	-2.261586e-02	-2.261610e-02	-1.285570e-02	9.974278e-01	9.964830e-01	9.948761e-01	3.097971e-01
1.344086e-02	-2.261614e-02	-2.261638e-02	-1.285570e-02	9.974280e-01	9.964828e-01	9.948761e-01	3.100384e-01
1.343183e-02	-2.261642e-02	-2.261666e-02	-1.285570e-02	9.974283e-01	9.964826e-01	9.948762e-01	3.102798e-01
1.342282e-02	-2.261670e-02	-2.261695e-02	-1.285571e-02	9.974285e-01	9.964824e-01	9.948762e-01	3.105209e-01
1.341382e-02	-2.261699e-02	-2.261723e-02	-1.285571e-02	9.974287e-01	9.964822e-01	9.948762e-01	3.107617e-01
1.340483e-02	-2.261727e-02	-2.261751e-02	-1.285571e-02	9.974289e-01	9.964819e-01	9.948762e-01	3.110025e-01
1.339585e-02	-2.261755e-02	-2.261779e-02	-1.285571e-02	9.974292e-01	9.964817e-01	9.948762e-01	3.112430e-01
1.338688e-02	-2.261783e-02	-2.261808e-02	-1.285571e-02	9.974294e-01	9.964815e-01	9.948762e-01	3.114834e-01
1.337793e-02	-2.261812e-02	-2.261836e-02	-1.285572e-02	9.974296e-01	9.964813e-01	9.948763e-01	3.117237e-01
1.336898e-02	-2.261840e-02	-2.261864e-02	-1.285572e-02	9.974298e-01	9.964811e-01	9.948763e-01	3.119637e-01
1.336005e-02	-2.261868e-02	-2.261892e-02	-1.285572e-02	9.974300e-01	9.964809e-01	9.948763e-01	3.122039e-01
1.335113e-02	-2.261896e-02	-2.261920e-02	-1.285572e-02	9.974303e-01	9.964807e-01	9.948763e-01	3.124435e-01
1.334223e-02	-2.261924e-02	-2.261948e-02	-1.285572e-02	9.974305e-01	9.964805e-01	9.948763e-01	3.126832e-01
1.333333e-02	-2.261952e-02	-2.261976e-02	-1.285573e-02	9.974307e-01	9.964803e-01	9.948763e-01	3.129228e-01
1.332445e-02	-2.261980e-02	-2.262005e-02	-1.285573e-02	9.974309e-01	9.964801e-01	9.948764e-01	3.131621e-01
1.331558e-02	-2.262009e-02	-2.262033e-02	-1.285573e-02	9.974312e-01	9.964799e-01	9.948764e-01	3.134014e-01
1.330672e-02	-2.262037e-02	-2.262061e-02	-1.285573e-02	9.974314e-01	9.964797e-01	9.948764e-01	3.136405e-01
1.329787e-02	-2.262065e-02	-2.262089e-02	-1.285573e-02	9.974316e-01	9.964795e-01	9.948764e-01	3.138795e-01
1.328904e-02	-2.262093e-02	-2.262117e-02	-1.285574e-02	9.974318e-01	9.964792e-01	9.948764e-01	3.141186e-01
1.328021e-02	-2.262121e-02	-2.262145e-02	-1.285574e-02	9.974321e-01	9.964790e-01	9.948764e-01	3.143571e-01
1.327140e-02	-2.262149e-02	-2.262173e-02	-1.285574e-02	9.974323e-01	9.964788e-01	9.948765e-01	3.145958e-01
1.326260e-02	-2.262177e-02	-2.262201e-02	-1.285574e-02	9.974325e-01	9.964786e-01	9.948765e-01	3.148344e-01
1.325381e-02	-2.262205e-02	-2.262229e-02	-1.285574e-02	9.974327e-01	9.964784e-01	9.948765e-01	3.150727e-01
1.324503e-02	-2.262233e-02	-2.262257e-02	-1.285575e-02	9.974330e-01	9.964782e-01	9.948765e-01	3.153109e-01
1.323627e-02	-2.262261e-02	-2.262285e-02	-1.285575e-02	9.974332e-01	9.964780e-01	9.948765e-01	3.155492e-01
1.322751e-02	-2.262289e-02	-2.262313e-02	-1.285575e-02	9.974334e-01	9.964778e-01	9.948765e-01	3.157871e-01
1.321877e-02	-2.262316e-02	-2.262341e-02	-1.285575e-02	9.974336e-01	9.964776e-01	9.948766e-01	3.160252e-01
1.321004e-02	-2.262344e-02	-2.262368e-02	-1.285576e-02	9.974338e-01	9.964774e-01	9.948766e-01	3.162628e-01
1.320132e-02	-2.262372e-02	-2.262396e-02	-1.285576e-02	9.974341e-01	9.964772e-01	9.948766e-01	3.165004e-01
1.319261e-02	-2.262400e-02	-2.262424e-02	-1.285576e-02	9.974343e-01	9.964770e-01	9.948766e-01	3.167380e-01
1.318392e-02	-2.262428e-02	-2.262452e-02	-1.285576e-02	9.974345e-01	9.964768e-01	9.948766e-01	3.169750e-01
1.317523e-02	-2.262456e-02	-2.262480e-02	-1.285576e-02	9.974347e-01	9.964766e-01	9.948766e-01	3.172123e-01
1.316656e-02	-2.262484e-02	-2.262508e-02	-1.285577e-02	9.974350e-01	9.964764e-01	9.948767e-01	3.174490e-01
1.315789e-02	-2.262511e-02	-2.262536e-02	-1.285577e-02	9.974352e-01	9.964761e-01	9.948767e-01	3.176857e-01
1.314924e-02	-2.262539e-02	-2.262563e-02	-1.285577e-02	9.974354e-01	9.964759e-01	9.948767e-01	3.179221e-01
1.314060e-02	-2.262567e-02	-2.262591e-02	-1.285577e-02	9.974356e-01	9.964757e-01	9.948767e-01	3.181582e-01
1.313198e-02	-2.262595e-02	-2.262619e-02	-1.285577e-02	9.974358e-01	9.964755e-01	9.948767e-01	3.183944e-01
1.312336e-02	-2.262622e-02	-2.262647e-02	-1.285578e-02	9.974361e-01	9.964753e-01	9.948767e-01	3.186299e-01
1.311475e-02	-2.262650e-02	-2.262674e-02	-1.285578e-02	9.974363e-01	9.964751e-01	9.948767e-01	3.188652e-01
1.310616e-02	-2.262678e-02	-2.262702e-02	-1.285578e-02	9.974365e-01	9.964749e-01	9.948768e-01	3.191005e-01
1.309758e-02	-2.262706e-02	-2.262730e-02	-1.285578e-02	9.974367e-01	9.964747e-01	9.948768e-01	3.193354e-01
1.308901e-02	-2.262733e-02	-2.262757e-02	-1.285578e-02	9.974369e-01	9.964745e-01	9.948768e-01	3.195698e-01
1.308044e-02	-2.262761e-02	-2.262785e-02	-1.285579e-02	9.974372e-01	9.964743e-01	9.948768e-01	3.198044e-01
1.307190e-02	-2.262788e-02	-2.262813e-02	-1.285579e-02	9.974374e-01	9.964741e-01	9.948768e-01	3.200382e-01
1.306336e-02	-2.262816e-02	-2.262840e-02	-1.285579e-02	9.974376e-01	9.964739e-01	9.948768e-01	3.202721e-01
1.305483e-02	-2.262844e-02	-2.262868e-02	-1.285579e-02	9.974378e-01	9.964737e-01	9.948769e-01	3.205055e-01
1.304631e-02	-2.262871e-02	-2.262895e-02	-1.285579e-02	9.974380e-01	9.964735e-01	9.948769e-01	3.207388e-01
1.303781e-02	-2.262899e-02	-2.262923e-02	-1.285580e-02	9.974383e-01	9.964733e-01	9.948769e-01	3.209719e-01
1.302932e-02	-2.262926e-02	-2.262951e-02	-1.285580e-02	9.974385e-01	9.964731e-01	9.948769e-01	3.212047e-01
1.302083e-02	-2.262954e-02	-2.262978e-02	-1.285580e-02	9.974387e-01	9.964729e-01	9.948769e-01	3.214370e-01
1.301236e-02	-2.262982e-02	-2.263006e-02	-1.285580e-02	9.974389e-01	9.964727e-01	9.948769e-01	3.216695e-01
1.300390e-02	-2.263009e-02	-2.263033e-02	-1.285580e-02	9.974391e-01	9.964725e-01	9.948770e-01	3.219014e-01
1.299545e-02	-2.263037e-02	-2.263061e-02	-1.285581e-02	9.974394e-01	9.964723e-01	9.948770e-01	3.221333e-01
1.298701e-02	-2.263064e-02	-2.263088e-02	-1.285581e-02	9.974396e-01	9.964721e-01	9.948770e-01	3.223649e-01
1.297859e-02	-2.263091e-02	-2.263116e-02	-1.285581e-02	9.974398e-01	9.964719e-01	9.948770e-01	3.225962e-01
1.297017e-02	-2.263119e-02	-2.263143e-02	-1.285581e-02	9.974400e-01	9.964717e-01	9.948770e-01	3.228275e-01
1.296176e-02	-2.263146e-02	-2.263171e-02	-1.285581e-02	9.974402e-01	9.964715e-01	9.948770e-01	3.230584e-01
1.295337e-02	-2.263174e-02	-2.263198e-02	-1.285582e-02	9.974405e-01	9.964713e-01	9.948771e-01	3.232890e-01
1.294498e-02	-2.263201e-02	-2.263225e-02	-1.285582e-02	9.974407e-01	9.964710e-01	9.948771e-01	3.235199e-01
1.293661e-02	-2.263229e-02	-2.263253e-02	-1.285582e-02	9.974409e-01	9.964708e-01	9.948771e-01	3.237501e-01
1.292825e-02	-2.263256e-02	-2.263280e-02	-1.285582e-02	9.974411e-01	9.964706e-01	9.948771e-01	3.239801e-01
1.291990e-02	-2.263283e-02	-2.263307e-02	-1.285582e-02	9.974413e-01	9.964704e-01	9.948771e-01	3.242101e-01
1.291156e-02	-2.263311e-02	-2.263335e-02	-1.285583e-02	9.974415e-01	9.964702e-01	9.948771e-01	3.244396e-01
1.290323e-02	-2.263338e-02	-2.263362e-02	-1.285583e-02	9.974418e-01	9.964700e-01	9.948771e-01	3.246693e-01
1.289491e-02	-2.263365e-02	-2.263389e-02	-1.285583e-02	9.974420e-01	9.964698e-01	9.948772e-01	3.248984e-01
1.288660e-02	-2.263393e-02	-2.263417e-02	-1.285583e-02	9.974422e-01	9.964696e-01	9.948772e-01	3.251273e-01
1.287830e-02	-2.263420e-02	-2.263444e-02	-1.285583e-02	9.974424e-01	9.964694e-01	9.948772e-01	3.253562e-01
1.287001e-02	-2.263447e-02	-2.263471e-02	-1.285584e-02	9.974426e-01	9.964692e-01	9.948772e-01	3.255846e-01
1.286174e-02	-2.263474e-02	-2.263498e-02	-1.285584e-02	9.974428e-01	9.964690e-01	9.948772e-01	3.258129e-01
1.285347e-02	-2.263502e-02	-2.263526e-02	-1.285584e-02	9.974431e-01	9.964688e-01	9.948772e-01	3.260407e-01
1.284522e-02	-2.263529e-02	-2.263553e-02	-1.285584e-02	9.974433e-01	9.964686e-01	9.948773e-01	3.262686e-01
1.283697e-02	-2.263556e-02	-2.263580e-02	-1.285585e-02	9.974435e-01	9.964684e-01	9.948773e-01	3.264962e-01
1.282874e-02	-2.263583e-02	-2.263607e-02	-1.285585e-02	9.974437e-01	9.964682e-01	9.948773e-01	3.267234e-01
1.282051e-02	-2.263610e-02	-2.263634e-02	-1.285585e-02	9.974439e-01	9.964680e-01	9.948773e-01	3.269506e-01
1.281230e-02	-2.263637e-02	-2.263662e-02	-1.285585e-02	9.974441e-01	9.964678e-01	9.948773e-01	3.271773e-01
1.280410e-02	-2.263665e-02	-2.263689e-02	-1.285585e-02	9.974444e-01	9.964676e-01	9.948773e-01	3.274040e-01
1.279591e-02	-2.263692e-02	-2.263716e-02	-1.285586e-02	9.974446e-01	9.964674e-01	9.948774e-01	3.276305e-01
1.278772e-02	-2.263719e-02	-2.263743e-02	-1.285586e-02	9.974448e-01	9.964672e-01	9.948774e-01	3.278569e-01
1.277955e-02	-2.263746e-02	-2.263770e-02	-1.285586e-02	9.974450e-01	9.964670e-01	9.948774e-01	3.280831e-01
1.277139e-02	-2.263773e-02	-2.263797e-02	-1.285586e-02	9.974452e-01	9.964668e-01	9.948774e-01	3.283092e-01
1.276324e-02	-2.263800e-02	-2.263824e-02	-1.285586e-02	9.974454e-01	9.964666e-01	9.948774e-01	3.285354e-01
1.275510e-02	-2.263827e-02	-2.263851e-02	-1.285587e-02	9.974457e-01	9.964664e-01	9.948774e-01	3.287610e-01
1.274697e-02	-2.263854e-02	-2.263878e-02	-1.285587e-02	9.974459e-01	9.964662e-01	9.948774e-01	3.289871e-01
1.273885e-02	-2.263881e-02	-2.263905e-02	-1.285587e-02	9.974461e-01	9.964660e-01	9.948775e-01	3.292130e-01
1.273074e-02	-2.263908e-02	-2.263932e-02	-1.285587e-02	9.974463e-01	9.964658e-01	9.948775e-01	3.294390e-01
1.272265e-02	-2.263935e-02	-2.263959e-02	-1.285587e-02	9.974465e-01	9.964656e-01	9.948775e-01	3.296647e-01
1.271456e-02	-2.263962e-02	-2.263986e-02	-1.285588e-02	9.974467e-01	9.964654e-01	9.948775e-01	3.298910e-01
1.270648e-02	-2.263989e-02	-2.264013e-02	-1.285588e-02	9.974469e-01	9.964652e-01	9.948775e-01	3.301171e-01
1.269841e-02	-2.264016e-02	-2.264040e-02	-1.285588e-02	9.974472e-01	9.964650e-01	9.948775e-01	3.303434e-01
1.269036e-02	-2.264043e-02	-2.264067e-02	-1.285588e-02	9.974474e-01	9.964648e-01	9.948776e-01	3.305698e-01
1.268231e-02	-2.264070e-02	-2.264094e-02	-1.285588e-02	9.974476e-01	9.964646e-01	9.948776e-01	3.307963e-01
1.267427e-02	-2.264096e-02	-2.264121e-02	-1.285589e-02	9.974478e-01	9.964644e-01	9.948776e-01	3.310235e-01
1.266624e-02	-2.264123e-02	-2.264147e-02	-1.285589e-02	9.974480e-01	9.964642e-01	9.948776e-01	3.312503e-01
1.265823e-02	-2.264150e-02	-2.264174e-02	-1.285589e-02	9.974482e-01	9.964640e-01	9.948776e-01	3.314775e-01
1.265022e-02	-2.264177e-02	-2.264201e-02	-1.285589e-02	9.974484e-01	9.964638e-01	9.948776e-01	3.317052e-01
1.264223e-02	-2.264204e-02	-2.264228e-02	-1.285589e-02	9.974487e-01	9.964636e-01	9.948776e-01	3.319331e-01
1.263424e-02	-2.264231e-02	-2.264255e-02	-1.285590e-02	9.974489e-01	9.964634e-01	9.948777e-01	3.321612e-01
1.262626e-02	-2.264257e-02	-2.264282e-02	-1.285590e-02	9.974491e-01	9.964632e-01	9.948777e-01	3.323898e-01
1.261830e-02	-2.264284e-02	-2.264308e-02	-1.285590e-02	9.974493e-01	9.964630e-01	9.948777e-01	3.326188e-01
1.261034e-02	-2.264311e-02	-2.264335e-02	-1.285590e-02	9.974495e-01	9.964628e-01	9.948777e-01	3.328482e-01
1.260239e-02	-2.264338e-02	-2.264362e-02	-1.285590e-02	9.974497e-01	9.964626e-01	9.948777e-01	3.330782e-01
1.259446e-02	-2.264364e-02	-2.264388e-02	-1.285590e-02	9.974499e-01	9.964624e-01	9.948777e-01	3.333083e-01
1.258653e-02	-2.264391e-02	-2.264415e-02	-1.285591e-02	9.974502e-01	9.964623e-01	9.948778e-01	3.335395e-01
1.257862e-02	-2.264418e-02	-2.264442e-02	-1.285591e-02	9.974504e-01	9.964621e-01	9.948778e-01	3.337709e-01
1.257071e-02	-2.264444e-02	-2.264469e-02	-1.285591e-02	9.974506e-01	9.964619e-01	9.948778e-01	3.340032e-01
1.256281e-02	-2.264471e-02	-2.264495e-02	-1.285591e-02	9.974508e-01	9.964617e-01	9.948778e-01	3.342361e-01
1.255493e-02	-2.264498e-02	-2.264522e-02	-1.285591e-02	9.974510e-01	9.964615e-01	9.948778e-01	3.344698e-01
1.254705e-02	-2.264524e-02	-2.264548e-02	-1.285592e-02	9.974512e-01	9.964613e-01	9.948778e-01	3.347045e-01
1.253918e-02	-2.264551e-02	-2.264575e-02	-1.285592e-02	9.974514e-01	9.964611e-01	9.948779e-01	3.349396e-01
1.253133e-02	-2.264577e-02	-2.264602e-02	-1.285592e-02	9.974516e-01	9.964609e-01	9.948779e-01	3.351759e-01
1.252348e-02	-2.264604e-02	-2.264628e-02	-1.285592e-02	9.974518e-01	9.964607e-01	9.948779e-01	3.354133e-01
1.251564e-02	-2.264631e-02	-2.264655e-02	-1.285592e-02	9.974521e-01	9.964605e-01	9.948779e-01	3.356513e-01
1.250782e-02	-2.264657e-02	-2.264681e-02	-1.285593e-02	9.974523e-01	9.964603e-01	9.948779e-01	3.358906e-01
1.250000e-02	-2.264684e-02	-2.264708e-02	-1.285593e-02	9.974525e-01	9.964601e-01	9.948779e-01	3.361308e-01
1.249219e-02	-2.264710e-02	-2.264734e-02	-1.285593e-02	9.974527e-01	9.964599e-01	9.948779e-01	3.363719e-01
1.248439e-02	-2.264737e-02	-2.264761e-02	-1.285593e-02	9.974529e-01	9.964597e-01	9.948780e-01	3.366140e-01
1.247661e-02	-2.264763e-02	-2.264787e-02	-1.285593e-02	9.974531e-01	9.964595e-01	9.948780e-01	3.368567e-01
1.246883e-02	-2.264790e-02	-2.264814e-02	-1.285594e-02	9.974533e-01	9.964593e-01	9.948780e-01	3.371006e-01
1.246106e-02	-2.264816e-02	-2.264840e-02	-1.285594e-02	9.974535e-01	9.964591e-01	9.948780e-01	3.373447e-01
1.245330e-02	-2.264842e-02	-2.264867e-02	-1.285594e-02	9.974537e-01	9.964589e-01	9.948780e-01	3.375895e-01
1.244555e-02	-2.264869e-02	-2.264893e-02	-1.285594e-02	9.974540e-01	9.964587e-01	9.948780e-01	3.378343e-01
1.243781e-02	-2.264895e-02	-2.264919e-02	-1.285594e-02	9.974542e-01	9.964585e-01	9.948780e-01	3.380788e-01
1.243008e-02	-2.264922e-02	-2.264946e-02	-1.285595e-02	9.974544e-01	9.964583e-01	9.948781e-01	3.383232e-01
1.242236e-02	-2.264948e-02	-2.264972e-02	-1.285595e-02	9.974546e-01	9.964581e-01	9.948781e-01	3.385664e-01
1.241465e-02	-2.264974e-02	-2.264999e-02	-1.285595e-02	9.974548e-01	9.964579e-01	9.948781e-01	3.388085e-01
1.240695e-02	-2.265001e-02	-2.265025e-02	-1.285595e-02	9.974550e-01	9.964577e-01	9.948781e-01	3.390490e-01
1.239926e-02	-2.265027e-02	-2.265051e-02	-1.285595e-02	9.974552e-01	9.964575e-01	9.948781e-01	3.392870e-01
1.239157e-02	-2.265053e-02	-2.265078e-02	-1.285596e-02	9.974554e-01	9.964574e-01	9.948781e-01	3.395225e-01
1.238390e-02	-2.265080e-02	-2.265104e-02	-1.285596e-02	9.974556e-01	9.964572e-01	9.948782e-01	3.397551e-01
1.237624e-02	-2.265106e-02	-2.265130e-02	-1.285596e-02	9.974558e-01	9.964570e-01	9.948782e-01	3.399838e-01
1.236858e-02	-2.265132e-02	-2.265156e-02	-1.285596e-02	9.974561e-01	9.964568e-01	9.948782e-01	3.402090e-01
1.236094e-02	-2.265158e-02	-2.265183e-02	-1.285596e-02	9.974563e-01	9.964566e-01	9.948782e-01	3.404300e-01
1.235330e-02	-2.265185e-02	-2.265209e-02	-1.285597e-02	9.974565e-01	9.964564e-01	9.948782e-01	3.406463e-01
1.234568e-02	-2.265211e-02	-2.265235e-02	-1.285597e-02	9.974567e-01	9.964562e-01	9.948782e-01	3.408584e-01
1.233806e-02	-2.265237e-02	-2.265261e-02	-1.285597e-02	9.974569e-01	9.964560e-01	9.948782e-01	3.410659e-01
1.233046e-02	-2.265263e-02	-2.265287e-02	-1.285597e-02	9.974571e-01	9.964558e-01	9.948783e-01	3.412692e-01
1.232286e-02	-2.265289e-02	-2.265314e-02	-1.285597e-02	9.974573e-01	9.964556e-01	9.948783e-01	3.414683e-01
1.231527e-02	-2.265316e-02	-2.265340e-02	-1.285598e-02	9.974575e-01	9.964554e-01	9.948783e-01	3.416633e-01
1.230769e-02	-2.265342e-02	-2.265366e-02	-1.285598e-02	9.974577e-01	9.964552e-01	9.948783e-01	3.418553e-01
1.230012e-02	-2.265368e-02	-2.265392e-02	-1.285598e-02	9.974579e-01	9.964550e-01	9.948783e-01	3.420436e-01
1.229256e-02	-2.265394e-02	-2.265418e-02	-1.285598e-02	9.974581e-01	9.964548e-01	9.948783e-01	3.422299e-01
1.228501e-02	-2.265420e-02	-2.265444e-02	-1.285598e-02	9.974583e-01	9.964546e-01	9.948784e-01	3.424139e-01
1.227747e-02	-2.265446e-02	-2.265470e-02	-1.285599e-02	9.974586e-01	9.964544e-01	9.948784e-01	3.425964e-01
1.226994e-02	-2.265472e-02	-2.265496e-02	-1.285599e-02	9.974588e-01	9.964543e-01	9.948784e-01	3.427776e-01
1.226242e-02	-2.265498e-02	-2.265522e-02	-1.285599e-02	9.974590e-01	9.964541e-01	9.948784e-01	3.429584e-01
1.225490e-02	-2.265524e-02	-2.265548e-02	-1.285599e-02	9.974592e-01	9.964539e-01	9.948784e-01	3.431389e-01
1.224740e-02	-2.265550e-02	-2.265574e-02	-1.285599e-02	9.974594e-01	9.964537e-01	9.948784e-01	3.433200e-01
1.223990e-02	-2.265576e-02	-2.265600e-02	-1.285600e-02	9.974596e-01	9.964535e-01	9.948784e-01	3.435013e-01
1.223242e-02	-2.265602e-02	-2.265626e-02	-1.285600e-02	9.974598e-01	9.964533e-01	9.948785e-01	3.436835e-01
1.222494e-02	-2.265628e-02	-2.265652e-02	-1.285600e-02	9.974600e-01	9.964531e-01	9.948785e-01	3.438670e-01
1.221747e-02	-2.265654e-02	-2.265678e-02	-1.285600e-02	9.974602e-01	9.964529e-01	9.948785e-01	3.440518e-01
1.221001e-02	-2.265680e-02	-2.265704e-02	-1.285600e-02	9.974604e-01	9.964527e-01	9.948785e-01	3.442379e-01
1.220256e-02	-2.265706e-02	-2.265730e-02	-1.285601e-02	9.974606e-01	9.964525e-01	9.948785e-01	3.444257e-01
1.219512e-02	-2.265732e-02	-2.265756e-02	-1.285601e-02	9.974608e-01	9.964523e-01	9.948785e-01	3.446149e-01
1.218769e-02	-2.265758e-02	-2.265782e-02	-1.285601e-02	9.974610e-01	9.964521e-01	9.948785e-01	3.448057e-01
1.218027e-02	-2.265783e-02	-2.265808e-02	-1.285601e-02	9.974612e-01	9.964520e-01	9.948786e-01	3.449985e-01
1.217285e-02	-2.265809e-02	-2.265834e-02	-1.285601e-02	9.974615e-01	9.964518e-01	9.948786e-01	3.451922e-01
1.216545e-02	-2.265835e-02	-2.265859e-02	-1.285602e-02	9.974617e-01	9.964516e-01	9.948786e-01	3.453876e-01
1.215805e-02	-2.265861e-02	-2.265885e-02	-1.285602e-02	9.974619e-01	9.964514e-01	9.948786e-01	3.455844e-01
1.215067e-02	-2.265887e-02	-2.265911e-02	-1.285602e-02	9.974621e-01	9.964512e-01	9.948786e-01	3.457826e-01
1.214329e-02	-2.265913e-02	-2.265937e-02	-1.285602e-02	9.974623e-01	9.964510e-01	9.948786e-01	3.459820e-01
1.213592e-02	-2.265938e-02	-2.265963e-02	-1.285602e-02	9.974625e-01	9.964508e-01	9.948787e-01	3.461821e-01
1.212856e-02	-2.265964e-02	-2.265988e-02	-1.285603e-02	9.974627e-01	9.964506e-01	9.948787e-01	3.463835e-01
1.212121e-02	-2.265990e-02	-2.266014e-02	-1.285603e-02	9.974629e-01	9.964504e-01	9.948787e-01	3.465856e-01
1.211387e-02	-2.266016e-02	-2.266040e-02	-1.285603e-02	9.974631e-01	9.964502e-01	9.948787e-01	3.467884e-01
1.210654e-02	-2.266041e-02	-2.266065e-02	-1.285603e-02	9.974633e-01	9.964500e-01	9.948787e-01	3.469920e-01
1.209921e-02	-2.266067e-02	-2.266091e-02	-1.285603e-02	9.974635e-01	9.964499e-01	9.948787e-01	3.471958e-01
1.209190e-02	-2.266093e-02	-2.266117e-02	-1.285603e-02	9.974637e-01	9.964497e-01	9.948787e-01	3.474001e-01
1.208459e-02	-2.266118e-02	-2.266142e-02	-1.285604e-02	9.974639e-01	9.964495e-01	9.948788e-01	3.476048e-01
1.207729e-02	-2.266144e-02	-2.266168e-02	-1.285604e-02	9.974641e-01	9.964493e-01	9.948788e-01	3.478095e-01
1.207001e-02	-2.266170e-02	-2.266194e-02	-1.285604e-02	9.974643e-01	9.964491e-01	9.948788e-01	3.480143e-01
1.206273e-02	-2.266195e-02	-2.266219e-02	-1.285604e-02	9.974645e-01	9.964489e-01	9.948788e-01	3.482193e-01
1.205546e-02	-2.266221e-02	-2.266245e-02	-1.285604e-02	9.974647e-01	9.964487e-01	9.948788e-01	3.484238e-01
1.204819e-02	-2.266246e-02	-2.266271e-02	-1.285605e-02	9.974649e-01	9.964485e-01	9.948788e-01	3.486286e-01
1.204094e-02	-2.266272e-02	-2.266296e-02	-1.285605e-02	9.974651e-01	9.964483e-01	9.948788e-01	3.488330e-01
1.203369e-02	-2.266297e-02	-2.266322e-02	-1.285605e-02	9.974653e-01	9.964482e-01	9.948789e-01	3.490369e-01
1.202646e-02	-2.266323e-02	-2.266347e-02	-1.285605e-02	9.974655e-01	9.964480e-01	9.948789e-01	3.492408e-01
1.201923e-02	-2.266348e-02	-2.266373e-02	-1.285605e-02	9.974657e-01	9.964478e-01	9.948789e-01	3.494444e-01
1.201201e-02	-2.266374e-02	-2.266398e-02	-1.285606e-02	9.974659e-01	9.964476e-01	9.948789e-01	3.496474e-01
1.200480e-02	-2.266399e-02	-2.266424e-02	-1.285606e-02	9.974662e-01	9.964474e-01	9.948789e-01	3.498501e-01
1.199760e-02	-2.266425e-02	-2.266449e-02	-1.285606e-02	9.974664e-01	9.964472e-01	9.948789e-01	3.500528e-01
1.199041e-02	-2.266450e-02	-2.266475e-02	-1.285606e-02	9.974666e-01	9.964470e-01	9.948790e-01	3.502550e-01
1.198322e-02	-2.266476e-02	-2.266500e-02	-1.285606e-02	9.974668e-01	9.964468e-01	9.948790e-01	3.504567e-01
1.197605e-02	-2.266501e-02	-2.266525e-02	-1.285607e-02	9.974670e-01	9.964466e-01	9.948790e-01	3.506585e-01
1.196888e-02	-2.266527e-02	-2.266551e-02	-1.285607e-02	9.974672e-01	9.964465e-01	9.948790e-01	3.508598e-01
1.196172e-02	-2.266552e-02	-2.266576e-02	-1.285607e-02	9.974674e-01	9.964463e-01	9.948790e-01	3.510611e-01
1.195457e-02	-2.266577e-02	-2.266602e-02	-1.285607e-02	9.974676e-01	9.964461e-01	9.948790e-01	3.512624e-01
1.194743e-02	-2.266603e-02	-2.266627e-02	-1.285607e-02	9.974678e-01	9.964459e-01	9.948790e-01	3.514631e-01
1.194030e-02	-2.266628e-02	-2.266652e-02	-1.285607e-02	9.974680e-01	9.964457e-01	9.948791e-01	3.516641e-01
1.193317e-02	-2.266653e-02	-2.266678e-02	-1.285608e-02	9.974682e-01	9.964455e-01	9.948791e-01	3.518651e-01
1.192606e-02	-2.266679e-02	-2.266703e-02	-1.285608e-02	9.974684e-01	9.964453e-01	9.948791e-01	3.520655e-01
1.191895e-02	-2.266704e-02	-2.266728e-02	-1.285608e-02	9.974686e-01	9.964451e-01	9.948791e-01	3.522664e-01
1.191185e-02	-2.266729e-02	-2.266754e-02	-1.285608e-02	9.974688e-01	9.964450e-01	9.948791e-01	3.524668e-01
1.190476e-02	-2.266755e-02	-2.266779e-02	-1.285608e-02	9.974690e-01	9.964448e-01	9.948791e-01	3.526673e-01
1.189768e-02	-2.266780e-02	-2.266804e-02	-1.285609e-02	9.974692e-01	9.964446e-01	9.948791e-01	3.528678e-01
1.189061e-02	-2.266805e-02	-2.266829e-02	-1.285609e-02	9.974694e-01	9.964444e-01	9.948792e-01	3.530682e-01
1.188354e-02	-2.266830e-02	-2.266855e-02	-1.285609e-02	9.974696e-01	9.964442e-01	9.948792e-01	3.532689e-01
1.187648e-02	-2.266856e-02	-2.266880e-02	-1.285609e-02	9.974698e-01	9.964440e-01	9.948792e-01	3.534689e-01
1.186944e-02	-2.266881e-02	-2.266905e-02	-1.285609e-02	9.974700e-01	9.964438e-01	9.948792e-01	3.536691e-01
1.186240e-02	-2.266906e-02	-2.266930e-02	-1.285610e-02	9.974702e-01	9.964437e-01	9.948792e-01	3.538691e-01
1.185536e-02	-2.266931e-02	-2.266955e-02	-1.285610e-02	9.974704e-01	9.964435e-01	9.948792e-01	3.540693e-01
1.184834e-02	-2.266956e-02	-2.266980e-02	-1.285610e-02	9.974706e-01	9.964433e-01	9.948792e-01	3.542689e-01
1.184133e-02	-2.266981e-02	-2.267006e-02	-1.285610e-02	9.974708e-01	9.964431e-01	9.948793e-01	3.544689e-01
1.183432e-02	-2.267006e-02	-2.267031e-02	-1.285610e-02	9.974710e-01	9.964429e-01	9.948793e-01	3.546684e-01
1.182732e-02	-2.267032e-02	-2.267056e-02	-1.285610e-02	9.974712e-01	9.964427e-01	9.948793e-01	3.548678e-01
1.182033e-02	-2.267057e-02	-2.267081e-02	-1.285611e-02	9.974714e-01	9.964425e-01	9.948793e-01	3.550671e-01
1.181335e-02	-2.267082e-02	-2.267106e-02	-1.285611e-02	9.974716e-01	9.964424e-01	9.948793e-01	3.552663e-01
1.180638e-02	-2.267107e-02	-2.267131e-02	-1.285611e-02	9.974718e-01	9.964422e-01	9.948793e-01	3.554653e-01
1.179941e-02	-2.267132e-02	-2.267156e-02	-1.285611e-02	9.974720e-01	9.964420e-01	9.948793e-01	3.556643e-01
1.179245e-02	-2.267157e-02	-2.267181e-02	-1.285611e-02	9.974722e-01	9.964418e-01	9.948794e-01	3.558628e-01
1.178550e-02	-2.267182e-02	-2.267206e-02	-1.285612e-02	9.974724e-01	9.964416e-01	9.948794e-01	3.560613e-01
1.177856e-02	-2.267207e-02	-2.267231e-02	-1.285612e-02	9.974726e-01	9.964414e-01	9.948794e-01	3.562595e-01
1.177163e-02	-2.267232e-02	-2.267256e-02	-1.285612e-02	9.974728e-01	9.964412e-01	9.948794e-01	3.564579e-01
1.176471e-02	-2.267257e-02	-2.267281e-02	-1.285612e-02	9.974730e-01	9.964411e-01	9.948794e-01	3.566555e-01
1.175779e-02	-2.267282e-02	-2.267306e-02	-1.285612e-02	9.974732e-01	9.964409e-01	9.948794e-01	3.568532e-01
1.175088e-02	-2.267307e-02	-2.267331e-02	-1.285613e-02	9.974734e-01	9.964407e-01	9.948794e-01	3.570510e-01
1.174398e-02	-2.267331e-02	-2.267356e-02	-1.285613e-02	9.974736e-01	9.964405e-01	9.948795e-01	3.572481e-01
1.173709e-02	-2.267356e-02	-2.267381e-02	-1.285613e-02	9.974738e-01	9.964403e-01	9.948795e-01	3.574455e-01
1.173021e-02	-2.267381e-02	-2.267405e-02	-1.285613e-02	9.974740e-01	9.964401e-01	9.948795e-01	3.576423e-01
1.172333e-02	-2.267406e-02	-2.267430e-02	-1.285613e-02	9.974742e-01	9.964400e-01	9.948795e-01	3.578390e-01
1.171646e-02	-2.267431e-02	-2.267455e-02	-1.285613e-02	9.974744e-01	9.964398e-01	9.948795e-01	3.580357e-01
1.170960e-02	-2.267456e-02	-2.267480e-02	-1.285614e-02	9.974746e-01	9.964396e-01	9.948795e-01	3.582319e-01
1.170275e-02	-2.267481e-02	-2.267505e-02	-1.285614e-02	9.974748e-01	9.964394e-01	9.948795e-01	3.584281e-01
1.169591e-02	-2.267505e-02	-2.267530e-02	-1.285614e-02	9.974750e-01	9.964392e-01	9.948796e-01	3.586240e-01
1.168907e-02	-2.267530e-02	-2.267554e-02	-1.285614e-02	9.974752e-01	9.964390e-01	9.948796e-01	3.588197e-01
1.168224e-02	-2.267555e-02	-2.267579e-02	-1.285614e-02	9.974754e-01	9.964389e-01	9.948796e-01	3.590153e-01
1.167542e-02	-2.267580e-02	-2.267604e-02	-1.285615e-02	9.974756e-01	9.964387e-01	9.948796e-01	3.592105e-01
1.166861e-02	-2.267604e-02	-2.267629e-02	-1.285615e-02	9.974758e-01	9.964385e-01	9.948796e-01	3.594057e-01
1.166181e-02	-2.267629e-02	-2.267653e-02	-1.285615e-02	9.974759e-01	9.964383e-01	9.948796e-01	3.596004e-01
1.165501e-02	-2.267654e-02	-2.267678e-02	-1.285615e-02	9.974761e-01	9.964381e-01	9.948796e-01	3.597951e-01
1.164822e-02	-2.267679e-02	-2.267703e-02	-1.285615e-02	9.974763e-01	9.964379e-01	9.948797e-01	3.599897e-01
1.164144e-02	-2.267703e-02	-2.267727e-02	-1.285615e-02	9.974765e-01	9.964378e-01	9.948797e-01	3.601838e-01
1.163467e-02	-2.267728e-02	-2.267752e-02	-1.285616e-02	9.974767e-01	9.964376e-01	9.948797e-01	3.603778e-01
1.162791e-02	-2.267753e-02	-2.267777e-02	-1.285616e-02	9.974769e-01	9.964374e-01	9.948797e-01	3.605716e-01
1.162115e-02	-2.267777e-02	-2.267801e-02	-1.285616e-02	9.974771e-01	9.964372e-01	9.948797e-01	3.607652e-01
1.161440e-02	-2.267802e-02	-2.267826e-02	-1.285616e-02	9.974773e-01	9.964370e-01	9.948797e-01	3.609585e-01
1.160766e-02	-2.267826e-02	-2.267851e-02	-1.285616e-02	9.974775e-01	9.964368e-01	9.948797e-01	3.611517e-01
1.160093e-02	-2.267851e-02	-2.267875e-02	-1.285617e-02	9.974777e-01	9.964367e-01	9.948798e-01	3.613445e-01
1.159420e-02	-2.267876e-02	-2.267900e-02	-1.285617e-02	9.974779e-01	9.964365e-01	9.948798e-01	3.615372e-01
1.158749e-02	-2.267900e-02	-2.267924e-02	-1.285617e-02	9.974781e-01	9.964363e-01	9.948798e-01	3.617295e-01
1.158078e-02	-2.267925e-02	-2.267949e-02	-1.285617e-02	9.974783e-01	9.964361e-01	9.948798e-01	3.619218e-01
1.157407e-02	-2.267949e-02	-2.267973e-02	-1.285617e-02	9.974785e-01	9.964359e-01	9.948798e-01	3.621136e-01
1.156738e-02	-2.267974e-02	-2.267998e-02	-1.285617e-02	9.974787e-01	9.964358e-01	9.948798e-01	3.623053e-01
1.156069e-02	-2.267998e-02	-2.268022e-02	-1.285618e-02	9.974789e-01	9.964356e-01	9.948798e-01	3.624969e-01
1.155402e-02	-2.268023e-02	-2.268047e-02	-1.285618e-02	9.974791e-01	9.964354e-01	9.948799e-01	3.626881e-01
1.154734e-02	-2.268047e-02	-2.268071e-02	-1.285618e-02	9.974793e-01	9.964352e-01	9.948799e-01	3.628792e-01
1.154068e-02	-2.268072e-02	-2.268096e-02	-1.285618e-02	9.974795e-01	9.964350e-01	9.948799e-01	3.630698e-01
1.153403e-02	-2.268096e-02	-2.268120e-02	-1.285618e-02	9.974797e-01	9.964349e-01	9.948799e-01	3.632603e-01
1.152738e-02	-2.268120e-02	-2.268145e-02	-1.285619e-02	9.974799e-01	9.964347e-01	9.948799e-01	3.634506e-01
1.152074e-02	-2.268145e-02	-2.268169e-02	-1.285619e-02	9.974801e-01	9.964345e-01	9.948799e-01	3.636404e-01
1.151410e-02	-2.268169e-02	-2.268193e-02	-1.285619e-02	9.974802e-01	9.964343e-01	9.948799e-01	3.638304e-01
1.150748e-02	-2.268194e-02	-2.268218e-02	-1.285619e-02	9.974804e-01	9.964341e-01	9.948800e-01	3.640198e-01
1.150086e-02	-2.268218e-02	-2.268242e-02	-1.285619e-02	9.974806e-01	9.964340e-01	9.948800e-01	3.642088e-01
1.149425e-02	-2.268242e-02	-2.268266e-02	-1.285619e-02	9.974808e-01	9.964338e-01	9.948800e-01	3.643980e-01
1.148765e-02	-2.268267e-02	-2.268291e-02	-1.285620e-02	9.974810e-01	9.964336e-01	9.948800e-01	3.645863e-01
1.148106e-02	-2.268291e-02	-2.268315e-02	-1.285620e-02	9.974812e-01	9.964334e-01	9.948800e-01	3.647749e-01
1.147447e-02	-2.268315e-02	-2.268339e-02	-1.285620e-02	9.974814e-01	9.964332e-01	9.948800e-01	3.649631e-01
1.146789e-02	-2.268339e-02	-2.268364e-02	-1.285620e-02	9.974816e-01	9.964331e-01	9.948800e-01	3.651512e-01
1.146132e-02	-2.268364e-02	-2.268388e-02	-1.285620e-02	9.974818e-01	9.964329e-01	9.948801e-01	3.653383e-01
1.145475e-02	-2.268388e-02	-2.268412e-02	-1.285621e-02	9.974820e-01	9.964327e-01	9.948801e-01	3.655260e-01
1.144820e-02	-2.268412e-02	-2.268436e-02	-1.285621e-02	9.974822e-01	9.964325e-01	9.948801e-01	3.657129e-01
1.144165e-02	-2.268436e-02	-2.268461e-02	-1.285621e-02	9.974824e-01	9.964323e-01	9.948801e-01	3.658997e-01
1.143511e-02	-2.268461e-02	-2.268485e-02	-1.285621e-02	9.974826e-01	9.964322e-01	9.948801e-01	3.660864e-01
1.142857e-02	-2.268485e-02	-2.268509e-02	-1.285621e-02	9.974828e-01	9.964320e-01	9.948801e-01	3.662727e-01
1.142204e-02	-2.268509e-02	-2.268533e-02	-1.285621e-02	9.974830e-01	9.964318e-01	9.948801e-01	3.664585e-01
1.141553e-02	-2.268533e-02	-2.268557e-02	-1.285622e-02	9.974831e-01	9.964316e-01	9.948802e-01	3.666443e-01
1.140901e-02	-2.268557e-02	-2.268581e-02	-1.285622e-02	9.974833e-01	9.964314e-01	9.948802e-01	3.668300e-01
1.140251e-02	-2.268581e-02	-2.268606e-02	-1.285622e-02	9.974835e-01	9.964313e-01	9.948802e-01	3.670149e-01
1.139601e-02	-2.268605e-02	-2.268630e-02	-1.285622e-02	9.974837e-01	9.964311e-01	9.948802e-01	3.672002e-01
1.138952e-02	-2.268630e-02	-2.268654e-02	-1.285622e-02	9.974839e-01	9.964309e-01	9.948802e-01	3.673850e-01
1.138304e-02	-2.268654e-02	-2.268678e-02	-1.285623e-02	9.974841e-01	9.964307e-01	9.948802e-01	3.675693e-01
1.137656e-02	-2.268678e-02	-2.268702e-02	-1.285623e-02	9.974843e-01	9.964306e-01	9.948802e-01	3.677535e-01
1.137010e-02	-2.268702e-02	-2.268726e-02	-1.285623e-02	9.974845e-01	9.964304e-01	9.948803e-01	3.679375e-01
1.136364e-02	-2.268726e-02	-2.268750e-02	-1.285623e-02	9.974847e-01	9.964302e-01	9.948803e-01	3.681214e-01
1.135718e-02	-2.268750e-02	-2.268774e-02	-1.285623e-02	9.974849e-01	9.964300e-01	9.948803e-01	3.683048e-01
1.135074e-02	-2.268774e-02	-2.268798e-02	-1.285623e-02	9.974851e-01	9.964298e-01	9.948803e-01	3.684880e-01
1.134430e-02	-2.268798e-02	-2.268822e-02	-1.285624e-02	9.974853e-01	9.964297e-01	9.948803e-01	3.686711e-01
1.133787e-02	-2.268822e-02	-2.268846e-02	-1.285624e-02	9.974854e-01	9.964295e-01	9.948803e-01	3.688538e-01
1.133144e-02	-2.268846e-02	-2.268870e-02	-1.285624e-02	9.974856e-01	9.964293e-01	9.948803e-01	3.690364e-01
1.132503e-02	-2.268870e-02	-2.268894e-02	-1.285624e-02	9.974858e-01	9.964291e-01	9.948803e-01	3.692187e-01
1.131862e-02	-2.268894e-02	-2.268918e-02	-1.285624e-02	9.974860e-01	9.964290e-01	9.948804e-01	3.694009e-01
1.131222e-02	-2.268917e-02	-2.268942e-02	-1.285625e-02	9.974862e-01	9.964288e-01	9.948804e-01	3.695827e-01
1.130582e-02	-2.268941e-02	-2.268966e-02	-1.285625e-02	9.974864e-01	9.964286e-01	9.948804e-01	3.697640e-01
1.129944e-02	-2.268965e-02	-2.268989e-02	-1.285625e-02	9.974866e-01	9.964284e-01	9.948804e-01	3.699457e-01
1.129305e-02	-2.268989e-02	-2.269013e-02	-1.285625e-02	9.974868e-01	9.964282e-01	9.948804e-01	3.701267e-01
1.128668e-02	-2.269013e-02	-2.269037e-02	-1.285625e-02	9.974870e-01	9.964281e-01	9.948804e-01	3.703079e-01
1.128032e-02	-2.269037e-02	-2.269061e-02	-1.285625e-02	9.974872e-01	9.964279e-01	9.948804e-01	3.704882e-01
1.127396e-02	-2.269061e-02	-2.269085e-02	-1.285626e-02	9.974873e-01	9.964277e-01	9.948805e-01	3.706689e-01
1.126761e-02	-2.269084e-02	-2.269109e-02	-1.285626e-02	9.974875e-01	9.964275e-01	9.948805e-01	3.708492e-01
1.126126e-02	-2.269108e-02	-2.269132e-02	-1.285626e-02	9.974877e-01	9.964274e-01	9.948805e-01	3.710290e-01
1.125492e-02	-2.269132e-02	-2.269156e-02	-1.285626e-02	9.974879e-01	9.964272e-01	9.948805e-01	3.712089e-01
1.124859e-02	-2.269156e-02	-2.269180e-02	-1.285626e-02	9.974881e-01	9.964270e-01	9.948805e-01	3.713885e-01
1.124227e-02	-2.269179e-02	-2.269204e-02	-1.285626e-02	9.974883e-01	9.964268e-01	9.948805e-01	3.715679e-01
1.123596e-02	-2.269203e-02	-2.269227e-02	-1.285627e-02	9.974885e-01	9.964267e-01	9.948805e-01	3.717469e-01
1.122965e-02	-2.269227e-02	-2.269251e-02	-1.285627e-02	9.974887e-01	9.964265e-01	9.948806e-01	3.719261e-01
1.122334e-02	-2.269251e-02	-2.269275e-02	-1.285627e-02	9.974889e-01	9.964263e-01	9.948806e-01	3.721045e-01
1.121705e-02	-2.269274e-02	-2.269299e-02	-1.285627e-02	9.974890e-01	9.964261e-01	9.948806e-01	3.722829e-01
1.121076e-02	-2.269298e-02	-2.269322e-02	-1.285627e-02	9.974892e-01	9.964260e-01	9.948806e-01	3.724614e-01
1.120448e-02	-2.269322e-02	-2.269346e-02	-1.285628e-02	9.974894e-01	9.964258e-01	9.948806e-01	3.726393e-01
1.119821e-02	-2.269345e-02	-2.269369e-02	-1.285628e-02	9.974896e-01	9.964256e-01	9.948806e-01	3.728170e-01
1.119194e-02	-2.269369e-02	-2.269393e-02	-1.285628e-02	9.974898e-01	9.964254e-01	9.948806e-01	3.729946e-01
1.118568e-02	-2.269392e-02	-2.269417e-02	-1.285628e-02	9.974900e-01	9.964253e-01	9.948806e-01	3.731719e-01
1.117943e-02	-2.269416e-02	-2.269440e-02	-1.285628e-02	9.974902e-01	9.964251e-01	9.948807e-01	3.733492e-01
1.117318e-02	-2.269440e-02	-2.269464e-02	-1.285628e-02	9.974904e-01	9.964249e-01	9.948807e-01	3.735260e-01
1.116695e-02	-2.269463e-02	-2.269487e-02	-1.285629e-02	9.974906e-01	9.964247e-01	9.948807e-01	3.737027e-01
1.116071e-02	-2.269487e-02	-2.269511e-02	-1.285629e-02	9.974907e-01	9.964246e-01	9.948807e-01	3.738790e-01
1.115449e-02	-2.269510e-02	-2.269535e-02	-1.285629e-02	9.974909e-01	9.964244e-01	9.948807e-01	3.740556e-01
1.114827e-02	-2.269534e-02	-2.269558e-02	-1.285629e-02	9.974911e-01	9.964242e-01	9.948807e-01	3.742313e-01
1.114206e-02	-2.269557e-02	-2.269582e-02	-1.285629e-02	9.974913e-01	9.964240e-01	9.948807e-01	3.744070e-01
1.113586e-02	-2.269581e-02	-2.269605e-02	-1.285629e-02	9.974915e-01	9.964239e-01	9.948808e-01	3.745828e-01
1.112966e-02	-2.269604e-02	-2.269628e-02	-1.285630e-02	9.974917e-01	9.964237e-01	9.948808e-01	3.747581e-01
1.112347e-02	-2.269628e-02	-2.269652e-02	-1.285630e-02	9.974919e-01	9.964235e-01	9.948808e-01	3.749334e-01
1.111729e-02	-2.269651e-02	-2.269675e-02	-1.285630e-02	9.974920e-01	9.964234e-01	9.948808e-01	3.751081e-01
1.111111e-02	-2.269675e-02	-2.269699e-02	-1.285630e-02	9.974922e-01	9.964232e-01	9.948808e-01	3.752825e-01
1.110494e-02	-2.269698e-02	-2.269722e-02	-1.285630e-02	9.974924e-01	9.964230e-01	9.948808e-01	3.754572e-01
1.109878e-02	-2.269721e-02	-2.269746e-02	-1.285631e-02	9.974926e-01	9.964228e-01	9.948808e-01	3.756314e-01
1.109262e-02	-2.269745e-02	-2.269769e-02	-1.285631e-02	9.974928e-01	9.964227e-01	9.948808e-01	3.758055e-01
1.108647e-02	-2.269768e-02	-2.269792e-02	-1.285631e-02	9.974930e-01	9.964225e-01	9.948809e-01	3.759792e-01
1.108033e-02	-2.269791e-02	-2.269816e-02	-1.285631e-02	9.974932e-01	9.964223e-01	9.948809e-01	3.761528e-01
1.107420e-02	-2.269815e-02	-2.269839e-02	-1.285631e-02	9.974934e-01	9.964221e-01	9.948809e-01	3.763261e-01
1.106807e-02	-2.269838e-02	-2.269862e-02	-1.285631e-02	9.974935e-01	9.964220e-01	9.948809e-01	3.764993e-01
1.106195e-02	-2.269861e-02	-2.269886e-02	-1.285632e-02	9.974937e-01	9.964218e-01	9.948809e-01	3.766719e-01
1.105583e-02	-2.269885e-02	-2.269909e-02	-1.285632e-02	9.974939e-01	9.964216e-01	9.948809e-01	3.768448e-01
1.104972e-02	-2.269908e-02	-2.269932e-02	-1.285632e-02	9.974941e-01	9.964215e-01	9.948809e-01	3.770171e-01
1.104362e-02	-2.269931e-02	-2.269955e-02	-1.285632e-02	9.974943e-01	9.964213e-01	9.948810e-01	3.771893e-01
1.103753e-02	-2.269955e-02	-2.269979e-02	-1.285632e-02	9.974945e-01	9.964211e-01	9.948810e-01	3.773614e-01
1.103144e-02	-2.269978e-02	-2.270002e-02	-1.285632e-02	9.974946e-01	9.964209e-01	9.948810e-01	3.775333e-01
1.102536e-02	-2.270001e-02	-2.270025e-02	-1.285633e-02	9.974948e-01	9.964208e-01	9.948810e-01	3.777047e-01
1.101928e-02	-2.270024e-02	-2.270048e-02	-1.285633e-02	9.974950e-01	9.964206e-01	9.948810e-01	3.778760e-01
1.101322e-02	-2.270047e-02	-2.270072e-02	-1.285633e-02	9.974952e-01	9.964204e-01	9.948810e-01	3.780472e-01
1.100715e-02	-2.270070e-02	-2.270095e-02	-1.285633e-02	9.974954e-01	9.964203e-01	9.948810e-01	3.782182e-01
1.100110e-02	-2.270094e-02	-2.270118e-02	-1.285633e-02	9.974956e-01	9.964201e-01	9.948810e-01	3.783884e-01
1.099505e-02	-2.270117e-02	-2.270141e-02	-1.285634e-02	9.974958e-01	9.964199e-01	9.948811e-01	3.785591e-01
1.098901e-02	-2.270140e-02	-2.270164e-02	-1.285634e-02	9.974959e-01	9.964197e-01	9.948811e-01	3.787294e-01
1.098298e-02	-2.270163e-02	-2.270187e-02	-1.285634e-02	9.974961e-01	9.964196e-01	9.948811e-01	3.788994e-01
1.097695e-02	-2.270186e-02	-2.270210e-02	-1.285634e-02	9.974963e-01	9.964194e-01	9.948811e-01	3.790692e-01
1.097093e-02	-2.270209e-02	-2.270233e-02	-1.285634e-02	9.974965e-01	9.964192e-01	9.948811e-01	3.792386e-01
1.096491e-02	-2.270232e-02	-2.270256e-02	-1.285634e-02	9.974967e-01	9.964191e-01	9.948811e-01	3.794080e-01
1.095890e-02	-2.270255e-02	-2.270280e-02	-1.285635e-02	9.974969e-01	9.964189e-01	9.948811e-01	3.795772e-01
1.095290e-02	-2.270278e-02	-2.270303e-02	-1.285635e-02	9.974970e-01	9.964187e-01	9.948812e-01	3.797462e-01
1.094691e-02	-2.270301e-02	-2.270326e-02	-1.285635e-02	9.974972e-01	9.964185e-01	9.948812e-01	3.799144e-01
1.094092e-02	-2.270324e-02	-2.270349e-02	-1.285635e-02	9.974974e-01	9.964184e-01	9.948812e-01	3.800832e-01
1.093494e-02	-2.270347e-02	-2.270372e-02	-1.285635e-02	9.974976e-01	9.964182e-01	9.948812e-01	3.802513e-01
1.092896e-02	-2.270370e-02	-2.270395e-02	-1.285635e-02	9.974978e-01	9.964180e-01	9.948812e-01	3.804196e-01
1.092299e-02	-2.270393e-02	-2.270417e-02	-1.285636e-02	9.974980e-01	9.964179e-01	9.948812e-01	3.805871e-01
1.091703e-02	-2.270416e-02	-2.270440e-02	-1.285636e-02	9.974981e-01	9.964177e-01	9.948812e-01	3.807548e-01
1.091107e-02	-2.270439e-02	-2.270463e-02	-1.285636e-02	9.974983e-01	9.964175e-01	9.948812e-01	3.809221e-01
1.090513e-02	-2.270462e-02	-2.270486e-02	-1.285636e-02	9.974985e-01	9.964174e-01	9.948813e-01	3.810893e-01
1.089918e-02	-2.270485e-02	-2.270509e-02	-1.285636e-02	9.974987e-01	9.964172e-01	9.948813e-01	3.812560e-01
1.089325e-02	-2.270508e-02	-2.270532e-02	-1.285637e-02	9.974989e-01	9.964170e-01	9.948813e-01	3.814230e-01
1.088732e-02	-2.270531e-02	-2.270555e-02	-1.285637e-02	9.974990e-01	9.964168e-01	9.948813e-01	3.815893e-01
1.088139e-02	-2.270554e-02	-2.270578e-02	-1.285637e-02	9.974992e-01	9.964167e-01	9.948813e-01	3.817558e-01
1.087548e-02	-2.270576e-02	-2.270601e-02	-1.285637e-02	9.974994e-01	9.964165e-01	9.948813e-01	3.819218e-01
1.086957e-02	-2.270599e-02	-2.270623e-02	-1.285637e-02	9.974996e-01	9.964163e-01	9.948813e-01	3.820876e-01
1.086366e-02	-2.270622e-02	-2.270646e-02	-1.285637e-02	9.974998e-01	9.964162e-01	9.948814e-01	3.822532e-01
1.085776e-02	-2.270645e-02	-2.270669e-02	-1.285638e-02	9.975000e-01	9.964160e-01	9.948814e-01	3.824185e-01
1.085187e-02	-2.270668e-02	-2.270692e-02	-1.285638e-02	9.975001e-01	9.964158e-01	9.948814e-01	3.825839e-01
1.084599e-02	-2.270690e-02	-2.270715e-02	-1.285638e-02	9.975003e-01	9.964157e-01	9.948814e-01	3.827489e-01
1.084011e-02	-2.270713e-02	-2.270737e-02	-1.285638e-02	9.975005e-01	9.964155e-01	9.948814e-01	3.829134e-01
1.083424e-02	-2.270736e-02	-2.270760e-02	-1.285638e-02	9.975007e-01	9.964153e-01	9.948814e-01	3.830782e-01
1.082837e-02	-2.270759e-02	-2.270783e-02	-1.285638e-02	9.975009e-01	9.964152e-01	9.948814e-01	3.832423e-01
1.082251e-02	-2.270781e-02	-2.270805e-02	-1.285639e-02	9.975010e-01	9.964150e-01	9.948814e-01	3.834065e-01
1.081666e-02	-2.270804e-02	-2.270828e-02	-1.285639e-02	9.975012e-01	9.964148e-01	9.948815e-01	3.835706e-01
1.081081e-02	-2.270827e-02	-2.270851e-02	-1.285639e-02	9.975014e-01	9.964147e-01	9.948815e-01	3.837341e-01
1.080497e-02	-2.270849e-02	-2.270874e-02	-1.285639e-02	9.975016e-01	9.964145e-01	9.948815e-01	3.838975e-01
1.079914e-02	-2.270872e-02	-2.270896e-02	-1.285639e-02	9.975018e-01	9.964143e-01	9.948815e-01	3.840608e-01
1.079331e-02	-2.270895e-02	-2.270919e-02	-1.285639e-02	9.975019e-01	9.964142e-01	9.948815e-01	3.842239e-01
1.078749e-02	-2.270917e-02	-2.270941e-02	-1.285640e-02	9.975021e-01	9.964140e-01	9.948815e-01	3.843864e-01
1.078167e-02	-2.270940e-02	-2.270964e-02	-1.285640e-02	9.975023e-01	9.964138e-01	9.948815e-01	3.845492e-01
1.077586e-02	-2.270962e-02	-2.270987e-02	-1.285640e-02	9.975025e-01	9.964137e-01	9.948815e-01	3.847116e-01
1.077006e-02	-2.270985e-02	-2.271009e-02	-1.285640e-02	9.975027e-01	9.964135e-01	9.948816e-01	3.848738e-01
1.076426e-02	-2.271008e-02	-2.271032e-02	-1.285640e-02	9.975028e-01	9.964133e-01	9.948816e-01	3.850356e-01
1.075847e-02	-2.271030e-02	-2.271054e-02	-1.285641e-02	9.975030e-01	9.964132e-01	9.948816e-01	3.851975e-01
1.075269e-02	-2.271053e-02	-2.271077e-02	-1.285641e-02	9.975032e-01	9.964130e-01	9.948816e-01	3.853589e-01
1.074691e-02	-2.271075e-02	-2.271099e-02	-1.285641e-02	9.975034e-01	9.964128e-01	9.948816e-01	3.855203e-01
1.074114e-02	-2.271098e-02	-2.271122e-02	-1.285641e-02	9.975036e-01	9.964127e-01	9.948816e-01	3.856813e-01
1.073537e-02	-2.271120e-02	-2.271144e-02	-1.285641e-02	9.975037e-01	9.964125e-01	9.948816e-01	3.858422e-01
1.072961e-02	-2.271143e-02	-2.271167e-02	-1.285641e-02	9.975039e-01	9.964123e-01	9.948816e-01	3.860027e-01
1.072386e-02	-2.271165e-02	-2.271189e-02	-1.285642e-02	9.975041e-01	9.964122e-01	9.948817e-01	3.861632e-01
1.071811e-02	-2.271187e-02	-2.271212e-02	-1.285642e-02	9.975043e-01	9.964120e-01	9.948817e-01	3.863235e-01
1.071237e-02	-2.271210e-02	-2.271234e-02	-1.285642e-02	9.975044e-01	9.964118e-01	9.948817e-01	3.864833e-01
1.070664e-02	-2.271232e-02	-2.271256e-02	-1.285642e-02	9.975046e-01	9.964117e-01	9.948817e-01	3.866432e-01
1.070091e-02	-2.271255e-02	-2.271279e-02	-1.285642e-02	9.975048e-01	9.964115e-01	9.948817e-01	3.868027e-01
1.069519e-02	-2.271277e-02	-2.271301e-02	-1.285642e-02	9.975050e-01	9.964113e-01	9.948817e-01	3.869618e-01
1.068947e-02	-2.271299e-02	-2.271324e-02	-1.285643e-02	9.975052e-01	9.964112e-01	9.948817e-01	3.871211e-01
1.068376e-02	-2.271322e-02	-2.271346e-02	-1.285643e-02	9.975053e-01	9.964110e-01	9.948817e-01	3.872798e-01
1.067806e-02	-2.271344e-02	-2.271368e-02	-1.285643e-02	9.975055e-01	9.964108e-01	9.948818e-01	3.874383e-01
1.067236e-02	-2.271366e-02	-2.271391e-02	-1.285643e-02	9.975057e-01	9.964107e-01	9.948818e-01	3.875969e-01
1.066667e-02	-2.271389e-02	-2.271413e-02	-1.285643e-02	9.975059e-01	9.964105e-01	9.948818e-01	3.877550e-01
1.066098e-02	-2.271411e-02	-2.271435e-02	-1.285643e-02	9.975060e-01	9.964103e-01	9.948818e-01	3.879128e-01
1.065530e-02	-2.271433e-02	-2.271458e-02	-1.285644e-02	9.975062e-01	9.964102e-01	9.948818e-01	3.880706e-01
1.064963e-02	-2.271456e-02	-2.271480e-02	-1.285644e-02	9.975064e-01	9.964100e-01	9.948818e-01	3.882278e-01
1.064396e-02	-2.271478e-02	-2.271502e-02	-1.285644e-02	9.975066e-01	9.964098e-01	9.948818e-01	3.883853e-01
1.063830e-02	-2.271500e-02	-2.271524e-02	-1.285644e-02	9.975068e-01	9.964097e-01	9.948818e-01	3.885419e-01
1.063264e-02	-2.271522e-02	-2.271546e-02	-1.285644e-02	9.975069e-01	9.964095e-01	9.948819e-01	3.886989e-01
1.062699e-02	-2.271544e-02	-2.271569e-02	-1.285645e-02	9.975071e-01	9.964093e-01	9.948819e-01	3.888555e-01
1.062135e-02	-2.271567e-02	-2.271591e-02	-1.285645e-02	9.975073e-01	9.964092e-01	9.948819e-01	3.890116e-01
1.061571e-02	-2.271589e-02	-2.271613e-02	-1.285645e-02	9.975075e-01	9.964090e-01	9.948819e-01	3.891674e-01
1.061008e-02	-2.271611e-02	-2.271635e-02	-1.285645e-02	9.975076e-01	9.964089e-01	9.948819e-01	3.893232e-01
1.060445e-02	-2.271633e-02	-2.271657e-02	-1.285645e-02	9.975078e-01	9.964087e-01	9.948819e-01	3.894786e-01
1.059883e-02	-2.271655e-02	-2.271679e-02	-1.285645e-02	9.975080e-01	9.964085e-01	9.948819e-01	3.896339e-01
1.059322e-02	-2.271677e-02	-2.271702e-02	-1.285646e-02	9.975082e-01	9.964084e-01	9.948819e-01	3.897887e-01
1.058761e-02	-2.271699e-02	-2.271724e-02	-1.285646e-02	9.975083e-01	9.964082e-01	9.948820e-01	3.899436e-01
1.058201e-02	-2.271722e-02	-2.271746e-02	-1.285646e-02	9.975085e-01	9.964080e-01	9.948820e-01	3.900978e-01
1.057641e-02	-2.271744e-02	-2.271768e-02	-1.285646e-02	9.975087e-01	9.964079e-01	9.948820e-01	3.902519e-01
1.057082e-02	-2.271766e-02	-2.271790e-02	-1.285646e-02	9.975089e-01	9.964077e-01	9.948820e-01	3.904060e-01
1.056524e-02	-2.271788e-02	-2.271812e-02	-1.285647e-02	9.975090e-01	9.964075e-01	9.948820e-01	3.905595e-01
1.055966e-02	-2.271810e-02	-2.271834e-02	-1.285647e-02	9.975092e-01	9.964074e-01	9.948820e-01	3.907128e-01
1.055409e-02	-2.271832e-02	-2.271856e-02	-1.285647e-02	9.975094e-01	9.964072e-01	9.948820e-01	3.908660e-01
1.054852e-02	-2.271854e-02	-2.271878e-02	-1.285647e-02	9.975096e-01	9.964071e-01	9.948820e-01	3.910186e-01
1.054296e-02	-2.271876e-02	-2.271900e-02	-1.285647e-02	9.975097e-01	9.964069e-01	9.948821e-01	3.911712e-01
1.053741e-02	-2.271898e-02	-2.271922e-02	-1.285647e-02	9.975099e-01	9.964067e-01	9.948821e-01	3.913234e-01
1.053186e-02	-2.271920e-02	-2.271944e-02	-1.285648e-02	9.975101e-01	9.964066e-01	9.948821e-01	3.914753e-01
1.052632e-02	-2.271942e-02	-2.271966e-02	-1.285648e-02	9.975103e-01	9.964064e-01	9.948821e-01	3.916269e-01
1.052078e-02	-2.271964e-02	-2.271988e-02	-1.285648e-02	9.975104e-01	9.964062e-01	9.948821e-01	3.917781e-01
1.051525e-02	-2.271985e-02	-2.272010e-02	-1.285648e-02	9.975106e-01	9.964061e-01	9.948821e-01	3.919293e-01
1.050972e-02	-2.272007e-02	-2.272032e-02	-1.285648e-02	9.975108e-01	9.964059e-01	9.948821e-01	3.920799e-01
1.050420e-02	-2.272029e-02	-2.272053e-02	-1.285648e-02	9.975110e-01	9.964058e-01	9.948821e-01	3.922305e-01
1.049869e-02	-2.272051e-02	-2.272075e-02	-1.285649e-02	9.975111e-01	9.964056e-01	9.948822e-01	3.923806e-01
1.049318e-02	-2.272073e-02	-2.272097e-02	-1.285649e-02	9.975113e-01	9.964054e-01	9.948822e-01	3.925300e-01
1.048768e-02	-2.272095e-02	-2.272119e-02	-1.285649e-02	9.975115e-01	9.964053e-01	9.948822e-01	3.926798e-01
1.048218e-02	-2.272117e-02	-2.272141e-02	-1.285649e-02	9.975116e-01	9.964051e-01	9.948822e-01	3.928292e-01
1.047669e-02	-2.272138e-02	-2.272163e-02	-1.285649e-02	9.975118e-01	9.964049e-01	9.948822e-01	3.929781e-01
1.047120e-02	-2.272160e-02	-2.272184e-02	-1.285650e-02	9.975120e-01	9.964048e-01	9.948822e-01	3.931264e-01
1.046572e-02	-2.272182e-02	-2.272206e-02	-1.285650e-02	9.975122e-01	9.964046e-01	9.948822e-01	3.932748e-01
1.046025e-02	-2.272204e-02	-2.272228e-02	-1.285650e-02	9.975123e-01	9.964045e-01	9.948822e-01	3.934230e-01
1.045478e-02	-2.272226e-02	-2.272250e-02	-1.285650e-02	9.975125e-01	9.964043e-01	9.948822e-01	3.935704e-01
1.044932e-02	-2.272247e-02	-2.272271e-02	-1.285650e-02	9.975127e-01	9.964041e-01	9.948823e-01	3.937179e-01
1.044386e-02	-2.272269e-02	-2.272293e-02	-1.285650e-02	9.975129e-01	9.964040e-01	9.948823e-01	3.938648e-01
1.043841e-02	-2.272291e-02	-2.272315e-02	-1.285651e-02	9.975130e-01	9.964038e-01	9.948823e-01	3.940116e-01
1.043297e-02	-2.272312e-02	-2.272337e-02	-1.285651e-02	9.975132e-01	9.964037e-01	9.948823e-01	3.941580e-01
1.042753e-02	-2.272334e-02	-2.272358e-02	-1.285651e-02	9.975134e-01	9.964035e-01	9.948823e-01	3.943042e-01
1.042209e-02	-2.272356e-02	-2.272380e-02	-1.285651e-02	9.975135e-01	9.964033e-01	9.948823e-01	3.944500e-01
1.041667e-02	-2.272377e-02	-2.272402e-02	-1.285651e-02	9.975137e-01	9.964032e-01	9.948823e-01	3.945956e-01
1.041124e-02	-2.272399e-02	-2.272423e-02	-1.285652e-02	9.975139e-01	9.964030e-01	9.948823e-01	3.947408e-01
1.040583e-02	-2.272421e-02	-2.272445e-02	-1.285652e-02	9.975141e-01	9.964029e-01	9.948824e-01	3.948855e-01
1.040042e-02	-2.272442e-02	-2.272466e-02	-1.285652e-02	9.975142e-01	9.964027e-01	9.948824e-01	3.950301e-01
1.039501e-02	-2.272464e-02	-2.272488e-02	-1.285652e-02	9.975144e-01	9.964025e-01	9.948824e-01	3.951745e-01
1.038961e-02	-2.272485e-02	-2.272510e-02	-1.285652e-02	9.975146e-01	9.964024e-01	9.948824e-01	3.953187e-01
1.038422e-02	-2.272507e-02	-2.272531e-02	-1.285652e-02	9.975147e-01	9.964022e-01	9.948824e-01	3.954624e-01
1.037883e-02	-2.272529e-02	-2.272553e-02	-1.285653e-02	9.975149e-01	9.964021e-01	9.948824e-01	3.956055e-01
1.037344e-02	-2.272550e-02	-2.272574e-02	-1.285653e-02	9.975151e-01	9.964019e-01	9.948824e-01	3.957490e-01
1.036807e-02	-2.272572e-02	-2.272596e-02	-1.285653e-02	9.975153e-01	9.964017e-01	9.948824e-01	3.958915e-01
1.036269e-02	-2.272593e-02	-2.272617e-02	-1.285653e-02	9.975154e-01	9.964016e-01	9.948824e-01	3.960342e-01
1.035733e-02	-2.272615e-02	-2.272639e-02	-1.285653e-02	9.975156e-01	9.964014e-01	9.948825e-01	3.961765e-01
1.035197e-02	-2.272636e-02	-2.272660e-02	-1.285654e-02	9.975158e-01	9.964013e-01	9.948825e-01	3.963187e-01
1.034661e-02	-2.272658e-02	-2.272682e-02	-1.285654e-02	9.975159e-01	9.964011e-01	9.948825e-01	3.964601e-01
1.034126e-02	-2.272679e-02	-2.272703e-02	-1.285654e-02	9.975161e-01	9.964009e-01	9.948825e-01	3.966019e-01
1.033592e-02	-2.272700e-02	-2.272725e-02	-1.285654e-02	9.975163e-01	9.964008e-01	9.948825e-01	3.967427e-01
1.033058e-02	-2.272722e-02	-2.272746e-02	-1.285654e-02	9.975164e-01	9.964006e-01	9.948825e-01	3.968837e-01
1.032525e-02	-2.272743e-02	-2.272767e-02	-1.285654e-02	9.975166e-01	9.964005e-01	9.948825e-01	3.970247e-01
1.031992e-02	-2.272765e-02	-2.272789e-02	-1.285655e-02	9.975168e-01	9.964003e-01	9.948825e-01	3.971649e-01
1.031460e-02	-2.272786e-02	-2.272810e-02	-1.285655e-02	9.975170e-01	9.964002e-01	9.948825e-01	3.973047e-01
1.030928e-02	-2.272807e-02	-2.272832e-02	-1.285655e-02	9.975171e-01	9.964000e-01	9.948826e-01	3.974450e-01
1.030397e-02	-2.272829e-02	-2.272853e-02	-1.285655e-02	9.975173e-01	9.963998e-01	9.948826e-01	3.975846e-01
1.029866e-02	-2.272850e-02	-2.272874e-02	-1.285655e-02	9.975175e-01	9.963997e-01	9.948826e-01	3.977237e-01
1.029336e-02	-2.272871e-02	-2.272896e-02	-1.285656e-02	9.975176e-01	9.963995e-01	9.948826e-01	3.978630e-01
1.028807e-02	-2.272893e-02	-2.272917e-02	-1.285656e-02	9.975178e-01	9.963994e-01	9.948826e-01	3.980019e-01
1.028278e-02	-2.272914e-02	-2.272938e-02	-1.285656e-02	9.975180e-01	9.963992e-01	9.948826e-01	3.981405e-01
1.027749e-02	-2.272935e-02	-2.272960e-02	-1.285656e-02	9.975181e-01	9.963990e-01	9.948826e-01	3.982788e-01
1.027221e-02	-2.272957e-02	-2.272981e-02	-1.285656e-02	9.975183e-01	9.963989e-01	9.948826e-01	3.984171e-01
1.026694e-02	-2.272978e-02	-2.273002e-02	-1.285656e-02	9.975185e-01	9.963987e-01	9.948827e-01	3.985547e-01
1.026167e-02	-2.272999e-02	-2.273023e-02	-1.285657e-02	9.975186e-01	9.963986e-01	9.948827e-01	3.986925e-01
1.025641e-02	-2.273020e-02	-2.273044e-02	-1.285657e-02	9.975188e-01	9.963984e-01	9.948827e-01	3.988300e-01
1.025115e-02	-2.273041e-02	-2.273066e-02	-1.285657e-02	9.975190e-01	9.963983e-01	9.948827e-01	3.989672e-01
1.024590e-02	-2.273063e-02	-2.273087e-02	-1.285657e-02	9.975191e-01	9.963981e-01	9.948827e-01	3.991043e-01
1.024066e-02	-2.273084e-02	-2.273108e-02	-1.285657e-02	9.975193e-01	9.963979e-01	9.948827e-01	3.992409e-01
1.023541e-02	-2.273105e-02	-2.273129e-02	-1.285658e-02	9.975195e-01	9.963978e-01	9.948827e-01	3.993774e-01
1.023018e-02	-2.273126e-02	-2.273150e-02	-1.285658e-02	9.975197e-01	9.963976e-01	9.948827e-01	3.995137e-01
1.022495e-02	-2.273147e-02	-2.273172e-02	-1.285658e-02	9.975198e-01	9.963975e-01	9.948827e-01	3.996497e-01
1.021972e-02	-2.273168e-02	-2.273193e-02	-1.285658e-02	9.975200e-01	9.963973e-01	9.948828e-01	3.997857e-01
1.021450e-02	-2.273189e-02	-2.273214e-02	-1.285658e-02	9.975202e-01	9.963972e-01	9.948828e-01	3.999214e-01
1.020929e-02	-2.273211e-02	-2.273235e-02	-1.285658e-02	9.975203e-01	9.963970e-01	9.948828e-01	4.000566e-01
1.020408e-02	-2.273232e-02	-2.273256e-02	-1.285659e-02	9.975205e-01	9.963969e-01	9.948828e-01	4.001917e-01
1.019888e-02	-2.273253e-02	-2.273277e-02	-1.285659e-02	9.975207e-01	9.963967e-01	9.948828e-01	4.003269e-01
1.019368e-02	-2.273274e-02	-2.273298e-02	-1.285659e-02	9.975208e-01	9.963965e-01	9.948828e-01	4.004617e-01
1.018849e-02	-2.273295e-02	-2.273319e-02	-1.285659e-02	9.975210e-01	9.963964e-01	9.948828e-01	4.005964e-01
1.018330e-02	-2.273316e-02	-2.273340e-02	-1.285659e-02	9.975212e-01	9.963962e-01	9.948828e-01	4.007309e-01
1.017812e-02	-2.273337e-02	-2.273361e-02	-1.285660e-02	9.975213e-01	9.963961e-01	9.948828e-01	4.008648e-01
1.017294e-02	-2.273358e-02	-2.273382e-02	-1.285660e-02	9.975215e-01	9.963959e-01	9.948829e-01	4.009990e-01
1.016777e-02	-2.273379e-02	-2.273403e-02	-1.285660e-02	9.975217e-01	9.963958e-01	9.948829e-01	4.011326e-01
1.016260e-02	-2.273400e-02	-2.273424e-02	-1.285660e-02	9.975218e-01	9.963956e-01	9.948829e-01	4.012665e-01
1.015744e-02	-2.273421e-02	-2.273445e-02	-1.285660e-02	9.975220e-01	9.963955e-01	9.948829e-01	4.013996e-01
1.015228e-02	-2.273442e-02	-2.273466e-02	-1.285660e-02	9.975222e-01	9.963953e-01	9.948829e-01	4.015333e-01
1.014713e-02	-2.273463e-02	-2.273487e-02	-1.285661e-02	9.975223e-01	9.963951e-01	9.948829e-01	4.016658e-01
1.014199e-02	-2.273483e-02	-2.273508e-02	-1.285661e-02	9.975225e-01	9.963950e-01	9.948829e-01	4.017989e-01
1.013685e-02	-2.273504e-02	-2.273529e-02	-1.285661e-02	9.975227e-01	9.963948e-01	9.948829e-01	4.019312e-01
1.013171e-02	-2.273525e-02	-2.273549e-02	-1.285661e-02	9.975228e-01	9.963947e-01	9.948830e-01	4.020637e-01
1.012658e-02	-2.273546e-02	-2.273570e-02	-1.285661e-02	9.975230e-01	9.963945e-01	9.948830e-01	4.021960e-01
1.012146e-02	-2.273567e-02	-2.273591e-02	-1.285661e-02	9.975231e-01	9.963944e-01	9.948830e-01	4.023274e-01
1.011634e-02	-2.273588e-02	-2.273612e-02	-1.285662e-02	9.975233e-01	9.963942e-01	9.948830e-01	4.024595e-01
1.011122e-02	-2.273609e-02	-2.273633e-02	-1.285662e-02	9.975235e-01	9.963941e-01	9.948830e-01	4.025906e-01
1.010611e-02	-2.273629e-02	-2.273654e-02	-1.285662e-02	9.975236e-01	9.963939e-01	9.948830e-01	4.027220e-01
1.010101e-02	-2.273650e-02	-2.273674e-02	-1.285662e-02	9.975238e-01	9.963938e-01	9.948830e-01	4.028528e-01
1.009591e-02	-2.273671e-02	-2.273695e-02	-1.285662e-02	9.975240e-01	9.963936e-01	9.948830e-01	4.029834e-01
1.009082e-02	-2.273692e-02	-2.273716e-02	-1.285663e-02	9.975241e-01	9.963934e-01	9.948830e-01	4.031139e-01
1.008573e-02	-2.273712e-02	-2.273737e-02	-1.285663e-02	9.975243e-01	9.963933e-01	9.948831e-01	4.032440e-01
1.008065e-02	-2.273733e-02	-2.273757e-02	-1.285663e-02	9.975245e-01	9.963931e-01	9.948831e-01	4.033741e-01
1.007557e-02	-2.273754e-02	-2.273778e-02	-1.285663e-02	9.975246e-01	9.963930e-01	9.948831e-01	4.035034e-01
1.007049e-02	-2.273775e-02	-2.273799e-02	-1.285663e-02	9.975248e-01	9.963928e-01	9.948831e-01	4.036329e-01
1.006543e-02	-2.273795e-02	-2.273820e-02	-1.285663e-02	9.975250e-01	9.963927e-01	9.948831e-01	4.037621e-01
1.006036e-02	-2.273816e-02	-2.273840e-02	-1.285664e-02	9.975251e-01	9.963925e-01	9.948831e-01	4.038910e-01
1.005530e-02	-2.273837e-02	-2.273861e-02	-1.285664e-02	9.975253e-01	9.963924e-01	9.948831e-01	4.040198e-01
1.005025e-02	-2.273857e-02	-2.273882e-02	-1.285664e-02	9.975255e-01	9.963922e-01	9.948831e-01	4.041480e-01
1.004520e-02	-2.273878e-02	-2.273902e-02	-1.285664e-02	9.975256e-01	9.963921e-01	9.948831e-01	4.042761e-01
1.004016e-02	-2.273899e-02	-2.273923e-02	-1.285664e-02	9.975258e-01	9.963919e-01	9.948832e-01	4.044043e-01
1.003512e-02	-2.273919e-02	-2.273943e-02	-1.285664e-02	9.975259e-01	9.963918e-01	9.948832e-01	4.045321e-01
1.003009e-02	-2.273940e-02	-2.273964e-02	-1.285665e-02	9.975261e-01	9.963916e-01	9.948832e-01	4.046594e-01
1.002506e-02	-2.273960e-02	-2.273985e-02	-1.285665e-02	9.975263e-01	9.963915e-01	9.948832e-01	4.047871e-01
1.002004e-02	-2.273981e-02	-2.274005e-02	-1.285665e-02	9.975264e-01	9.963913e-01	9.948832e-01	4.049143e-01
1.001502e-02	-2.274001e-02	-2.274026e-02	-1.285665e-02	9.975266e-01	9.963912e-01	9.948832e-01	4.050412e-01
1.001001e-02	-2.274022e-02	-2.274046e-02	-1.285665e-02	9.975268e-01	9.963910e-01	9.948832e-01	4.051681e-01
1.000500e-02	-2.274042e-02	-2.274067e-02	-1.285665e-02	9.975269e-01	9.963909e-01	9.948832e-01	4.052945e-01
1.000000e-02	-2.274063e-02	-2.274087e-02	-1.285666e-02	9.975271e-01	9.963907e-01	9.948832e-01	4.054216e-01
9.995002e-03	-2.274083e-02	-2.274108e-02	-1.285666e-02	9.975272e-01	9.963905e-01	9.948833e-01	4.055477e-01
9.990010e-03	-2.274104e-02	-2.274128e-02	-1.285666e-02	9.975274e-01	9.963904e-01	9.948833e-01	4.056737e-01
9.985022e-03	-2.274124e-02	-2.274149e-02	-1.285666e-02	9.975276e-01	9.963902e-01	9.948833e-01	4.058000e-01
9.980040e-03	-2.274145e-02	-2.274169e-02	-1.285666e-02	9.975277e-01	9.963901e-01	9.948833e-01	4.059258e-01
9.975062e-03	-2.274165e-02	-2.274190e-02	-1.285666e-02	9.975279e-01	9.963899e-01	9.948833e-01	4.060518e-01
9.970090e-03	-2.274186e-02	-2.274210e-02	-1.285667e-02	9.975281e-01	9.963898e-01	9.948833e-01	4.061773e-01
9.965122e-03	-2.274206e-02	-2.274230e-02	-1.285667e-02	9.975282e-01	9.963896e-01	9.948833e-01	4.063027e-01
9.960159e-03	-2.274227e-02	-2.274251e-02	-1.285667e-02	9.975284e-01	9.963895e-01	9.948833e-01	4.064281e-01
9.955202e-03	-2.274247e-02	-2.274271e-02	-1.285667e-02	9.975285e-01	9.963893e-01	9.948834e-01	4.065532e-01
9.950249e-03	-2.274267e-02	-2.274291e-02	-1.285667e-02	9.975287e-01	9.963892e-01	9.948834e-01	4.066784e-01
9.945301e-03	-2.274288e-02	-2.274312e-02	-1.285667e-02	9.975289e-01	9.963890e-01	9.948834e-01	4.068032e-01
9.940358e-03	-2.274308e-02	-2.274332e-02	-1.285668e-02	9.975290e-01	9.963889e-01	9.948834e-01	4.069281e-01
9.935420e-03	-2.274328e-02	-2.274352e-02	-1.285668e-02	9.975292e-01	9.963887e-01	9.948834e-01	4.070527e-01
9.930487e-03	-2.274349e-02	-2.274373e-02	-1.285668e-02	9.975293e-01	9.963886e-01	9.948834e-01	4.071771e-01
9.925558e-03	-2.274369e-02	-2.274393e-02	-1.285668e-02	9.975295e-01	9.963884e-01	9.948834e-01	4.073014e-01
9.920635e-03	-2.274389e-02	-2.274413e-02	-1.285668e-02	9.975297e-01	9.963883e-01	9.948834e-01	4.074258e-01
9.915716e-03	-2.274409e-02	-2.274434e-02	-1.285668e-02	9.975298e-01	9.963881e-01	9.948834e-01	4.075497e-01
9.910803e-03	-2.274430e-02	-2.274454e-02	-1.285669e-02	9.975300e-01	9.963880e-01	9.948835e-01	4.076738e-01
9.905894e-03	-2.274450e-02	-2.274474e-02	-1.285669e-02	9.975302e-01	9.963878e-01	9.948835e-01	4.077975e-01
9.900990e-03	-2.274470e-02	-2.274494e-02	-1.285669e-02	9.975303e-01	9.963877e-01	9.948835e-01	4.079213e-01
9.896091e-03	-2.274490e-02	-2.274515e-02	-1.285669e-02	9.975305e-01	9.963875e-01	9.948835e-01	4.080447e-01
9.891197e-03	-2.274510e-02	-2.274535e-02	-1.285669e-02	9.975306e-01	9.963874e-01	9.948835e-01	4.081681e-01
9.886307e-03	-2.274531e-02	-2.274555e-02	-1.285669e-02	9.975308e-01	9.963872e-01	9.948835e-01	4.082914e-01
9.881423e-03	-2.274551e-02	-2.274575e-02	-1.285670e-02	9.975310e-01	9.963871e-01	9.948835e-01	4.084144e-01
9.876543e-03	-2.274571e-02	-2.274595e-02	-1.285670e-02	9.975311e-01	9.963869e-01	9.948835e-01	4.085374e-01
9.871668e-03	-2.274591e-02	-2.274615e-02	-1.285670e-02	9.975313e-01	9.963868e-01	9.948835e-01	4.086600e-01
9.866798e-03	-2.274611e-02	-2.274635e-02	-1.285670e-02	9.975314e-01	9.963866e-01	9.948836e-01	4.087829e-01
9.861933e-03	-2.274631e-02	-2.274656e-02	-1.285670e-02	9.975316e-01	9.963865e-01	9.948836e-01	4.089051e-01
9.857072e-03	-2.274651e-02	-2.274676e-02	-1.285670e-02	9.975318e-01	9.963863e-01	9.948836e-01	4.090274e-01
9.852217e-03	-2.274672e-02	-2.274696e-02	-1.285671e-02	9.975319e-01	9.963862e-01	9.948836e-01	4.091497e-01
9.847366e-03	-2.274692e-02	-2.274716e-02	-1.285671e-02	9.975321e-01	9.963860e-01	9.948836e-01	4.092714e-01
9.842520e-03	-2.274712e-02	-2.274736e-02	-1.285671e-02	9.975322e-01	9.963859e-01	9.948836e-01	4.093930e-01
9.837678e-03	-2.274732e-02	-2.274756e-02	-1.285671e-02	9.975324e-01	9.963857e-01	9.948836e-01	4.095148e-01
9.832842e-03	-2.274752e-02	-2.274776e-02	-1.285671e-02	9.975325e-01	9.963856e-01	9.948836e-01	4.096361e-01
9.828010e-03	-2.274772e-02	-2.274796e-02	-1.285671e-02	9.975327e-01	9.963855e-01	9.948836e-01	4.097573e-01
9.823183e-03	-2.274792e-02	-2.274816e-02	-1.285672e-02	9.975329e-01	9.963853e-01	9.948837e-01	4.098779e-01
9.818360e-03	-2.274812e-02	-2.274836e-02	-1.285672e-02	9.975330e-01	9.963852e-01	9.948837e-01	4.099989e-01
9.813543e-03	-2.274832e-02	-2.274856e-02	-1.285672e-02	9.975332e-01	9.963850e-01	9.948837e-01	4.101191e-01
9.808730e-03	-2.274852e-02	-2.274876e-02	-1.285672e-02	9.975333e-01	9.963849e-01	9.948837e-01	4.102393e-01
9.803922e-03	-2.274872e-02	-2.274896e-02	-1.285672e-02	9.975335e-01	9.963847e-01	9.948837e-01	4.103590e-01
9.799118e-03	-2.274892e-02	-2.274916e-02	-1.285672e-02	9.975337e-01	9.963846e-01	9.948837e-01	4.104788e-01
9.794319e-03	-2.274911e-02	-2.274936e-02	-1.285673e-02	9.975338e-01	9.963844e-01	9.948837e-01	4.105982e-01
9.789525e-03	-2.274931e-02	-2.274956e-02	-1.285673e-02	9.975340e-01	9.963843e-01	9.948837e-01	4.107173e-01
9.784736e-03	-2.274951e-02	-2.274975e-02	-1.285673e-02	9.975341e-01	9.963841e-01	9.948837e-01	4.108357e-01
9.779951e-03	-2.274971e-02	-2.274995e-02	-1.285673e-02	9.975343e-01	9.963840e-01	9.948838e-01	4.109542e-01
9.775171e-03	-2.274991e-02	-2.275015e-02	-1.285673e-02	9.975344e-01	9.963838e-01	9.948838e-01	4.110722e-01
9.770396e-03	-2.275011e-02	-2.275035e-02	-1.285673e-02	9.975346e-01	9.963837e-01	9.948838e-01	4.111898e-01
9.765625e-03	-2.275031e-02	-2.275055e-02	-1.285674e-02	9.975348e-01	9.963835e-01	9.948838e-01	4.113074e-01
9.760859e-03	-2.275050e-02	-2.275075e-02	-1.285674e-02	9.975349e-01	9.963834e-01	9.948838e-01	4.114241e-01
9.756098e-03	-2.275070e-02	-2.275094e-02	-1.285674e-02	9.975351e-01	9.963832e-01	9.948838e-01	4.115409e-01
9.751341e-03	-2.275090e-02	-2.275114e-02	-1.285674e-02	9.975352e-01	9.963831e-01	9.948838e-01	4.116569e-01
9.746589e-03	-2.275110e-02	-2.275134e-02	-1.285674e-02	9.975354e-01	9.963829e-01	9.948838e-01	4.117727e-01
9.741841e-03	-2.275130e-02	-2.275154e-02	-1.285674e-02	9.975355e-01	9.963828e-01	9.948838e-01	4.118881e-01
9.737098e-03	-2.275149e-02	-2.275174e-02	-1.285675e-02	9.975357e-01	9.963827e-01	9.948838e-01	4.120029e-01
9.732360e-03	-2.275169e-02	-2.275193e-02	-1.285675e-02	9.975359e-01	9.963825e-01	9.948839e-01	4.121176e-01
9.727626e-03	-2.275189e-02	-2.275213e-02	-1.285675e-02	9.975360e-01	9.963824e-01	9.948839e-01	4.122315e-01
9.722897e-03	-2.275208e-02	-2.275233e-02	-1.285675e-02	9.975362e-01	9.963822e-01	9.948839e-01	4.123452e-01
9.718173e-03	-2.275228e-02	-2.275252e-02	-1.285675e-02	9.975363e-01	9.963821e-01	9.948839e-01	4.124583e-01
9.713453e-03	-2.275248e-02	-2.275272e-02	-1.285675e-02	9.975365e-01	9.963819e-01	9.948839e-01	4.125713e-01
9.708738e-03	-2.275268e-02	-2.275292e-02	-1.285676e-02	9.975366e-01	9.963818e-01	9.948839e-01	4.126834e-01
9.704027e-03	-2.275287e-02	-2.275311e-02	-1.285676e-02	9.975368e-01	9.963816e-01	9.948839e-01	4.127948e-01
9.699321e-03	-2.275307e-02	-2.275331e-02	-1.285676e-02	9.975370e-01	9.963815e-01	9.948839e-01	4.129063e-01
9.694619e-03	-2.275326e-02	-2.275351e-02	-1.285676e-02	9.975371e-01	9.963813e-01	9.948839e-01	4.130173e-01
9.689922e-03	-2.275346e-02	-2.275370e-02	-1.285676e-02	9.975373e-01	9.963812e-01	9.948840e-01	4.131275e-01
9.685230e-03	-2.275366e-02	-2.275390e-02	-1.285677e-02	9.975374e-01	9.963811e-01	9.948840e-01	4.132380e-01
9.680542e-03	-2.275385e-02	-2.275409e-02	-1.285677e-02	9.975376e-01	9.963809e-01	9.948840e-01	4.133470e-01
9.675859e-03	-2.275405e-02	-2.275429e-02	-1.285677e-02	9.975377e-01	9.963808e-01	9.948840e-01	4.134563e-01
9.671180e-03	-2.275424e-02	-2.275449e-02	-1.285677e-02	9.975379e-01	9.963806e-01	9.948840e-01	4.135649e-01
9.666506e-03	-2.275444e-02	-2.275468e-02	-1.285677e-02	9.975380e-01	9.963805e-01	9.948840e-01	4.136731e-01
9.661836e-03	-2.275463e-02	-2.275488e-02	-1.285677e-02	9.975382e-01	9.963803e-01	9.948840e-01	4.137807e-01
9.657170e-03	-2.275483e-02	-2.275507e-02	-1.285678e-02	9.975383e-01	9.963802e-01	9.948840e-01	4.138878e-01
9.652510e-03	-2.275502e-02	-2.275527e-02	-1.285678e-02	9.975385e-01	9.963800e-01	9.948840e-01	4.139953e-01
9.647853e-03	-2.275522e-02	-2.275546e-02	-1.285678e-02	9.975387e-01	9.963799e-01	9.948840e-01	4.141016e-01
9.643202e-03	-2.275541e-02	-2.275566e-02	-1.285678e-02	9.975388e-01	9.963798e-01	9.948841e-01	4.142074e-01
9.638554e-03	-2.275561e-02	-2.275585e-02	-1.285678e-02	9.975390e-01	9.963796e-01	9.948841e-01	4.143134e-01
9.633911e-03	-2.275580e-02	-2.275605e-02	-1.285678e-02	9.975391e-01	9.963795e-01	9.948841e-01	4.144186e-01
9.629273e-03	-2.275600e-02	-2.275624e-02	-1.285679e-02	9.975393e-01	9.963793e-01	9.948841e-01	4.145236e-01
9.624639e-03	-2.275619e-02	-2.275643e-02	-1.285679e-02	9.975394e-01	9.963792e-01	9.948841e-01	4.146281e-01
9.620010e-03	-2.275639e-02	-2.275663e-02	-1.285679e-02	9.975396e-01	9.963790e-01	9.948841e-01	4.147329e-01
9.615385e-03	-2.275658e-02	-2.275682e-02	-1.285679e-02	9.975397e-01	9.963789e-01	9.948841e-01	4.148365e-01
9.610764e-03	-2.275677e-02	-2.275702e-02	-1.285679e-02	9.975399e-01	9.963787e-01	9.948841e-01	4.149401e-01
9.606148e-03	-2.275697e-02	-2.275721e-02	-1.285679e-02	9.975400e-01	9.963786e-01	9.948841e-01	4.150436e-01
9.601536e-03	-2.275716e-02	-2.275740e-02	-1.285680e-02	9.975402e-01	9.963785e-01	9.948842e-01	4.151465e-01
9.596929e-03	-2.275735e-02	-2.275760e-02	-1.285680e-02	9.975403e-01	9.963783e-01	9.948842e-01	4.152493e-01
9.592326e-03	-2.275755e-02	-2.275779e-02	-1.285680e-02	9.975405e-01	9.963782e-01	9.948842e-01	4.153518e-01
9.587728e-03	-2.275774e-02	-2.275798e-02	-1.285680e-02	9.975406e-01	9.963780e-01	9.948842e-01	4.154540e-01
9.583134e-03	-2.275793e-02	-2.275818e-02	-1.285680e-02	9.975408e-01	9.963779e-01	9.948842e-01	4.155559e-01
9.578544e-03	-2.275813e-02	-2.275837e-02	-1.285680e-02	9.975410e-01	9.963777e-01	9.948842e-01	4.156575e-01
9.573959e-03	-2.275832e-02	-2.275856e-02	-1.285681e-02	9.975411e-01	9.963776e-01	9.948842e-01	4.157594e-01
9.569378e-03	-2.275851e-02	-2.275875e-02	-1.285681e-02	9.975413e-01	9.963775e-01	9.948842e-01	4.158603e-01
9.564802e-03	-2.275870e-02	-2.275895e-02	-1.285681e-02	9.975414e-01	9.963773e-01	9.948842e-01	4.159614e-01
9.560229e-03	-2.275890e-02	-2.275914e-02	-1.285681e-02	9.975416e-01	9.963772e-01	9.948842e-01	4.160620e-01
9.555662e-03	-2.275909e-02	-2.275933e-02	-1.285681e-02	9.975417e-01	9.963770e-01	9.948843e-01	4.161628e-01
9.551098e-03	-2.275928e-02	-2.275952e-02	-1.285682e-02	9.975419e-01	9.963769e-01	9.948843e-01	4.162632e-01
9.546539e-03	-2.275947e-02	-2.275972e-02	-1.285682e-02	9.975420e-01	9.963767e-01	9.948843e-01	4.163633e-01
9.541985e-03	-2.275966e-02	-2.275991e-02	-1.285682e-02	9.975422e-01	9.963766e-01	9.948843e-01	4.164633e-01
9.537434e-03	-2.275986e-02	-2.276010e-02	-1.285682e-02	9.975423e-01	9.963765e-01	9.948843e-01	4.165627e-01
9.532888e-03	-2.276005e-02	-2.276029e-02	-1.285682e-02	9.975425e-01	9.963763e-01	9.948843e-01	4.166625e-01
9.528347e-03	-2.276024e-02	-2.276048e-02	-1.285682e-02	9.975426e-01	9.963762e-01	9.948843e-01	4.167621e-01
9.523810e-03	-2.276043e-02	-2.276067e-02	-1.285683e-02	9.975428e-01	9.963760e-01	9.948843e-01	4.168610e-01
9.519277e-03	-2.276062e-02	-2.276086e-02	-1.285683e-02	9.975429e-01	9.963759e-01	9.948843e-01	4.169604e-01
9.514748e-03	-2.276081e-02	-2.276106e-02	-1.285683e-02	9.975431e-01	9.963758e-01	9.948843e-01	4.170588e-01
9.510223e-03	-2.276100e-02	-2.276125e-02	-1.285683e-02	9.975432e-01	9.963756e-01	9.948844e-01	4.171577e-01
9.505703e-03	-2.276119e-02	-2.276144e-02	-1.285683e-02	9.975434e-01	9.963755e-01	9.948844e-01	4.172561e-01
9.501188e-03	-2.276138e-02	-2.276163e-02	-1.285683e-02	9.975435e-01	9.963753e-01	9.948844e-01	4.173544e-01
9.496676e-03	-2.276158e-02	-2.276182e-02	-1.285684e-02	9.975437e-01	9.963752e-01	9.948844e-01	4.174523e-01
9.492169e-03	-2.276177e-02	-2.276201e-02	-1.285684e-02	9.975438e-01	9.963750e-01	9.948844e-01	4.175501e-01
9.487666e-03	-2.276196e-02	-2.276220e-02	-1.285684e-02	9.975440e-01	9.963749e-01	9.948844e-01	4.176479e-01
9.483167e-03	-2.276215e-02	-2.276239e-02	-1.285684e-02	9.975441e-01	9.963748e-01	9.948844e-01	4.177454e-01
9.478673e-03	-2.276234e-02	-2.276258e-02	-1.285684e-02	9.975443e-01	9.963746e-01	9.948844e-01	4.178424e-01
9.474183e-03	-2.276253e-02	-2.276277e-02	-1.285685e-02	9.975444e-01	9.963745e-01	9.948844e-01	4.179394e-01
9.469697e-03	-2.276271e-02	-2.276296e-02	-1.285685e-02	9.975446e-01	9.963743e-01	9.948844e-01	4.180361e-01
9.465215e-03	-2.276290e-02	-2.276315e-02	-1.285685e-02	9.975447e-01	9.963742e-01	9.948845e-01	4.181327e-01
9.460738e-03	-2.276309e-02	-2.276334e-02	-1.285685e-02	9.975449e-01	9.963741e-01	9.948845e-01	4.182288e-01
9.456265e-03	-2.276328e-02	-2.276353e-02	-1.285685e-02	9.975450e-01	9.963739e-01	9.948845e-01	4.183251e-01
9.451796e-03	-2.276347e-02	-2.276371e-02	-1.285685e-02	9.975452e-01	9.963738e-01	9.948845e-01	4.184210e-01
9.447331e-03	-2.276366e-02	-2.276390e-02	-1.285686e-02	9.975453e-01	9.963736e-01	9.948845e-01	4.185167e-01
9.442871e-03	-2.276385e-02	-2.276409e-02	-1.285686e-02	9.975455e-01	9.963735e-01	9.948845e-01	4.186116e-01
9.438414e-03	-2.276404e-02	-2.276428e-02	-1.285686e-02	9.975456e-01	9.963734e-01	9.948845e-01	4.187072e-01
9.433962e-03	-2.276423e-02	-2.276447e-02	-1.285686e-02	9.975458e-01	9.963732e-01	9.948845e-01	4.188017e-01
9.429514e-03	-2.276442e-02	-2.276466e-02	-1.285686e-02	9.975459e-01	9.963731e-01	9.948845e-01	4.188966e-01
9.425071e-03	-2.276460e-02	-2.276485e-02	-1.285686e-02	9.975461e-01	9.963729e-01	9.948845e-01	4.189910e-01
9.420631e-03	-2.276479e-02	-2.276503e-02	-1.285687e-02	9.975462e-01	9.963728e-01	9.948846e-01	4.190850e-01
9.416196e-03	-2.276498e-02	-2.276522e-02	-1.285687e-02	9.975464e-01	9.963727e-01	9.948846e-01	4.191791e-01
9.411765e-03	-2.276517e-02	-2.276541e-02	-1.285687e-02	9.975465e-01	9.963725e-01	9.948846e-01	4.192728e-01
9.407338e-03	-2.276536e-02	-2.276560e-02	-1.285687e-02	9.975467e-01	9.963724e-01	9.948846e-01	4.193660e-01
9.402915e-03	-2.276554e-02	-2.276579e-02	-1.285687e-02	9.975468e-01	9.963722e-01	9.948846e-01	4.194595e-01
9.398496e-03	-2.276573e-02	-2.276597e-02	-1.285687e-02	9.975470e-01	9.963721e-01	9.948846e-01	4.195526e-01
9.394082e-03	-2.276592e-02	-2.276616e-02	-1.285688e-02	9.975471e-01	9.963720e-01	9.948846e-01	4.196455e-01
9.389671e-03	-2.276611e-02	-2.276635e-02	-1.285688e-02	9.975473e-01	9.963718e-01	9.948846e-01	4.197382e-01
9.385265e-03	-2.276629e-02	-2.276653e-02	-1.285688e-02	9.975474e-01	9.963717e-01	9.948846e-01	4.198305e-01
9.380863e-03	-2.276648e-02	-2.276672e-02	-1.285688e-02	9.975476e-01	9.963716e-01	9.948847e-01	4.199229e-01
9.376465e-03	-2.276667e-02	-2.276691e-02	-1.285688e-02	9.975477e-01	9.963714e-01	9.948847e-01	4.200149e-01
9.372071e-03	-2.276685e-02	-2.276710e-02	-1.285688e-02	9.975479e-01	9.963713e-01	9.948847e-01	4.201072e-01
9.367681e-03	-2.276704e-02	-2.276728e-02	-1.285688e-02	9.975480e-01	9.963711e-01	9.948847e-01	4.201986e-01
9.363296e-03	-2.276723e-02	-2.276747e-02	-1.285689e-02	9.975482e-01	9.963710e-01	9.948847e-01	4.202899e-01
9.358914e-03	-2.276741e-02	-2.276765e-02	-1.285689e-02	9.975483e-01	9.963709e-01	9.948847e-01	4.203811e-01
9.354537e-03	-2.276760e-02	-2.276784e-02	-1.285689e-02	9.975485e-01	9.963707e-01	9.948847e-01	4.204725e-01
9.350164e-03	-2.276778e-02	-2.276803e-02	-1.285689e-02	9.975486e-01	9.963706e-01	9.948847e-01	4.205635e-01
9.345794e-03	-2.276797e-02	-2.276821e-02	-1.285689e-02	9.975488e-01	9.963705e-01	9.948847e-01	4.206540e-01
9.341429e-03	-2.276816e-02	-2.276840e-02	-1.285689e-02	9.975489e-01	9.963703e-01	9.948847e-01	4.207446e-01
9.337068e-03	-2.276834e-02	-2.276858e-02	-1.285690e-02	9.975490e-01	9.963702e-01	9.948848e-01	4.208351e-01
9.332711e-03	-2.276853e-02	-2.276877e-02	-1.285690e-02	9.975492e-01	9.963700e-01	9.948848e-01	4.209251e-01
9.328358e-03	-2.276871e-02	-2.276895e-02	-1.285690e-02	9.975493e-01	9.963699e-01	9.948848e-01	4.210150e-01
9.324009e-03	-2.276890e-02	-2.276914e-02	-1.285690e-02	9.975495e-01	9.963698e-01	9.948848e-01	4.211048e-01
9.319664e-03	-2.276908e-02	-2.276932e-02	-1.285690e-02	9.975496e-01	9.963696e-01	9.948848e-01	4.211943e-01
9.315324e-03	-2.276927e-02	-2.276951e-02	-1.285690e-02	9.975498e-01	9.963695e-01	9.948848e-01	4.212835e-01
9.310987e-03	-2.276945e-02	-2.276969e-02	-1.285691e-02	9.975499e-01	9.963694e-01	9.948848e-01	4.213726e-01
9.306654e-03	-2.276964e-02	-2.276988e-02	-1.285691e-02	9.975501e-01	9.963692e-01	9.948848e-01	4.214617e-01
9.302326e-03	-2.276982e-02	-2.277006e-02	-1.285691e-02	9.975502e-01	9.963691e-01	9.948848e-01	4.215502e-01
9.298001e-03	-2.277001e-02	-2.277025e-02	-1.285691e-02	9.975504e-01	9.963689e-01	9.948848e-01	4.216391e-01
9.293680e-03	-2.277019e-02	-2.277043e-02	-1.285691e-02	9.975505e-01	9.963688e-01	9.948849e-01	4.217271e-01
9.289364e-03	-2.277037e-02	-2.277062e-02	-1.285691e-02	9.975507e-01	9.963687e-01	9.948849e-01	4.218151e-01
9.285051e-03	-2.277056e-02	-2.277080e-02	-1.285691e-02	9.975508e-01	9.963685e-01	9.948849e-01	4.219030e-01
9.280742e-03	-2.277074e-02	-2.277098e-02	-1.285692e-02	9.975510e-01	9.963684e-01	9.948849e-01	4.219907e-01
9.276438e-03	-2.277092e-02	-2.277117e-02	-1.285692e-02	9.975511e-01	9.963683e-01	9.948849e-01	4.220780e-01
9.272137e-03	-2.277111e-02	-2.277135e-02	-1.285692e-02	9.975512e-01	9.963681e-01	9.948849e-01	4.221655e-01
9.267841e-03	-2.277129e-02	-2.277153e-02	-1.285692e-02	9.975514e-01	9.963680e-01	9.948849e-01	4.222521e-01
9.263548e-03	-2.277148e-02	-2.277172e-02	-1.285692e-02	9.975515e-01	9.963679e-01	9.948849e-01	4.223393e-01
9.259259e-03	-2.277166e-02	-2.277190e-02	-1.285692e-02	9.975517e-01	9.963677e-01	9.948849e-01	4.224258e-01
9.254975e-03	-2.277184e-02	-2.277208e-02	-1.285693e-02	9.975518e-01	9.963676e-01	9.948849e-01	4.225121e-01
9.250694e-03	-2.277202e-02	-2.277227e-02	-1.285693e-02	9.975520e-01	9.963675e-01	9.948850e-01	4.225981e-01
9.246417e-03	-2.277221e-02	-2.277245e-02	-1.285693e-02	9.975521e-01	9.963673e-01	9.948850e-01	4.226838e-01
9.242144e-03	-2.277239e-02	-2.277263e-02	-1.285693e-02	9.975523e-01	9.963672e-01	9.948850e-01	4.227699e-01
9.237875e-03	-2.277257e-02	-2.277281e-02	-1.285693e-02	9.975524e-01	9.963670e-01	9.948850e-01	4.228547e-01
9.233610e-03	-2.277275e-02	-2.277300e-02	-1.285693e-02	9.975526e-01	9.963669e-01	9.948850e-01	4.229404e-01
9.229349e-03	-2.277294e-02	-2.277318e-02	-1.285693e-02	9.975527e-01	9.963668e-01	9.948850e-01	4.230254e-01
9.225092e-03	-2.277312e-02	-2.277336e-02	-1.285694e-02	9.975528e-01	9.963666e-01	9.948850e-01	4.231101e-01
9.220839e-03	-2.277330e-02	-2.277354e-02	-1.285694e-02	9.975530e-01	9.963665e-01	9.948850e-01	4.231943e-01
9.216590e-03	-2.277348e-02	-2.277373e-02	-1.285694e-02	9.975531e-01	9.963664e-01	9.948850e-01	4.232788e-01
9.212345e-03	-2.277366e-02	-2.277391e-02	-1.285694e-02	9.975533e-01	9.963662e-01	9.948851e-01	4.233631e-01
9.208103e-03	-2.277385e-02	-2.277409e-02	-1.285694e-02	9.975534e-01	9.963661e-01	9.948851e-01	4.234467e-01
9.203866e-03	-2.277403e-02	-2.277427e-02	-1.285694e-02	9.975536e-01	9.963660e-01	9.948851e-01	4.235302e-01
9.199632e-03	-2.277421e-02	-2.277445e-02	-1.285694e-02	9.975537e-01	9.963658e-01	9.948851e-01	4.236139e-01
9.195402e-03	-2.277439e-02	-2.277463e-02	-1.285695e-02	9.975539e-01	9.963657e-01	9.948851e-01	4.236969e-01
9.191176e-03	-2.277457e-02	-2.277481e-02	-1.285695e-02	9.975540e-01	9.963656e-01	9.948851e-01	4.237796e-01
9.186955e-03	-2.277475e-02	-2.277499e-02	-1.285695e-02	9.975541e-01	9.963654e-01	9.948851e-01	4.238624e-01
9.182736e-03	-2.277493e-02	-2.277518e-02	-1.285695e-02	9.975543e-01	9.963653e-01	9.948851e-01	4.239448e-01
9.178522e-03	-2.277511e-02	-2.277536e-02	-1.285695e-02	9.975544e-01	9.963652e-01	9.948851e-01	4.240276e-01
9.174312e-03	-2.277529e-02	-2.277554e-02	-1.285695e-02	9.975546e-01	9.963650e-01	9.948851e-01	4.241086e-01
9.170105e-03	-2.277547e-02	-2.277572e-02	-1.285695e-02	9.975547e-01	9.963649e-01	9.948852e-01	4.241909e-01
9.165903e-03	-2.277565e-02	-2.277590e-02	-1.285696e-02	9.975549e-01	9.963648e-01	9.948852e-01	4.242725e-01
9.161704e-03	-2.277583e-02	-2.277608e-02	-1.285696e-02	9.975550e-01	9.963646e-01	9.948852e-01	4.243538e-01
9.157509e-03	-2.277601e-02	-2.277626e-02	-1.285696e-02	9.975551e-01	9.963645e-01	9.948852e-01	4.244344e-01
9.153318e-03	-2.277619e-02	-2.277644e-02	-1.285696e-02	9.975553e-01	9.963644e-01	9.948852e-01	4.245155e-01
9.149131e-03	-2.277637e-02	-2.277662e-02	-1.285696e-02	9.975554e-01	9.963642e-01	9.948852e-01	4.245961e-01
9.144947e-03	-2.277655e-02	-2.277680e-02	-1.285696e-02	9.975556e-01	9.963641e-01	9.948852e-01	4.246760e-01
9.140768e-03	-2.277673e-02	-2.277698e-02	-1.285696e-02	9.975557e-01	9.963640e-01	9.948852e-01	4.247567e-01
9.136592e-03	-2.277691e-02	-2.277716e-02	-1.285697e-02	9.975559e-01	9.963638e-01	9.948852e-01	4.248362e-01
9.132420e-03	-2.277709e-02	-2.277733e-02	-1.285697e-02	9.975560e-01	9.963637e-01	9.948852e-01	4.249160e-01
9.128252e-03	-2.277727e-02	-2.277751e-02	-1.285697e-02	9.975561e-01	9.963636e-01	9.948853e-01	4.249954e-01
9.124088e-03	-2.277745e-02	-2.277769e-02	-1.285697e-02	9.975563e-01	9.963634e-01	9.948853e-01	4.250744e-01
9.119927e-03	-2.277763e-02	-2.277787e-02	-1.285697e-02	9.975564e-01	9.963633e-01	9.948853e-01	4.251538e-01
9.115770e-03	-2.277781e-02	-2.277805e-02	-1.285697e-02	9.975566e-01	9.963632e-01	9.948853e-01	4.252318e-01
9.111617e-03	-2.277799e-02	-2.277823e-02	-1.285697e-02	9.975567e-01	9.963630e-01	9.948853e-01	4.253108e-01
9.107468e-03	-2.277816e-02	-2.277841e-02	-1.285698e-02	9.975569e-01	9.963629e-01	9.948853e-01	4.253887e-01
9.103323e-03	-2.277834e-02	-2.277858e-02	-1.285698e-02	9.975570e-01	9.963628e-01	9.948853e-01	4.254667e-01
9.099181e-03	-2.277852e-02	-2.277876e-02	-1.285698e-02	9.975571e-01	9.963627e-01	9.948853e-01	4.255449e-01
9.095043e-03	-2.277870e-02	-2.277894e-02	-1.285698e-02	9.975573e-01	9.963625e-01	9.948853e-01	4.256220e-01
9.090909e-03	-2.277888e-02	-2.277912e-02	-1.285698e-02	9.975574e-01	9.963624e-01	9.948853e-01	4.256990e-01
9.086779e-03	-2.277905e-02	-2.277930e-02	-1.285698e-02	9.975576e-01	9.963623e-01	9.948854e-01	4.257764e-01
9.082652e-03	-2.277923e-02	-2.277947e-02	-1.285698e-02	9.975577e-01	9.963621e-01	9.948854e-01	4.258533e-01
9.078529e-03	-2.277941e-02	-2.277965e-02	-1.285699e-02	9.975578e-01	9.963620e-01	9.948854e-01	4.259297e-01
9.074410e-03	-2.277959e-02	-2.277983e-02	-1.285699e-02	9.975580e-01	9.963619e-01	9.948854e-01	4.260062e-01
9.070295e-03	-2.277976e-02	-2.278001e-02	-1.285699e-02	9.975581e-01	9.963617e-01	9.948854e-01	4.260822e-01
9.066183e-03	-2.277994e-02	-2.278018e-02	-1.285699e-02	9.975583e-01	9.963616e-01	9.948854e-01	4.261581e-01
9.062075e-03	-2.278012e-02	-2.278036e-02	-1.285699e-02	9.975584e-01	9.963615e-01	9.948854e-01	4.262337e-01
9.057971e-03	-2.278029e-02	-2.278054e-02	-1.285699e-02	9.975586e-01	9.963613e-01	9.948854e-01	4.263089e-01
9.053871e-03	-2.278047e-02	-2.278071e-02	-1.285699e-02	9.975587e-01	9.963612e-01	9.948854e-01	4.263843e-01
9.049774e-03	-2.278065e-02	-2.278089e-02	-1.285699e-02	9.975588e-01	9.963611e-01	9.948855e-01	4.264594e-01
9.045681e-03	-2.278082e-02	-2.278107e-02	-1.285700e-02	9.975590e-01	9.963609e-01	9.948855e-01	4.265337e-01
9.041591e-03	-2.278100e-02	-2.278124e-02	-1.285700e-02	9.975591e-01	9.963608e-01	9.948855e-01	4.266084e-01
9.037506e-03	-2.278118e-02	-2.278142e-02	-1.285700e-02	9.975593e-01	9.963607e-01	9.948855e-01	4.266825e-01
9.033424e-03	-2.278135e-02	-2.278160e-02	-1.285700e-02	9.975594e-01	9.963606e-01	9.948855e-01	4.267564e-01
9.029345e-03	-2.278153e-02	-2.278177e-02	-1.285700e-02	9.975595e-01	9.963604e-01	9.948855e-01	4.268304e-01
9.025271e-03	-2.278170e-02	-2.278195e-02	-1.285700e-02	9.975597e-01	9.963603e-01	9.948855e-01	4.269040e-01
9.021200e-03	-2.278188e-02	-2.278212e-02	-1.285700e-02	9.975598e-01	9.963602e-01	9.948855e-01	4.269773e-01
9.017133e-03	-2.278206e-02	-2.278230e-02	-1.285701e-02	9.975600e-01	9.963600e-01	9.948855e-01	4.270499e-01
9.013069e-03	-2.278223e-02	-2.278247e-02	-1.285701e-02	9.975601e-01	9.963599e-01	9.948855e-01	4.271230e-01
9.009009e-03	-2.278241e-02	-2.278265e-02	-1.285701e-02	9.975602e-01	9.963598e-01	9.948856e-01	4.271956e-01
9.004953e-03	-2.278258e-02	-2.278282e-02	-1.285701e-02	9.975604e-01	9.963596e-01	9.948856e-01	4.272678e-01
9.000900e-03	-2.278276e-02	-2.278300e-02	-1.285701e-02	9.975605e-01	9.963595e-01	9.948856e-01	4.273401e-01
8.996851e-03	-2.278293e-02	-2.278317e-02	-1.285701e-02	9.975606e-01	9.963594e-01	9.948856e-01	4.274118e-01
8.992806e-03	-2.278311e-02	-2.278335e-02	-1.285701e-02	9.975608e-01	9.963593e-01	9.948856e-01	4.274837e-01
8.988764e-03	-2.278328e-02	-2.278352e-02	-1.285701e-02	9.975609e-01	9.963591e-01	9.948856e-01	4.275551e-01
8.984726e-03	-2.278346e-02	-2.278370e-02	-1.285702e-02	9.975611e-01	9.963590e-01	9.948856e-01	4.276263e-01
8.980692e-03	-2.278363e-02	-2.278387e-02	-1.285702e-02	9.975612e-01	9.963589e-01	9.948856e-01	4.276971e-01
8.976661e-03	-2.278380e-02	-2.278405e-02	-1.285702e-02	9.975613e-01	9.963587e-01	9.948856e-01	4.277679e-01
8.972633e-03	-2.278398e-02	-2.278422e-02	-1.285702e-02	9.975615e-01	9.963586e-01	9.948856e-01	4.278382e-01
8.968610e-03	-2.278415e-02	-2.278439e-02	-1.285702e-02	9.975616e-01	9.963585e-01	9.948857e-01	4.279089e-01
8.964590e-03	-2.278433e-02	-2.278457e-02	-1.285702e-02	9.975618e-01	9.963584e-01	9.948857e-01	4.279786e-01
8.960573e-03	-2.278450e-02	-2.278474e-02	-1.285702e-02	9.975619e-01	9.963582e-01	9.948857e-01	4.280483e-01
8.956561e-03	-2.278467e-02	-2.278492e-02	-1.285703e-02	9.975620e-01	9.963581e-01	9.948857e-01	4.281182e-01
8.952551e-03	-2.278485e-02	-2.278509e-02	-1.285703e-02	9.975622e-01	9.963580e-01	9.948857e-01	4.281870e-01
8.948546e-03	-2.278502e-02	-2.278526e-02	-1.285703e-02	9.975623e-01	9.963578e-01	9.948857e-01	4.282566e-01
8.944544e-03	-2.278519e-02	-2.278544e-02	-1.285703e-02	9.975625e-01	9.963577e-01	9.948857e-01	4.283249e-01
8.940545e-03	-2.278537e-02	-2.278561e-02	-1.285703e-02	9.975626e-01	9.963576e-01	9.948857e-01	4.283943e-01
8.936550e-03	-2.278554e-02	-2.278578e-02	-1.285703e-02	9.975627e-01	9.963575e-01	9.948857e-01	4.284621e-01
8.932559e-03	-2.278571e-02	-2.278596e-02	-1.285703e-02	9.975629e-01	9.963573e-01	9.948857e-01	4.285303e-01
8.928571e-03	-2.278589e-02	-2.278613e-02	-1.285703e-02	9.975630e-01	9.963572e-01	9.948858e-01	4.285987e-01
8.924587e-03	-2.278606e-02	-2.278630e-02	-1.285704e-02	9.975631e-01	9.963571e-01	9.948858e-01	4.286659e-01
8.920607e-03	-2.278623e-02	-2.278647e-02	-1.285704e-02	9.975633e-01	9.963569e-01	9.948858e-01	4.287336e-01
8.916630e-03	-2.278640e-02	-2.278665e-02	-1.285704e-02	9.975634e-01	9.963568e-01	9.948858e-01	4.288008e-01
8.912656e-03	-2.278657e-02	-2.278682e-02	-1.285704e-02	9.975636e-01	9.963567e-01	9.948858e-01	4.288678e-01
8.908686e-03	-2.278675e-02	-2.278699e-02	-1.285704e-02	9.975637e-01	9.963566e-01	9.948858e-01	4.289343e-01
8.904720e-03	-2.278692e-02	-2.278716e-02	-1.285704e-02	9.975638e-01	9.963564e-01	9.948858e-01	4.290011e-01
8.900757e-03	-2.278709e-02	-2.278733e-02	-1.285704e-02	9.975640e-01	9.963563e-01	9.948858e-01	4.290676e-01
8.896797e-03	-2.278726e-02	-2.278751e-02	-1.285704e-02	9.975641e-01	9.963562e-01	9.948858e-01	4.291335e-01
8.892841e-03	-2.278743e-02	-2.278768e-02	-1.285705e-02	9.975642e-01	9.963561e-01	9.948858e-01	4.291995e-01
8.888889e-03	-2.278761e-02	-2.278785e-02	-1.285705e-02	9.975644e-01	9.963559e-01	9.948859e-01	4.292652e-01
8.884940e-03	-2.278778e-02	-2.278802e-02	-1.285705e-02	9.975645e-01	9.963558e-01	9.948859e-01	4.293303e-01
8.880995e-03	-2.278795e-02	-2.278819e-02	-1.285705e-02	9.975646e-01	9.963557e-01	9.948859e-01	4.293956e-01
8.877053e-03	-2.278812e-02	-2.278836e-02	-1.285705e-02	9.975648e-01	9.963556e-01	9.948859e-01	4.294605e-01
8.873114e-03	-2.278829e-02	-2.278853e-02	-1.285705e-02	9.975649e-01	9.963554e-01	9.948859e-01	4.295252e-01
8.869180e-03	-2.278846e-02	-2.278870e-02	-1.285705e-02	9.975651e-01	9.963553e-01	9.948859e-01	4.295895e-01
8.865248e-03	-2.278863e-02	-2.278887e-02	-1.285705e-02	9.975652e-01	9.963552e-01	9.948859e-01	4.296540e-01
8.861320e-03	-2.278880e-02	-2.278904e-02	-1.285706e-02	9.975653e-01	9.963550e-01	9.948859e-01	4.297179e-01
8.857396e-03	-2.278897e-02	-2.278922e-02	-1.285706e-02	9.975655e-01	9.963549e-01	9.948859e-01	4.297815e-01
8.853475e-03	-2.278914e-02	-2.278939e-02	-1.285706e-02	9.975656e-01	9.963548e-01	9.948859e-01	4.298454e-01
8.849558e-03	-2.278931e-02	-2.278956e-02	-1.285706e-02	9.975657e-01	9.963547e-01	9.948860e-01	4.299086e-01
8.845644e-03	-2.278948e-02	-2.278973e-02	-1.285706e-02	9.975659e-01	9.963545e-01	9.948860e-01	4.299719e-01
8.841733e-03	-2.278965e-02	-2.278990e-02	-1.285706e-02	9.975660e-01	9.963544e-01	9.948860e-01	4.300343e-01
8.837826e-03	-2.278982e-02	-2.279007e-02	-1.285706e-02	9.975661e-01	9.963543e-01	9.948860e-01	4.300972e-01
8.833922e-03	-2.278999e-02	-2.279024e-02	-1.285707e-02	9.975663e-01	9.963542e-01	9.948860e-01	4.301596e-01
8.830022e-03	-2.279016e-02	-2.279040e-02	-1.285707e-02	9.975664e-01	9.963540e-01	9.948860e-01	4.302214e-01
8.826125e-03	-2.279033e-02	-2.279057e-02	-1.285707e-02	9.975665e-01	9.963539e-01	9.948860e-01	4.302839e-01
8.822232e-03	-2.279050e-02	-2.279074e-02	-1.285707e-02	9.975667e-01	9.963538e-01	9.948860e-01	4.303454e-01
8.818342e-03	-2.279067e-02	-2.279091e-02	-1.285707e-02	9.975668e-01	9.963537e-01	9.948860e-01	4.304068e-01
8.814456e-03	-2.279084e-02	-2.279108e-02	-1.285707e-02	9.975669e-01	9.963535e-01	9.948860e-01	4.304683e-01
8.810573e-03	-2.279101e-02	-2.279125e-02	-1.285707e-02	9.975671e-01	9.963534e-01	9.948860e-01	4.305291e-01
8.806693e-03	-2.279118e-02	-2.279142e-02	-1.285707e-02	9.975672e-01	9.963533e-01	9.948861e-01	4.305903e-01
8.802817e-03	-2.279135e-02	-2.279159e-02	-1.285708e-02	9.975674e-01	9.963532e-01	9.948861e-01	4.306505e-01
8.798944e-03	-2.279151e-02	-2.279176e-02	-1.285708e-02	9.975675e-01	9.963530e-01	9.948861e-01	4.307110e-01
8.795075e-03	-2.279168e-02	-2.279193e-02	-1.285708e-02	9.975676e-01	9.963529e-01	9.948861e-01	4.307708e-01
8.791209e-03	-2.279185e-02	-2.279209e-02	-1.285708e-02	9.975678e-01	9.963528e-01	9.948861e-01	4.308313e-01
8.787346e-03	-2.279202e-02	-2.279226e-02	-1.285708e-02	9.975679e-01	9.963527e-01	9.948861e-01	4.308905e-01
8.783487e-03	-2.279219e-02	-2.279243e-02	-1.285708e-02	9.975680e-01	9.963525e-01	9.948861e-01	4.309504e-01
8.779631e-03	-2.279235e-02	-2.279260e-02	-1.285708e-02	9.975682e-01	9.963524e-01	9.948861e-01	4.310092e-01
8.775779e-03	-2.279252e-02	-2.279277e-02	-1.285708e-02	9.975683e-01	9.963523e-01	9.948861e-01	4.310685e-01
8.771930e-03	-2.279269e-02	-2.279293e-02	-1.285709e-02	9.975684e-01	9.963522e-01	9.948861e-01	4.311272e-01
8.768084e-03	-2.279286e-02	-2.279310e-02	-1.285709e-02	9.975686e-01	9.963520e-01	9.948862e-01	4.311859e-01
8.764242e-03	-2.279303e-02	-2.279327e-02	-1.285709e-02	9.975687e-01	9.963519e-01	9.948862e-01	4.312438e-01
8.760403e-03	-2.279319e-02	-2.279344e-02	-1.285709e-02	9.975688e-01	9.963518e-01	9.948862e-01	4.313022e-01
8.756567e-03	-2.279336e-02	-2.279360e-02	-1.285709e-02	9.975690e-01	9.963517e-01	9.948862e-01	4.313601e-01
8.752735e-03	-2.279353e-02	-2.279377e-02	-1.285709e-02	9.975691e-01	9.963516e-01	9.948862e-01	4.314177e-01
8.748906e-03	-2.279369e-02	-2.279394e-02	-1.285709e-02	9.975692e-01	9.963514e-01	9.948862e-01	4.314749e-01
8.745081e-03	-2.279386e-02	-2.279410e-02	-1.285709e-02	9.975694e-01	9.963513e-01	9.948862e-01	4.315322e-01
8.741259e-03	-2.279403e-02	-2.279427e-02	-1.285710e-02	9.975695e-01	9.963512e-01	9.948862e-01	4.315894e-01
8.737440e-03	-2.279419e-02	-2.279444e-02	-1.285710e-02	9.975696e-01	9.963511e-01	9.948862e-01	4.316459e-01
8.733624e-03	-2.279436e-02	-2.279460e-02	-1.285710e-02	9.975698e-01	9.963509e-01	9.948862e-01	4.317028e-01
8.729812e-03	-2.279453e-02	-2.279477e-02	-1.285710e-02	9.975699e-01	9.963508e-01	9.948863e-01	4.317588e-01
8.726003e-03	-2.279469e-02	-2.279494e-02	-1.285710e-02	9.975700e-01	9.963507e-01	9.948863e-01	4.318151e-01
8.722198e-03	-2.279486e-02	-2.279510e-02	-1.285710e-02	9.975701e-01	9.963506e-01	9.948863e-01	4.318705e-01
8.718396e-03	-2.279502e-02	-2.279527e-02	-1.285710e-02	9.975703e-01	9.963504e-01	9.948863e-01	4.319267e-01
8.714597e-03	-2.279519e-02	-2.279543e-02	-1.285710e-02	9.975704e-01	9.963503e-01	9.948863e-01	4.319818e-01
8.710801e-03	-2.279536e-02	-2.279560e-02	-1.285711e-02	9.975705e-01	9.963502e-01	9.948863e-01	4.320369e-01
8.707009e-03	-2.279552e-02	-2.279576e-02	-1.285711e-02	9.975707e-01	9.963501e-01	9.948863e-01	4.320919e-01
8.703220e-03	-2.279569e-02	-2.279593e-02	-1.285711e-02	9.975708e-01	9.963500e-01	9.948863e-01	4.321466e-01
8.699435e-03	-2.279585e-02	-2.279610e-02	-1.285711e-02	9.975709e-01	9.963498e-01	9.948863e-01	4.322014e-01
8.695652e-03	-2.279602e-02	-2.279626e-02	-1.285711e-02	9.975711e-01	9.963497e-01	9.948863e-01	4.322552e-01
8.691873e-03	-2.279618e-02	-2.279643e-02	-1.285711e-02	9.975712e-01	9.963496e-01	9.948863e-01	4.323092e-01
8.688097e-03	-2.279635e-02	-2.279659e-02	-1.285711e-02	9.975713e-01	9.963495e-01	9.948864e-01	4.323635e-01
8.684325e-03	-2.279651e-02	-2.279676e-02	-1.285711e-02	9.975715e-01	9.963493e-01	9.948864e-01	4.324168e-01
8.680556e-03	-2.279668e-02	-2.279692e-02	-1.285712e-02	9.975716e-01	9.963492e-01	9.948864e-01	4.324704e-01
8.676790e-03	-2.279684e-02	-2.279709e-02	-1.285712e-02	9.975717e-01	9.963491e-01	9.948864e-01	4.325233e-01
8.673027e-03	-2.279701e-02	-2.279725e-02	-1.285712e-02	9.975719e-01	9.963490e-01	9.948864e-01	4.325763e-01
8.669267e-03	-2.279717e-02	-2.279741e-02	-1.285712e-02	9.975720e-01	9.963489e-01	9.948864e-01	4.326289e-01
8.665511e-03	-2.279734e-02	-2.279758e-02	-1.285712e-02	9.975721e-01	9.963487e-01	9.948864e-01	4.326816e-01
8.661758e-03	-2.279750e-02	-2.279774e-02	-1.285712e-02	9.975723e-01	9.963486e-01	9.948864e-01	4.327339e-01
8.658009e-03	-2.279766e-02	-2.279791e-02	-1.285712e-02	9.975724e-01	9.963485e-01	9.948864e-01	4.327855e-01
8.654262e-03	-2.279783e-02	-2.279807e-02	-1.285712e-02	9.975725e-01	9.963484e-01	9.948864e-01	4.328376e-01
8.650519e-03	-2.279799e-02	-2.279823e-02	-1.285712e-02	9.975726e-01	9.963483e-01	9.948865e-01	4.328889e-01
8.646779e-03	-2.279815e-02	-2.279840e-02	-1.285713e-02	9.975728e-01	9.963481e-01	9.948865e-01	4.329402e-01
8.643042e-03	-2.279832e-02	-2.279856e-02	-1.285713e-02	9.975729e-01	9.963480e-01	9.948865e-01	4.329915e-01
8.639309e-03	-2.279848e-02	-2.279872e-02	-1.285713e-02	9.975730e-01	9.963479e-01	9.948865e-01	4.330424e-01
8.635579e-03	-2.279864e-02	-2.279889e-02	-1.285713e-02	9.975732e-01	9.963478e-01	9.948865e-01	4.330930e-01
8.631852e-03	-2.279881e-02	-2.279905e-02	-1.285713e-02	9.975733e-01	9.963476e-01	9.948865e-01	4.331429e-01
8.628128e-03	-2.279897e-02	-2.279921e-02	-1.285713e-02	9.975734e-01	9.963475e-01	9.948865e-01	4.331938e-01
8.624407e-03	-2.279913e-02	-2.279938e-02	-1.285713e-02	9.975736e-01	9.963474e-01	9.948865e-01	4.332435e-01
8.620690e-03	-2.279930e-02	-2.279954e-02	-1.285713e-02	9.975737e-01	9.963473e-01	9.948865e-01	4.332933e-01
8.616975e-03	-2.279946e-02	-2.279970e-02	-1.285714e-02	9.975738e-01	9.963472e-01	9.948865e-01	4.333426e-01
8.613264e-03	-2.279962e-02	-2.279986e-02	-1.285714e-02	9.975739e-01	9.963470e-01	9.948865e-01	4.333921e-01
8.609557e-03	-2.279978e-02	-2.280003e-02	-1.285714e-02	9.975741e-01	9.963469e-01	9.948866e-01	4.334409e-01
8.605852e-03	-2.279995e-02	-2.280019e-02	-1.285714e-02	9.975742e-01	9.963468e-01	9.948866e-01	4.334898e-01
8.602151e-03	-2.280011e-02	-2.280035e-02	-1.285714e-02	9.975743e-01	9.963467e-01	9.948866e-01	4.335382e-01
8.598452e-03	-2.280027e-02	-2.280051e-02	-1.285714e-02	9.975745e-01	9.963466e-01	9.948866e-01	4.335868e-01
8.594757e-03	-2.280043e-02	-2.280068e-02	-1.285714e-02	9.975746e-01	9.963464e-01	9.948866e-01	4.336349e-01
8.591065e-03	-2.280059e-02	-2.280084e-02	-1.285714e-02	9.975747e-01	9.963463e-01	9.948866e-01	4.336826e-01
8.587377e-03	-2.280076e-02	-2.280100e-02	-1.285715e-02	9.975748e-01	9.963462e-01	9.948866e-01	4.337308e-01
8.583691e-03	-2.280092e-02	-2.280116e-02	-1.285715e-02	9.975750e-01	9.963461e-01	9.948866e-01	4.337777e-01
8.580009e-03	-2.280108e-02	-2.280132e-02	-1.285715e-02	9.975751e-01	9.963460e-01	9.948866e-01	4.338253e-01
8.576329e-03	-2.280124e-02	-2.280148e-02	-1.285715e-02	9.975752e-01	9.963458e-01	9.948866e-01	4.338724e-01
8.572653e-03	-2.280140e-02	-2.280164e-02	-1.285715e-02	9.975754e-01	9.963457e-01	9.948867e-01	4.339185e-01
8.568980e-03	-2.280156e-02	-2.280181e-02	-1.285715e-02	9.975755e-01	9.963456e-01	9.948867e-01	4.339657e-01
8.565310e-03	-2.280172e-02	-2.280197e-02	-1.285715e-02	9.975756e-01	9.963455e-01	9.948867e-01	4.340119e-01
8.561644e-03	-2.280188e-02	-2.280213e-02	-1.285715e-02	9.975757e-01	9.963454e-01	9.948867e-01	4.340578e-01
8.557980e-03	-2.280204e-02	-2.280229e-02	-1.285716e-02	9.975759e-01	9.963453e-01	9.948867e-01	4.341039e-01
8.554320e-03	-2.280221e-02	-2.280245e-02	-1.285716e-02	9.975760e-01	9.963451e-01	9.948867e-01	4.341494e-01
8.550663e-03	-2.280237e-02	-2.280261e-02	-1.285716e-02	9.975761e-01	9.963450e-01	9.948867e-01	4.341950e-01
8.547009e-03	-2.280253e-02	-2.280277e-02	-1.285716e-02	9.975763e-01	9.963449e-01	9.948867e-01	4.342403e-01
8.543358e-03	-2.280269e-02	-2.280293e-02	-1.285716e-02	9.975764e-01	9.963448e-01	9.948867e-01	4.342852e-01
8.539710e-03	-2.280285e-02	-2.280309e-02	-1.285716e-02	9.975765e-01	9.963447e-01	9.948867e-01	4.343303e-01
8.536065e-03	-2.280301e-02	-2.280325e-02	-1.285716e-02	9.975766e-01	9.963445e-01	9.948867e-01	4.343744e-01
8.532423e-03	-2.280317e-02	-2.280341e-02	-1.285716e-02	9.975768e-01	9.963444e-01	9.948868e-01	4.344189e-01
8.528785e-03	-2.280333e-02	-2.280357e-02	-1.285716e-02	9.975769e-01	9.963443e-01	9.948868e-01	4.344632e-01
8.525149e-03	-2.280349e-02	-2.280373e-02	-1.285717e-02	9.975770e-01	9.963442e-01	9.948868e-01	4.345067e-01
8.521517e-03	-2.280365e-02	-2.280389e-02	-1.285717e-02	9.975771e-01	9.963441e-01	9.948868e-01	4.345509e-01
8.517888e-03	-2.280380e-02	-2.280405e-02	-1.285717e-02	9.975773e-01	9.963440e-01	9.948868e-01	4.345940e-01
8.514261e-03	-2.280396e-02	-2.280421e-02	-1.285717e-02	9.975774e-01	9.963438e-01	9.948868e-01	4.346376e-01
8.510638e-03	-2.280412e-02	-2.280437e-02	-1.285717e-02	9.975775e-01	9.963437e-01	9.948868e-01	4.346806e-01
8.507018e-03	-2.280428e-02	-2.280453e-02	-1.285717e-02	9.975777e-01	9.963436e-01	9.948868e-01	4.347232e-01
8.503401e-03	-2.280444e-02	-2.280468e-02	-1.285717e-02	9.975778e-01	9.963435e-01	9.948868e-01	4.347663e-01
8.499788e-03	-2.280460e-02	-2.280484e-02	-1.285717e-02	9.975779e-01	9.963434e-01	9.948868e-01	4.348086e-01
8.496177e-03	-2.280476e-02	-2.280500e-02	-1.285718e-02	9.975780e-01	9.963432e-01	9.948868e-01	4.348506e-01
8.492569e-03	-2.280492e-02	-2.280516e-02	-1.285718e-02	9.975782e-01	9.963431e-01	9.948869e-01	4.348931e-01
8.488964e-03	-2.280508e-02	-2.280532e-02	-1.285718e-02	9.975783e-01	9.963430e-01	9.948869e-01	4.349344e-01
8.485363e-03	-2.280523e-02	-2.280548e-02	-1.285718e-02	9.975784e-01	9.963429e-01	9.948869e-01	4.349763e-01
8.481764e-03	-2.280539e-02	-2.280563e-02	-1.285718e-02	9.975785e-01	9.963428e-01	9.948869e-01	4.350179e-01
8.478169e-03	-2.280555e-02	-2.280579e-02	-1.285718e-02	9.975787e-01	9.963427e-01	9.948869e-01	4.350586e-01
8.474576e-03	-2.280571e-02	-2.280595e-02	-1.285718e-02	9.975788e-01	9.963425e-01	9.948869e-01	4.351000e-01
8.470987e-03	-2.280587e-02	-2.280611e-02	-1.285718e-02	9.975789e-01	9.963424e-01	9.948869e-01	4.351405e-01
8.467401e-03	-2.280602e-02	-2.280627e-02	-1.285718e-02	9.975790e-01	9.963423e-01	9.948869e-01	4.351813e-01
8.463817e-03	-2.280618e-02	-2.280642e-02	-1.285719e-02	9.975792e-01	9.963422e-01	9.948869e-01	4.352217e-01
8.460237e-03	-2.280634e-02	-2.280658e-02	-1.285719e-02	9.975793e-01	9.963421e-01	9.948869e-01	4.352615e-01
8.456660e-03	-2.280650e-02	-2.280674e-02	-1.285719e-02	9.975794e-01	9.963420e-01	9.948869e-01	4.353018e-01
8.453085e-03	-2.280665e-02	-2.280690e-02	-1.285719e-02	9.975795e-01	9.963418e-01	9.948870e-01	4.353413e-01
8.449514e-03	-2.280681e-02	-2.280705e-02	-1.285719e-02	9.975797e-01	9.963417e-01	9.948870e-01	4.353805e-01
8.445946e-03	-2.280697e-02	-2.280721e-02	-1.285719e-02	9.975798e-01	9.963416e-01	9.948870e-01	4.354202e-01
8.442381e-03	-2.280712e-02	-2.280737e-02	-1.285719e-02	9.975799e-01	9.963415e-01	9.948870e-01	4.354591e-01
8.438819e-03	-2.280728e-02	-2.280752e-02	-1.285719e-02	9.975800e-01	9.963414e-01	9.948870e-01	4.354977e-01
8.435259e-03	-2.280744e-02	-2.280768e-02	-1.285720e-02	9.975802e-01	9.963413e-01	9.948870e-01	4.355365e-01
8.431703e-03	-2.280759e-02	-2.280784e-02	-1.285720e-02	9.975803e-01	9.963412e-01	9.948870e-01	4.355747e-01
8.428150e-03	-2.280775e-02	-2.280799e-02	-1.285720e-02	9.975804e-01	9.963410e-01	9.948870e-01	4.356126e-01
8.424600e-03	-2.280791e-02	-2.280815e-02	-1.285720e-02	9.975805e-01	9.963409e-01	9.948870e-01	4.356506e-01
8.421053e-03	-2.280806e-02	-2.280831e-02	-1.285720e-02	9.975807e-01	9.963408e-01	9.948870e-01	4.356883e-01
8.417508e-03	-2.280822e-02	-2.280846e-02	-1.285720e-02	9.975808e-01	9.963407e-01	9.948870e-01	4.357253e-01
8.413967e-03	-2.280837e-02	-2.280862e-02	-1.285720e-02	9.975809e-01	9.963406e-01	9.948871e-01	4.357626e-01
8.410429e-03	-2.280853e-02	-2.280877e-02	-1.285720e-02	9.975810e-01	9.963405e-01	9.948871e-01	4.357997e-01
8.406894e-03	-2.280869e-02	-2.280893e-02	-1.285720e-02	9.975812e-01	9.963403e-01	9.948871e-01	4.358365e-01
8.403361e-03	-2.280884e-02	-2.280908e-02	-1.285721e-02	9.975813e-01	9.963402e-01	9.948871e-01	4.358720e-01
8.399832e-03	-2.280900e-02	-2.280924e-02	-1.285721e-02	9.975814e-01	9.963401e-01	9.948871e-01	4.359087e-01
8.396306e-03	-2.280915e-02	-2.280940e-02	-1.285721e-02	9.975815e-01	9.963400e-01	9.948871e-01	4.359441e-01
8.392782e-03	-2.280931e-02	-2.280955e-02	-1.285721e-02	9.975817e-01	9.963399e-01	9.948871e-01	4.359804e-01
8.389262e-03	-2.280946e-02	-2.280971e-02	-1.285721e-02	9.975818e-01	9.963398e-01	9.948871e-01	4.360154e-01
8.385744e-03	-2.280962e-02	-2.280986e-02	-1.285721e-02	9.975819e-01	9.963397e-01	9.948871e-01	4.360509e-01
8.382230e-03	-2.280977e-02	-2.281002e-02	-1.285721e-02	9.975820e-01	9.963395e-01	9.948871e-01	4.360851e-01
8.378718e-03	-2.280993e-02	-2.281017e-02	-1.285721e-02	9.975822e-01	9.963394e-01	9.948871e-01	4.361203e-01
8.375209e-03	-2.281008e-02	-2.281033e-02	-1.285722e-02	9.975823e-01	9.963393e-01	9.948872e-01	4.361547e-01
8.371704e-03	-2.281024e-02	-2.281048e-02	-1.285722e-02	9.975824e-01	9.963392e-01	9.948872e-01	4.361888e-01
8.368201e-03	-2.281039e-02	-2.281063e-02	-1.285722e-02	9.975825e-01	9.963391e-01	9.948872e-01	4.362229e-01
8.364701e-03	-2.281055e-02	-2.281079e-02	-1.285722e-02	9.975826e-01	9.963390e-01	9.948872e-01	4.362566e-01
8.361204e-03	-2.281070e-02	-2.281094e-02	-1.285722e-02	9.975828e-01	9.963389e-01	9.948872e-01	4.362902e-01
8.357710e-03	-2.281085e-02	-2.281110e-02	-1.285722e-02	9.975829e-01	9.963387e-01	9.948872e-01	4.363232e-01
8.354219e-03	-2.281101e-02	-2.281125e-02	-1.285722e-02	9.975830e-01	9.963386e-01	9.948872e-01	4.363564e-01
8.350731e-03	-2.281116e-02	-2.281140e-02	-1.285722e-02	9.975831e-01	9.963385e-01	9.948872e-01	4.363898e-01
8.347245e-03	-2.281131e-02	-2.281156e-02	-1.285722e-02	9.975833e-01	9.963384e-01	9.948872e-01	4.364220e-01
8.343763e-03	-2.281147e-02	-2.281171e-02	-1.285723e-02	9.975834e-01	9.963383e-01	9.948872e-01	4.364543e-01
8.340284e-03	-2.281162e-02	-2.281187e-02	-1.285723e-02	9.975835e-01	9.963382e-01	9.948872e-01	4.364867e-01
8.336807e-03	-2.281178e-02	-2.281202e-02	-1.285723e-02	9.975836e-01	9.963381e-01	9.948873e-01	4.365191e-01
8.333333e-03	-2.281193e-02	-2.281217e-02	-1.285723e-02	9.975837e-01	9.963379e-01	9.948873e-01	4.365501e-01
8.329863e-03	-2.281208e-02	-2.281232e-02	-1.285723e-02	9.975839e-01	9.963378e-01	9.948873e-01	4.365820e-01
8.326395e-03	-2.281223e-02	-2.281248e-02	-1.285723e-02	9.975840e-01	9.963377e-01	9.948873e-01	4.366134e-01
8.322930e-03	-2.281239e-02	-2.281263e-02	-1.285723e-02	9.975841e-01	9.963376e-01	9.948873e-01	4.366447e-01
8.319468e-03	-2.281254e-02	-2.281278e-02	-1.285723e-02	9.975842e-01	9.963375e-01	9.948873e-01	4.366754e-01
8.316008e-03	-2.281269e-02	-2.281294e-02	-1.285723e-02	9.975844e-01	9.963374e-01	9.948873e-01	4.367063e-01
8.312552e-03	-2.281285e-02	-2.281309e-02	-1.285724e-02	9.975845e-01	9.963373e-01	9.948873e-01	4.367365e-01
8.309098e-03	-2.281300e-02	-2.281324e-02	-1.285724e-02	9.975846e-01	9.963372e-01	9.948873e-01	4.367669e-01
8.305648e-03	-2.281315e-02	-2.281339e-02	-1.285724e-02	9.975847e-01	9.963370e-01	9.948873e-01	4.367971e-01
8.302200e-03	-2.281330e-02	-2.281355e-02	-1.285724e-02	9.975848e-01	9.963369e-01	9.948873e-01	4.368263e-01
8.298755e-03	-2.281345e-02	-2.281370e-02	-1.285724e-02	9.975850e-01	9.963368e-01	9.948873e-01	4.368570e-01
8.295313e-03	-2.281361e-02	-2.281385e-02	-1.285724e-02	9.975851e-01	9.963367e-01	9.948874e-01	4.368854e-01
8.291874e-03	-2.281376e-02	-2.281400e-02	-1.285724e-02	9.975852e-01	9.963366e-01	9.948874e-01	4.369150e-01
8.288438e-03	-2.281391e-02	-2.281415e-02	-1.285724e-02	9.975853e-01	9.963365e-01	9.948874e-01	4.369439e-01
8.285004e-03	-2.281406e-02	-2.281430e-02	-1.285724e-02	9.975854e-01	9.963364e-01	9.948874e-01	4.369728e-01
8.281573e-03	-2.281421e-02	-2.281446e-02	-1.285725e-02	9.975856e-01	9.963363e-01	9.948874e-01	4.370011e-01
8.278146e-03	-2.281436e-02	-2.281461e-02	-1.285725e-02	9.975857e-01	9.963361e-01	9.948874e-01	4.370294e-01
8.274721e-03	-2.281452e-02	-2.281476e-02	-1.285725e-02	9.975858e-01	9.963360e-01	9.948874e-01	4.370575e-01
8.271299e-03	-2.281467e-02	-2.281491e-02	-1.285725e-02	9.975859e-01	9.963359e-01	9.948874e-01	4.370855e-01
8.267879e-03	-2.281482e-02	-2.281506e-02	-1.285725e-02	9.975860e-01	9.963358e-01	9.948874e-01	4.371128e-01
8.264463e-03	-2.281497e-02	-2.281521e-02	-1.285725e-02	9.975862e-01	9.963357e-01	9.948874e-01	4.371406e-01
8.261049e-03	-2.281512e-02	-2.281536e-02	-1.285725e-02	9.975863e-01	9.963356e-01	9.948874e-01	4.371675e-01
8.257638e-03	-2.281527e-02	-2.281551e-02	-1.285725e-02	9.975864e-01	9.963355e-01	9.948875e-01	4.371944e-01
8.254230e-03	-2.281542e-02	-2.281566e-02	-1.285725e-02	9.975865e-01	9.963354e-01	9.948875e-01	4.372215e-01
8.250825e-03	-2.281557e-02	-2.281581e-02	-1.285726e-02	9.975866e-01	9.963353e-01	9.948875e-01	4.372480e-01
8.247423e-03	-2.281572e-02	-2.281596e-02	-1.285726e-02	9.975868e-01	9.963351e-01	9.948875e-01	4.372742e-01
8.244023e-03	-2.281587e-02	-2.281611e-02	-1.285726e-02	9.975869e-01	9.963350e-01	9.948875e-01	4.373000e-01
8.240626e-03	-2.281602e-02	-2.281627e-02	-1.285726e-02	9.975870e-01	9.963349e-01	9.948875e-01	4.373265e-01
8.237232e-03	-2.281617e-02	-2.281642e-02	-1.285726e-02	9.975871e-01	9.963348e-01	9.948875e-01	4.373517e-01
8.233841e-03	-2.281632e-02	-2.281656e-02	-1.285726e-02	9.975872e-01	9.963347e-01	9.948875e-01	4.373779e-01
8.230453e-03	-2.281647e-02	-2.281671e-02	-1.285726e-02	9.975874e-01	9.963346e-01	9.948875e-01	4.374023e-01
8.227067e-03	-2.281662e-02	-2.281686e-02	-1.285726e-02	9.975875e-01	9.963345e-01	9.948875e-01	4.374281e-01
8.223684e-03	-2.281677e-02	-2.281701e-02	-1.285726e-02	9.975876e-01	9.963344e-01	9.948875e-01	4.374527e-01
8.220304e-03	-2.281692e-02	-2.281716e-02	-1.285727e-02	9.975877e-01	9.963343e-01	9.948875e-01	4.374774e-01
8.216927e-03	-2.281707e-02	-2.281731e-02	-1.285727e-02	9.975878e-01	9.963341e-01	9.948876e-01	4.375016e-01
8.213552e-03	-2.281722e-02	-2.281746e-02	-1.285727e-02	9.975880e-01	9.963340e-01	9.948876e-01	4.375260e-01
8.210181e-03	-2.281737e-02	-2.281761e-02	-1.285727e-02	9.975881e-01	9.963339e-01	9.948876e-01	4.375500e-01
8.206812e-03	-2.281752e-02	-2.281776e-02	-1.285727e-02	9.975882e-01	9.963338e-01	9.948876e-01	4.375737e-01
8.203445e-03	-2.281767e-02	-2.281791e-02	-1.285727e-02	9.975883e-01	9.963337e-01	9.948876e-01	4.375977e-01
8.200082e-03	-2.281781e-02	-2.281806e-02	-1.285727e-02	9.975884e-01	9.963336e-01	9.948876e-01	4.376209e-01
8.196721e-03	-2.281796e-02	-2.281821e-02	-1.285727e-02	9.975886e-01	9.963335e-01	9.948876e-01	4.376442e-01
8.193363e-03	-2.281811e-02	-2.281835e-02	-1.285727e-02	9.975887e-01	9.963334e-01	9.948876e-01	4.376673e-01
8.190008e-03	-2.281826e-02	-2.281850e-02	-1.285728e-02	9.975888e-01	9.963333e-01	9.948876e-01	4.376898e-01
8.186656e-03	-2.281841e-02	-2.281865e-02	-1.285728e-02	9.975889e-01	9.963332e-01	9.948876e-01	4.377124e-01
8.183306e-03	-2.281856e-02	-2.281880e-02	-1.285728e-02	9.975890e-01	9.963330e-01	9.948876e-01	4.377352e-01
8.179959e-03	-2.281870e-02	-2.281895e-02	-1.285728e-02	9.975891e-01	9.963329e-01	9.948877e-01	4.377568e-01
8.176615e-03	-2.281885e-02	-2.281910e-02	-1.285728e-02	9.975893e-01	9.963328e-01	9.948877e-01	4.377793e-01
8.173273e-03	-2.281900e-02	-2.281924e-02	-1.285728e-02	9.975894e-01	9.963327e-01	9.948877e-01	4.378007e-01
8.169935e-03	-2.281915e-02	-2.281939e-02	-1.285728e-02	9.975895e-01	9.963326e-01	9.948877e-01	4.378227e-01
8.166599e-03	-2.281930e-02	-2.281954e-02	-1.285728e-02	9.975896e-01	9.963325e-01	9.948877e-01	4.378437e-01
8.163265e-03	-2.281944e-02	-2.281969e-02	-1.285728e-02	9.975897e-01	9.963324e-01	9.948877e-01	4.378651e-01
8.159935e-03	-2.281959e-02	-2.281983e-02	-1.285729e-02	9.975899e-01	9.963323e-01	9.948877e-01	4.378856e-01
8.156607e-03	-2.281974e-02	-2.281998e-02	-1.285729e-02	9.975900e-01	9.963322e-01	9.948877e-01	4.379070e-01
8.153282e-03	-2.281988e-02	-2.282013e-02	-1.285729e-02	9.975901e-01	9.963321e-01	9.948877e-01	4.379271e-01
8.149959e-03	-2.282003e-02	-2.282027e-02	-1.285729e-02	9.975902e-01	9.963320e-01	9.948877e-01	4.379480e-01
8.146640e-03	-2.282018e-02	-2.282042e-02	-1.285729e-02	9.975903e-01	9.963318e-01	9.948877e-01	4.379677e-01
8.143322e-03	-2.282033e-02	-2.282057e-02	-1.285729e-02	9.975904e-01	9.963317e-01	9.948877e-01	4.379879e-01
8.140008e-03	-2.282047e-02	-2.282072e-02	-1.285729e-02	9.975906e-01	9.963316e-01	9.948878e-01	4.380075e-01
8.136697e-03	-2.282062e-02	-2.282086e-02	-1.285729e-02	9.975907e-01	9.963315e-01	9.948878e-01	4.380272e-01
8.133388e-03	-2.282077e-02	-2.282101e-02	-1.285729e-02	9.975908e-01	9.963314e-01	9.948878e-01	4.380459e-01
8.130081e-03	-2.282091e-02	-2.282115e-02	-1.285730e-02	9.975909e-01	9.963313e-01	9.948878e-01	4.380655e-01
8.126778e-03	-2.282106e-02	-2.282130e-02	-1.285730e-02	9.975910e-01	9.963312e-01	9.948878e-01	4.380845e-01
8.123477e-03	-2.282120e-02	-2.282145e-02	-1.285730e-02	9.975911e-01	9.963311e-01	9.948878e-01	4.381034e-01
8.120179e-03	-2.282135e-02	-2.282159e-02	-1.285730e-02	9.975913e-01	9.963310e-01	9.948878e-01	4.381215e-01
8.116883e-03	-2.282150e-02	-2.282174e-02	-1.285730e-02	9.975914e-01	9.963309e-01	9.948878e-01	4.381399e-01
8.113590e-03	-2.282164e-02	-2.282188e-02	-1.285730e-02	9.975915e-01	9.963308e-01	9.948878e-01	4.381580e-01
8.110300e-03	-2.282179e-02	-2.282203e-02	-1.285730e-02	9.975916e-01	9.963307e-01	9.948878e-01	4.381762e-01
8.107013e-03	-2.282193e-02	-2.282218e-02	-1.285730e-02	9.975917e-01	9.963305e-01	9.948878e-01	4.381933e-01
8.103728e-03	-2.282208e-02	-2.282232e-02	-1.285730e-02	9.975918e-01	9.963304e-01	9.948878e-01	4.382111e-01
8.100446e-03	-2.282222e-02	-2.282247e-02	-1.285731e-02	9.975919e-01	9.963303e-01	9.948879e-01	4.382288e-01
8.097166e-03	-2.282237e-02	-2.282261e-02	-1.285731e-02	9.975921e-01	9.963302e-01	9.948879e-01	4.382452e-01
8.093889e-03	-2.282251e-02	-2.282276e-02	-1.285731e-02	9.975922e-01	9.963301e-01	9.948879e-01	4.382629e-01
8.090615e-03	-2.282266e-02	-2.282290e-02	-1.285731e-02	9.975923e-01	9.963300e-01	9.948879e-01	4.382787e-01
8.087343e-03	-2.282280e-02	-2.282305e-02	-1.285731e-02	9.975924e-01	9.963299e-01	9.948879e-01	4.382957e-01
8.084074e-03	-2.282295e-02	-2.282319e-02	-1.285731e-02	9.975925e-01	9.963298e-01	9.948879e-01	4.383119e-01
8.080808e-03	-2.282309e-02	-2.282334e-02	-1.285731e-02	9.975926e-01	9.963297e-01	9.948879e-01	4.383281e-01
8.077544e-03	-2.282324e-02	-2.282348e-02	-1.285731e-02	9.975928e-01	9.963296e-01	9.948879e-01	4.383437e-01
8.074283e-03	-2.282338e-02	-2.282363e-02	-1.285731e-02	9.975929e-01	9.963295e-01	9.948879e-01	4.383593e-01
8.071025e-03	-2.282353e-02	-2.282377e-02	-1.285732e-02	9.975930e-01	9.963294e-01	9.948879e-01	4.383750e-01
8.067769e-03	-2.282367e-02	-2.282391e-02	-1.285732e-02	9.975931e-01	9.963293e-01	9.948879e-01	4.383900e-01
8.064516e-03	-2.282382e-02	-2.282406e-02	-1.285732e-02	9.975932e-01	9.963292e-01	9.948879e-01	4.384056e-01
8.061266e-03	-2.282396e-02	-2.282420e-02	-1.285732e-02	9.975933e-01	9.963290e-01	9.948880e-01	4.384199e-01
8.058018e-03	-2.282410e-02	-2.282435e-02	-1.285732e-02	9.975934e-01	9.963289e-01	9.948880e-01	4.384345e-01
8.054772e-03	-2.282425e-02	-2.282449e-02	-1.285732e-02	9.975936e-01	9.963288e-01	9.948880e-01	4.384493e-01
8.051530e-03	-2.282439e-02	-2.282463e-02	-1.285732e-02	9.975937e-01	9.963287e-01	9.948880e-01	4.384631e-01
8.048290e-03	-2.282453e-02	-2.282478e-02	-1.285732e-02	9.975938e-01	9.963286e-01	9.948880e-01	4.384775e-01
8.045052e-03	-2.282468e-02	-2.282492e-02	-1.285732e-02	9.975939e-01	9.963285e-01	9.948880e-01	4.384913e-01
8.041817e-03	-2.282482e-02	-2.282506e-02	-1.285732e-02	9.975940e-01	9.963284e-01	9.948880e-01	4.385049e-01
8.038585e-03	-2.282496e-02	-2.282521e-02	-1.285733e-02	9.975941e-01	9.963283e-01	9.948880e-01	4.385186e-01
8.035356e-03	-2.282511e-02	-2.282535e-02	-1.285733e-02	9.975942e-01	9.963282e-01	9.948880e-01	4.385316e-01
8.032129e-03	-2.282525e-02	-2.282549e-02	-1.285733e-02	9.975944e-01	9.963281e-01	9.948880e-01	4.385447e-01
8.028904e-03	-2.282539e-02	-2.282564e-02	-1.285733e-02	9.975945e-01	9.963280e-01	9.948880e-01	4.385576e-01
8.025682e-03	-2.282554e-02	-2.282578e-02	-1.285733e-02	9.975946e-01	9.963279e-01	9.948880e-01	4.385698e-01
8.022463e-03	-2.282568e-02	-2.282592e-02	-1.285733e-02	9.975947e-01	9.963278e-01	9.948881e-01	4.385825e-01
8.019246e-03	-2.282582e-02	-2.282606e-02	-1.285733e-02	9.975948e-01	9.963277e-01	9.948881e-01	4.385948e-01
8.016032e-03	-2.282596e-02	-2.282621e-02	-1.285733e-02	9.975949e-01	9.963276e-01	9.948881e-01	4.386067e-01
8.012821e-03	-2.282611e-02	-2.282635e-02	-1.285733e-02	9.975950e-01	9.963275e-01	9.948881e-01	4.386188e-01
8.009612e-03	-2.282625e-02	-2.282649e-02	-1.285734e-02	9.975952e-01	9.963274e-01	9.948881e-01	4.386305e-01
8.006405e-03	-2.282639e-02	-2.282663e-02	-1.285734e-02	9.975953e-01	9.963273e-01	9.948881e-01	4.386415e-01
8.003201e-03	-2.282653e-02	-2.282678e-02	-1.285734e-02	9.975954e-01	9.963271e-01	9.948881e-01	4.386529e-01
8.000000e-03	-2.282667e-02	-2.282692e-02	-1.285734e-02	9.975955e-01	9.963270e-01	9.948881e-01	4.386641e-01
7.996801e-03	-2.282682e-02	-2.282706e-02	-1.285734e-02	9.975956e-01	9.963269e-01	9.948881e-01	4.386746e-01
7.993605e-03	-2.282696e-02	-2.282720e-02	-1.285734e-02	9.975957e-01	9.963268e-01	9.948881e-01	4.386857e-01
7.990412e-03	-2.282710e-02	-2.282734e-02	-1.285734e-02	9.975958e-01	9.963267e-01	9.948881e-01	4.386954e-01
7.987220e-03	-2.282724e-02	-2.282748e-02	-1.285734e-02	9.975959e-01	9.963266e-01	9.948881e-01	4.387061e-01
7.984032e-03	-2.282738e-02	-2.282763e-02	-1.285734e-02	9.975961e-01	9.963265e-01	9.948882e-01	4.387162e-01
7.980846e-03	-2.282752e-02	-2.282777e-02	-1.285735e-02	9.975962e-01	9.963264e-01	9.948882e-01	4.387254e-01
7.977663e-03	-2.282766e-02	-2.282791e-02	-1.285735e-02	9.975963e-01	9.963263e-01	9.948882e-01	4.387356e-01
7.974482e-03	-2.282781e-02	-2.282805e-02	-1.285735e-02	9.975964e-01	9.963262e-01	9.948882e-01	4.387454e-01
7.971303e-03	-2.282795e-02	-2.282819e-02	-1.285735e-02	9.975965e-01	9.963261e-01	9.948882e-01	4.387539e-01
7.968127e-03	-2.282809e-02	-2.282833e-02	-1.285735e-02	9.975966e-01	9.963260e-01	9.948882e-01	4.387634e-01
7.964954e-03	-2.282823e-02	-2.282847e-02	-1.285735e-02	9.975967e-01	9.963259e-01	9.948882e-01	4.387719e-01
7.961783e-03	-2.282837e-02	-2.282861e-02	-1.285735e-02	9.975968e-01	9.963258e-01	9.948882e-01	4.387805e-01
7.958615e-03	-2.282851e-02	-2.282875e-02	-1.285735e-02	9.975970e-01	9.963257e-01	9.948882e-01	4.387890e-01
7.955449e-03	-2.282865e-02	-2.282889e-02	-1.285735e-02	9.975971e-01	9.963256e-01	9.948882e-01	4.387973e-01
7.952286e-03	-2.282879e-02	-2.282903e-02	-1.285735e-02	9.975972e-01	9.963255e-01	9.948882e-01	4.388055e-01
7.949126e-03	-2.282893e-02	-2.282917e-02	-1.285736e-02	9.975973e-01	9.963254e-01	9.948882e-01	4.388132e-01
7.945967e-03	-2.282907e-02	-2.282931e-02	-1.285736e-02	9.975974e-01	9.963253e-01	9.948883e-01	4.388205e-01
7.942812e-03	-2.282921e-02	-2.282945e-02	-1.285736e-02	9.975975e-01	9.963252e-01	9.948883e-01	4.388282e-01
7.939659e-03	-2.282935e-02	-2.282959e-02	-1.285736e-02	9.975976e-01	9.963251e-01	9.948883e-01	4.388354e-01
7.936508e-03	-2.282949e-02	-2.282973e-02	-1.285736e-02	9.975977e-01	9.963250e-01	9.948883e-01	4.388426e-01
7.933360e-03	-2.282963e-02	-2.282987e-02	-1.285736e-02	9.975978e-01	9.963249e-01	9.948883e-01	4.388489e-01
7.930214e-03	-2.282977e-02	-2.283001e-02	-1.285736e-02	9.975980e-01	9.963248e-01	9.948883e-01	4.388561e-01
7.927071e-03	-2.282991e-02	-2.283015e-02	-1.285736e-02	9.975981e-01	9.963247e-01	9.948883e-01	4.388620e-01
7.923930e-03	-2.283005e-02	-2.283029e-02	-1.285736e-02	9.975982e-01	9.963245e-01	9.948883e-01	4.388687e-01
7.920792e-03	-2.283019e-02	-2.283043e-02	-1.285736e-02	9.975983e-01	9.963244e-01	9.948883e-01	4.388745e-01
7.917656e-03	-2.283033e-02	-2.283057e-02	-1.285737e-02	9.975984e-01	9.963243e-01	9.948883e-01	4.388804e-01
7.914523e-03	-2.283046e-02	-2.283071e-02	-1.285737e-02	9.975985e-01	9.963242e-01	9.948883e-01	4.388859e-01
7.911392e-03	-2.283060e-02	-2.283085e-02	-1.285737e-02	9.975986e-01	9.963241e-01	9.948883e-01	4.388917e-01
7.908264e-03	-2.283074e-02	-2.283099e-02	-1.285737e-02	9.975987e-01	9.963240e-01	9.948883e-01	4.388968e-01
7.905138e-03	-2.283088e-02	-2.283112e-02	-1.285737e-02	9.975988e-01	9.963239e-01	9.948884e-01	4.389017e-01
7.902015e-03	-2.283102e-02	-2.283126e-02	-1.285737e-02	9.975990e-01	9.963238e-01	9.948884e-01	4.389063e-01
7.898894e-03	-2.283116e-02	-2.283140e-02	-1.285737e-02	9.975991e-01	9.963237e-01	9.948884e-01	4.389115e-01
7.895776e-03	-2.283130e-02	-2.283154e-02	-1.285737e-02	9.975992e-01	9.963236e-01	9.948884e-01	4.389158e-01
7.892660e-03	-2.283143e-02	-2.283168e-02	-1.285737e-02	9.975993e-01	9.963235e-01	9.948884e-01	4.389200e-01
7.889546e-03	-2.283157e-02	-2.283182e-02	-1.285738e-02	9.975994e-01	9.963234e-01	9.948884e-01	4.389240e-01
7.886435e-03	-2.283171e-02	-2.283195e-02	-1.285738e-02	9.975995e-01	9.963233e-01	9.948884e-01	4.389279e-01
7.883327e-03	-2.283185e-02	-2.283209e-02	-1.285738e-02	9.975996e-01	9.963232e-01	9.948884e-01	4.389317e-01
7.880221e-03	-2.283199e-02	-2.283223e-02	-1.285738e-02	9.975997e-01	9.963231e-01	9.948884e-01	4.389351e-01
7.877117e-03	-2.283212e-02	-2.283237e-02	-1.285738e-02	9.975998e-01	9.963230e-01	9.948884e-01	4.389384e-01
7.874016e-03	-2.283226e-02	-2.283250e-02	-1.285738e-02	9.975999e-01	9.963229e-01	9.948884e-01	4.389412e-01
7.870917e-03	-2.283240e-02	-2.283264e-02	-1.285738e-02	9.976001e-01	9.963228e-01	9.948884e-01	4.389445e-01
7.867821e-03	-2.283254e-02	-2.283278e-02	-1.285738e-02	9.976002e-01	9.963227e-01	9.948885e-01	4.389471e-01
7.864727e-03	-2.283267e-02	-2.283292e-02	-1.285738e-02	9.976003e-01	9.963226e-01	9.948885e-01	4.389495e-01
7.861635e-03	-2.283281e-02	-2.283305e-02	-1.285738e-02	9.976004e-01	9.963225e-01	9.948885e-01	4.389521e-01
7.858546e-03	-2.283295e-02	-2.283319e-02	-1.285739e-02	9.976005e-01	9.963224e-01	9.948885e-01	4.389537e-01
7.855460e-03	-2.283308e-02	-2.283333e-02	-1.285739e-02	9.976006e-01	9.963223e-01	9.948885e-01	4.389560e-01
7.852375e-03	-2.283322e-02	-2.283346e-02	-1.285739e-02	9.976007e-01	9.963222e-01	9.948885e-01	4.389575e-01
7.849294e-03	-2.283336e-02	-2.283360e-02	-1.285739e-02	9.976008e-01	9.963221e-01	9.948885e-01	4.389595e-01
7.846214e-03	-2.283349e-02	-2.283374e-02	-1.285739e-02	9.976009e-01	9.963220e-01	9.948885e-01	4.389606e-01
7.843137e-03	-2.283363e-02	-2.283387e-02	-1.285739e-02	9.976010e-01	9.963219e-01	9.948885e-01	4.389619e-01
7.840063e-03	-2.283377e-02	-2.283401e-02	-1.285739e-02	9.976011e-01	9.963218e-01	9.948885e-01	4.389629e-01
7.836991e-03	-2.283390e-02	-2.283415e-02	-1.285739e-02	9.976013e-01	9.963217e-01	9.948885e-01	4.389634e-01
7.833921e-03	-2.283404e-02	-2.283428e-02	-1.285739e-02	9.976014e-01	9.963216e-01	9.948885e-01	4.389640e-01
7.830854e-03	-2.283418e-02	-2.283442e-02	-1.285739e-02	9.976015e-01	9.963215e-01	9.948885e-01	4.389648e-01
7.827789e-03	-2.283431e-02	-2.283455e-02	-1.285740e-02	9.976016e-01	9.963214e-01	9.948886e-01	4.389644e-01
7.824726e-03	-2.283445e-02	-2.283469e-02	-1.285740e-02	9.976017e-01	9.963213e-01	9.948886e-01	4.389644e-01
7.821666e-03	-2.283458e-02	-2.283483e-02	-1.285740e-02	9.976018e-01	9.963212e-01	9.948886e-01	4.389650e-01
7.818608e-03	-2.283472e-02	-2.283496e-02	-1.285740e-02	9.976019e-01	9.963211e-01	9.948886e-01	4.389641e-01
7.815553e-03	-2.283485e-02	-2.283510e-02	-1.285740e-02	9.976020e-01	9.963210e-01	9.948886e-01	4.389635e-01
7.812500e-03	-2.283499e-02	-2.283523e-02	-1.285740e-02	9.976021e-01	9.963209e-01	9.948886e-01	4.389627e-01
7.809449e-03	-2.283512e-02	-2.283537e-02	-1.285740e-02	9.976022e-01	9.963208e-01	9.948886e-01	4.389617e-01
7.806401e-03	-2.283526e-02	-2.283550e-02	-1.285740e-02	9.976023e-01	9.963207e-01	9.948886e-01	4.389607e-01
7.803355e-03	-2.283540e-02	-2.283564e-02	-1.285740e-02	9.976024e-01	9.963206e-01	9.948886e-01	4.389593e-01
7.800312e-03	-2.283553e-02	-2.283577e-02	-1.285740e-02	9.976025e-01	9.963205e-01	9.948886e-01	4.389579e-01
7.797271e-03	-2.283566e-02	-2.283591e-02	-1.285741e-02	9.976027e-01	9.963204e-01	9.948886e-01	4.389558e-01
7.794232e-03	-2.283580e-02	-2.283604e-02	-1.285741e-02	9.976028e-01	9.963203e-01	9.948886e-01	4.389544e-01
7.791196e-03	-2.283593e-02	-2.283618e-02	-1.285741e-02	9.976029e-01	9.963202e-01	9.948887e-01	4.389521e-01
7.788162e-03	-2.283607e-02	-2.283631e-02	-1.285741e-02	9.976030e-01	9.963201e-01	9.948887e-01	4.389496e-01
7.785130e-03	-2.283620e-02	-2.283645e-02	-1.285741e-02	9.976031e-01	9.963200e-01	9.948887e-01	4.389474e-01
7.782101e-03	-2.283634e-02	-2.283658e-02	-1.285741e-02	9.976032e-01	9.963199e-01	9.948887e-01	4.389446e-01
7.779074e-03	-2.283647e-02	-2.283672e-02	-1.285741e-02	9.976033e-01	9.963198e-01	9.948887e-01	4.389419e-01
7.776050e-03	-2.283661e-02	-2.283685e-02	-1.285741e-02	9.976034e-01	9.963197e-01	9.948887e-01	4.389385e-01
7.773028e-03	-2.283674e-02	-2.283698e-02	-1.285741e-02	9.976035e-01	9.963196e-01	9.948887e-01	4.389358e-01
7.770008e-03	-2.283687e-02	-2.283712e-02	-1.285741e-02	9.976036e-01	9.963195e-01	9.948887e-01	4.389315e-01
7.766990e-03	-2.283701e-02	-2.283725e-02	-1.285742e-02	9.976037e-01	9.963194e-01	9.948887e-01	4.389285e-01
7.763975e-03	-2.283714e-02	-2.283739e-02	-1.285742e-02	9.976038e-01	9.963193e-01	9.948887e-01	4.389248e-01
7.760962e-03	-2.283728e-02	-2.283752e-02	-1.285742e-02	9.976039e-01	9.963192e-01	9.948887e-01	4.389205e-01
7.757952e-03	-2.283741e-02	-2.283765e-02	-1.285742e-02	9.976040e-01	9.963191e-01	9.948887e-01	4.389168e-01
7.754944e-03	-2.283754e-02	-2.283779e-02	-1.285742e-02	9.976042e-01	9.963190e-01	9.948887e-01	4.389118e-01
7.751938e-03	-2.283768e-02	-2.283792e-02	-1.285742e-02	9.976043e-01	9.963189e-01	9.948888e-01	4.389075e-01
7.748935e-03	-2.283781e-02	-2.283805e-02	-1.285742e-02	9.976044e-01	9.963188e-01	9.948888e-01	4.389029e-01
7.745933e-03	-2.283794e-02	-2.283819e-02	-1.285742e-02	9.976045e-01	9.963187e-01	9.948888e-01	4.388978e-01
7.742935e-03	-2.283807e-02	-2.283832e-02	-1.285742e-02	9.976046e-01	9.963186e-01	9.948888e-01	4.388928e-01
7.739938e-03	-2.283821e-02	-2.283845e-02	-1.285742e-02	9.976047e-01	9.963185e-01	9.948888e-01	4.388875e-01
7.736944e-03	-2.283834e-02	-2.283858e-02	-1.285743e-02	9.976048e-01	9.963184e-01	9.948888e-01	4.388815e-01
7.733952e-03	-2.283847e-02	-2.283872e-02	-1.285743e-02	9.976049e-01	9.963183e-01	9.948888e-01	4.388763e-01
7.730963e-03	-2.283861e-02	-2.283885e-02	-1.285743e-02	9.976050e-01	9.963182e-01	9.948888e-01	4.388708e-01
7.727975e-03	-2.283874e-02	-2.283898e-02	-1.285743e-02	9.976051e-01	9.963181e-01	9.948888e-01	4.388639e-01
7.724990e-03	-2.283887e-02	-2.283911e-02	-1.285743e-02	9.976052e-01	9.963180e-01	9.948888e-01	4.388579e-01
7.722008e-03	-2.283900e-02	-2.283925e-02	-1.285743e-02	9.976053e-01	9.963179e-01	9.948888e-01	4.388518e-01
7.719027e-03	-2.283914e-02	-2.283938e-02	-1.285743e-02	9.976054e-01	9.963178e-01	9.948888e-01	4.388447e-01
7.716049e-03	-2.283927e-02	-2.283951e-02	-1.285743e-02	9.976055e-01	9.963177e-01	9.948888e-01	4.388383e-01
7.713074e-03	-2.283940e-02	-2.283964e-02	-1.285743e-02	9.976056e-01	9.963176e-01	9.948889e-01	4.388310e-01
7.710100e-03	-2.283953e-02	-2.283977e-02	-1.285743e-02	9.976057e-01	9.963175e-01	9.948889e-01	4.388239e-01
7.707129e-03	-2.283966e-02	-2.283991e-02	-1.285744e-02	9.976058e-01	9.963174e-01	9.948889e-01	4.388167e-01
7.704160e-03	-2.283979e-02	-2.284004e-02	-1.285744e-02	9.976059e-01	9.963173e-01	9.948889e-01	4.388088e-01
7.701194e-03	-2.283993e-02	-2.284017e-02	-1.285744e-02	9.976061e-01	9.963172e-01	9.948889e-01	4.388016e-01
7.698229e-03	-2.284006e-02	-2.284030e-02	-1.285744e-02	9.976062e-01	9.963171e-01	9.948889e-01	4.387931e-01
7.695267e-03	-2.284019e-02	-2.284043e-02	-1.285744e-02	9.976063e-01	9.963170e-01	9.948889e-01	4.387853e-01
7.692308e-03	-2.284032e-02	-2.284056e-02	-1.285744e-02	9.976064e-01	9.963169e-01	9.948889e-01	4.387769e-01
7.689350e-03	-2.284045e-02	-2.284069e-02	-1.285744e-02	9.976065e-01	9.963169e-01	9.948889e-01	4.387685e-01
7.686395e-03	-2.284058e-02	-2.284083e-02	-1.285744e-02	9.976066e-01	9.963168e-01	9.948889e-01	4.387599e-01
7.683442e-03	-2.284071e-02	-2.284096e-02	-1.285744e-02	9.976067e-01	9.963167e-01	9.948889e-01	4.387507e-01
7.680492e-03	-2.284084e-02	-2.284109e-02	-1.285744e-02	9.976068e-01	9.963166e-01	9.948889e-01	4.387416e-01
7.677543e-03	-2.284097e-02	-2.284122e-02	-1.285745e-02	9.976069e-01	9.963165e-01	9.948889e-01	4.387329e-01
7.674597e-03	-2.284111e-02	-2.284135e-02	-1.285745e-02	9.976070e-01	9.963164e-01	9.948890e-01	4.387231e-01
7.671653e-03	-2.284124e-02	-2.284148e-02	-1.285745e-02	9.976071e-01	9.963163e-01	9.948890e-01	4.387136e-01
7.668712e-03	-2.284137e-02	-2.284161e-02	-1.285745e-02	9.976072e-01	9.963162e-01	9.948890e-01	4.387037e-01
7.665772e-03	-2.284150e-02	-2.284174e-02	-1.285745e-02	9.976073e-01	9.963161e-01	9.948890e-01	4.386937e-01
7.662835e-03	-2.284163e-02	-2.284187e-02	-1.285745e-02	9.976074e-01	9.963160e-01	9.948890e-01	4.386837e-01
7.659900e-03	-2.284176e-02	-2.284200e-02	-1.285745e-02	9.976075e-01	9.963159e-01	9.948890e-01	4.386730e-01
7.656968e-03	-2.284189e-02	-2.284213e-02	-1.285745e-02	9.976076e-01	9.963158e-01	9.948890e-01	4.386627e-01
7.654038e-03	-2.284202e-02	-2.284226e-02	-1.285745e-02	9.976077e-01	9.963157e-01	9.948890e-01	4.386517e-01
7.651109e-03	-2.284215e-02	-2.284239e-02	-1.285745e-02	9.976078e-01	9.963156e-01	9.948890e-01	4.386409e-01
7.648184e-03	-2.284228e-02	-2.284252e-02	-1.285746e-02	9.976079e-01	9.963155e-01	9.948890e-01	4.386303e-01
7.645260e-03	-2.284241e-02	-2.284265e-02	-1.285746e-02	9.976080e-01	9.963154e-01	9.948890e-01	4.386185e-01
7.642339e-03	-2.284254e-02	-2.284278e-02	-1.285746e-02	9.976081e-01	9.963153e-01	9.948890e-01	4.386073e-01
7.639419e-03	-2.284266e-02	-2.284291e-02	-1.285746e-02	9.976082e-01	9.963152e-01	9.948890e-01	4.385953e-01
7.636502e-03	-2.284279e-02	-2.284304e-02	-1.285746e-02	9.976083e-01	9.963151e-01	9.948890e-01	4.385836e-01
7.633588e-03	-2.284292e-02	-2.284317e-02	-1.285746e-02	9.976084e-01	9.963150e-01	9.948891e-01	4.385717e-01
7.630675e-03	-2.284305e-02	-2.284330e-02	-1.285746e-02	9.976085e-01	9.963149e-01	9.948891e-01	4.385595e-01
7.627765e-03	-2.284318e-02	-2.284342e-02	-1.285746e-02	9.976086e-01	9.963148e-01	9.948891e-01	4.385472e-01
7.624857e-03	-2.284331e-02	-2.284355e-02	-1.285746e-02	9.976087e-01	9.963147e-01	9.948891e-01	4.385344e-01
7.621951e-03	-2.284344e-02	-2.284368e-02	-1.285746e-02	9.976089e-01	9.963146e-01	9.948891e-01	4.385218e-01
7.619048e-03	-2.284357e-02	-2.284381e-02	-1.285746e-02	9.976090e-01	9.963145e-01	9.948891e-01	4.385086e-01
7.616146e-03	-2.284370e-02	-2.284394e-02	-1.285747e-02	9.976091e-01	9.963145e-01	9.948891e-01	4.384956e-01
7.613247e-03	-2.284382e-02	-2.284407e-02	-1.285747e-02	9.976092e-01	9.963144e-01	9.948891e-01	4.384827e-01
7.610350e-03	-2.284395e-02	-2.284420e-02	-1.285747e-02	9.976093e-01	9.963143e-01	9.948891e-01	4.384684e-01
7.607455e-03	-2.284408e-02	-2.284432e-02	-1.285747e-02	9.976094e-01	9.963142e-01	9.948891e-01	4.384555e-01
7.604563e-03	-2.284421e-02	-2.284445e-02	-1.285747e-02	9.976095e-01	9.963141e-01	9.948891e-01	4.384415e-01
7.601672e-03	-2.284434e-02	-2.284458e-02	-1.285747e-02	9.976096e-01	9.963140e-01	9.948891e-01	4.384269e-01
7.598784e-03	-2.284447e-02	-2.284471e-02	-1.285747e-02	9.976097e-01	9.963139e-01	9.948891e-01	4.384131e-01
7.595898e-03	-2.284459e-02	-2.284484e-02	-1.285747e-02	9.976098e-01	9.963138e-01	9.948892e-01	4.383987e-01
7.593014e-03	-2.284472e-02	-2.284496e-02	-1.285747e-02	9.976099e-01	9.963137e-01	9.948892e-01	4.383838e-01
7.590133e-03	-2.284485e-02	-2.284509e-02	-1.285747e-02	9.976100e-01	9.963136e-01	9.948892e-01	4.383691e-01
7.587253e-03	-2.284498e-02	-2.284522e-02	-1.285748e-02	9.976101e-01	9.963135e-01	9.948892e-01	4.383545e-01
7.584376e-03	-2.284510e-02	-2.284535e-02	-1.285748e-02	9.976102e-01	9.963134e-01	9.948892e-01	4.383390e-01
7.581501e-03	-2.284523e-02	-2.284547e-02	-1.285748e-02	9.976103e-01	9.963133e-01	9.948892e-01	4.383239e-01
7.578628e-03	-2.284536e-02	-2.284560e-02	-1.285748e-02	9.976104e-01	9.963132e-01	9.948892e-01	4.383083e-01
7.575758e-03	-2.284548e-02	-2.284573e-02	-1.285748e-02	9.976105e-01	9.963131e-01	9.948892e-01	4.382926e-01
7.572889e-03	-2.284561e-02	-2.284586e-02	-1.285748e-02	9.976106e-01	9.963130e-01	9.948892e-01	4.382769e-01
7.570023e-03	-2.284574e-02	-2.284598e-02	-1.285748e-02	9.976107e-01	9.963129e-01	9.948892e-01	4.382608e-01
7.567159e-03	-2.284587e-02	-2.284611e-02	-1.285748e-02	9.976108e-01	9.963128e-01	9.948892e-01	4.382445e-01
7.564297e-03	-2.284599e-02	-2.284624e-02	-1.285748e-02	9.976109e-01	9.963128e-01	9.948892e-01	4.382282e-01
7.561437e-03	-2.284612e-02	-2.284636e-02	-1.285748e-02	9.976110e-01	9.963127e-01	9.948892e-01	4.382118e-01
7.558579e-03	-2.284625e-02	-2.284649e-02	-1.285748e-02	9.976111e-01	9.963126e-01	9.948892e-01	4.381949e-01
7.555723e-03	-2.284637e-02	-2.284662e-02	-1.285749e-02	9.976112e-01	9.963125e-01	9.948893e-01	4.381776e-01
7.552870e-03	-2.284650e-02	-2.284674e-02	-1.285749e-02	9.976113e-01	9.963124e-01	9.948893e-01	4.381610e-01
7.550019e-03	-2.284662e-02	-2.284687e-02	-1.285749e-02	9.976114e-01	9.963123e-01	9.948893e-01	4.381439e-01
7.547170e-03	-2.284675e-02	-2.284699e-02	-1.285749e-02	9.976115e-01	9.963122e-01	9.948893e-01	4.381260e-01
7.544323e-03	-2.284688e-02	-2.284712e-02	-1.285749e-02	9.976116e-01	9.963121e-01	9.948893e-01	4.381086e-01
7.541478e-03	-2.284700e-02	-2.284725e-02	-1.285749e-02	9.976117e-01	9.963120e-01	9.948893e-01	4.380905e-01
7.538636e-03	-2.284713e-02	-2.284737e-02	-1.285749e-02	9.976118e-01	9.963119e-01	9.948893e-01	4.380727e-01
7.535795e-03	-2.284725e-02	-2.284750e-02	-1.285749e-02	9.976119e-01	9.963118e-01	9.948893e-01	4.380545e-01
7.532957e-03	-2.284738e-02	-2.284762e-02	-1.285749e-02	9.976120e-01	9.963117e-01	9.948893e-01	4.380362e-01
7.530120e-03	-2.284751e-02	-2.284775e-02	-1.285749e-02	9.976121e-01	9.963116e-01	9.948893e-01	4.380176e-01
7.527286e-03	-2.284763e-02	-2.284787e-02	-1.285750e-02	9.976122e-01	9.963115e-01	9.948893e-01	4.379993e-01
7.524454e-03	-2.284776e-02	-2.284800e-02	-1.285750e-02	9.976123e-01	9.963114e-01	9.948893e-01	4.379799e-01
7.521625e-03	-2.284788e-02	-2.284812e-02	-1.285750e-02	9.976124e-01	9.963114e-01	9.948893e-01	4.379614e-01
7.518797e-03	-2.284801e-02	-2.284825e-02	-1.285750e-02	9.976125e-01	9.963113e-01	9.948893e-01	4.379417e-01
7.515971e-03	-2.284813e-02	-2.284838e-02	-1.285750e-02	9.976126e-01	9.963112e-01	9.948894e-01	4.379225e-01
7.513148e-03	-2.284826e-02	-2.284850e-02	-1.285750e-02	9.976127e-01	9.963111e-01	9.948894e-01	4.379029e-01
7.510327e-03	-2.284838e-02	-2.284862e-02	-1.285750e-02	9.976128e-01	9.963110e-01	9.948894e-01	4.378829e-01
7.507508e-03	-2.284851e-02	-2.284875e-02	-1.285750e-02	9.976129e-01	9.963109e-01	9.948894e-01	4.378635e-01
7.504690e-03	-2.284863e-02	-2.284887e-02	-1.285750e-02	9.976130e-01	9.963108e-01	9.948894e-01	4.378430e-01
7.501875e-03	-2.284876e-02	-2.284900e-02	-1.285750e-02	9.976131e-01	9.963107e-01	9.948894e-01	4.378222e-01
7.499063e-03	-2.284888e-02	-2.284912e-02	-1.285750e-02	9.976132e-01	9.963106e-01	9.948894e-01	4.378028e-01
7.496252e-03	-2.284900e-02	-2.284925e-02	-1.285751e-02	9.976133e-01	9.963105e-01	9.948894e-01	4.377819e-01
7.493443e-03	-2.284913e-02	-2.284937e-02	-1.285751e-02	9.976134e-01	9.963104e-01	9.948894e-01	4.377609e-01
7.490637e-03	-2.284925e-02	-2.284950e-02	-1.285751e-02	9.976135e-01	9.963103e-01	9.948894e-01	4.377398e-01
7.487832e-03	-2.284938e-02	-2.284962e-02	-1.285751e-02	9.976136e-01	9.963103e-01	9.948894e-01	4.377189e-01
7.485030e-03	-2.284950e-02	-2.284974e-02	-1.285751e-02	9.976137e-01	9.963102e-01	9.948894e-01	4.376974e-01
7.482230e-03	-2.284962e-02	-2.284987e-02	-1.285751e-02	9.976138e-01	9.963101e-01	9.948894e-01	4.376761e-01
7.479432e-03	-2.284975e-02	-2.284999e-02	-1.285751e-02	9.976139e-01	9.963100e-01	9.948895e-01	4.376543e-01
7.476636e-03	-2.284987e-02	-2.285012e-02	-1.285751e-02	9.976140e-01	9.963099e-01	9.948895e-01	4.376323e-01
7.473842e-03	-2.285000e-02	-2.285024e-02	-1.285751e-02	9.976141e-01	9.963098e-01	9.948895e-01	4.376104e-01
7.471050e-03	-2.285012e-02	-2.285036e-02	-1.285751e-02	9.976142e-01	9.963097e-01	9.948895e-01	4.375887e-01
7.468260e-03	-2.285024e-02	-2.285049e-02	-1.285751e-02	9.976143e-01	9.963096e-01	9.948895e-01	4.375663e-01
7.465472e-03	-2.285037e-02	-2.285061e-02	-1.285752e-02	9.976144e-01	9.963095e-01	9.948895e-01	4.375435e-01
7.462687e-03	-2.285049e-02	-2.285073e-02	-1.285752e-02	9.976145e-01	9.963094e-01	9.948895e-01	4.375211e-01
7.459903e-03	-2.285061e-02	-2.285086e-02	-1.285752e-02	9.976146e-01	9.963093e-01	9.948895e-01	4.374979e-01
7.457122e-03	-2.285073e-02	-2.285098e-02	-1.285752e-02	9.976147e-01	9.963092e-01	9.948895e-01	4.374756e-01
7.454342e-03	-2.285086e-02	-2.285110e-02	-1.285752e-02	9.976148e-01	9.963092e-01	9.948895e-01	4.374518e-01
7.451565e-03	-2.285098e-02	-2.285122e-02	-1.285752e-02	9.976149e-01	9.963091e-01	9.948895e-01	4.374286e-01
7.448790e-03	-2.285110e-02	-2.285135e-02	-1.285752e-02	9.976150e-01	9.963090e-01	9.948895e-01	4.374053e-01
7.446016e-03	-2.285123e-02	-2.285147e-02	-1.285752e-02	9.976151e-01	9.963089e-01	9.948895e-01	4.373818e-01
7.443245e-03	-2.285135e-02	-2.285159e-02	-1.285752e-02	9.976152e-01	9.963088e-01	9.948895e-01	4.373577e-01
7.440476e-03	-2.285147e-02	-2.285171e-02	-1.285752e-02	9.976152e-01	9.963087e-01	9.948896e-01	4.373338e-01
7.437709e-03	-2.285159e-02	-2.285184e-02	-1.285752e-02	9.976153e-01	9.963086e-01	9.948896e-01	4.373096e-01
7.434944e-03	-2.285171e-02	-2.285196e-02	-1.285753e-02	9.976154e-01	9.963085e-01	9.948896e-01	4.372854e-01
7.432181e-03	-2.285184e-02	-2.285208e-02	-1.285753e-02	9.976155e-01	9.963084e-01	9.948896e-01	4.372613e-01
7.429421e-03	-2.285196e-02	-2.285220e-02	-1.285753e-02	9.976156e-01	9.963083e-01	9.948896e-01	4.372365e-01
7.426662e-03	-2.285208e-02	-2.285232e-02	-1.285753e-02	9.976157e-01	9.963083e-01	9.948896e-01	4.372116e-01
7.423905e-03	-2.285220e-02	-2.285245e-02	-1.285753e-02	9.976158e-01	9.963082e-01	9.948896e-01	4.371869e-01
7.421150e-03	-2.285232e-02	-2.285257e-02	-1.285753e-02	9.976159e-01	9.963081e-01	9.948896e-01	4.371619e-01
7.418398e-03	-2.285245e-02	-2.285269e-02	-1.285753e-02	9.976160e-01	9.963080e-01	9.948896e-01	4.371363e-01
7.415647e-03	-2.285257e-02	-2.285281e-02	-1.285753e-02	9.976161e-01	9.963079e-01	9.948896e-01	4.371117e-01
7.412898e-03	-2.285269e-02	-2.285293e-02	-1.285753e-02	9.976162e-01	9.963078e-01	9.948896e-01	4.370856e-01
7.410152e-03	-2.285281e-02	-2.285305e-02	-1.285753e-02	9.976163e-01	9.963077e-01	9.948896e-01	4.370599e-01
7.407407e-03	-2.285293e-02	-2.285317e-02	-1.285754e-02	9.976164e-01	9.963076e-01	9.948896e-01	4.370346e-01
7.404665e-03	-2.285305e-02	-2.285330e-02	-1.285754e-02	9.976165e-01	9.963075e-01	9.948896e-01	4.370082e-01
7.401925e-03	-2.285317e-02	-2.285342e-02	-1.285754e-02	9.976166e-01	9.963074e-01	9.948896e-01	4.369826e-01
7.399186e-03	-2.285329e-02	-2.285354e-02	-1.285754e-02	9.976167e-01	9.963074e-01	9.948897e-01	4.369562e-01
7.396450e-03	-2.285341e-02	-2.285366e-02	-1.285754e-02	9.976168e-01	9.963073e-01	9.948897e-01	4.369295e-01
7.393715e-03	-2.285354e-02	-2.285378e-02	-1.285754e-02	9.976169e-01	9.963072e-01	9.948897e-01	4.369039e-01
7.390983e-03	-2.285366e-02	-2.285390e-02	-1.285754e-02	9.976170e-01	9.963071e-01	9.948897e-01	4.368755e-01
7.388253e-03	-2.285378e-02	-2.285402e-02	-1.285754e-02	9.976171e-01	9.963070e-01	9.948897e-01	4.368502e-01
7.385524e-03	-2.285390e-02	-2.285414e-02	-1.285754e-02	9.976172e-01	9.963069e-01	9.948897e-01	4.368231e-01
7.382798e-03	-2.285402e-02	-2.285426e-02	-1.285754e-02	9.976173e-01	9.963068e-01	9.948897e-01	4.367957e-01
7.380074e-03	-2.285414e-02	-2.285438e-02	-1.285754e-02	9.976174e-01	9.963067e-01	9.948897e-01	4.367686e-01
7.377352e-03	-2.285426e-02	-2.285450e-02	-1.285755e-02	9.976175e-01	9.963066e-01	9.948897e-01	4.367412e-01
7.374631e-03	-2.285438e-02	-2.285462e-02	-1.285755e-02	9.976176e-01	9.963066e-01	9.948897e-01	4.367136e-01
7.371913e-03	-2.285450e-02	-2.285474e-02	-1.285755e-02	9.976177e-01	9.963065e-01	9.948897e-01	4.366861e-01
7.369197e-03	-2.285462e-02	-2.285486e-02	-1.285755e-02	9.976178e-01	9.963064e-01	9.948897e-01	4.366584e-01
7.366483e-03	-2.285474e-02	-2.285498e-02	-1.285755e-02	9.976179e-01	9.963063e-01	9.948897e-01	4.366302e-01
7.363770e-03	-2.285486e-02	-2.285510e-02	-1.285755e-02	9.976179e-01	9.963062e-01	9.948897e-01	4.366025e-01
7.361060e-03	-2.285498e-02	-2.285522e-02	-1.285755e-02	9.976180e-01	9.963061e-01	9.948898e-01	4.365742e-01
7.358352e-03	-2.285510e-02	-2.285534e-02	-1.285755e-02	9.976181e-01	9.963060e-01	9.948898e-01	4.365458e-01
7.355645e-03	-2.285522e-02	-2.285546e-02	-1.285755e-02	9.976182e-01	9.963059e-01	9.948898e-01	4.365180e-01
7.352941e-03	-2.285533e-02	-2.285558e-02	-1.285755e-02	9.976183e-01	9.963058e-01	9.948898e-01	4.364890e-01
7.350239e-03	-2.285545e-02	-2.285570e-02	-1.285755e-02	9.976184e-01	9.963058e-01	9.948898e-01	4.364606e-01
7.347539e-03	-2.285557e-02	-2.285582e-02	-1.285755e-02	9.976185e-01	9.963057e-01	9.948898e-01	4.364320e-01
7.344840e-03	-2.285569e-02	-2.285594e-02	-1.285756e-02	9.976186e-01	9.963056e-01	9.948898e-01	4.364029e-01
7.342144e-03	-2.285581e-02	-2.285605e-02	-1.285756e-02	9.976187e-01	9.963055e-01	9.948898e-01	4.363737e-01
7.339450e-03	-2.285593e-02	-2.285617e-02	-1.285756e-02	9.976188e-01	9.963054e-01	9.948898e-01	4.363449e-01
7.336757e-03	-2.285605e-02	-2.285629e-02	-1.285756e-02	9.976189e-01	9.963053e-01	9.948898e-01	4.363155e-01
7.334067e-03	-2.285617e-02	-2.285641e-02	-1.285756e-02	9.976190e-01	9.963052e-01	9.948898e-01	4.362859e-01
7.331378e-03	-2.285629e-02	-2.285653e-02	-1.285756e-02	9.976191e-01	9.963051e-01	9.948898e-01	4.362559e-01
7.328692e-03	-2.285640e-02	-2.285665e-02	-1.285756e-02	9.976192e-01	9.963051e-01	9.948898e-01	4.362268e-01
7.326007e-03	-2.285652e-02	-2.285677e-02	-1.285756e-02	9.976193e-01	9.963050e-01	9.948898e-01	4.361971e-01
7.323325e-03	-2.285664e-02	-2.285688e-02	-1.285756e-02	9.976194e-01	9.963049e-01	9.948898e-01	4.361661e-01
7.320644e-03	-2.285676e-02	-2.285700e-02	-1.285756e-02	9.976195e-01	9.963048e-01	9.948899e-01	4.361355e-01
7.317966e-03	-2.285688e-02	-2.285712e-02	-1.285756e-02	9.976196e-01	9.963047e-01	9.948899e-01	4.361058e-01
7.315289e-03	-2.285699e-02	-2.285724e-02	-1.285757e-02	9.976196e-01	9.963046e-01	9.948899e-01	4.360742e-01
7.312614e-03	-2.285711e-02	-2.285736e-02	-1.285757e-02	9.976197e-01	9.963045e-01	9.948899e-01	4.360434e-01
7.309942e-03	-2.285723e-02	-2.285747e-02	-1.285757e-02	9.976198e-01	9.963044e-01	9.948899e-01	4.360126e-01
7.307271e-03	-2.285735e-02	-2.285759e-02	-1.285757e-02	9.976199e-01	9.963044e-01	9.948899e-01	4.359806e-01
7.304602e-03	-2.285747e-02	-2.285771e-02	-1.285757e-02	9.976200e-01	9.963043e-01	9.948899e-01	4.359491e-01
7.301935e-03	-2.285758e-02	-2.285783e-02	-1.285757e-02	9.976201e-01	9.963042e-01	9.948899e-01	4.359170e-01
7.299270e-03	-2.285770e-02	-2.285794e-02	-1.285757e-02	9.976202e-01	9.963041e-01	9.948899e-01	4.358845e-01
7.296607e-03	-2.285782e-02	-2.285806e-02	-1.285757e-02	9.976203e-01	9.963040e-01	9.948899e-01	4.358519e-01
7.293946e-03	-2.285793e-02	-2.285818e-02	-1.285757e-02	9.976204e-01	9.963039e-01	9.948899e-01	4.358194e-01
7.291287e-03	-2.285805e-02	-2.285830e-02	-1.285757e-02	9.976205e-01	9.963038e-01	9.948899e-01	4.357862e-01
7.288630e-03	-2.285817e-02	-2.285841e-02	-1.285757e-02	9.976206e-01	9.963037e-01	9.948899e-01	4.357524e-01
7.285974e-03	-2.285829e-02	-2.285853e-02	-1.285758e-02	9.976207e-01	9.963037e-01	9.948899e-01	4.357194e-01
7.283321e-03	-2.285840e-02	-2.285865e-02	-1.285758e-02	9.976208e-01	9.963036e-01	9.948900e-01	4.356856e-01
7.280670e-03	-2.285852e-02	-2.285876e-02	-1.285758e-02	9.976209e-01	9.963035e-01	9.948900e-01	4.356511e-01
7.278020e-03	-2.285864e-02	-2.285888e-02	-1.285758e-02	9.976210e-01	9.963034e-01	9.948900e-01	4.356174e-01
7.275373e-03	-2.285875e-02	-2.285900e-02	-1.285758e-02	9.976210e-01	9.963033e-01	9.948900e-01	4.355828e-01
7.272727e-03	-2.285887e-02	-2.285911e-02	-1.285758e-02	9.976211e-01	9.963032e-01	9.948900e-01	4.355485e-01
7.270084e-03	-2.285899e-02	-2.285923e-02	-1.285758e-02	9.976212e-01	9.963031e-01	9.948900e-01	4.355133e-01
7.267442e-03	-2.285910e-02	-2.285935e-02	-1.285758e-02	9.976213e-01	9.963031e-01	9.948900e-01	4.354787e-01
7.264802e-03	-2.285922e-02	-2.285946e-02	-1.285758e-02	9.976214e-01	9.963030e-01	9.948900e-01	4.354436e-01
7.262164e-03	-2.285933e-02	-2.285958e-02	-1.285758e-02	9.976215e-01	9.963029e-01	9.948900e-01	4.354080e-01
7.259528e-03	-2.285945e-02	-2.285969e-02	-1.285758e-02	9.976216e-01	9.963028e-01	9.948900e-01	4.353730e-01
7.256894e-03	-2.285957e-02	-2.285981e-02	-1.285758e-02	9.976217e-01	9.963027e-01	9.948900e-01	4.353370e-01
7.254262e-03	-2.285968e-02	-2.285992e-02	-1.285759e-02	9.976218e-01	9.963026e-01	9.948900e-01	4.353014e-01
7.251632e-03	-2.285980e-02	-2.286004e-02	-1.285759e-02	9.976219e-01	9.963025e-01	9.948900e-01	4.352652e-01
7.249003e-03	-2.285991e-02	-2.286016e-02	-1.285759e-02	9.976220e-01	9.963025e-01	9.948900e-01	4.352296e-01
7.246377e-03	-2.286003e-02	-2.286027e-02	-1.285759e-02	9.976221e-01	9.963024e-01	9.948900e-01	4.351926e-01
7.243752e-03	-2.286014e-02	-2.286039e-02	-1.285759e-02	9.976222e-01	9.963023e-01	9.948901e-01	4.351565e-01
7.241130e-03	-2.286026e-02	-2.286050e-02	-1.285759e-02	9.976222e-01	9.963022e-01	9.948901e-01	4.351203e-01
7.238509e-03	-2.286037e-02	-2.286062e-02	-1.285759e-02	9.976223e-01	9.963021e-01	9.948901e-01	4.350825e-01
7.235890e-03	-2.286049e-02	-2.286073e-02	-1.285759e-02	9.976224e-01	9.963020e-01	9.948901e-01	4.350464e-01
7.233273e-03	-2.286060e-02	-2.286085e-02	-1.285759e-02	9.976225e-01	9.963019e-01	9.948901e-01	4.350092e-01
7.230658e-03	-2.286072e-02	-2.286096e-02	-1.285759e-02	9.976226e-01	9.963019e-01	9.948901e-01	4.349713e-01
7.228045e-03	-2.286083e-02	-2.286108e-02	-1.285759e-02	9.976227e-01	9.963018e-01	9.948901e-01	4.349342e-01
7.225434e-03	-2.286095e-02	-2.286119e-02	-1.285760e-02	9.976228e-01	9.963017e-01	9.948901e-01	4.348959e-01
7.222824e-03	-2.286106e-02	-2.286131e-02	-1.285760e-02	9.976229e-01	9.963016e-01	9.948901e-01	4.348578e-01
7.220217e-03	-2.286118e-02	-2.286142e-02	-1.285760e-02	9.976230e-01	9.963015e-01	9.948901e-01	4.348200e-01
7.217611e-03	-2.286129e-02	-2.286154e-02	-1.285760e-02	9.976231e-01	9.963014e-01	9.948901e-01	4.347813e-01
7.215007e-03	-2.286141e-02	-2.286165e-02	-1.285760e-02	9.976232e-01	9.963014e-01	9.948901e-01	4.347431e-01
7.212405e-03	-2.286152e-02	-2.286176e-02	-1.285760e-02	9.976233e-01	9.963013e-01	9.948901e-01	4.347040e-01
7.209805e-03	-2.286164e-02	-2.286188e-02	-1.285760e-02	9.976233e-01	9.963012e-01	9.948901e-01	4.346648e-01
7.207207e-03	-2.286175e-02	-2.286199e-02	-1.285760e-02	9.976234e-01	9.963011e-01	9.948901e-01	4.346259e-01
7.204611e-03	-2.286186e-02	-2.286211e-02	-1.285760e-02	9.976235e-01	9.963010e-01	9.948902e-01	4.345864e-01
7.202017e-03	-2.286198e-02	-2.286222e-02	-1.285760e-02	9.976236e-01	9.963009e-01	9.948902e-01	4.345469e-01
7.199424e-03	-2.286209e-02	-2.286233e-02	-1.285760e-02	9.976237e-01	9.963008e-01	9.948902e-01	4.345072e-01
7.196833e-03	-2.286220e-02	-2.286245e-02	-1.285760e-02	9.976238e-01	9.963008e-01	9.948902e-01	4.344671e-01
7.194245e-03	-2.286232e-02	-2.286256e-02	-1.285761e-02	9.976239e-01	9.963007e-01	9.948902e-01	4.344268e-01
7.191658e-03	-2.286243e-02	-2.286268e-02	-1.285761e-02	9.976240e-01	9.963006e-01	9.948902e-01	4.343866e-01
7.189073e-03	-2.286255e-02	-2.286279e-02	-1.285761e-02	9.976241e-01	9.963005e-01	9.948902e-01	4.343459e-01
7.186489e-03	-2.286266e-02	-2.286290e-02	-1.285761e-02	9.976242e-01	9.963004e-01	9.948902e-01	4.343054e-01
7.183908e-03	-2.286277e-02	-2.286302e-02	-1.285761e-02	9.976243e-01	9.963003e-01	9.948902e-01	4.342644e-01
7.181329e-03	-2.286289e-02	-2.286313e-02	-1.285761e-02	9.976243e-01	9.963003e-01	9.948902e-01	4.342233e-01
7.178751e-03	-2.286300e-02	-2.286324e-02	-1.285761e-02	9.976244e-01	9.963002e-01	9.948902e-01	4.341828e-01
7.176175e-03	-2.286311e-02	-2.286336e-02	-1.285761e-02	9.976245e-01	9.963001e-01	9.948902e-01	4.341411e-01
7.173601e-03	-2.286322e-02	-2.286347e-02	-1.285761e-02	9.976246e-01	9.963000e-01	9.948902e-01	4.340997e-01
7.171029e-03	-2.286334e-02	-2.286358e-02	-1.285761e-02	9.976247e-01	9.962999e-01	9.948902e-01	4.340582e-01
7.168459e-03	-2.286345e-02	-2.286369e-02	-1.285761e-02	9.976248e-01	9.962998e-01	9.948902e-01	4.340163e-01
7.165890e-03	-2.286356e-02	-2.286381e-02	-1.285761e-02	9.976249e-01	9.962998e-01	9.948902e-01	4.339743e-01
7.163324e-03	-2.286368e-02	-2.286392e-02	-1.285762e-02	9.976250e-01	9.962997e-01	9.948903e-01	4.339326e-01
7.160759e-03	-2.286379e-02	-2.286403e-02	-1.285762e-02	9.976251e-01	9.962996e-01	9.948903e-01	4.338902e-01
7.158196e-03	-2.286390e-02	-2.286414e-02	-1.285762e-02	9.976251e-01	9.962995e-01	9.948903e-01	4.338478e-01
7.155635e-03	-2.286401e-02	-2.286426e-02	-1.285762e-02	9.976252e-01	9.962994e-01	9.948903e-01	4.338056e-01
7.153076e-03	-2.286412e-02	-2.286437e-02	-1.285762e-02	9.976253e-01	9.962993e-01	9.948903e-01	4.337627e-01
7.150518e-03	-2.286424e-02	-2.286448e-02	-1.285762e-02	9.976254e-01	9.962993e-01	9.948903e-01	4.337204e-01
7.147963e-03	-2.286435e-02	-2.286459e-02	-1.285762e-02	9.976255e-01	9.962992e-01	9.948903e-01	4.336774e-01
7.145409e-03	-2.286446e-02	-2.286470e-02	-1.285762e-02	9.976256e-01	9.962991e-01	9.948903e-01	4.336344e-01
7.142857e-03	-2.286457e-02	-2.286482e-02	-1.285762e-02	9.976257e-01	9.962990e-01	9.948903e-01	4.335916e-01
7.140307e-03	-2.286468e-02	-2.286493e-02	-1.285762e-02	9.976258e-01	9.962989e-01	9.948903e-01	4.335478e-01
7.137759e-03	-2.286480e-02	-2.286504e-02	-1.285762e-02	9.976259e-01	9.962988e-01	9.948903e-01	4.335050e-01
7.135212e-03	-2.286491e-02	-2.286515e-02	-1.285762e-02	9.976260e-01	9.962988e-01	9.948903e-01	4.334613e-01
7.132668e-03	-2.286502e-02	-2.286526e-02	-1.285763e-02	9.976260e-01	9.962987e-01	9.948903e-01	4.334176e-01
7.130125e-03	-2.286513e-02	-2.286537e-02	-1.285763e-02	9.976261e-01	9.962986e-01	9.948903e-01	4.333739e-01
7.127584e-03	-2.286524e-02	-2.286549e-02	-1.285763e-02	9.976262e-01	9.962985e-01	9.948903e-01	4.333298e-01
7.125045e-03	-2.286535e-02	-2.286560e-02	-1.285763e-02	9.976263e-01	9.962984e-01	9.948904e-01	4.332860e-01
7.122507e-03	-2.286546e-02	-2.286571e-02	-1.285763e-02	9.976264e-01	9.962984e-01	9.948904e-01	4.332419e-01
7.119972e-03	-2.286557e-02	-2.286582e-02	-1.285763e-02	9.976265e-01	9.962983e-01	9.948904e-01	4.331975e-01
7.117438e-03	-2.286569e-02	-2.286593e-02	-1.285763e-02	9.976266e-01	9.962982e-01	9.948904e-01	4.331526e-01
7.114906e-03	-2.286580e-02	-2.286604e-02	-1.285763e-02	9.976267e-01	9.962981e-01	9.948904e-01	4.331088e-01
7.112376e-03	-2.286591e-02	-2.286615e-02	-1.285763e-02	9.976267e-01	9.962980e-01	9.948904e-01	4.330637e-01
7.109847e-03	-2.286602e-02	-2.286626e-02	-1.285763e-02	9.976268e-01	9.962979e-01	9.948904e-01	4.330188e-01
7.107321e-03	-2.286613e-02	-2.286637e-02	-1.285763e-02	9.976269e-01	9.962979e-01	9.948904e-01	4.329744e-01
7.104796e-03	-2.286624e-02	-2.286648e-02	-1.285763e-02	9.976270e-01	9.962978e-01	9.948904e-01	4.329288e-01
7.102273e-03	-2.286635e-02	-2.286659e-02	-1.285764e-02	9.976271e-01	9.962977e-01	9.948904e-01	4.328834e-01
7.099752e-03	-2.286646e-02	-2.286670e-02	-1.285764e-02	9.976272e-01	9.962976e-01	9.948904e-01	4.328386e-01
7.097232e-03	-2.286657e-02	-2.286681e-02	-1.285764e-02	9.976273e-01	9.962975e-01	9.948904e-01	4.327929e-01
7.094714e-03	-2.286668e-02	-2.286692e-02	-1.285764e-02	9.976274e-01	9.962975e-01	9.948904e-01	4.327471e-01
7.092199e-03	-2.286679e-02	-2.286703e-02	-1.285764e-02	9.976274e-01	9.962974e-01	9.948904e-01	4.327010e-01
7.089685e-03	-2.286690e-02	-2.286714e-02	-1.285764e-02	9.976275e-01	9.962973e-01	9.948904e-01	4.326557e-01
7.087172e-03	-2.286701e-02	-2.286725e-02	-1.285764e-02	9.976276e-01	9.962972e-01	9.948904e-01	4.326093e-01
7.084662e-03	-2.286712e-02	-2.286736e-02	-1.285764e-02	9.976277e-01	9.962971e-01	9.948905e-01	4.325633e-01
7.082153e-03	-2.286723e-02	-2.286747e-02	-1.285764e-02	9.976278e-01	9.962970e-01	9.948905e-01	4.325171e-01
7.079646e-03	-2.286734e-02	-2.286758e-02	-1.285764e-02	9.976279e-01	9.962970e-01	9.948905e-01	4.324699e-01
7.077141e-03	-2.286745e-02	-2.286769e-02	-1.285764e-02	9.976280e-01	9.962969e-01	9.948905e-01	4.324240e-01
7.074637e-03	-2.286756e-02	-2.286780e-02	-1.285764e-02	9.976281e-01	9.962968e-01	9.948905e-01	4.323773e-01
7.072136e-03	-2.286767e-02	-2.286791e-02	-1.285765e-02	9.976281e-01	9.962967e-01	9.948905e-01	4.323303e-01
7.069636e-03	-2.286778e-02	-2.286802e-02	-1.285765e-02	9.976282e-01	9.962966e-01	9.948905e-01	4.322828e-01
7.067138e-03	-2.286789e-02	-2.286813e-02	-1.285765e-02	9.976283e-01	9.962966e-01	9.948905e-01	4.322364e-01
7.064641e-03	-2.286799e-02	-2.286824e-02	-1.285765e-02	9.976284e-01	9.962965e-01	9.948905e-01	4.321886e-01
7.062147e-03	-2.286810e-02	-2.286835e-02	-1.285765e-02	9.976285e-01	9.962964e-01	9.948905e-01	4.321412e-01
7.059654e-03	-2.286821e-02	-2.286846e-02	-1.285765e-02	9.976286e-01	9.962963e-01	9.948905e-01	4.320934e-01
7.057163e-03	-2.286832e-02	-2.286856e-02	-1.285765e-02	9.976287e-01	9.962962e-01	9.948905e-01	4.320458e-01
7.054674e-03	-2.286843e-02	-2.286867e-02	-1.285765e-02	9.976288e-01	9.962962e-01	9.948905e-01	4.319978e-01
7.052186e-03	-2.286854e-02	-2.286878e-02	-1.285765e-02	9.976288e-01	9.962961e-01	9.948905e-01	4.319500e-01
7.049700e-03	-2.286865e-02	-2.286889e-02	-1.285765e-02	9.976289e-01	9.962960e-01	9.948905e-01	4.319018e-01
7.047216e-03	-2.286875e-02	-2.286900e-02	-1.285765e-02	9.976290e-01	9.962959e-01	9.948905e-01	4.318532e-01
7.044734e-03	-2.286886e-02	-2.286911e-02	-1.285765e-02	9.976291e-01	9.962958e-01	9.948906e-01	4.318045e-01
7.042254e-03	-2.286897e-02	-2.286922e-02	-1.285766e-02	9.976292e-01	9.962958e-01	9.948906e-01	4.317560e-01
7.039775e-03	-2.286908e-02	-2.286932e-02	-1.285766e-02	9.976293e-01	9.962957e-01	9.948906e-01	4.317076e-01
7.037298e-03	-2.286919e-02	-2.286943e-02	-1.285766e-02	9.976294e-01	9.962956e-01	9.948906e-01	4.316582e-01
7.034822e-03	-2.286930e-02	-2.286954e-02	-1.285766e-02	9.976294e-01	9.962955e-01	9.948906e-01	4.316094e-01
7.032349e-03	-2.286940e-02	-2.286965e-02	-1.285766e-02	9.976295e-01	9.962954e-01	9.948906e-01	4.315598e-01
7.029877e-03	-2.286951e-02	-2.286975e-02	-1.285766e-02	9.976296e-01	9.962954e-01	9.948906e-01	4.315103e-01
7.027407e-03	-2.286962e-02	-2.286986e-02	-1.285766e-02	9.976297e-01	9.962953e-01	9.948906e-01	4.314612e-01
7.024939e-03	-2.286973e-02	-2.286997e-02	-1.285766e-02	9.976298e-01	9.962952e-01	9.948906e-01	4.314120e-01
7.022472e-03	-2.286983e-02	-2.287008e-02	-1.285766e-02	9.976299e-01	9.962951e-01	9.948906e-01	4.313613e-01
7.020007e-03	-2.286994e-02	-2.287019e-02	-1.285766e-02	9.976300e-01	9.962950e-01	9.948906e-01	4.313117e-01
7.017544e-03	-2.287005e-02	-2.287029e-02	-1.285766e-02	9.976300e-01	9.962950e-01	9.948906e-01	4.312618e-01
7.015082e-03	-2.287016e-02	-2.287040e-02	-1.285766e-02	9.976301e-01	9.962949e-01	9.948906e-01	4.312114e-01
7.012623e-03	-2.287026e-02	-2.287051e-02	-1.285767e-02	9.976302e-01	9.962948e-01	9.948906e-01	4.311611e-01
7.010165e-03	-2.287037e-02	-2.287061e-02	-1.285767e-02	9.976303e-01	9.962947e-01	9.948906e-01	4.311108e-01
7.007708e-03	-2.287048e-02	-2.287072e-02	-1.285767e-02	9.976304e-01	9.962946e-01	9.948906e-01	4.310595e-01
7.005254e-03	-2.287058e-02	-2.287083e-02	-1.285767e-02	9.976305e-01	9.962946e-01	9.948907e-01	4.310091e-01
7.002801e-03	-2.287069e-02	-2.287093e-02	-1.285767e-02	9.976306e-01	9.962945e-01	9.948907e-01	4.309586e-01
7.000350e-03	-2.287080e-02	-2.287104e-02	-1.285767e-02	9.976306e-01	9.962944e-01	9.948907e-01	4.309071e-01
6.997901e-03	-2.287090e-02	-2.287115e-02	-1.285767e-02	9.976307e-01	9.962943e-01	9.948907e-01	4.308564e-01
6.995453e-03	-2.287101e-02	-2.287125e-02	-1.285767e-02	9.976308e-01	9.962943e-01	9.948907e-01	4.308047e-01
6.993007e-03	-2.287112e-02	-2.287136e-02	-1.285767e-02	9.976309e-01	9.962942e-01	9.948907e-01	4.307534e-01
6.990563e-03	-2.287122e-02	-2.287147e-02	-1.285767e-02	9.976310e-01	9.962941e-01	9.948907e-01	4.307019e-01
6.988120e-03	-2.287133e-02	-2.287157e-02	-1.285767e-02	9.976311e-01	9.962940e-01	9.948907e-01	4.306500e-01
6.985679e-03	-2.287144e-02	-2.287168e-02	-1.285767e-02	9.976311e-01	9.962939e-01	9.948907e-01	4.305984e-01
6.983240e-03	-2.287154e-02	-2.287179e-02	-1.285768e-02	9.976312e-01	9.962939e-01	9.948907e-01	4.305462e-01
6.980803e-03	-2.287165e-02	-2.287189e-02	-1.285768e-02	9.976313e-01	9.962938e-01	9.948907e-01	4.304941e-01
6.978367e-03	-2.287175e-02	-2.287200e-02	-1.285768e-02	9.976314e-01	9.962937e-01	9.948907e-01	4.304421e-01
6.975933e-03	-2.287186e-02	-2.287210e-02	-1.285768e-02	9.976315e-01	9.962936e-01	9.948907e-01	4.303894e-01
6.973501e-03	-2.287197e-02	-2.287221e-02	-1.285768e-02	9.976316e-01	9.962935e-01	9.948907e-01	4.303372e-01
6.971070e-03	-2.287207e-02	-2.287232e-02	-1.285768e-02	9.976317e-01	9.962935e-01	9.948907e-01	4.302846e-01
6.968641e-03	-2.287218e-02	-2.287242e-02	-1.285768e-02	9.976317e-01	9.962934e-01	9.948907e-01	4.302314e-01
6.966214e-03	-2.287228e-02	-2.287253e-02	-1.285768e-02	9.976318e-01	9.962933e-01	9.948908e-01	4.301790e-01
6.963788e-03	-2.287239e-02	-2.287263e-02	-1.285768e-02	9.976319e-01	9.962932e-01	9.948908e-01	4.301257e-01
6.961364e-03	-2.287249e-02	-2.287274e-02	-1.285768e-02	9.976320e-01	9.962932e-01	9.948908e-01	4.300723e-01
6.958942e-03	-2.287260e-02	-2.287284e-02	-1.285768e-02	9.976321e-01	9.962931e-01	9.948908e-01	4.300194e-01
6.956522e-03	-2.287270e-02	-2.287295e-02	-1.285768e-02	9.976322e-01	9.962930e-01	9.948908e-01	4.299662e-01
6.954103e-03	-2.287281e-02	-2.287305e-02	-1.285768e-02	9.976322e-01	9.962929e-01	9.948908e-01	4.299118e-01
6.951686e-03	-2.287291e-02	-2.287316e-02	-1.285769e-02	9.976323e-01	9.962928e-01	9.948908e-01	4.298588e-01
6.949270e-03	-2.287302e-02	-2.287326e-02	-1.285769e-02	9.976324e-01	9.962928e-01	9.948908e-01	4.298050e-01
6.946857e-03	-2.287312e-02	-2.287337e-02	-1.285769e-02	9.976325e-01	9.962927e-01	9.948908e-01	4.297502e-01
6.944444e-03	-2.287323e-02	-2.287347e-02	-1.285769e-02	9.976326e-01	9.962926e-01	9.948908e-01	4.296969e-01
6.942034e-03	-2.287333e-02	-2.287358e-02	-1.285769e-02	9.976327e-01	9.962925e-01	9.948908e-01	4.296424e-01
6.939625e-03	-2.287344e-02	-2.287368e-02	-1.285769e-02	9.976327e-01	9.962925e-01	9.948908e-01	4.295880e-01
6.937218e-03	-2.287354e-02	-2.287379e-02	-1.285769e-02	9.976328e-01	9.962924e-01	9.948908e-01	4.295339e-01
6.934813e-03	-2.287365e-02	-2.287389e-02	-1.285769e-02	9.976329e-01	9.962923e-01	9.948908e-01	4.294790e-01
6.932409e-03	-2.287375e-02	-2.287399e-02	-1.285769e-02	9.976330e-01	9.962922e-01	9.948908e-01	4.294239e-01
6.930007e-03	-2.287386e-02	-2.287410e-02	-1.285769e-02	9.976331e-01	9.962921e-01	9.948908e-01	4.293695e-01
6.927607e-03	-2.287396e-02	-2.287420e-02	-1.285769e-02	9.976332e-01	9.962921e-01	9.948908e-01	4.293143e-01
6.925208e-03	-2.287406e-02	-2.287431e-02	-1.285769e-02	9.976332e-01	9.962920e-01	9.948909e-01	4.292591e-01
6.922811e-03	-2.287417e-02	-2.287441e-02	-1.285769e-02	9.976333e-01	9.962919e-01	9.948909e-01	4.292042e-01
6.920415e-03	-2.287427e-02	-2.287452e-02	-1.285770e-02	9.976334e-01	9.962918e-01	9.948909e-01	4.291482e-01
6.918021e-03	-2.287438e-02	-2.287462e-02	-1.285770e-02	9.976335e-01	9.962918e-01	9.948909e-01	4.290928e-01
6.915629e-03	-2.287448e-02	-2.287472e-02	-1.285770e-02	9.976336e-01	9.962917e-01	9.948909e-01	4.290376e-01
6.913239e-03	-2.287458e-02	-2.287483e-02	-1.285770e-02	9.976337e-01	9.962916e-01	9.948909e-01	4.289816e-01
6.910850e-03	-2.287469e-02	-2.287493e-02	-1.285770e-02	9.976337e-01	9.962915e-01	9.948909e-01	4.289255e-01
6.908463e-03	-2.287479e-02	-2.287503e-02	-1.285770e-02	9.976338e-01	9.962915e-01	9.948909e-01	4.288696e-01
6.906077e-03	-2.287489e-02	-2.287514e-02	-1.285770e-02	9.976339e-01	9.962914e-01	9.948909e-01	4.288130e-01
6.903693e-03	-2.287500e-02	-2.287524e-02	-1.285770e-02	9.976340e-01	9.962913e-01	9.948909e-01	4.287571e-01
6.901311e-03	-2.287510e-02	-2.287534e-02	-1.285770e-02	9.976341e-01	9.962912e-01	9.948909e-01	4.287000e-01
6.898931e-03	-2.287520e-02	-2.287545e-02	-1.285770e-02	9.976341e-01	9.962912e-01	9.948909e-01	4.286442e-01
6.896552e-03	-2.287531e-02	-2.287555e-02	-1.285770e-02	9.976342e-01	9.962911e-01	9.948909e-01	4.285873e-01
6.894174e-03	-2.287541e-02	-2.287565e-02	-1.285770e-02	9.976343e-01	9.962910e-01	9.948909e-01	4.285302e-01
6.891799e-03	-2.287551e-02	-2.287576e-02	-1.285771e-02	9.976344e-01	9.962909e-01	9.948909e-01	4.284728e-01
6.889425e-03	-2.287561e-02	-2.287586e-02	-1.285771e-02	9.976345e-01	9.962908e-01	9.948909e-01	4.284160e-01
6.887052e-03	-2.287572e-02	-2.287596e-02	-1.285771e-02	9.976346e-01	9.962908e-01	9.948909e-01	4.283588e-01
6.884682e-03	-2.287582e-02	-2.287606e-02	-1.285771e-02	9.976346e-01	9.962907e-01	9.948910e-01	4.283012e-01
6.882312e-03	-2.287592e-02	-2.287617e-02	-1.285771e-02	9.976347e-01	9.962906e-01	9.948910e-01	4.282440e-01
6.879945e-03	-2.287602e-02	-2.287627e-02	-1.285771e-02	9.976348e-01	9.962905e-01	9.948910e-01	4.281855e-01
6.877579e-03	-2.287613e-02	-2.287637e-02	-1.285771e-02	9.976349e-01	9.962905e-01	9.948910e-01	4.281285e-01
6.875215e-03	-2.287623e-02	-2.287647e-02	-1.285771e-02	9.976350e-01	9.962904e-01	9.948910e-01	4.280706e-01
6.872852e-03	-2.287633e-02	-2.287657e-02	-1.285771e-02	9.976350e-01	9.962903e-01	9.948910e-01	4.280122e-01
6.870491e-03	-2.287643e-02	-2.287668e-02	-1.285771e-02	9.976351e-01	9.962902e-01	9.948910e-01	4.279540e-01
6.868132e-03	-2.287654e-02	-2.287678e-02	-1.285771e-02	9.976352e-01	9.962902e-01	9.948910e-01	4.278952e-01
6.865774e-03	-2.287664e-02	-2.287688e-02	-1.285771e-02	9.976353e-01	9.962901e-01	9.948910e-01	4.278374e-01
6.863418e-03	-2.287674e-02	-2.287698e-02	-1.285771e-02	9.976354e-01	9.962900e-01	9.948910e-01	4.277792e-01
6.861063e-03	-2.287684e-02	-2.287708e-02	-1.285772e-02	9.976355e-01	9.962899e-01	9.948910e-01	4.277194e-01
6.858711e-03	-2.287694e-02	-2.287719e-02	-1.285772e-02	9.976355e-01	9.962899e-01	9.948910e-01	4.276613e-01
6.856359e-03	-2.287704e-02	-2.287729e-02	-1.285772e-02	9.976356e-01	9.962898e-01	9.948910e-01	4.276024e-01
6.854010e-03	-2.287715e-02	-2.287739e-02	-1.285772e-02	9.976357e-01	9.962897e-01	9.948910e-01	4.275431e-01
6.851662e-03	-2.287725e-02	-2.287749e-02	-1.285772e-02	9.976358e-01	9.962896e-01	9.948910e-01	4.274843e-01
6.849315e-03	-2.287735e-02	-2.287759e-02	-1.285772e-02	9.976359e-01	9.962896e-01	9.948910e-01	4.274247e-01
6.846970e-03	-2.287745e-02	-2.287769e-02	-1.285772e-02	9.976359e-01	9.962895e-01	9.948910e-01	4.273655e-01
6.844627e-03	-2.287755e-02	-2.287779e-02	-1.285772e-02	9.976360e-01	9.962894e-01	9.948911e-01	4.273060e-01
6.842285e-03	-2.287765e-02	-2.287790e-02	-1.285772e-02	9.976361e-01	9.962893e-01	9.948911e-01	4.272469e-01
6.839945e-03	-2.287775e-02	-2.287800e-02	-1.285772e-02	9.976362e-01	9.962893e-01	9.948911e-01	4.271865e-01
6.837607e-03	-2.287785e-02	-2.287810e-02	-1.285772e-02	9.976363e-01	9.962892e-01	9.948911e-01	4.271272e-01
6.835270e-03	-2.287795e-02	-2.287820e-02	-1.285772e-02	9.976363e-01	9.962891e-01	9.948911e-01	4.270673e-01
6.832935e-03	-2.287806e-02	-2.287830e-02	-1.285772e-02	9.976364e-01	9.962890e-01	9.948911e-01	4.270073e-01
6.830601e-03	-2.287816e-02	-2.287840e-02	-1.285773e-02	9.976365e-01	9.962890e-01	9.948911e-01	4.269473e-01
6.828269e-03	-2.287826e-02	-2.287850e-02	-1.285773e-02	9.976366e-01	9.962889e-01	9.948911e-01	4.268874e-01
6.825939e-03	-2.287836e-02	-2.287860e-02	-1.285773e-02	9.976367e-01	9.962888e-01	9.948911e-01	4.268275e-01
6.823610e-03	-2.287846e-02	-2.287870e-02	-1.285773e-02	9.976367e-01	9.962887e-01	9.948911e-01	4.267664e-01
6.821282e-03	-2.287856e-02	-2.287880e-02	-1.285773e-02	9.976368e-01	9.962887e-01	9.948911e-01	4.267068e-01
6.818957e-03	-2.287866e-02	-2.287890e-02	-1.285773e-02	9.976369e-01	9.962886e-01	9.948911e-01	4.266462e-01
6.816633e-03	-2.287876e-02	-2.287900e-02	-1.285773e-02	9.976370e-01	9.962885e-01	9.948911e-01	4.265854e-01
6.814310e-03	-2.287886e-02	-2.287910e-02	-1.285773e-02	9.976371e-01	9.962884e-01	9.948911e-01	4.265248e-01
6.811989e-03	-2.287896e-02	-2.287920e-02	-1.285773e-02	9.976371e-01	9.962884e-01	9.948911e-01	4.264650e-01
6.809670e-03	-2.287906e-02	-2.287930e-02	-1.285773e-02	9.976372e-01	9.962883e-01	9.948911e-01	4.264033e-01
6.807352e-03	-2.287916e-02	-2.287940e-02	-1.285773e-02	9.976373e-01	9.962882e-01	9.948911e-01	4.263433e-01
6.805036e-03	-2.287926e-02	-2.287950e-02	-1.285773e-02	9.976374e-01	9.962882e-01	9.948912e-01	4.262824e-01
6.802721e-03	-2.287936e-02	-2.287960e-02	-1.285773e-02	9.976375e-01	9.962881e-01	9.948912e-01	4.262207e-01
6.800408e-03	-2.287946e-02	-2.287970e-02	-1.285774e-02	9.976375e-01	9.962880e-01	9.948912e-01	4.261602e-01
6.798097e-03	-2.287956e-02	-2.287980e-02	-1.285774e-02	9.976376e-01	9.962879e-01	9.948912e-01	4.260993e-01
6.795787e-03	-2.287966e-02	-2.287990e-02	-1.285774e-02	9.976377e-01	9.962879e-01	9.948912e-01	4.260379e-01
6.793478e-03	-2.287976e-02	-2.288000e-02	-1.285774e-02	9.976378e-01	9.962878e-01	9.948912e-01	4.259764e-01
6.791171e-03	-2.287986e-02	-2.288010e-02	-1.285774e-02	9.976379e-01	9.962877e-01	9.948912e-01	4.259154e-01
6.788866e-03	-2.287995e-02	-2.288020e-02	-1.285774e-02	9.976379e-01	9.962876e-01	9.948912e-01	4.258537e-01
6.786563e-03	-2.288005e-02	-2.288030e-02	-1.285774e-02	9.976380e-01	9.962876e-01	9.948912e-01	4.257924e-01
6.784261e-03	-2.288015e-02	-2.288040e-02	-1.285774e-02	9.976381e-01	9.962875e-01	9.948912e-01	4.257307e-01
6.781960e-03	-2.288025e-02	-2.288050e-02	-1.285774e-02	9.976382e-01	9.962874e-01	9.948912e-01	4.256686e-01
6.779661e-03	-2.288035e-02	-2.288059e-02	-1.285774e-02	9.976382e-01	9.962873e-01	9.948912e-01	4.256071e-01
6.777364e-03	-2.288045e-02	-2.288069e-02	-1.285774e-02	9.976383e-01	9.962873e-01	9.948912e-01	4.255446e-01
6.775068e-03	-2.288055e-02	-2.288079e-02	-1.285774e-02	9.976384e-01	9.962872e-01	9.948912e-01	4.254830e-01
6.772773e-03	-2.288065e-02	-2.288089e-02	-1.285774e-02	9.976385e-01	9.962871e-01	9.948912e-01	4.254201e-01
6.770481e-03	-2.288074e-02	-2.288099e-02	-1.285774e-02	9.976386e-01	9.962871e-01	9.948912e-01	4.253579e-01
6.768190e-03	-2.288084e-02	-2.288109e-02	-1.285775e-02	9.976386e-01	9.962870e-01	9.948912e-01	4.252950e-01
6.765900e-03	-2.288094e-02	-2.288119e-02	-1.285775e-02	9.976387e-01	9.962869e-01	9.948912e-01	4.252322e-01
6.763612e-03	-2.288104e-02	-2.288128e-02	-1.285775e-02	9.976388e-01	9.962868e-01	9.948913e-01	4.251695e-01
6.761325e-03	-2.288114e-02	-2.288138e-02	-1.285775e-02	9.976389e-01	9.962868e-01	9.948913e-01	4.251058e-01
6.759040e-03	-2.288124e-02	-2.288148e-02	-1.285775e-02	9.976390e-01	9.962867e-01	9.948913e-01	4.250424e-01
6.756757e-03	-2.288133e-02	-2.288158e-02	-1.285775e-02	9.976390e-01	9.962866e-01	9.948913e-01	4.249793e-01
6.754475e-03	-2.288143e-02	-2.288168e-02	-1.285775e-02	9.976391e-01	9.962865e-01	9.948913e-01	4.249152e-01
6.752194e-03	-2.288153e-02	-2.288177e-02	-1.285775e-02	9.976392e-01	9.962865e-01	9.948913e-01	4.248515e-01
6.749916e-03	-2.288163e-02	-2.288187e-02	-1.285775e-02	9.976393e-01	9.962864e-01	9.948913e-01	4.247870e-01
6.747638e-03	-2.288173e-02	-2.288197e-02	-1.285775e-02	9.976393e-01	9.962863e-01	9.948913e-01	4.247229e-01
6.745363e-03	-2.288182e-02	-2.288207e-02	-1.285775e-02	9.976394e-01	9.962863e-01	9.948913e-01	4.246578e-01
6.743088e-03	-2.288192e-02	-2.288216e-02	-1.285775e-02	9.976395e-01	9.962862e-01	9.948913e-01	4.245937e-01
6.740816e-03	-2.288202e-02	-2.288226e-02	-1.285775e-02	9.976396e-01	9.962861e-01	9.948913e-01	4.245284e-01
6.738544e-03	-2.288212e-02	-2.288236e-02	-1.285776e-02	9.976397e-01	9.962860e-01	9.948913e-01	4.244637e-01
6.736275e-03	-2.288221e-02	-2.288246e-02	-1.285776e-02	9.976397e-01	9.962860e-01	9.948913e-01	4.243979e-01
6.734007e-03	-2.288231e-02	-2.288255e-02	-1.285776e-02	9.976398e-01	9.962859e-01	9.948913e-01	4.243323e-01
6.731740e-03	-2.288241e-02	-2.288265e-02	-1.285776e-02	9.976399e-01	9.962858e-01	9.948913e-01	4.242664e-01
6.729475e-03	-2.288250e-02	-2.288275e-02	-1.285776e-02	9.976400e-01	9.962858e-01	9.948913e-01	4.242015e-01
6.727212e-03	-2.288260e-02	-2.288285e-02	-1.285776e-02	9.976400e-01	9.962857e-01	9.948913e-01	4.241352e-01
6.724950e-03	-2.288270e-02	-2.288294e-02	-1.285776e-02	9.976401e-01	9.962856e-01	9.948913e-01	4.240686e-01
6.722689e-03	-2.288280e-02	-2.288304e-02	-1.285776e-02	9.976402e-01	9.962855e-01	9.948914e-01	4.240029e-01
6.720430e-03	-2.288289e-02	-2.288314e-02	-1.285776e-02	9.976403e-01	9.962855e-01	9.948914e-01	4.239365e-01
6.718173e-03	-2.288299e-02	-2.288323e-02	-1.285776e-02	9.976403e-01	9.962854e-01	9.948914e-01	4.238705e-01
6.715917e-03	-2.288309e-02	-2.288333e-02	-1.285776e-02	9.976404e-01	9.962853e-01	9.948914e-01	4.238032e-01
6.713662e-03	-2.288318e-02	-2.288343e-02	-1.285776e-02	9.976405e-01	9.962852e-01	9.948914e-01	4.237373e-01
6.711409e-03	-2.288328e-02	-2.288352e-02	-1.285776e-02	9.976406e-01	9.962852e-01	9.948914e-01	4.236704e-01
6.709158e-03	-2.288337e-02	-2.288362e-02	-1.285776e-02	9.976407e-01	9.962851e-01	9.948914e-01	4.236035e-01
6.706908e-03	-2.288347e-02	-2.288371e-02	-1.285777e-02	9.976407e-01	9.962850e-01	9.948914e-01	4.235368e-01
6.704660e-03	-2.288357e-02	-2.288381e-02	-1.285777e-02	9.976408e-01	9.962850e-01	9.948914e-01	4.234704e-01
6.702413e-03	-2.288366e-02	-2.288391e-02	-1.285777e-02	9.976409e-01	9.962849e-01	9.948914e-01	4.234024e-01
6.700168e-03	-2.288376e-02	-2.288400e-02	-1.285777e-02	9.976410e-01	9.962848e-01	9.948914e-01	4.233360e-01
6.697924e-03	-2.288386e-02	-2.288410e-02	-1.285777e-02	9.976410e-01	9.962848e-01	9.948914e-01	4.232692e-01
6.695681e-03	-2.288395e-02	-2.288420e-02	-1.285777e-02	9.976411e-01	9.962847e-01	9.948914e-01	4.232019e-01
6.693440e-03	-2.288405e-02	-2.288429e-02	-1.285777e-02	9.976412e-01	9.962846e-01	9.948914e-01	4.231347e-01
6.691201e-03	-2.288414e-02	-2.288439e-02	-1.285777e-02	9.976413e-01	9.962845e-01	9.948914e-01	4.230680e-01
6.688963e-03	-2.288424e-02	-2.288448e-02	-1.285777e-02	9.976413e-01	9.962845e-01	9.948914e-01	4.230011e-01
6.686727e-03	-2.288433e-02	-2.288458e-02	-1.285777e-02	9.976414e-01	9.962844e-01	9.948914e-01	4.229337e-01
6.684492e-03	-2.288443e-02	-2.288467e-02	-1.285777e-02	9.976415e-01	9.962843e-01	9.948914e-01	4.228661e-01
6.682259e-03	-2.288453e-02	-2.288477e-02	-1.285777e-02	9.976416e-01	9.962843e-01	9.948915e-01	4.227998e-01
6.680027e-03	-2.288462e-02	-2.288486e-02	-1.285777e-02	9.976416e-01	9.962842e-01	9.948915e-01	4.227328e-01
6.677796e-03	-2.288472e-02	-2.288496e-02	-1.285778e-02	9.976417e-01	9.962841e-01	9.948915e-01	4.226666e-01
6.675567e-03	-2.288481e-02	-2.288505e-02	-1.285778e-02	9.976418e-01	9.962840e-01	9.948915e-01	4.225987e-01
6.673340e-03	-2.288491e-02	-2.288515e-02	-1.285778e-02	9.976419e-01	9.962840e-01	9.948915e-01	4.225318e-01
6.671114e-03	-2.288500e-02	-2.288524e-02	-1.285778e-02	9.976419e-01	9.962839e-01	9.948915e-01	4.224654e-01
6.668890e-03	-2.288510e-02	-2.288534e-02	-1.285778e-02	9.976420e-01	9.962838e-01	9.948915e-01	4.223990e-01
6.666667e-03	-2.288519e-02	-2.288543e-02	-1.285778e-02	9.976421e-01	9.962838e-01	9.948915e-01	4.223319e-01
6.664445e-03	-2.288529e-02	-2.288553e-02	-1.285778e-02	9.976422e-01	9.962837e-01	9.948915e-01	4.222657e-01
6.662225e-03	-2.288538e-02	-2.288562e-02	-1.285778e-02	9.976423e-01	9.962836e-01	9.948915e-01	4.221993e-01
6.660007e-03	-2.288547e-02	-2.288572e-02	-1.285778e-02	9.976423e-01	9.962836e-01	9.948915e-01	4.221329e-01
6.657790e-03	-2.288557e-02	-2.288581e-02	-1.285778e-02	9.976424e-01	9.962835e-01	9.948915e-01	4.220672e-01
6.655574e-03	-2.288566e-02	-2.288591e-02	-1.285778e-02	9.976425e-01	9.962834e-01	9.948915e-01	4.220016e-01
6.653360e-03	-2.288576e-02	-2.288600e-02	-1.285778e-02	9.976426e-01	9.962833e-01	9.948915e-01	4.219359e-01
6.651147e-03	-2.288585e-02	-2.288610e-02	-1.285778e-02	9.976426e-01	9.962833e-01	9.948915e-01	4.218705e-01
6.648936e-03	-2.288595e-02	-2.288619e-02	-1.285778e-02	9.976427e-01	9.962832e-01	9.948915e-01	4.218052e-01
6.646726e-03	-2.288604e-02	-2.288628e-02	-1.285779e-02	9.976428e-01	9.962831e-01	9.948915e-01	4.217403e-01
6.644518e-03	-2.288613e-02	-2.288638e-02	-1.285779e-02	9.976429e-01	9.962831e-01	9.948915e-01	4.216758e-01
6.642312e-03	-2.288623e-02	-2.288647e-02	-1.285779e-02	9.976429e-01	9.962830e-01	9.948916e-01	4.216118e-01
6.640106e-03	-2.288632e-02	-2.288657e-02	-1.285779e-02	9.976430e-01	9.962829e-01	9.948916e-01	4.215477e-01
6.637902e-03	-2.288642e-02	-2.288666e-02	-1.285779e-02	9.976431e-01	9.962829e-01	9.948916e-01	4.214843e-01
6.635700e-03	-2.288651e-02	-2.288675e-02	-1.285779e-02	9.976432e-01	9.962828e-01	9.948916e-01	4.214211e-01
6.633499e-03	-2.288660e-02	-2.288685e-02	-1.285779e-02	9.976432e-01	9.962827e-01	9.948916e-01	4.213578e-01
6.631300e-03	-2.288670e-02	-2.288694e-02	-1.285779e-02	9.976433e-01	9.962826e-01	9.948916e-01	4.212956e-01
6.629102e-03	-2.288679e-02	-2.288703e-02	-1.285779e-02	9.976434e-01	9.962826e-01	9.948916e-01	4.212337e-01
6.626905e-03	-2.288688e-02	-2.288713e-02	-1.285779e-02	9.976434e-01	9.962825e-01	9.948916e-01	4.211724e-01
6.624710e-03	-2.288698e-02	-2.288722e-02	-1.285779e-02	9.976435e-01	9.962824e-01	9.948916e-01	4.211115e-01
6.622517e-03	-2.288707e-02	-2.288732e-02	-1.285779e-02	9.976436e-01	9.962824e-01	9.948916e-01	4.210509e-01
6.620324e-03	-2.288716e-02	-2.288741e-02	-1.285779e-02	9.976437e-01	9.962823e-01	9.948916e-01	4.209914e-01
6.618134e-03	-2.288726e-02	-2.288750e-02	-1.285779e-02	9.976437e-01	9.962822e-01	9.948916e-01	4.209327e-01
6.615944e-03	-2.288735e-02	-2.288759e-02	-1.285780e-02	9.976438e-01	9.962822e-01	9.948916e-01	4.208733e-01
6.613757e-03	-2.288744e-02	-2.288769e-02	-1.285780e-02	9.976439e-01	9.962821e-01	9.948916e-01	4.208154e-01
6.611570e-03	-2.288754e-02	-2.288778e-02	-1.285780e-02	9.976440e-01	9.962820e-01	9.948916e-01	4.207586e-01
6.609385e-03	-2.288763e-02	-2.288787e-02	-1.285780e-02	9.976440e-01	9.962820e-01	9.948916e-01	4.207015e-01
6.607202e-03	-2.288772e-02	-2.288797e-02	-1.285780e-02	9.976441e-01	9.962819e-01	9.948916e-01	4.206461e-01
6.605020e-03	-2.288781e-02	-2.288806e-02	-1.285780e-02	9.976442e-01	9.962818e-01	9.948916e-01	4.205901e-01
6.602839e-03	-2.288791e-02	-2.288815e-02	-1.285780e-02	9.976443e-01	9.962818e-01	9.948916e-01	4.205373e-01
6.600660e-03	-2.288800e-02	-2.288824e-02	-1.285780e-02	9.976443e-01	9.962817e-01	9.948917e-01	4.204818e-01
6.598482e-03	-2.288809e-02	-2.288834e-02	-1.285780e-02	9.976444e-01	9.962816e-01	9.948917e-01	4.204303e-01
6.596306e-03	-2.288818e-02	-2.288843e-02	-1.285780e-02	9.976445e-01	9.962816e-01	9.948917e-01	4.203772e-01
6.594131e-03	-2.288828e-02	-2.288852e-02	-1.285780e-02	9.976446e-01	9.962815e-01	9.948917e-01	4.203254e-01
6.591958e-03	-2.288837e-02	-2.288861e-02	-1.285780e-02	9.976446e-01	9.962814e-01	9.948917e-01	4.202754e-01
6.589786e-03	-2.288846e-02	-2.288871e-02	-1.285780e-02	9.976447e-01	9.962813e-01	9.948917e-01	4.202252e-01
6.587615e-03	-2.288855e-02	-2.288880e-02	-1.285781e-02	9.976448e-01	9.962813e-01	9.948917e-01	4.201754e-01
6.585446e-03	-2.288865e-02	-2.288889e-02	-1.285781e-02	9.976448e-01	9.962812e-01	9.948917e-01	4.201266e-01
6.583278e-03	-2.288874e-02	-2.288898e-02	-1.285781e-02	9.976449e-01	9.962811e-01	9.948917e-01	4.200788e-01
6.581112e-03	-2.288883e-02	-2.288907e-02	-1.285781e-02	9.976450e-01	9.962811e-01	9.948917e-01	4.200306e-01
6.578947e-03	-2.288892e-02	-2.288916e-02	-1.285781e-02	9.976451e-01	9.962810e-01	9.948917e-01	4.199831e-01
6.576784e-03	-2.288901e-02	-2.288926e-02	-1.285781e-02	9.976451e-01	9.962809e-01	9.948917e-01	4.199357e-01
6.574622e-03	-2.288910e-02	-2.288935e-02	-1.285781e-02	9.976452e-01	9.962809e-01	9.948917e-01	4.198891e-01
6.572461e-03	-2.288920e-02	-2.288944e-02	-1.285781e-02	9.976453e-01	9.962808e-01	9.948917e-01	4.198427e-01
6.570302e-03	-2.288929e-02	-2.288953e-02	-1.285781e-02	9.976454e-01	9.962807e-01	9.948917e-01	4.197952e-01
6.568144e-03	-2.288938e-02	-2.288962e-02	-1.285781e-02	9.976454e-01	9.962807e-01	9.948917e-01	4.197485e-01
6.565988e-03	-2.288947e-02	-2.288971e-02	-1.285781e-02	9.976455e-01	9.962806e-01	9.948917e-01	4.197009e-01
6.563833e-03	-2.288956e-02	-2.288980e-02	-1.285781e-02	9.976456e-01	9.962805e-01	9.948917e-01	4.196531e-01
6.561680e-03	-2.288965e-02	-2.288990e-02	-1.285781e-02	9.976456e-01	9.962805e-01	9.948917e-01	4.196049e-01
6.559528e-03	-2.288974e-02	-2.288999e-02	-1.285781e-02	9.976457e-01	9.962804e-01	9.948917e-01	4.195556e-01
6.557377e-03	-2.288983e-02	-2.289008e-02	-1.285782e-02	9.976458e-01	9.962803e-01	9.948918e-01	4.195050e-01
6.555228e-03	-2.288993e-02	-2.289017e-02	-1.285782e-02	9.976459e-01	9.962803e-01	9.948918e-01	4.194532e-01
6.553080e-03	-2.289002e-02	-2.289026e-02	-1.285782e-02	9.976459e-01	9.962802e-01	9.948918e-01	4.194006e-01
6.550934e-03	-2.289011e-02	-2.289035e-02	-1.285782e-02	9.976460e-01	9.962801e-01	9.948918e-01	4.193458e-01
6.548788e-03	-2.289020e-02	-2.289044e-02	-1.285782e-02	9.976461e-01	9.962801e-01	9.948918e-01	4.192888e-01
6.546645e-03	-2.289029e-02	-2.289053e-02	-1.285782e-02	9.976461e-01	9.962800e-01	9.948918e-01	4.192307e-01
6.544503e-03	-2.289038e-02	-2.289062e-02	-1.285782e-02	9.976462e-01	9.962799e-01	9.948918e-01	4.191705e-01
6.542362e-03	-2.289047e-02	-2.289071e-02	-1.285782e-02	9.976463e-01	9.962799e-01	9.948918e-01	4.191074e-01
6.540222e-03	-2.289056e-02	-2.289080e-02	-1.285782e-02	9.976464e-01	9.962798e-01	9.948918e-01	4.190413e-01
6.538084e-03	-2.289065e-02	-2.289089e-02	-1.285782e-02	9.976464e-01	9.962797e-01	9.948918e-01	4.189744e-01
6.535948e-03	-2.289074e-02	-2.289098e-02	-1.285782e-02	9.976465e-01	9.962797e-01	9.948918e-01	4.189033e-01
6.533812e-03	-2.289083e-02	-2.289107e-02	-1.285782e-02	9.976466e-01	9.962796e-01	9.948918e-01	4.188302e-01
6.531679e-03	-2.289092e-02	-2.289116e-02	-1.285782e-02	9.976466e-01	9.962795e-01	9.948918e-01	4.187549e-01
6.529546e-03	-2.289101e-02	-2.289125e-02	-1.285782e-02	9.976467e-01	9.962795e-01	9.948918e-01	4.186759e-01
6.527415e-03	-2.289110e-02	-2.289134e-02	-1.285783e-02	9.976468e-01	9.962794e-01	9.948918e-01	4.185954e-01
6.525285e-03	-2.289119e-02	-2.289143e-02	-1.285783e-02	9.976469e-01	9.962793e-01	9.948918e-01	4.185119e-01
6.523157e-03	-2.289128e-02	-2.289152e-02	-1.285783e-02	9.976469e-01	9.962793e-01	9.948918e-01	4.184263e-01
6.521030e-03	-2.289137e-02	-2.289161e-02	-1.285783e-02	9.976470e-01	9.962792e-01	9.948918e-01	4.183379e-01
6.518905e-03	-2.289146e-02	-2.289170e-02	-1.285783e-02	9.976471e-01	9.962791e-01	9.948918e-01	4.182494e-01
6.516781e-03	-2.289155e-02	-2.289179e-02	-1.285783e-02	9.976471e-01	9.962791e-01	9.948918e-01	4.181563e-01
6.514658e-03	-2.289164e-02	-2.289188e-02	-1.285783e-02	9.976472e-01	9.962790e-01	9.948918e-01	4.180639e-01
6.512537e-03	-2.289173e-02	-2.289197e-02	-1.285783e-02	9.976473e-01	9.962789e-01	9.948919e-01	4.179687e-01
6.510417e-03	-2.289182e-02	-2.289206e-02	-1.285783e-02	9.976474e-01	9.962789e-01	9.948919e-01	4.178730e-01
6.508298e-03	-2.289191e-02	-2.289215e-02	-1.285783e-02	9.976474e-01	9.962788e-01	9.948919e-01	4.177751e-01
6.506181e-03	-2.289200e-02	-2.289224e-02	-1.285783e-02	9.976475e-01	9.962787e-01	9.948919e-01	4.176774e-01
6.504065e-03	-2.289209e-02	-2.289233e-02	-1.285783e-02	9.976476e-01	9.962787e-01	9.948919e-01	4.175785e-01
6.501951e-03	-2.289218e-02	-2.289242e-02	-1.285783e-02	9.976476e-01	9.962786e-01	9.948919e-01	4.174788e-01
6.499838e-03	-2.289226e-02	-2.289251e-02	-1.285783e-02	9.976477e-01	9.962785e-01	9.948919e-01	4.173787e-01
6.497726e-03	-2.289235e-02	-2.289260e-02	-1.285783e-02	9.976478e-01	9.962785e-01	9.948919e-01	4.172787e-01
6.495615e-03	-2.289244e-02	-2.289269e-02	-1.285784e-02	9.976478e-01	9.962784e-01	9.948919e-01	4.171778e-01
6.493506e-03	-2.289253e-02	-2.289277e-02	-1.285784e-02	9.976479e-01	9.962783e-01	9.948919e-01	4.170773e-01
6.491399e-03	-2.289262e-02	-2.289286e-02	-1.285784e-02	9.976480e-01	9.962783e-01	9.948919e-01	4.169769e-01
6.489293e-03	-2.289271e-02	-2.289295e-02	-1.285784e-02	9.976481e-01	9.962782e-01	9.948919e-01	4.168786e-01
6.487188e-03	-2.289280e-02	-2.289304e-02	-1.285784e-02	9.976481e-01	9.962781e-01	9.948919e-01	4.167792e-01
6.485084e-03	-2.289289e-02	-2.289313e-02	-1.285784e-02	9.976482e-01	9.962781e-01	9.948919e-01	4.166816e-01
6.482982e-03	-2.289297e-02	-2.289322e-02	-1.285784e-02	9.976483e-01	9.962780e-01	9.948919e-01	4.165856e-01
6.480881e-03	-2.289306e-02	-2.289331e-02	-1.285784e-02	9.976483e-01	9.962779e-01	9.948919e-01	4.164903e-01
6.478782e-03	-2.289315e-02	-2.289339e-02	-1.285784e-02	9.976484e-01	9.962779e-01	9.948919e-01	4.163964e-01
6.476684e-03	-2.289324e-02	-2.289348e-02	-1.285784e-02	9.976485e-01	9.962778e-01	9.948919e-01	4.163034e-01
6.474587e-03	-2.289333e-02	-2.289357e-02	-1.285784e-02	9.976485e-01	9.962778e-01	9.948919e-01	4.162114e-01
6.472492e-03	-2.289342e-02	-2.289366e-02	-1.285784e-02	9.976486e-01	9.962777e-01	9.948919e-01	4.161198e-01
6.470398e-03	-2.289350e-02	-2.289375e-02	-1.285784e-02	9.976487e-01	9.962776e-01	9.948919e-01	4.160271e-01
6.468305e-03	-2.289359e-02	-2.289384e-02	-1.285784e-02	9.976488e-01	9.962776e-01	9.948919e-01	4.159330e-01
6.466214e-03	-2.289368e-02	-2.289392e-02	-1.285784e-02	9.976488e-01	9.962775e-01	9.948920e-01	4.158377e-01
6.464124e-03	-2.289377e-02	-2.289401e-02	-1.285785e-02	9.976489e-01	9.962774e-01	9.948920e-01	4.157408e-01
6.462036e-03	-2.289386e-02	-2.289410e-02	-1.285785e-02	9.976490e-01	9.962774e-01	9.948920e-01	4.156424e-01
6.459948e-03	-2.289394e-02	-2.289419e-02	-1.285785e-02	9.976490e-01	9.962773e-01	9.948920e-01	4.155415e-01
6.457862e-03	-2.289403e-02	-2.289427e-02	-1.285785e-02	9.976491e-01	9.962772e-01	9.948920e-01	4.154401e-01
6.455778e-03	-2.289412e-02	-2.289436e-02	-1.285785e-02	9.976492e-01	9.962772e-01	9.948920e-01	4.153379e-01
6.453695e-03	-2.289421e-02	-2.289445e-02	-1.285785e-02	9.976492e-01	9.962771e-01	9.948920e-01	4.152373e-01
6.451613e-03	-2.289429e-02	-2.289454e-02	-1.285785e-02	9.976493e-01	9.962770e-01	9.948920e-01	4.151346e-01
6.449532e-03	-2.289438e-02	-2.289462e-02	-1.285785e-02	9.976494e-01	9.962770e-01	9.948920e-01	4.150347e-01
6.447453e-03	-2.289447e-02	-2.289471e-02	-1.285785e-02	9.976494e-01	9.962769e-01	9.948920e-01	4.149343e-01
6.445375e-03	-2.289456e-02	-2.289480e-02	-1.285785e-02	9.976495e-01	9.962768e-01	9.948920e-01	4.148359e-01
6.443299e-03	-2.289464e-02	-2.289489e-02	-1.285785e-02	9.976496e-01	9.962768e-01	9.948920e-01	4.147370e-01
6.441224e-03	-2.289473e-02	-2.289497e-02	-1.285785e-02	9.976497e-01	9.962767e-01	9.948920e-01	4.146393e-01
6.439150e-03	-2.289482e-02	-2.289506e-02	-1.285785e-02	9.976497e-01	9.962767e-01	9.948920e-01	4.145427e-01
6.437078e-03	-2.289490e-02	-2.289515e-02	-1.285785e-02	9.976498e-01	9.962766e-01	9.948920e-01	4.144468e-01
6.435006e-03	-2.289499e-02	-2.289523e-02	-1.285786e-02	9.976499e-01	9.962765e-01	9.948920e-01	4.143502e-01
6.432937e-03	-2.289508e-02	-2.289532e-02	-1.285786e-02	9.976499e-01	9.962765e-01	9.948920e-01	4.142556e-01
6.430868e-03	-2.289516e-02	-2.289541e-02	-1.285786e-02	9.976500e-01	9.962764e-01	9.948920e-01	4.141620e-01
6.428801e-03	-2.289525e-02	-2.289549e-02	-1.285786e-02	9.976501e-01	9.962763e-01	9.948920e-01	4.140676e-01
6.426735e-03	-2.289534e-02	-2.289558e-02	-1.285786e-02	9.976501e-01	9.962763e-01	9.948920e-01	4.139747e-01
6.424671e-03	-2.289542e-02	-2.289567e-02	-1.285786e-02	9.976502e-01	9.962762e-01	9.948920e-01	4.138821e-01
6.422608e-03	-2.289551e-02	-2.289575e-02	-1.285786e-02	9.976503e-01	9.962761e-01	9.948920e-01	4.137901e-01
6.420546e-03	-2.289560e-02	-2.289584e-02	-1.285786e-02	9.976503e-01	9.962761e-01	9.948920e-01	4.136978e-01
6.418485e-03	-2.289568e-02	-2.289593e-02	-1.285786e-02	9.976504e-01	9.962760e-01	9.948921e-01	4.136068e-01
6.416426e-03	-2.289577e-02	-2.289601e-02	-1.285786e-02	9.976505e-01	9.962759e-01	9.948921e-01	4.135164e-01
6.414368e-03	-2.289586e-02	-2.289610e-02	-1.285786e-02	9.976505e-01	9.962759e-01	9.948921e-01	4.134255e-01
6.412312e-03	-2.289594e-02	-2.289618e-02	-1.285786e-02	9.976506e-01	9.962758e-01	9.948921e-01	4.133360e-01
6.410256e-03	-2.289603e-02	-2.289627e-02	-1.285786e-02	9.976507e-01	9.962758e-01	9.948921e-01	4.132459e-01
6.408202e-03	-2.289611e-02	-2.289636e-02	-1.285786e-02	9.976507e-01	9.962757e-01	9.948921e-01	4.131569e-01
6.406150e-03	-2.289620e-02	-2.289644e-02	-1.285787e-02	9.976508e-01	9.962756e-01	9.948921e-01	4.130679e-01
6.404099e-03	-2.289628e-02	-2.289653e-02	-1.285787e-02	9.976509e-01	9.962756e-01	9.948921e-01	4.129788e-01
6.402049e-03	-2.289637e-02	-2.289661e-02	-1.285787e-02	9.976509e-01	9.962755e-01	9.948921e-01	4.128902e-01
6.400000e-03	-2.289646e-02	-2.289670e-02	-1.285787e-02	9.976510e-01	9.962754e-01	9.948921e-01	4.128026e-01
6.397953e-03	-2.289654e-02	-2.289679e-02	-1.285787e-02	9.976511e-01	9.962754e-01	9.948921e-01	4.127142e-01
6.395907e-03	-2.289663e-02	-2.289687e-02	-1.285787e-02	9.976511e-01	9.962753e-01	9.948921e-01	4.126273e-01
6.393862e-03	-2.289671e-02	-2.289696e-02	-1.285787e-02	9.976512e-01	9.962753e-01	9.948921e-01	4.125389e-01
6.391818e-03	-2.289680e-02	-2.289704e-02	-1.285787e-02	9.976513e-01	9.962752e-01	9.948921e-01	4.124519e-01
6.389776e-03	-2.289688e-02	-2.289713e-02	-1.285787e-02	9.976513e-01	9.962751e-01	9.948921e-01	4.123649e-01
6.387736e-03	-2.289697e-02	-2.289721e-02	-1.285787e-02	9.976514e-01	9.962751e-01	9.948921e-01	4.122782e-01
6.385696e-03	-2.289705e-02	-2.289730e-02	-1.285787e-02	9.976515e-01	9.962750e-01	9.948921e-01	4.121919e-01
6.383658e-03	-2.289714e-02	-2.289738e-02	-1.285787e-02	9.976516e-01	9.962749e-01	9.948921e-01	4.121046e-01
6.381621e-03	-2.289722e-02	-2.289747e-02	-1.285787e-02	9.976516e-01	9.962749e-01	9.948921e-01	4.120185e-01
6.379585e-03	-2.289731e-02	-2.289755e-02	-1.285787e-02	9.976517e-01	9.962748e-01	9.948921e-01	4.119329e-01
6.377551e-03	-2.289739e-02	-2.289764e-02	-1.285788e-02	9.976518e-01	9.962748e-01	9.948921e-01	4.118472e-01
6.375518e-03	-2.289748e-02	-2.289772e-02	-1.285788e-02	9.976518e-01	9.962747e-01	9.948921e-01	4.117608e-01
6.373486e-03	-2.289756e-02	-2.289781e-02	-1.285788e-02	9.976519e-01	9.962746e-01	9.948922e-01	4.116764e-01
6.371456e-03	-2.289765e-02	-2.289789e-02	-1.285788e-02	9.976520e-01	9.962746e-01	9.948922e-01	4.115903e-01
6.369427e-03	-2.289773e-02	-2.289797e-02	-1.285788e-02	9.976520e-01	9.962745e-01	9.948922e-01	4.115058e-01
6.367399e-03	-2.289782e-02	-2.289806e-02	-1.285788e-02	9.976521e-01	9.962744e-01	9.948922e-01	4.114211e-01
6.365372e-03	-2.289790e-02	-2.289814e-02	-1.285788e-02	9.976522e-01	9.962744e-01	9.948922e-01	4.113373e-01
6.363347e-03	-2.289798e-02	-2.289823e-02	-1.285788e-02	9.976522e-01	9.962743e-01	9.948922e-01	4.112515e-01
6.361323e-03	-2.289807e-02	-2.289831e-02	-1.285788e-02	9.976523e-01	9.962743e-01	9.948922e-01	4.111688e-01
6.359300e-03	-2.289815e-02	-2.289840e-02	-1.285788e-02	9.976524e-01	9.962742e-01	9.948922e-01	4.110848e-01
6.357279e-03	-2.289824e-02	-2.289848e-02	-1.285788e-02	9.976524e-01	9.962741e-01	9.948922e-01	4.110017e-01
6.355259e-03	-2.289832e-02	-2.289856e-02	-1.285788e-02	9.976525e-01	9.962741e-01	9.948922e-01	4.109190e-01
6.353240e-03	-2.289840e-02	-2.289865e-02	-1.285788e-02	9.976526e-01	9.962740e-01	9.948922e-01	4.108359e-01
6.351223e-03	-2.289849e-02	-2.289873e-02	-1.285788e-02	9.976526e-01	9.962739e-01	9.948922e-01	4.107538e-01
6.349206e-03	-2.289857e-02	-2.289882e-02	-1.285789e-02	9.976527e-01	9.962739e-01	9.948922e-01	4.106718e-01
6.347191e-03	-2.289866e-02	-2.289890e-02	-1.285789e-02	9.976527e-01	9.962738e-01	9.948922e-01	4.105900e-01
6.345178e-03	-2.289874e-02	-2.289898e-02	-1.285789e-02	9.976528e-01	9.962738e-01	9.948922e-01	4.105085e-01
6.343165e-03	-2.289882e-02	-2.289907e-02	-1.285789e-02	9.976529e-01	9.962737e-01	9.948922e-01	4.104275e-01
6.341154e-03	-2.289891e-02	-2.289915e-02	-1.285789e-02	9.976529e-01	9.962736e-01	9.948922e-01	4.103467e-01
6.339144e-03	-2.289899e-02	-2.289923e-02	-1.285789e-02	9.976530e-01	9.962736e-01	9.948922e-01	4.102665e-01
6.337136e-03	-2.289907e-02	-2.289932e-02	-1.285789e-02	9.976531e-01	9.962735e-01	9.948922e-01	4.101855e-01
6.335128e-03	-2.289916e-02	-2.289940e-02	-1.285789e-02	9.976531e-01	9.962734e-01	9.948922e-01	4.101057e-01
6.333122e-03	-2.289924e-02	-2.289948e-02	-1.285789e-02	9.976532e-01	9.962734e-01	9.948922e-01	4.100259e-01
6.331117e-03	-2.289932e-02	-2.289957e-02	-1.285789e-02	9.976533e-01	9.962733e-01	9.948922e-01	4.099459e-01
6.329114e-03	-2.289941e-02	-2.289965e-02	-1.285789e-02	9.976533e-01	9.962733e-01	9.948923e-01	4.098663e-01
6.327112e-03	-2.289949e-02	-2.289973e-02	-1.285789e-02	9.976534e-01	9.962732e-01	9.948923e-01	4.097866e-01
6.325111e-03	-2.289957e-02	-2.289982e-02	-1.285789e-02	9.976535e-01	9.962731e-01	9.948923e-01	4.097068e-01
6.323111e-03	-2.289965e-02	-2.289990e-02	-1.285789e-02	9.976535e-01	9.962731e-01	9.948923e-01	4.096273e-01
6.321113e-03	-2.289974e-02	-2.289998e-02	-1.285790e-02	9.976536e-01	9.962730e-01	9.948923e-01	4.095474e-01
6.319115e-03	-2.289982e-02	-2.290006e-02	-1.285790e-02	9.976537e-01	9.962730e-01	9.948923e-01	4.094675e-01
6.317119e-03	-2.289990e-02	-2.290015e-02	-1.285790e-02	9.976537e-01	9.962729e-01	9.948923e-01	4.093874e-01
6.315125e-03	-2.289998e-02	-2.290023e-02	-1.285790e-02	9.976538e-01	9.962728e-01	9.948923e-01	4.093069e-01
6.313131e-03	-2.290007e-02	-2.290031e-02	-1.285790e-02	9.976539e-01	9.962728e-01	9.948923e-01	4.092260e-01
6.311139e-03	-2.290015e-02	-2.290039e-02	-1.285790e-02	9.976539e-01	9.962727e-01	9.948923e-01	4.091441e-01
6.309148e-03	-2.290023e-02	-2.290048e-02	-1.285790e-02	9.976540e-01	9.962727e-01	9.948923e-01	4.090643e-01
6.307159e-03	-2.290031e-02	-2.290056e-02	-1.285790e-02	9.976541e-01	9.962726e-01	9.948923e-01	4.089807e-01
6.305170e-03	-2.290040e-02	-2.290064e-02	-1.285790e-02	9.976541e-01	9.962725e-01	9.948923e-01	4.088990e-01
6.303183e-03	-2.290048e-02	-2.290072e-02	-1.285790e-02	9.976542e-01	9.962725e-01	9.948923e-01	4.088149e-01
6.301197e-03	-2.290056e-02	-2.290080e-02	-1.285790e-02	9.976543e-01	9.962724e-01	9.948923e-01	4.087323e-01
6.299213e-03	-2.290064e-02	-2.290089e-02	-1.285790e-02	9.976543e-01	9.962723e-01	9.948923e-01	4.086481e-01
6.297229e-03	-2.290072e-02	-2.290097e-02	-1.285790e-02	9.976544e-01	9.962723e-01	9.948923e-01	4.085630e-01
6.295247e-03	-2.290081e-02	-2.290105e-02	-1.285790e-02	9.976545e-01	9.962722e-01	9.948923e-01	4.084776e-01
6.293266e-03	-2.290089e-02	-2.290113e-02	-1.285791e-02	9.976545e-01	9.962722e-01	9.948923e-01	4.083915e-01
6.291287e-03	-2.290097e-02	-2.290121e-02	-1.285791e-02	9.976546e-01	9.962721e-01	9.948923e-01	4.083045e-01
6.289308e-03	-2.290105e-02	-2.290129e-02	-1.285791e-02	9.976546e-01	9.962720e-01	9.948923e-01	4.082171e-01
6.287331e-03	-2.290113e-02	-2.290138e-02	-1.285791e-02	9.976547e-01	9.962720e-01	9.948923e-01	4.081306e-01
6.285355e-03	-2.290121e-02	-2.290146e-02	-1.285791e-02	9.976548e-01	9.962719e-01	9.948923e-01	4.080405e-01
6.283380e-03	-2.290130e-02	-2.290154e-02	-1.285791e-02	9.976548e-01	9.962719e-01	9.948924e-01	4.079525e-01
6.281407e-03	-2.290138e-02	-2.290162e-02	-1.285791e-02	9.976549e-01	9.962718e-01	9.948924e-01	4.078620e-01
6.279435e-03	-2.290146e-02	-2.290170e-02	-1.285791e-02	9.976550e-01	9.962717e-01	9.948924e-01	4.077723e-01
6.277464e-03	-2.290154e-02	-2.290178e-02	-1.285791e-02	9.976550e-01	9.962717e-01	9.948924e-01	4.076816e-01
6.275494e-03	-2.290162e-02	-2.290186e-02	-1.285791e-02	9.976551e-01	9.962716e-01	9.948924e-01	4.075917e-01
6.273526e-03	-2.290170e-02	-2.290195e-02	-1.285791e-02	9.976552e-01	9.962716e-01	9.948924e-01	4.074993e-01
6.271558e-03	-2.290178e-02	-2.290203e-02	-1.285791e-02	9.976552e-01	9.962715e-01	9.948924e-01	4.074089e-01
6.269592e-03	-2.290186e-02	-2.290211e-02	-1.285791e-02	9.976553e-01	9.962714e-01	9.948924e-01	4.073166e-01
6.267628e-03	-2.290194e-02	-2.290219e-02	-1.285791e-02	9.976554e-01	9.962714e-01	9.948924e-01	4.072252e-01
6.265664e-03	-2.290203e-02	-2.290227e-02	-1.285792e-02	9.976554e-01	9.962713e-01	9.948924e-01	4.071337e-01
6.263702e-03	-2.290211e-02	-2.290235e-02	-1.285792e-02	9.976555e-01	9.962713e-01	9.948924e-01	4.070423e-01
6.261741e-03	-2.290219e-02	-2.290243e-02	-1.285792e-02	9.976555e-01	9.962712e-01	9.948924e-01	4.069502e-01
6.259781e-03	-2.290227e-02	-2.290251e-02	-1.285792e-02	9.976556e-01	9.962711e-01	9.948924e-01	4.068593e-01
6.257822e-03	-2.290235e-02	-2.290259e-02	-1.285792e-02	9.976557e-01	9.962711e-01	9.948924e-01	4.067675e-01
6.255865e-03	-2.290243e-02	-2.290267e-02	-1.285792e-02	9.976557e-01	9.962710e-01	9.948924e-01	4.066767e-01
6.253909e-03	-2.290251e-02	-2.290275e-02	-1.285792e-02	9.976558e-01	9.962710e-01	9.948924e-01	4.065855e-01
6.251954e-03	-2.290259e-02	-2.290283e-02	-1.285792e-02	9.976559e-01	9.962709e-01	9.948924e-01	4.064947e-01
6.250000e-03	-2.290267e-02	-2.290291e-02	-1.285792e-02	9.976559e-01	9.962708e-01	9.948924e-01	4.064038e-01
6.248047e-03	-2.290275e-02	-2.290299e-02	-1.285792e-02	9.976560e-01	9.962708e-01	9.948924e-01	4.063140e-01
6.246096e-03	-2.290283e-02	-2.290307e-02	-1.285792e-02	9.976561e-01	9.962707e-01	9.948924e-01	4.062236e-01
6.244146e-03	-2.290291e-02	-2.290315e-02	-1.285792e-02	9.976561e-01	9.962707e-01	9.948924e-01	4.061341e-01
6.242197e-03	-2.290299e-02	-2.290323e-02	-1.285792e-02	9.976562e-01	9.962706e-01	9.948924e-01	4.060432e-01
6.240250e-03	-2.290307e-02	-2.290331e-02	-1.285792e-02	9.976562e-01	9.962705e-01	9.948924e-01	4.059537e-01
6.238303e-03	-2.290315e-02	-2.290339e-02	-1.285793e-02	9.976563e-01	9.962705e-01	9.948925e-01	4.058638e-01
6.236358e-03	-2.290323e-02	-2.290347e-02	-1.285793e-02	9.976564e-01	9.962704e-01	9.948925e-01	4.057734e-01
6.234414e-03	-2.290331e-02	-2.290355e-02	-1.285793e-02	9.976564e-01	9.962704e-01	9.948925e-01	4.056839e-01
6.232471e-03	-2.290339e-02	-2.290363e-02	-1.285793e-02	9.976565e-01	9.962703e-01	9.948925e-01	4.055942e-01
6.230530e-03	-2.290347e-02	-2.290371e-02	-1.285793e-02	9.976566e-01	9.962703e-01	9.948925e-01	4.055032e-01
6.228589e-03	-2.290355e-02	-2.290379e-02	-1.285793e-02	9.976566e-01	9.962702e-01	9.948925e-01	4.054130e-01
6.226650e-03	-2.290363e-02	-2.290387e-02	-1.285793e-02	9.976567e-01	9.962701e-01	9.948925e-01	4.053214e-01
6.224712e-03	-2.290371e-02	-2.290395e-02	-1.285793e-02	9.976567e-01	9.962701e-01	9.948925e-01	4.052302e-01
6.222775e-03	-2.290379e-02	-2.290403e-02	-1.285793e-02	9.976568e-01	9.962700e-01	9.948925e-01	4.051388e-01
6.220840e-03	-2.290386e-02	-2.290411e-02	-1.285793e-02	9.976569e-01	9.962700e-01	9.948925e-01	4.050456e-01
6.218905e-03	-2.290394e-02	-2.290419e-02	-1.285793e-02	9.976569e-01	9.962699e-01	9.948925e-01	4.049532e-01
6.216972e-03	-2.290402e-02	-2.290427e-02	-1.285793e-02	9.976570e-01	9.962698e-01	9.948925e-01	4.048592e-01
6.215040e-03	-2.290410e-02	-2.290434e-02	-1.285793e-02	9.976571e-01	9.962698e-01	9.948925e-01	4.047654e-01
6.213110e-03	-2.290418e-02	-2.290442e-02	-1.285794e-02	9.976571e-01	9.962697e-01	9.948925e-01	4.046702e-01
6.211180e-03	-2.290426e-02	-2.290450e-02	-1.285794e-02	9.976572e-01	9.962697e-01	9.948925e-01	4.045749e-01
6.209252e-03	-2.290434e-02	-2.290458e-02	-1.285794e-02	9.976572e-01	9.962696e-01	9.948925e-01	4.044782e-01
6.207325e-03	-2.290442e-02	-2.290466e-02	-1.285794e-02	9.976573e-01	9.962696e-01	9.948925e-01	4.043820e-01
6.205399e-03	-2.290450e-02	-2.290474e-02	-1.285794e-02	9.976574e-01	9.962695e-01	9.948925e-01	4.042831e-01
6.203474e-03	-2.290457e-02	-2.290482e-02	-1.285794e-02	9.976574e-01	9.962694e-01	9.948925e-01	4.041848e-01
6.201550e-03	-2.290465e-02	-2.290490e-02	-1.285794e-02	9.976575e-01	9.962694e-01	9.948925e-01	4.040855e-01
6.199628e-03	-2.290473e-02	-2.290497e-02	-1.285794e-02	9.976576e-01	9.962693e-01	9.948925e-01	4.039865e-01
6.197707e-03	-2.290481e-02	-2.290505e-02	-1.285794e-02	9.976576e-01	9.962693e-01	9.948925e-01	4.038846e-01
6.195787e-03	-2.290489e-02	-2.290513e-02	-1.285794e-02	9.976577e-01	9.962692e-01	9.948925e-01	4.037847e-01
6.193868e-03	-2.290497e-02	-2.290521e-02	-1.285794e-02	9.976577e-01	9.962691e-01	9.948925e-01	4.036820e-01
6.191950e-03	-2.290504e-02	-2.290529e-02	-1.285794e-02	9.976578e-01	9.962691e-01	9.948926e-01	4.035811e-01
6.190034e-03	-2.290512e-02	-2.290536e-02	-1.285794e-02	9.976579e-01	9.962690e-01	9.948926e-01	4.034776e-01
6.188119e-03	-2.290520e-02	-2.290544e-02	-1.285795e-02	9.976579e-01	9.962690e-01	9.948926e-01	4.033750e-01
6.186205e-03	-2.290528e-02	-2.290552e-02	-1.285795e-02	9.976580e-01	9.962689e-01	9.948926e-01	4.032721e-01
6.184292e-03	-2.290536e-02	-2.290560e-02	-1.285795e-02	9.976581e-01	9.962689e-01	9.948926e-01	4.031691e-01
6.182380e-03	-2.290543e-02	-2.290568e-02	-1.285795e-02	9.976581e-01	9.962688e-01	9.948926e-01	4.030661e-01
6.180470e-03	-2.290551e-02	-2.290575e-02	-1.285795e-02	9.976582e-01	9.962687e-01	9.948926e-01	4.029625e-01
6.178560e-03	-2.290559e-02	-2.290583e-02	-1.285795e-02	9.976582e-01	9.962687e-01	9.948926e-01	4.028580e-01
6.176652e-03	-2.290567e-02	-2.290591e-02	-1.285795e-02	9.976583e-01	9.962686e-01	9.948926e-01	4.027550e-01
6.174745e-03	-2.290575e-02	-2.290599e-02	-1.285795e-02	9.976584e-01	9.962686e-01	9.948926e-01	4.026515e-01
6.172840e-03	-2.290582e-02	-2.290606e-02	-1.285795e-02	9.976584e-01	9.962685e-01	9.948926e-01	4.025492e-01
6.170935e-03	-2.290590e-02	-2.290614e-02	-1.285795e-02	9.976585e-01	9.962685e-01	9.948926e-01	4.024451e-01
6.169031e-03	-2.290598e-02	-2.290622e-02	-1.285795e-02	9.976585e-01	9.962684e-01	9.948926e-01	4.023425e-01
6.167129e-03	-2.290605e-02	-2.290630e-02	-1.285795e-02	9.976586e-01	9.962683e-01	9.948926e-01	4.022399e-01
6.165228e-03	-2.290613e-02	-2.290637e-02	-1.285795e-02	9.976587e-01	9.962683e-01	9.948926e-01	4.021370e-01
6.163328e-03	-2.290621e-02	-2.290645e-02	-1.285796e-02	9.976587e-01	9.962682e-01	9.948926e-01	4.020351e-01
6.161429e-03	-2.290629e-02	-2.290653e-02	-1.285796e-02	9.976588e-01	9.962682e-01	9.948926e-01	4.019327e-01
6.159532e-03	-2.290636e-02	-2.290661e-02	-1.285796e-02	9.976589e-01	9.962681e-01	9.948926e-01	4.018313e-01
6.157635e-03	-2.290644e-02	-2.290668e-02	-1.285796e-02	9.976589e-01	9.962680e-01	9.948926e-01	4.017292e-01
6.155740e-03	-2.290652e-02	-2.290676e-02	-1.285796e-02	9.976590e-01	9.962680e-01	9.948926e-01	4.016279e-01
6.153846e-03	-2.290659e-02	-2.290684e-02	-1.285796e-02	9.976590e-01	9.962679e-01	9.948926e-01	4.015270e-01
6.151953e-03	-2.290667e-02	-2.290691e-02	-1.285796e-02	9.976591e-01	9.962679e-01	9.948926e-01	4.014266e-01
6.150062e-03	-2.290675e-02	-2.290699e-02	-1.285796e-02	9.976592e-01	9.962678e-01	9.948926e-01	4.013252e-01
6.148171e-03	-2.290682e-02	-2.290707e-02	-1.285796e-02	9.976592e-01	9.962678e-01	9.948926e-01	4.012255e-01
6.146281e-03	-2.290690e-02	-2.290714e-02	-1.285796e-02	9.976593e-01	9.962677e-01	9.948927e-01	4.011242e-01
6.144393e-03	-2.290698e-02	-2.290722e-02	-1.285796e-02	9.976593e-01	9.962677e-01	9.948927e-01	4.010249e-01
6.142506e-03	-2.290705e-02	-2.290730e-02	-1.285796e-02	9.976594e-01	9.962676e-01	9.948927e-01	4.009245e-01
6.140620e-03	-2.290713e-02	-2.290737e-02	-1.285797e-02	9.976595e-01	9.962675e-01	9.948927e-01	4.008255e-01
6.138735e-03	-2.290721e-02	-2.290745e-02	-1.285797e-02	9.976595e-01	9.962675e-01	9.948927e-01	4.007252e-01
6.136852e-03	-2.290728e-02	-2.290753e-02	-1.285797e-02	9.976596e-01	9.962674e-01	9.948927e-01	4.006264e-01
6.134969e-03	-2.290736e-02	-2.290760e-02	-1.285797e-02	9.976596e-01	9.962674e-01	9.948927e-01	4.005269e-01
6.133088e-03	-2.290743e-02	-2.290768e-02	-1.285797e-02	9.976597e-01	9.962673e-01	9.948927e-01	4.004270e-01
6.131208e-03	-2.290751e-02	-2.290775e-02	-1.285797e-02	9.976598e-01	9.962673e-01	9.948927e-01	4.003283e-01
6.129329e-03	-2.290759e-02	-2.290783e-02	-1.285797e-02	9.976598e-01	9.962672e-01	9.948927e-01	4.002292e-01
6.127451e-03	-2.290766e-02	-2.290791e-02	-1.285797e-02	9.976599e-01	9.962671e-01	9.948927e-01	4.001306e-01
6.125574e-03	-2.290774e-02	-2.290798e-02	-1.285797e-02	9.976599e-01	9.962671e-01	9.948927e-01	4.000313e-01
6.123699e-03	-2.290781e-02	-2.290806e-02	-1.285797e-02	9.976600e-01	9.962670e-01	9.948927e-01	3.999327e-01
6.121824e-03	-2.290789e-02	-2.290813e-02	-1.285797e-02	9.976601e-01	9.962670e-01	9.948927e-01	3.998343e-01
6.119951e-03	-2.290797e-02	-2.290821e-02	-1.285797e-02	9.976601e-01	9.962669e-01	9.948927e-01	3.997352e-01
6.118079e-03	-2.290804e-02	-2.290828e-02	-1.285797e-02	9.976602e-01	9.962669e-01	9.948927e-01	3.996365e-01
6.116208e-03	-2.290812e-02	-2.290836e-02	-1.285798e-02	9.976602e-01	9.962668e-01	9.948927e-01	3.995378e-01
6.114338e-03	-2.290819e-02	-2.290844e-02	-1.285798e-02	9.976603e-01	9.962667e-01	9.948927e-01	3.994397e-01
6.112469e-03	-2.290827e-02	-2.290851e-02	-1.285798e-02	9.976604e-01	9.962667e-01	9.948927e-01	3.993407e-01
6.110602e-03	-2.290834e-02	-2.290859e-02	-1.285798e-02	9.976604e-01	9.962666e-01	9.948927e-01	3.992422e-01
6.108735e-03	-2.290842e-02	-2.290866e-02	-1.285798e-02	9.976605e-01	9.962666e-01	9.948927e-01	3.991440e-01
6.106870e-03	-2.290849e-02	-2.290874e-02	-1.285798e-02	9.976605e-01	9.962665e-01	9.948927e-01	3.990447e-01
6.105006e-03	-2.290857e-02	-2.290881e-02	-1.285798e-02	9.976606e-01	9.962665e-01	9.948927e-01	3.989474e-01
6.103143e-03	-2.290864e-02	-2.290889e-02	-1.285798e-02	9.976607e-01	9.962664e-01	9.948927e-01	3.988479e-01
6.101281e-03	-2.290872e-02	-2.290896e-02	-1.285798e-02	9.976607e-01	9.962664e-01	9.948928e-01	3.987505e-01
6.099421e-03	-2.290879e-02	-2.290904e-02	-1.285798e-02	9.976608e-01	9.962663e-01	9.948928e-01	3.986509e-01
6.097561e-03	-2.290887e-02	-2.290911e-02	-1.285798e-02	9.976608e-01	9.962662e-01	9.948928e-01	3.985527e-01
6.095703e-03	-2.290894e-02	-2.290919e-02	-1.285798e-02	9.976609e-01	9.962662e-01	9.948928e-01	3.984546e-01
6.093845e-03	-2.290902e-02	-2.290926e-02	-1.285799e-02	9.976610e-01	9.962661e-01	9.948928e-01	3.983553e-01
6.091989e-03	-2.290909e-02	-2.290934e-02	-1.285799e-02	9.976610e-01	9.962661e-01	9.948928e-01	3.982574e-01
6.090134e-03	-2.290917e-02	-2.290941e-02	-1.285799e-02	9.976611e-01	9.962660e-01	9.948928e-01	3.981586e-01
6.088280e-03	-2.290924e-02	-2.290949e-02	-1.285799e-02	9.976611e-01	9.962660e-01	9.948928e-01	3.980597e-01
6.086427e-03	-2.290932e-02	-2.290956e-02	-1.285799e-02	9.976612e-01	9.962659e-01	9.948928e-01	3.979613e-01
6.084576e-03	-2.290939e-02	-2.290963e-02	-1.285799e-02	9.976613e-01	9.962659e-01	9.948928e-01	3.978626e-01
6.082725e-03	-2.290946e-02	-2.290971e-02	-1.285799e-02	9.976613e-01	9.962658e-01	9.948928e-01	3.977643e-01
6.080876e-03	-2.290954e-02	-2.290978e-02	-1.285799e-02	9.976614e-01	9.962657e-01	9.948928e-01	3.976652e-01
6.079027e-03	-2.290961e-02	-2.290986e-02	-1.285799e-02	9.976614e-01	9.962657e-01	9.948928e-01	3.975662e-01
6.077180e-03	-2.290969e-02	-2.290993e-02	-1.285799e-02	9.976615e-01	9.962656e-01	9.948928e-01	3.974677e-01
6.075334e-03	-2.290976e-02	-2.291001e-02	-1.285799e-02	9.976615e-01	9.962656e-01	9.948928e-01	3.973694e-01
6.073489e-03	-2.290984e-02	-2.291008e-02	-1.285799e-02	9.976616e-01	9.962655e-01	9.948928e-01	3.972702e-01
6.071645e-03	-2.290991e-02	-2.291015e-02	-1.285799e-02	9.976617e-01	9.962655e-01	9.948928e-01	3.971707e-01
6.069803e-03	-2.290998e-02	-2.291023e-02	-1.285800e-02	9.976617e-01	9.962654e-01	9.948928e-01	3.970726e-01
6.067961e-03	-2.291006e-02	-2.291030e-02	-1.285800e-02	9.976618e-01	9.962654e-01	9.948928e-01	3.969726e-01
6.066121e-03	-2.291013e-02	-2.291037e-02	-1.285800e-02	9.976618e-01	9.962653e-01	9.948928e-01	3.968745e-01
6.064281e-03	-2.291020e-02	-2.291045e-02	-1.285800e-02	9.976619e-01	9.962653e-01	9.948928e-01	3.967740e-01
6.062443e-03	-2.291028e-02	-2.291052e-02	-1.285800e-02	9.976620e-01	9.962652e-01	9.948928e-01	3.966764e-01
6.060606e-03	-2.291035e-02	-2.291060e-02	-1.285800e-02	9.976620e-01	9.962651e-01	9.948928e-01	3.965762e-01
6.058770e-03	-2.291043e-02	-2.291067e-02	-1.285800e-02	9.976621e-01	9.962651e-01	9.948928e-01	3.964767e-01
6.056935e-03	-2.291050e-02	-2.291074e-02	-1.285800e-02	9.976621e-01	9.962650e-01	9.948929e-01	3.963781e-01
6.055101e-03	-2.291057e-02	-2.291082e-02	-1.285800e-02	9.976622e-01	9.962650e-01	9.948929e-01	3.962785e-01
6.053269e-03	-2.291065e-02	-2.291089e-02	-1.285800e-02	9.976622e-01	9.962649e-01	9.948929e-01	3.961791e-01
6.051437e-03	-2.291072e-02	-2.291096e-02	-1.285800e-02	9.976623e-01	9.962649e-01	9.948929e-01	3.960795e-01
6.049607e-03	-2.291079e-02	-2.291104e-02	-1.285800e-02	9.976624e-01	9.962648e-01	9.948929e-01	3.959798e-01
6.047777e-03	-2.291087e-02	-2.291111e-02	-1.285800e-02	9.976624e-01	9.962648e-01	9.948929e-01	3.958806e-01
6.045949e-03	-2.291094e-02	-2.291118e-02	-1.285800e-02	9.976625e-01	9.962647e-01	9.948929e-01	3.957812e-01
6.044122e-03	-2.291101e-02	-2.291126e-02	-1.285801e-02	9.976625e-01	9.962647e-01	9.948929e-01	3.956813e-01
6.042296e-03	-2.291108e-02	-2.291133e-02	-1.285801e-02	9.976626e-01	9.962646e-01	9.948929e-01	3.955814e-01
6.040471e-03	-2.291116e-02	-2.291140e-02	-1.285801e-02	9.976627e-01	9.962645e-01	9.948929e-01	3.954811e-01
6.038647e-03	-2.291123e-02	-2.291147e-02	-1.285801e-02	9.976627e-01	9.962645e-01	9.948929e-01	3.953827e-01
6.036825e-03	-2.291130e-02	-2.291155e-02	-1.285801e-02	9.976628e-01	9.962644e-01	9.948929e-01	3.952826e-01
6.035003e-03	-2.291138e-02	-2.291162e-02	-1.285801e-02	9.976628e-01	9.962644e-01	9.948929e-01	3.951823e-01
6.033183e-03	-2.291145e-02	-2.291169e-02	-1.285801e-02	9.976629e-01	9.962643e-01	9.948929e-01	3.950826e-01
6.031363e-03	-2.291152e-02	-2.291177e-02	-1.285801e-02	9.976629e-01	9.962643e-01	9.948929e-01	3.949832e-01
6.029545e-03	-2.291159e-02	-2.291184e-02	-1.285801e-02	9.976630e-01	9.962642e-01	9.948929e-01	3.948826e-01
6.027728e-03	-2.291167e-02	-2.291191e-02	-1.285801e-02	9.976631e-01	9.962642e-01	9.948929e-01	3.947834e-01
6.025911e-03	-2.291174e-02	-2.291198e-02	-1.285801e-02	9.976631e-01	9.962641e-01	9.948929e-01	3.946831e-01
6.024096e-03	-2.291181e-02	-2.291205e-02	-1.285801e-02	9.976632e-01	9.962641e-01	9.948929e-01	3.945839e-01
6.022282e-03	-2.291188e-02	-2.291213e-02	-1.285801e-02	9.976632e-01	9.962640e-01	9.948929e-01	3.944843e-01
6.020470e-03	-2.291196e-02	-2.291220e-02	-1.285801e-02	9.976633e-01	9.962640e-01	9.948929e-01	3.943841e-01
6.018658e-03	-2.291203e-02	-2.291227e-02	-1.285801e-02	9.976633e-01	9.962639e-01	9.948929e-01	3.942844e-01
6.016847e-03	-2.291210e-02	-2.291234e-02	-1.285802e-02	9.976634e-01	9.962639e-01	9.948929e-01	3.941842e-01
6.015038e-03	-2.291217e-02	-2.291242e-02	-1.285802e-02	9.976635e-01	9.962638e-01	9.948929e-01	3.940852e-01
6.013229e-03	-2.291224e-02	-2.291249e-02	-1.285802e-02	9.976635e-01	9.962637e-01	9.948929e-01	3.939854e-01
6.011422e-03	-2.291232e-02	-2.291256e-02	-1.285802e-02	9.976636e-01	9.962637e-01	9.948930e-01	3.938863e-01
6.009615e-03	-2.291239e-02	-2.291263e-02	-1.285802e-02	9.976636e-01	9.962636e-01	9.948930e-01	3.937868e-01
6.007810e-03	-2.291246e-02	-2.291270e-02	-1.285802e-02	9.976637e-01	9.962636e-01	9.948930e-01	3.936868e-01
6.006006e-03	-2.291253e-02	-2.291277e-02	-1.285802e-02	9.976637e-01	9.962635e-01	9.948930e-01	3.935876e-01
6.004203e-03	-2.291260e-02	-2.291285e-02	-1.285802e-02	9.976638e-01	9.962635e-01	9.948930e-01	3.934895e-01
6.002401e-03	-2.291267e-02	-2.291292e-02	-1.285802e-02	9.976639e-01	9.962634e-01	9.948930e-01	3.933901e-01
6.000600e-03	-2.291275e-02	-2.291299e-02	-1.285802e-02	9.976639e-01	9.962634e-01	9.948930e-01	3.932908e-01
5.998800e-03	-2.291282e-02	-2.291306e-02	-1.285802e-02	9.976640e-01	9.962633e-01	9.948930e-01	3.931931e-01
5.997001e-03	-2.291289e-02	-2.291313e-02	-1.285802e-02	9.976640e-01	9.962633e-01	9.948930e-01	3.930941e-01
5.995204e-03	-2.291296e-02	-2.291320e-02	-1.285802e-02	9.976641e-01	9.962632e-01	9.948930e-01	3.929961e-01
5.993407e-03	-2.291303e-02	-2.291328e-02	-1.285802e-02	9.976641e-01	9.962632e-01	9.948930e-01	3.928975e-01
5.991612e-03	-2.291310e-02	-2.291335e-02	-1.285802e-02	9.976642e-01	9.962631e-01	9.948930e-01	3.928003e-01
5.989817e-03	-2.291317e-02	-2.291342e-02	-1.285803e-02	9.976643e-01	9.962631e-01	9.948930e-01	3.927027e-01
5.988024e-03	-2.291324e-02	-2.291349e-02	-1.285803e-02	9.976643e-01	9.962630e-01	9.948930e-01	3.926048e-01
5.986232e-03	-2.291332e-02	-2.291356e-02	-1.285803e-02	9.976644e-01	9.962629e-01	9.948930e-01	3.925077e-01
5.984440e-03	-2.291339e-02	-2.291363e-02	-1.285803e-02	9.976644e-01	9.962629e-01	9.948930e-01	3.924106e-01
5.982650e-03	-2.291346e-02	-2.291370e-02	-1.285803e-02	9.976645e-01	9.962628e-01	9.948930e-01	3.923142e-01
5.980861e-03	-2.291353e-02	-2.291377e-02	-1.285803e-02	9.976645e-01	9.962628e-01	9.948930e-01	3.922172e-01
5.979073e-03	-2.291360e-02	-2.291384e-02	-1.285803e-02	9.976646e-01	9.962627e-01	9.948930e-01	3.921211e-01
5.977286e-03	-2.291367e-02	-2.291391e-02	-1.285803e-02	9.976647e-01	9.962627e-01	9.948930e-01	3.920240e-01
5.975500e-03	-2.291374e-02	-2.291399e-02	-1.285803e-02	9.976647e-01	9.962626e-01	9.948930e-01	3.919283e-01
5.973716e-03	-2.291381e-02	-2.291406e-02	-1.285803e-02	9.976648e-01	9.962626e-01	9.948930e-01	3.918326e-01
5.971932e-03	-2.291388e-02	-2.291413e-02	-1.285803e-02	9.976648e-01	9.962625e-01	9.948930e-01	3.917373e-01
5.970149e-03	-2.291395e-02	-2.291420e-02	-1.285803e-02	9.976649e-01	9.962625e-01	9.948930e-01	3.916403e-01
5.968368e-03	-2.291402e-02	-2.291427e-02	-1.285803e-02	9.976649e-01	9.962624e-01	9.948930e-01	3.915453e-01
5.966587e-03	-2.291409e-02	-2.291434e-02	-1.285803e-02	9.976650e-01	9.962624e-01	9.948930e-01	3.914496e-01
5.964808e-03	-2.291416e-02	-2.291441e-02	-1.285803e-02	9.976650e-01	9.962623e-01	9.948931e-01	3.913529e-01
5.963029e-03	-2.291423e-02	-2.291448e-02	-1.285804e-02	9.976651e-01	9.962623e-01	9.948931e-01	3.912584e-01
5.961252e-03	-2.291430e-02	-2.291455e-02	-1.285804e-02	9.976652e-01	9.962622e-01	9.948931e-01	3.911622e-01
5.959476e-03	-2.291437e-02	-2.291462e-02	-1.285804e-02	9.976652e-01	9.962622e-01	9.948931e-01	3.910657e-01
5.957700e-03	-2.291444e-02	-2.291469e-02	-1.285804e-02	9.976653e-01	9.962621e-01	9.948931e-01	3.909703e-01
5.955926e-03	-2.291451e-02	-2.291476e-02	-1.285804e-02	9.976653e-01	9.962621e-01	9.948931e-01	3.908733e-01
5.954153e-03	-2.291458e-02	-2.291483e-02	-1.285804e-02	9.976654e-01	9.962620e-01	9.948931e-01	3.907765e-01
5.952381e-03	-2.291465e-02	-2.291490e-02	-1.285804e-02	9.976654e-01	9.962620e-01	9.948931e-01	3.906797e-01
5.950610e-03	-2.291472e-02	-2.291497e-02	-1.285804e-02	9.976655e-01	9.962619e-01	9.948931e-01	3.905830e-01
5.948840e-03	-2.291479e-02	-2.291504e-02	-1.285804e-02	9.976655e-01	9.962619e-01	9.948931e-01	3.904859e-01
5.947071e-03	-2.291486e-02	-2.291511e-02	-1.285804e-02	9.976656e-01	9.962618e-01	9.948931e-01	3.903879e-01
5.945303e-03	-2.291493e-02	-2.291518e-02	-1.285804e-02	9.976657e-01	9.962617e-01	9.948931e-01	3.902900e-01
5.943536e-03	-2.291500e-02	-2.291525e-02	-1.285804e-02	9.976657e-01	9.962617e-01	9.948931e-01	3.901918e-01
5.941771e-03	-2.291507e-02	-2.291532e-02	-1.285804e-02	9.976658e-01	9.962616e-01	9.948931e-01	3.900917e-01
5.940006e-03	-2.291514e-02	-2.291539e-02	-1.285804e-02	9.976658e-01	9.962616e-01	9.948931e-01	3.899947e-01
5.938242e-03	-2.291521e-02	-2.291546e-02	-1.285804e-02	9.976659e-01	9.962615e-01	9.948931e-01	3.898950e-01
5.936480e-03	-2.291528e-02	-2.291553e-02	-1.285805e-02	9.976659e-01	9.962615e-01	9.948931e-01	3.897946e-01
5.934718e-03	-2.291535e-02	-2.291559e-02	-1.285805e-02	9.976660e-01	9.962614e-01	9.948931e-01	3.896958e-01
5.932958e-03	-2.291542e-02	-2.291566e-02	-1.285805e-02	9.976660e-01	9.962614e-01	9.948931e-01	3.895961e-01
5.931198e-03	-2.291549e-02	-2.291573e-02	-1.285805e-02	9.976661e-01	9.962613e-01	9.948931e-01	3.894955e-01
5.929440e-03	-2.291556e-02	-2.291580e-02	-1.285805e-02	9.976661e-01	9.962613e-01	9.948931e-01	3.893957e-01
5.927682e-03	-2.291563e-02	-2.291587e-02	-1.285805e-02	9.976662e-01	9.962612e-01	9.948931e-01	3.892957e-01
5.925926e-03	-2.291570e-02	-2.291594e-02	-1.285805e-02	9.976663e-01	9.962612e-01	9.948931e-01	3.891951e-01
5.924171e-03	-2.291576e-02	-2.291601e-02	-1.285805e-02	9.976663e-01	9.962611e-01	9.948931e-01	3.890954e-01
5.922416e-03	-2.291583e-02	-2.291608e-02	-1.285805e-02	9.976664e-01	9.962611e-01	9.948931e-01	3.889950e-01
5.920663e-03	-2.291590e-02	-2.291615e-02	-1.285805e-02	9.976664e-01	9.962610e-01	9.948931e-01	3.888947e-01
5.918911e-03	-2.291597e-02	-2.291622e-02	-1.285805e-02	9.976665e-01	9.962610e-01	9.948932e-01	3.887952e-01
5.917160e-03	-2.291604e-02	-2.291628e-02	-1.285805e-02	9.976665e-01	9.962609e-01	9.948932e-01	3.886955e-01
5.915410e-03	-2.291611e-02	-2.291635e-02	-1.285805e-02	9.976666e-01	9.962609e-01	9.948932e-01	3.885955e-01
5.913661e-03	-2.291618e-02	-2.291642e-02	-1.285805e-02	9.976666e-01	9.962608e-01	9.948932e-01	3.884959e-01
5.911913e-03	-2.291625e-02	-2.291649e-02	-1.285805e-02	9.976667e-01	9.962608e-01	9.948932e-01	3.883962e-01
5.910165e-03	-2.291631e-02	-2.291656e-02	-1.285806e-02	9.976667e-01	9.962607e-01	9.948932e-01	3.882973e-01
5.908419e-03	-2.291638e-02	-2.291663e-02	-1.285806e-02	9.976668e-01	9.962607e-01	9.948932e-01	3.881976e-01
5.906675e-03	-2.291645e-02	-2.291670e-02	-1.285806e-02	9.976669e-01	9.962606e-01	9.948932e-01	3.880985e-01
5.904931e-03	-2.291652e-02	-2.291676e-02	-1.285806e-02	9.976669e-01	9.962606e-01	9.948932e-01	3.879987e-01
5.903188e-03	-2.291659e-02	-2.291683e-02	-1.285806e-02	9.976670e-01	9.962605e-01	9.948932e-01	3.878995e-01
5.901446e-03	-2.291666e-02	-2.291690e-02	-1.285806e-02	9.976670e-01	9.962605e-01	9.948932e-01	3.877985e-01
5.899705e-03	-2.291672e-02	-2.291697e-02	-1.285806e-02	9.976671e-01	9.962604e-01	9.948932e-01	3.876990e-01
5.897965e-03	-2.291679e-02	-2.291704e-02	-1.285806e-02	9.976671e-01	9.962604e-01	9.948932e-01	3.875979e-01
5.896226e-03	-2.291686e-02	-2.291710e-02	-1.285806e-02	9.976672e-01	9.962603e-01	9.948932e-01	3.874967e-01
5.894489e-03	-2.291693e-02	-2.291717e-02	-1.285806e-02	9.976672e-01	9.962603e-01	9.948932e-01	3.873943e-01
5.892752e-03	-2.291700e-02	-2.291724e-02	-1.285806e-02	9.976673e-01	9.962602e-01	9.948932e-01	3.872910e-01
5.891016e-03	-2.291706e-02	-2.291731e-02	-1.285806e-02	9.976673e-01	9.962602e-01	9.948932e-01	3.871883e-01
5.889282e-03	-2.291713e-02	-2.291738e-02	-1.285806e-02	9.976674e-01	9.962601e-01	9.948932e-01	3.870822e-01
5.887548e-03	-2.291720e-02	-2.291744e-02	-1.285806e-02	9.976674e-01	9.962601e-01	9.948932e-01	3.869780e-01
5.885815e-03	-2.291727e-02	-2.291751e-02	-1.285807e-02	9.976675e-01	9.962600e-01	9.948932e-01	3.868702e-01
5.884084e-03	-2.291733e-02	-2.291758e-02	-1.285807e-02	9.976676e-01	9.962600e-01	9.948932e-01	3.867624e-01
5.882353e-03	-2.291740e-02	-2.291765e-02	-1.285807e-02	9.976676e-01	9.962599e-01	9.948932e-01	3.866532e-01
5.880623e-03	-2.291747e-02	-2.291771e-02	-1.285807e-02	9.976677e-01	9.962599e-01	9.948932e-01	3.865435e-01
5.878895e-03	-2.291754e-02	-2.291778e-02	-1.285807e-02	9.976677e-01	9.962598e-01	9.948932e-01	3.864320e-01
5.877167e-03	-2.291760e-02	-2.291785e-02	-1.285807e-02	9.976678e-01	9.962598e-01	9.948932e-01	3.863198e-01
5.875441e-03	-2.291767e-02	-2.291792e-02	-1.285807e-02	9.976678e-01	9.962597e-01	9.948932e-01	3.862068e-01
5.873715e-03	-2.291774e-02	-2.291798e-02	-1.285807e-02	9.976679e-01	9.962597e-01	9.948932e-01	3.860923e-01
5.871991e-03	-2.291781e-02	-2.291805e-02	-1.285807e-02	9.976679e-01	9.962596e-01	9.948932e-01	3.859763e-01
5.870267e-03	-2.291787e-02	-2.291812e-02	-1.285807e-02	9.976680e-01	9.962596e-01	9.948932e-01	3.858618e-01
5.868545e-03	-2.291794e-02	-2.291818e-02	-1.285807e-02	9.976680e-01	9.962595e-01	9.948933e-01	3.857444e-01
5.866823e-03	-2.291801e-02	-2.291825e-02	-1.285807e-02	9.976681e-01	9.962595e-01	9.948933e-01	3.856279e-01
5.865103e-03	-2.291807e-02	-2.291832e-02	-1.285807e-02	9.976681e-01	9.962594e-01	9.948933e-01	3.855092e-01
5.863383e-03	-2.291814e-02	-2.291839e-02	-1.285808e-02	9.976682e-01	9.962594e-01	9.948933e-01	3.853916e-01
5.861665e-03	-2.291821e-02	-2.291845e-02	-1.285808e-02	9.976682e-01	9.962593e-01	9.948933e-01	3.852729e-01
5.859947e-03	-2.291827e-02	-2.291852e-02	-1.285808e-02	9.976683e-01	9.962593e-01	9.948933e-01	3.851545e-01
5.858231e-03	-2.291834e-02	-2.291859e-02	-1.285808e-02	9.976683e-01	9.962592e-01	9.948933e-01	3.850352e-01
5.856515e-03	-2.291841e-02	-2.291865e-02	-1.285808e-02	9.976684e-01	9.962592e-01	9.948933e-01	3.849166e-01
5.854801e-03	-2.291847e-02	-2.291872e-02	-1.285808e-02	9.976685e-01	9.962591e-01	9.948933e-01	3.847975e-01
5.853088e-03	-2.291854e-02	-2.291879e-02	-1.285808e-02	9.976685e-01	9.962591e-01	9.948933e-01	3.846781e-01
5.851375e-03	-2.291861e-02	-2.291885e-02	-1.285808e-02	9.976686e-01	9.962590e-01	9.948933e-01	3.845592e-01
5.849664e-03	-2.291867e-02	-2.291892e-02	-1.285808e-02	9.976686e-01	9.962590e-01	9.948933e-01	3.844413e-01
5.847953e-03	-2.291874e-02	-2.291898e-02	-1.285808e-02	9.976687e-01	9.962589e-01	9.948933e-01	3.843219e-01
5.846244e-03	-2.291881e-02	-2.291905e-02	-1.285808e-02	9.976687e-01	9.962589e-01	9.948933e-01	3.842034e-01
5.844535e-03	-2.291887e-02	-2.291912e-02	-1.285808e-02	9.976688e-01	9.962588e-01	9.948933e-01	3.840857e-01
5.842828e-03	-2.291894e-02	-2.291918e-02	-1.285809e-02	9.976688e-01	9.962588e-01	9.948933e-01	3.839674e-01
5.841121e-03	-2.291901e-02	-2.291925e-02	-1.285809e-02	9.976689e-01	9.962587e-01	9.948933e-01	3.838510e-01
5.839416e-03	-2.291907e-02	-2.291932e-02	-1.285809e-02	9.976689e-01	9.962587e-01	9.948933e-01	3.837329e-01
5.837712e-03	-2.291914e-02	-2.291938e-02	-1.285809e-02	9.976690e-01	9.962586e-01	9.948933e-01	3.836158e-01
5.836008e-03	-2.291920e-02	-2.291945e-02	-1.285809e-02	9.976690e-01	9.962586e-01	9.948933e-01	3.834997e-01
5.834306e-03	-2.291927e-02	-2.291951e-02	-1.285809e-02	9.976691e-01	9.962585e-01	9.948933e-01	3.833833e-01
5.832604e-03	-2.291934e-02	-2.291958e-02	-1.285809e-02	9.976691e-01	9.962585e-01	9.948933e-01	3.832672e-01
5.830904e-03	-2.291940e-02	-2.291965e-02	-1.285809e-02	9.976692e-01	9.962584e-01	9.948933e-01	3.831517e-01
5.829204e-03	-2.291947e-02	-2.291971e-02	-1.285809e-02	9.976692e-01	9.962584e-01	9.948933e-01	3.830365e-01
5.827506e-03	-2.291953e-02	-2.291978e-02	-1.285809e-02	9.976693e-01	9.962583e-01	9.948933e-01	3.829215e-01
5.825808e-03	-2.291960e-02	-2.291984e-02	-1.285809e-02	9.976693e-01	9.962583e-01	9.948933e-01	3.828067e-01
5.824112e-03	-2.291966e-02	-2.291991e-02	-1.285809e-02	9.976694e-01	9.962582e-01	9.948933e-01	3.826921e-01
5.822416e-03	-2.291973e-02	-2.291997e-02	-1.285810e-02	9.976694e-01	9.962582e-01	9.948933e-01	3.825787e-01
5.820722e-03	-2.291979e-02	-2.292004e-02	-1.285810e-02	9.976695e-01	9.962581e-01	9.948933e-01	3.824645e-01
5.819028e-03	-2.291986e-02	-2.292010e-02	-1.285810e-02	9.976695e-01	9.962581e-01	9.948933e-01	3.823516e-01
5.817336e-03	-2.291993e-02	-2.292017e-02	-1.285810e-02	9.976696e-01	9.962580e-01	9.948934e-01	3.822373e-01
5.815644e-03	-2.291999e-02	-2.292024e-02	-1.285810e-02	9.976697e-01	9.962580e-01	9.948934e-01	3.821249e-01
5.813953e-03	-2.292006e-02	-2.292030e-02	-1.285810e-02	9.976697e-01	9.962579e-01	9.948934e-01	3.820109e-01
5.812264e-03	-2.292012e-02	-2.292037e-02	-1.285810e-02	9.976698e-01	9.962579e-01	9.948934e-01	3.818991e-01
5.810575e-03	-2.292019e-02	-2.292043e-02	-1.285810e-02	9.976698e-01	9.962578e-01	9.948934e-01	3.817864e-01
5.808888e-03	-2.292025e-02	-2.292050e-02	-1.285810e-02	9.976699e-01	9.962578e-01	9.948934e-01	3.816739e-01
5.807201e-03	-2.292032e-02	-2.292056e-02	-1.285810e-02	9.976699e-01	9.962577e-01	9.948934e-01	3.815623e-01
5.805515e-03	-2.292038e-02	-2.292063e-02	-1.285810e-02	9.976700e-01	9.962577e-01	9.948934e-01	3.814496e-01
5.803831e-03	-2.292045e-02	-2.292069e-02	-1.285810e-02	9.976700e-01	9.962576e-01	9.948934e-01	3.813381e-01
5.802147e-03	-2.292051e-02	-2.292076e-02	-1.285811e-02	9.976701e-01	9.962576e-01	9.948934e-01	3.812259e-01
5.800464e-03	-2.292058e-02	-2.292082e-02	-1.285811e-02	9.976701e-01	9.962575e-01	9.948934e-01	3.811142e-01
5.798782e-03	-2.292064e-02	-2.292089e-02	-1.285811e-02	9.976702e-01	9.962575e-01	9.948934e-01	3.810023e-01
5.797101e-03	-2.292071e-02	-2.292095e-02	-1.285811e-02	9.976702e-01	9.962574e-01	9.948934e-01	3.808912e-01
5.795422e-03	-2.292077e-02	-2.292101e-02	-1.285811e-02	9.976703e-01	9.962574e-01	9.948934e-01	3.807791e-01
5.793743e-03	-2.292084e-02	-2.292108e-02	-1.285811e-02	9.976703e-01	9.962574e-01	9.948934e-01	3.806684e-01
5.792065e-03	-2.292090e-02	-2.292114e-02	-1.285811e-02	9.976704e-01	9.962573e-01	9.948934e-01	3.805560e-01
5.790388e-03	-2.292096e-02	-2.292121e-02	-1.285811e-02	9.976704e-01	9.962573e-01	9.948934e-01	3.804449e-01
5.788712e-03	-2.292103e-02	-2.292127e-02	-1.285811e-02	9.976705e-01	9.962572e-01	9.948934e-01	3.803342e-01
5.787037e-03	-2.292109e-02	-2.292134e-02	-1.285811e-02	9.976705e-01	9.962572e-01	9.948934e-01	3.802230e-01
5.785363e-03	-2.292116e-02	-2.292140e-02	-1.285811e-02	9.976706e-01	9.962571e-01	9.948934e-01	3.801116e-01
5.783690e-03	-2.292122e-02	-2.292147e-02	-1.285811e-02	9.976706e-01	9.962571e-01	9.948934e-01	3.799999e-01
5.782018e-03	-2.292129e-02	-2.292153e-02	-1.285811e-02	9.976707e-01	9.962570e-01	9.948934e-01	3.798890e-01
5.780347e-03	-2.292135e-02	-2.292159e-02	-1.285812e-02	9.976707e-01	9.962570e-01	9.948934e-01	3.797783e-01
5.778677e-03	-2.292141e-02	-2.292166e-02	-1.285812e-02	9.976708e-01	9.962569e-01	9.948934e-01	3.796672e-01
5.777008e-03	-2.292148e-02	-2.292172e-02	-1.285812e-02	9.976708e-01	9.962569e-01	9.948934e-01	3.795551e-01
5.775339e-03	-2.292154e-02	-2.292179e-02	-1.285812e-02	9.976709e-01	9.962568e-01	9.948934e-01	3.794441e-01
5.773672e-03	-2.292161e-02	-2.292185e-02	-1.285812e-02	9.976709e-01	9.962568e-01	9.948934e-01	3.793334e-01
5.772006e-03	-2.292167e-02	-2.292191e-02	-1.285812e-02	9.976710e-01	9.962567e-01	9.948934e-01	3.792226e-01
5.770340e-03	-2.292173e-02	-2.292198e-02	-1.285812e-02	9.976710e-01	9.962567e-01	9.948934e-01	3.791105e-01
5.768676e-03	-2.292180e-02	-2.292204e-02	-1.285812e-02	9.976711e-01	9.962566e-01	9.948934e-01	3.790001e-01
5.767013e-03	-2.292186e-02	-2.292211e-02	-1.285812e-02	9.976711e-01	9.962566e-01	9.948935e-01	3.788891e-01
5.765350e-03	-2.292192e-02	-2.292217e-02	-1.285812e-02	9.976712e-01	9.962565e-01	9.948935e-01	3.787775e-01
5.763689e-03	-2.292199e-02	-2.292223e-02	-1.285812e-02	9.976712e-01	9.962565e-01	9.948935e-01	3.786661e-01
5.762028e-03	-2.292205e-02	-2.292230e-02	-1.285812e-02	9.976713e-01	9.962564e-01	9.948935e-01	3.785554e-01
5.760369e-03	-2.292212e-02	-2.292236e-02	-1.285812e-02	9.976713e-01	9.962564e-01	9.948935e-01	3.784441e-01
5.758710e-03	-2.292218e-02	-2.292242e-02	-1.285813e-02	9.976714e-01	9.962564e-01	9.948935e-01	3.783331e-01
5.757052e-03	-2.292224e-02	-2.292249e-02	-1.285813e-02	9.976714e-01	9.962563e-01	9.948935e-01	3.782212e-01
5.755396e-03	-2.292231e-02	-2.292255e-02	-1.285813e-02	9.976715e-01	9.962563e-01	9.948935e-01	3.781104e-01
5.753740e-03	-2.292237e-02	-2.292261e-02	-1.285813e-02	9.976715e-01	9.962562e-01	9.948935e-01	3.779996e-01
5.752085e-03	-2.292243e-02	-2.292268e-02	-1.285813e-02	9.976716e-01	9.962562e-01	9.948935e-01	3.778877e-01
5.750431e-03	-2.292249e-02	-2.292274e-02	-1.285813e-02	9.976716e-01	9.962561e-01	9.948935e-01	3.777770e-01
5.748778e-03	-2.292256e-02	-2.292280e-02	-1.285813e-02	9.976717e-01	9.962561e-01	9.948935e-01	3.776644e-01
5.747126e-03	-2.292262e-02	-2.292287e-02	-1.285813e-02	9.976717e-01	9.962560e-01	9.948935e-01	3.775540e-01
5.745475e-03	-2.292268e-02	-2.292293e-02	-1.285813e-02	9.976718e-01	9.962560e-01	9.948935e-01	3.774418e-01
5.743825e-03	-2.292275e-02	-2.292299e-02	-1.285813e-02	9.976718e-01	9.962559e-01	9.948935e-01	3.773308e-01
5.742176e-03	-2.292281e-02	-2.292305e-02	-1.285813e-02	9.976719e-01	9.962559e-01	9.948935e-01	3.772198e-01
5.740528e-03	-2.292287e-02	-2.292312e-02	-1.285813e-02	9.976719e-01	9.962558e-01	9.948935e-01	3.771066e-01
5.738881e-03	-2.292294e-02	-2.292318e-02	-1.285813e-02	9.976720e-01	9.962558e-01	9.948935e-01	3.769958e-01
5.737235e-03	-2.292300e-02	-2.292324e-02	-1.285813e-02	9.976720e-01	9.962557e-01	9.948935e-01	3.768838e-01
5.735589e-03	-2.292306e-02	-2.292330e-02	-1.285813e-02	9.976721e-01	9.962557e-01	9.948935e-01	3.767723e-01
5.733945e-03	-2.292312e-02	-2.292337e-02	-1.285814e-02	9.976721e-01	9.962557e-01	9.948935e-01	3.766602e-01
5.732302e-03	-2.292319e-02	-2.292343e-02	-1.285814e-02	9.976722e-01	9.962556e-01	9.948935e-01	3.765477e-01
5.730659e-03	-2.292325e-02	-2.292349e-02	-1.285814e-02	9.976722e-01	9.962556e-01	9.948935e-01	3.764353e-01
5.729017e-03	-2.292331e-02	-2.292355e-02	-1.285814e-02	9.976723e-01	9.962555e-01	9.948935e-01	3.763237e-01
5.727377e-03	-2.292337e-02	-2.292362e-02	-1.285814e-02	9.976723e-01	9.962555e-01	9.948935e-01	3.762116e-01
5.725737e-03	-2.292344e-02	-2.292368e-02	-1.285814e-02	9.976724e-01	9.962554e-01	9.948935e-01	3.760989e-01
5.724098e-03	-2.292350e-02	-2.292374e-02	-1.285814e-02	9.976724e-01	9.962554e-01	9.948935e-01	3.759870e-01
5.722461e-03	-2.292356e-02	-2.292380e-02	-1.285814e-02	9.976725e-01	9.962553e-01	9.948935e-01	3.758731e-01
5.720824e-03	-2.292362e-02	-2.292387e-02	-1.285814e-02	9.976725e-01	9.962553e-01	9.948935e-01	3.757616e-01
5.719188e-03	-2.292368e-02	-2.292393e-02	-1.285814e-02	9.976726e-01	9.962552e-01	9.948935e-01	3.756484e-01
5.717553e-03	-2.292375e-02	-2.292399e-02	-1.285814e-02	9.976726e-01	9.962552e-01	9.948936e-01	3.755358e-01
5.715919e-03	-2.292381e-02	-2.292405e-02	-1.285814e-02	9.976727e-01	9.962551e-01	9.948936e-01	3.754225e-01
5.714286e-03	-2.292387e-02	-2.292411e-02	-1.285814e-02	9.976727e-01	9.962551e-01	9.948936e-01	3.753102e-01
5.712654e-03	-2.292393e-02	-2.292418e-02	-1.285814e-02	9.976728e-01	9.962551e-01	9.948936e-01	3.751977e-01
5.711022e-03	-2.292399e-02	-2.292424e-02	-1.285814e-02	9.976728e-01	9.962550e-01	9.948936e-01	3.750833e-01
5.709392e-03	-2.292406e-02	-2.292430e-02	-1.285814e-02	9.976729e-01	9.962550e-01	9.948936e-01	3.749719e-01
5.707763e-03	-2.292412e-02	-2.292436e-02	-1.285815e-02	9.976729e-01	9.962549e-01	9.948936e-01	3.748577e-01
5.706134e-03	-2.292418e-02	-2.292442e-02	-1.285815e-02	9.976730e-01	9.962549e-01	9.948936e-01	3.747459e-01
5.704507e-03	-2.292424e-02	-2.292448e-02	-1.285815e-02	9.976730e-01	9.962548e-01	9.948936e-01	3.746315e-01
5.702880e-03	-2.292430e-02	-2.292455e-02	-1.285815e-02	9.976731e-01	9.962548e-01	9.948936e-01	3.745193e-01
5.701254e-03	-2.292436e-02	-2.292461e-02	-1.285815e-02	9.976731e-01	9.962547e-01	9.948936e-01	3.744058e-01
5.699630e-03	-2.292443e-02	-2.292467e-02	-1.285815e-02	9.976732e-01	9.962547e-01	9.948936e-01	3.742917e-01
5.698006e-03	-2.292449e-02	-2.292473e-02	-1.285815e-02	9.976732e-01	9.962546e-01	9.948936e-01	3.741792e-01
5.696383e-03	-2.292455e-02	-2.292479e-02	-1.285815e-02	9.976733e-01	9.962546e-01	9.948936e-01	3.740660e-01
5.694761e-03	-2.292461e-02	-2.292485e-02	-1.285815e-02	9.976733e-01	9.962546e-01	9.948936e-01	3.739516e-01
5.693140e-03	-2.292467e-02	-2.292491e-02	-1.285815e-02	9.976734e-01	9.962545e-01	9.948936e-01	3.738398e-01
5.691520e-03	-2.292473e-02	-2.292498e-02	-1.285815e-02	9.976734e-01	9.962545e-01	9.948936e-01	3.737253e-01
5.689900e-03	-2.292479e-02	-2.292504e-02	-1.285815e-02	9.976735e-01	9.962544e-01	9.948936e-01	3.736123e-01
5.688282e-03	-2.292485e-02	-2.292510e-02	-1.285815e-02	9.976735e-01	9.962544e-01	9.948936e-01	3.734977e-01
5.686665e-03	-2.292491e-02	-2.292516e-02	-1.285815e-02	9.976736e-01	9.962543e-01	9.948936e-01	3.733856e-01
5.685048e-03	-2.292498e-02	-2.292522e-02	-1.285815e-02	9.976736e-01	9.962543e-01	9.948936e-01	3.732711e-01
5.683433e-03	-2.292504e-02	-2.292528e-02	-1.285815e-02	9.976737e-01	9.962542e-01	9.948936e-01	3.731574e-01
5.681818e-03	-2.292510e-02	-2.292534e-02	-1.285815e-02	9.976737e-01	9.962542e-01	9.948936e-01	3.730437e-01
5.680204e-03	-2.292516e-02	-2.292540e-02	-1.285815e-02	9.976737e-01	9.962541e-01	9.948936e-01	3.729302e-01
5.678592e-03	-2.292522e-02	-2.292546e-02	-1.285816e-02	9.976738e-01	9.962541e-01	9.948936e-01	3.728160e-01
5.676980e-03	-2.292528e-02	-2.292552e-02	-1.285816e-02	9.976738e-01	9.962541e-01	9.948936e-01	3.727022e-01
5.675369e-03	-2.292534e-02	-2.292558e-02	-1.285816e-02	9.976739e-01	9.962540e-01	9.948936e-01	3.725886e-01
5.673759e-03	-2.292540e-02	-2.292565e-02	-1.285816e-02	9.976739e-01	9.962540e-01	9.948936e-01	3.724743e-01
5.672150e-03	-2.292546e-02	-2.292571e-02	-1.285816e-02	9.976740e-01	9.962539e-01	9.948936e-01	3.723606e-01
5.670542e-03	-2.292552e-02	-2.292577e-02	-1.285816e-02	9.976740e-01	9.962539e-01	9.948937e-01	3.722473e-01
5.668934e-03	-2.292558e-02	-2.292583e-02	-1.285816e-02	9.976741e-01	9.962538e-01	9.948937e-01	3.721316e-01
5.667328e-03	-2.292564e-02	-2.292589e-02	-1.285816e-02	9.976741e-01	9.962538e-01	9.948937e-01	3.720178e-01
5.665722e-03	-2.292570e-02	-2.292595e-02	-1.285816e-02	9.976742e-01	9.962537e-01	9.948937e-01	3.719041e-01
5.664118e-03	-2.292576e-02	-2.292601e-02	-1.285816e-02	9.976742e-01	9.962537e-01	9.948937e-01	3.717900e-01
5.662514e-03	-2.292582e-02	-2.292607e-02	-1.285816e-02	9.976743e-01	9.962537e-01	9.948937e-01	3.716760e-01
5.660911e-03	-2.292588e-02	-2.292613e-02	-1.285816e-02	9.976743e-01	9.962536e-01	9.948937e-01	3.715604e-01
5.659310e-03	-2.292594e-02	-2.292619e-02	-1.285816e-02	9.976744e-01	9.962536e-01	9.948937e-01	3.714470e-01
5.657709e-03	-2.292600e-02	-2.292625e-02	-1.285816e-02	9.976744e-01	9.962535e-01	9.948937e-01	3.713326e-01
5.656109e-03	-2.292606e-02	-2.292631e-02	-1.285816e-02	9.976745e-01	9.962535e-01	9.948937e-01	3.712175e-01
5.654509e-03	-2.292612e-02	-2.292637e-02	-1.285816e-02	9.976745e-01	9.962534e-01	9.948937e-01	3.711030e-01
5.652911e-03	-2.292618e-02	-2.292643e-02	-1.285816e-02	9.976746e-01	9.962534e-01	9.948937e-01	3.709891e-01
5.651314e-03	-2.292624e-02	-2.292649e-02	-1.285816e-02	9.976746e-01	9.962533e-01	9.948937e-01	3.708740e-01
5.649718e-03	-2.292630e-02	-2.292655e-02	-1.285816e-02	9.976747e-01	9.962533e-01	9.948937e-01	3.707603e-01
5.648122e-03	-2.292636e-02	-2.292661e-02	-1.285817e-02	9.976747e-01	9.962533e-01	9.948937e-01	3.706440e-01
5.646527e-03	-2.292642e-02	-2.292667e-02	-1.285817e-02	9.976748e-01	9.962532e-01	9.948937e-01	3.705304e-01
5.644934e-03	-2.292648e-02	-2.292673e-02	-1.285817e-02	9.976748e-01	9.962532e-01	9.948937e-01	3.704156e-01
5.643341e-03	-2.292654e-02	-2.292679e-02	-1.285817e-02	9.976748e-01	9.962531e-01	9.948937e-01	3.703010e-01
5.641749e-03	-2.292660e-02	-2.292685e-02	-1.285817e-02	9.976749e-01	9.962531e-01	9.948937e-01	3.701855e-01
5.640158e-03	-2.292666e-02	-2.292691e-02	-1.285817e-02	9.976749e-01	9.962530e-01	9.948937e-01	3.700705e-01
5.638568e-03	-2.292672e-02	-2.292697e-02	-1.285817e-02	9.976750e-01	9.962530e-01	9.948937e-01	3.699552e-01
5.636979e-03	-2.292678e-02	-2.292702e-02	-1.285817e-02	9.976750e-01	9.962529e-01	9.948937e-01	3.698420e-01
5.635390e-03	-2.292684e-02	-2.292708e-02	-1.285817e-02	9.976751e-01	9.962529e-01	9.948937e-01	3.697262e-01
5.633803e-03	-2.292690e-02	-2.292714e-02	-1.285817e-02	9.976751e-01	9.962529e-01	9.948937e-01	3.696114e-01
5.632216e-03	-2.292696e-02	-2.292720e-02	-1.285817e-02	9.976752e-01	9.962528e-01	9.948937e-01	3.694955e-01
5.630631e-03	-2.292702e-02	-2.292726e-02	-1.285817e-02	9.976752e-01	9.962528e-01	9.948937e-01	3.693811e-01
5.629046e-03	-2.292708e-02	-2.292732e-02	-1.285817e-02	9.976753e-01	9.962527e-01	9.948937e-01	3.692658e-01
5.627462e-03	-2.292714e-02	-2.292738e-02	-1.285817e-02	9.976753e-01	9.962527e-01	9.948937e-01	3.691507e-01
5.625879e-03	-2.292719e-02	-2.292744e-02	-1.285817e-02	9.976754e-01	9.962526e-01	9.948937e-01	3.690355e-01
5.624297e-03	-2.292725e-02	-2.292750e-02	-1.285817e-02	9.976754e-01	9.962526e-01	9.948937e-01	3.689206e-01
5.622716e-03	-2.292731e-02	-2.292756e-02	-1.285817e-02	9.976755e-01	9.962526e-01	9.948938e-01	3.688047e-01
5.621135e-03	-2.292737e-02	-2.292762e-02	-1.285817e-02	9.976755e-01	9.962525e-01	9.948938e-01	3.686905e-01
5.619556e-03	-2.292743e-02	-2.292767e-02	-1.285817e-02	9.976756e-01	9.962525e-01	9.948938e-01	3.685745e-01
5.617978e-03	-2.292749e-02	-2.292773e-02	-1.285818e-02	9.976756e-01	9.962524e-01	9.948938e-01	3.684584e-01
5.616400e-03	-2.292755e-02	-2.292779e-02	-1.285818e-02	9.976756e-01	9.962524e-01	9.948938e-01	3.683446e-01
5.614823e-03	-2.292761e-02	-2.292785e-02	-1.285818e-02	9.976757e-01	9.962523e-01	9.948938e-01	3.682285e-01
5.613247e-03	-2.292767e-02	-2.292791e-02	-1.285818e-02	9.976757e-01	9.962523e-01	9.948938e-01	3.681131e-01
5.611672e-03	-2.292772e-02	-2.292797e-02	-1.285818e-02	9.976758e-01	9.962522e-01	9.948938e-01	3.679984e-01
5.610098e-03	-2.292778e-02	-2.292803e-02	-1.285818e-02	9.976758e-01	9.962522e-01	9.948938e-01	3.678823e-01
5.608525e-03	-2.292784e-02	-2.292808e-02	-1.285818e-02	9.976759e-01	9.962522e-01	9.948938e-01	3.677672e-01
5.606953e-03	-2.292790e-02	-2.292814e-02	-1.285818e-02	9.976759e-01	9.962521e-01	9.948938e-01	3.676507e-01
5.605381e-03	-2.292796e-02	-2.292820e-02	-1.285818e-02	9.976760e-01	9.962521e-01	9.948938e-01	3.675358e-01
5.603811e-03	-2.292802e-02	-2.292826e-02	-1.285818e-02	9.976760e-01	9.962520e-01	9.948938e-01	3.674203e-01
5.602241e-03	-2.292807e-02	-2.292832e-02	-1.285818e-02	9.976761e-01	9.962520e-01	9.948938e-01	3.673044e-01
5.600672e-03	-2.292813e-02	-2.292838e-02	-1.285818e-02	9.976761e-01	9.962519e-01	9.948938e-01	3.671901e-01
5.599104e-03	-2.292819e-02	-2.292843e-02	-1.285818e-02	9.976762e-01	9.962519e-01	9.948938e-01	3.670738e-01
5.597537e-03	-2.292825e-02	-2.292849e-02	-1.285818e-02	9.976762e-01	9.962519e-01	9.948938e-01	3.669578e-01
5.595971e-03	-2.292831e-02	-2.292855e-02	-1.285818e-02	9.976763e-01	9.962518e-01	9.948938e-01	3.668424e-01
5.594406e-03	-2.292836e-02	-2.292861e-02	-1.285818e-02	9.976763e-01	9.962518e-01	9.948938e-01	3.667263e-01
5.592841e-03	-2.292842e-02	-2.292867e-02	-1.285818e-02	9.976763e-01	9.962517e-01	9.948938e-01	3.666119e-01
5.591278e-03	-2.292848e-02	-2.292872e-02	-1.285818e-02	9.976764e-01	9.962517e-01	9.948938e-01	3.664946e-01
5.589715e-03	-2.292854e-02	-2.292878e-02	-1.285818e-02	9.976764e-01	9.962516e-01	9.948938e-01	3.663797e-01
5.588153e-03	-2.292860e-02	-2.292884e-02	-1.285818e-02	9.976765e-01	9.962516e-01	9.948938e-01	3.662639e-01
5.586592e-03	-2.292865e-02	-2.292890e-02	-1.285818e-02	9.976765e-01	9.962516e-01	9.948938e-01	3.661485e-01
5.585032e-03	-2.292871e-02	-2.292896e-02	-1.285819e-02	9.976766e-01	9.962515e-01	9.948938e-01	3.660319e-01
5.583473e-03	-2.292877e-02	-2.292901e-02	-1.285819e-02	9.976766e-01	9.962515e-01	9.948938e-01	3.659167e-01
5.581915e-03	-2.292883e-02	-2.292907e-02	-1.285819e-02	9.976767e-01	9.962514e-01	9.948938e-01	3.658007e-01
5.580357e-03	-2.292888e-02	-2.292913e-02	-1.285819e-02	9.976767e-01	9.962514e-01	9.948938e-01	3.656853e-01
5.578801e-03	-2.292894e-02	-2.292919e-02	-1.285819e-02	9.976768e-01	9.962513e-01	9.948938e-01	3.655689e-01
5.577245e-03	-2.292900e-02	-2.292924e-02	-1.285819e-02	9.976768e-01	9.962513e-01	9.948938e-01	3.654523e-01
5.575690e-03	-2.292906e-02	-2.292930e-02	-1.285819e-02	9.976768e-01	9.962513e-01	9.948939e-01	3.653373e-01
5.574136e-03	-2.292911e-02	-2.292936e-02	-1.285819e-02	9.976769e-01	9.962512e-01	9.948939e-01	3.652219e-01
5.572583e-03	-2.292917e-02	-2.292942e-02	-1.285819e-02	9.976769e-01	9.962512e-01	9.948939e-01	3.651046e-01
5.571031e-03	-2.292923e-02	-2.292947e-02	-1.285819e-02	9.976770e-01	9.962511e-01	9.948939e-01	3.649891e-01
5.569479e-03	-2.292929e-02	-2.292953e-02	-1.285819e-02	9.976770e-01	9.962511e-01	9.948939e-01	3.648731e-01
5.567929e-03	-2.292934e-02	-2.292959e-02	-1.285819e-02	9.976771e-01	9.962510e-01	9.948939e-01	3.647566e-01
5.566379e-03	-2.292940e-02	-2.292964e-02	-1.285819e-02	9.976771e-01	9.962510e-01	9.948939e-01	3.646416e-01
5.564830e-03	-2.292946e-02	-2.292970e-02	-1.285819e-02	9.976772e-01	9.962510e-01	9.948939e-01	3.645249e-01
5.563282e-03	-2.292951e-02	-2.292976e-02	-1.285819e-02	9.976772e-01	9.962509e-01	9.948939e-01	3.644080e-01
5.561735e-03	-2.292957e-02	-2.292981e-02	-1.285819e-02	9.976773e-01	9.962509e-01	9.948939e-01	3.642919e-01
5.560189e-03	-2.292963e-02	-2.292987e-02	-1.285819e-02	9.976773e-01	9.962508e-01	9.948939e-01	3.641764e-01
5.558644e-03	-2.292968e-02	-2.292993e-02	-1.285819e-02	9.976773e-01	9.962508e-01	9.948939e-01	3.640597e-01
5.557099e-03	-2.292974e-02	-2.292999e-02	-1.285819e-02	9.976774e-01	9.962508e-01	9.948939e-01	3.639434e-01
5.555556e-03	-2.292980e-02	-2.293004e-02	-1.285819e-02	9.976774e-01	9.962507e-01	9.948939e-01	3.638273e-01
5.554013e-03	-2.292985e-02	-2.293010e-02	-1.285819e-02	9.976775e-01	9.962507e-01	9.948939e-01	3.637107e-01
5.552471e-03	-2.292991e-02	-2.293016e-02	-1.285819e-02	9.976775e-01	9.962506e-01	9.948939e-01	3.635940e-01
5.550930e-03	-2.292997e-02	-2.293021e-02	-1.285820e-02	9.976776e-01	9.962506e-01	9.948939e-01	3.634774e-01
5.549390e-03	-2.293002e-02	-2.293027e-02	-1.285820e-02	9.976776e-01	9.962505e-01	9.948939e-01	3.633616e-01
5.547850e-03	-2.293008e-02	-2.293032e-02	-1.285820e-02	9.976777e-01	9.962505e-01	9.948939e-01	3.632449e-01
5.546312e-03	-2.293014e-02	-2.293038e-02	-1.285820e-02	9.976777e-01	9.962505e-01	9.948939e-01	3.631272e-01
5.544774e-03	-2.293019e-02	-2.293044e-02	-1.285820e-02	9.976778e-01	9.962504e-01	9.948939e-01	3.630119e-01
5.543237e-03	-2.293025e-02	-2.293049e-02	-1.285820e-02	9.976778e-01	9.962504e-01	9.948939e-01	3.628933e-01
5.541701e-03	-2.293031e-02	-2.293055e-02	-1.285820e-02	9.976778e-01	9.962503e-01	9.948939e-01	3.627779e-01
5.540166e-03	-2.293036e-02	-2.293061e-02	-1.285820e-02	9.976779e-01	9.962503e-01	9.948939e-01	3.626602e-01
5.538632e-03	-2.293042e-02	-2.293066e-02	-1.285820e-02	9.976779e-01	9.962503e-01	9.948939e-01	3.625441e-01
5.537099e-03	-2.293047e-02	-2.293072e-02	-1.285820e-02	9.976780e-01	9.962502e-01	9.948939e-01	3.624265e-01
5.535566e-03	-2.293053e-02	-2.293078e-02	-1.285820e-02	9.976780e-01	9.962502e-01	9.948939e-01	3.623100e-01
5.534034e-03	-2.293059e-02	-2.293083e-02	-1.285820e-02	9.976781e-01	9.962501e-01	9.948939e-01	3.621918e-01
5.532503e-03	-2.293064e-02	-2.293089e-02	-1.285820e-02	9.976781e-01	9.962501e-01	9.948939e-01	3.620752e-01
5.530973e-03	-2.293070e-02	-2.293094e-02	-1.285820e-02	9.976782e-01	9.962500e-01	9.948939e-01	3.619588e-01
5.529444e-03	-2.293075e-02	-2.293100e-02	-1.285820e-02	9.976782e-01	9.962500e-01	9.948939e-01	3.618395e-01
5.527916e-03	-2.293081e-02	-2.293105e-02	-1.285820e-02	9.976782e-01	9.962500e-01	9.948940e-01	3.617239e-01
5.526389e-03	-2.293087e-02	-2.293111e-02	-1.285820e-02	9.976783e-01	9.962499e-01	9.948940e-01	3.616052e-01
5.524862e-03	-2.293092e-02	-2.293117e-02	-1.285820e-02	9.976783e-01	9.962499e-01	9.948940e-01	3.614884e-01
5.523336e-03	-2.293098e-02	-2.293122e-02	-1.285820e-02	9.976784e-01	9.962498e-01	9.948940e-01	3.613712e-01
5.521811e-03	-2.293103e-02	-2.293128e-02	-1.285820e-02	9.976784e-01	9.962498e-01	9.948940e-01	3.612521e-01
5.520287e-03	-2.293109e-02	-2.293133e-02	-1.285820e-02	9.976785e-01	9.962498e-01	9.948940e-01	3.611350e-01
5.518764e-03	-2.293114e-02	-2.293139e-02	-1.285821e-02	9.976785e-01	9.962497e-01	9.948940e-01	3.610172e-01
5.517241e-03	-2.293120e-02	-2.293144e-02	-1.285821e-02	9.976786e-01	9.962497e-01	9.948940e-01	3.608999e-01
5.515720e-03	-2.293126e-02	-2.293150e-02	-1.285821e-02	9.976786e-01	9.962496e-01	9.948940e-01	3.607809e-01
5.514199e-03	-2.293131e-02	-2.293156e-02	-1.285821e-02	9.976786e-01	9.962496e-01	9.948940e-01	3.606636e-01
5.512679e-03	-2.293137e-02	-2.293161e-02	-1.285821e-02	9.976787e-01	9.962496e-01	9.948940e-01	3.605452e-01
5.511160e-03	-2.293142e-02	-2.293167e-02	-1.285821e-02	9.976787e-01	9.962495e-01	9.948940e-01	3.604276e-01
5.509642e-03	-2.293148e-02	-2.293172e-02	-1.285821e-02	9.976788e-01	9.962495e-01	9.948940e-01	3.603089e-01
5.508124e-03	-2.293153e-02	-2.293178e-02	-1.285821e-02	9.976788e-01	9.962494e-01	9.948940e-01	3.601911e-01
5.506608e-03	-2.293159e-02	-2.293183e-02	-1.285821e-02	9.976789e-01	9.962494e-01	9.948940e-01	3.600728e-01
5.505092e-03	-2.293164e-02	-2.293189e-02	-1.285821e-02	9.976789e-01	9.962493e-01	9.948940e-01	3.599541e-01
5.503577e-03	-2.293170e-02	-2.293194e-02	-1.285821e-02	9.976789e-01	9.962493e-01	9.948940e-01	3.598360e-01
5.502063e-03	-2.293175e-02	-2.293200e-02	-1.285821e-02	9.976790e-01	9.962493e-01	9.948940e-01	3.597175e-01
5.500550e-03	-2.293181e-02	-2.293205e-02	-1.285821e-02	9.976790e-01	9.962492e-01	9.948940e-01	3.595991e-01
5.499038e-03	-2.293186e-02	-2.293211e-02	-1.285821e-02	9.976791e-01	9.962492e-01	9.948940e-01	3.594811e-01
5.497526e-03	-2.293192e-02	-2.293216e-02	-1.285821e-02	9.976791e-01	9.962491e-01	9.948940e-01	3.593623e-01
5.496015e-03	-2.293197e-02	-2.293222e-02	-1.285821e-02	9.976792e-01	9.962491e-01	9.948940e-01	3.592438e-01
5.494505e-03	-2.293203e-02	-2.293227e-02	-1.285821e-02	9.976792e-01	9.962491e-01	9.948940e-01	3.591252e-01
5.492996e-03	-2.293208e-02	-2.293233e-02	-1.285821e-02	9.976793e-01	9.962490e-01	9.948940e-01	3.590065e-01
5.491488e-03	-2.293214e-02	-2.293238e-02	-1.285821e-02	9.976793e-01	9.962490e-01	9.948940e-01	3.588881e-01
5.489981e-03	-2.293219e-02	-2.293244e-02	-1.285821e-02	9.976793e-01	9.962489e-01	9.948940e-01	3.587692e-01
5.488474e-03	-2.293225e-02	-2.293249e-02	-1.285821e-02	9.976794e-01	9.962489e-01	9.948940e-01	3.586504e-01
5.486968e-03	-2.293230e-02	-2.293254e-02	-1.285821e-02	9.976794e-01	9.962489e-01	9.948940e-01	3.585327e-01
5.485464e-03	-2.293235e-02	-2.293260e-02	-1.285821e-02	9.976795e-01	9.962488e-01	9.948940e-01	3.584126e-01
5.483959e-03	-2.293241e-02	-2.293265e-02	-1.285822e-02	9.976795e-01	9.962488e-01	9.948940e-01	3.582956e-01
5.482456e-03	-2.293246e-02	-2.293271e-02	-1.285822e-02	9.976796e-01	9.962487e-01	9.948940e-01	3.581761e-01
5.480954e-03	-2.293252e-02	-2.293276e-02	-1.285822e-02	9.976796e-01	9.962487e-01	9.948940e-01	3.580566e-01
5.479452e-03	-2.293257e-02	-2.293282e-02	-1.285822e-02	9.976796e-01	9.962487e-01	9.948940e-01	3.579395e-01
5.477951e-03	-2.293263e-02	-2.293287e-02	-1.285822e-02	9.976797e-01	9.962486e-01	9.948941e-01	3.578196e-01
5.476451e-03	-2.293268e-02	-2.293292e-02	-1.285822e-02	9.976797e-01	9.962486e-01	9.948941e-01	3.577018e-01
5.474952e-03	-2.293273e-02	-2.293298e-02	-1.285822e-02	9.976798e-01	9.962485e-01	9.948941e-01	3.575836e-01
5.473454e-03	-2.293279e-02	-2.293303e-02	-1.285822e-02	9.976798e-01	9.962485e-01	9.948941e-01	3.574632e-01
5.471956e-03	-2.293284e-02	-2.293309e-02	-1.285822e-02	9.976799e-01	9.962485e-01	9.948941e-01	3.573466e-01
5.470460e-03	-2.293290e-02	-2.293314e-02	-1.285822e-02	9.976799e-01	9.962484e-01	9.948941e-01	3.572263e-01
5.468964e-03	-2.293295e-02	-2.293319e-02	-1.285822e-02	9.976799e-01	9.962484e-01	9.948941e-01	3.571092e-01
5.467469e-03	-2.293300e-02	-2.293325e-02	-1.285822e-02	9.976800e-01	9.962483e-01	9.948941e-01	3.569905e-01
5.465974e-03	-2.293306e-02	-2.293330e-02	-1.285822e-02	9.976800e-01	9.962483e-01	9.948941e-01	3.568708e-01
5.464481e-03	-2.293311e-02	-2.293336e-02	-1.285822e-02	9.976801e-01	9.962483e-01	9.948941e-01	3.567536e-01
5.462988e-03	-2.293317e-02	-2.293341e-02	-1.285822e-02	9.976801e-01	9.962482e-01	9.948941e-01	3.566349e-01
5.461496e-03	-2.293322e-02	-2.293346e-02	-1.285822e-02	9.976802e-01	9.962482e-01	9.948941e-01	3.565163e-01
5.460005e-03	-2.293327e-02	-2.293352e-02	-1.285822e-02	9.976802e-01	9.962481e-01	9.948941e-01	3.563989e-01
5.458515e-03	-2.293333e-02	-2.293357e-02	-1.285822e-02	9.976802e-01	9.962481e-01	9.948941e-01	3.562800e-01
5.457026e-03	-2.293338e-02	-2.293362e-02	-1.285822e-02	9.976803e-01	9.962481e-01	9.948941e-01	3.561616e-01
5.455537e-03	-2.293343e-02	-2.293368e-02	-1.285822e-02	9.976803e-01	9.962480e-01	9.948941e-01	3.560436e-01
5.454050e-03	-2.293349e-02	-2.293373e-02	-1.285822e-02	9.976804e-01	9.962480e-01	9.948941e-01	3.559259e-01
5.452563e-03	-2.293354e-02	-2.293379e-02	-1.285822e-02	9.976804e-01	9.962479e-01	9.948941e-01	3.558067e-01
5.451077e-03	-2.293359e-02	-2.293384e-02	-1.285823e-02	9.976805e-01	9.962479e-01	9.948941e-01	3.556894e-01
5.449591e-03	-2.293365e-02	-2.293389e-02	-1.285823e-02	9.976805e-01	9.962479e-01	9.948941e-01	3.555713e-01
5.448107e-03	-2.293370e-02	-2.293395e-02	-1.285823e-02	9.976805e-01	9.962478e-01	9.948941e-01	3.554541e-01
5.446623e-03	-2.293375e-02	-2.293400e-02	-1.285823e-02	9.976806e-01	9.962478e-01	9.948941e-01	3.553354e-01
5.445140e-03	-2.293381e-02	-2.293405e-02	-1.285823e-02	9.976806e-01	9.962477e-01	9.948941e-01	3.552182e-01
5.443658e-03	-2.293386e-02	-2.293411e-02	-1.285823e-02	9.976807e-01	9.962477e-01	9.948941e-01	3.551008e-01
5.442177e-03	-2.293391e-02	-2.293416e-02	-1.285823e-02	9.976807e-01	9.962477e-01	9.948941e-01	3.549825e-01
5.440696e-03	-2.293397e-02	-2.293421e-02	-1.285823e-02	9.976808e-01	9.962476e-01	9.948941e-01	3.548648e-01
5.439217e-03	-2.293402e-02	-2.293426e-02	-1.285823e-02	9.976808e-01	9.962476e-01	9.948941e-01	3.547490e-01
5.437738e-03	-2.293407e-02	-2.293432e-02	-1.285823e-02	9.976808e-01	9.962475e-01	9.948941e-01	3.546305e-01
5.436260e-03	-2.293413e-02	-2.293437e-02	-1.285823e-02	9.976809e-01	9.962475e-01	9.948941e-01	3.545132e-01
5.434783e-03	-2.293418e-02	-2.293442e-02	-1.285823e-02	9.976809e-01	9.962475e-01	9.948941e-01	3.543963e-01
5.433306e-03	-2.293423e-02	-2.293448e-02	-1.285823e-02	9.976810e-01	9.962474e-01	9.948941e-01	3.542794e-01
5.431831e-03	-2.293428e-02	-2.293453e-02	-1.285823e-02	9.976810e-01	9.962474e-01	9.948941e-01	3.541623e-01
5.430356e-03	-2.293434e-02	-2.293458e-02	-1.285823e-02	9.976810e-01	9.962474e-01	9.948941e-01	3.540457e-01
5.428882e-03	-2.293439e-02	-2.293463e-02	-1.285823e-02	9.976811e-01	9.962473e-01	9.948942e-01	3.539281e-01
5.427408e-03	-2.293444e-02	-2.293469e-02	-1.285823e-02	9.976811e-01	9.962473e-01	9.948942e-01	3.538116e-01
5.425936e-03	-2.293450e-02	-2.293474e-02	-1.285823e-02	9.976812e-01	9.962472e-01	9.948942e-01	3.536956e-01
5.424464e-03	-2.293455e-02	-2.293479e-02	-1.285823e-02	9.976812e-01	9.962472e-01	9.948942e-01	3.535779e-01
5.422993e-03	-2.293460e-02	-2.293484e-02	-1.285823e-02	9.976813e-01	9.962472e-01	9.948942e-01	3.534618e-01
5.421523e-03	-2.293465e-02	-2.293490e-02	-1.285823e-02	9.976813e-01	9.962471e-01	9.948942e-01	3.533459e-01
5.420054e-03	-2.293471e-02	-2.293495e-02	-1.285823e-02	9.976813e-01	9.962471e-01	9.948942e-01	3.532288e-01
5.418586e-03	-2.293476e-02	-2.293500e-02	-1.285823e-02	9.976814e-01	9.962470e-01	9.948942e-01	3.531125e-01
5.417118e-03	-2.293481e-02	-2.293505e-02	-1.285824e-02	9.976814e-01	9.962470e-01	9.948942e-01	3.529959e-01
5.415651e-03	-2.293486e-02	-2.293511e-02	-1.285824e-02	9.976815e-01	9.962470e-01	9.948942e-01	3.528791e-01
5.414185e-03	-2.293491e-02	-2.293516e-02	-1.285824e-02	9.976815e-01	9.962469e-01	9.948942e-01	3.527637e-01
5.412720e-03	-2.293497e-02	-2.293521e-02	-1.285824e-02	9.976815e-01	9.962469e-01	9.948942e-01	3.526470e-01
5.411255e-03	-2.293502e-02	-2.293526e-02	-1.285824e-02	9.976816e-01	9.962468e-01	9.948942e-01	3.525313e-01
5.409792e-03	-2.293507e-02	-2.293532e-02	-1.285824e-02	9.976816e-01	9.962468e-01	9.948942e-01	3.524140e-01
5.408329e-03	-2.293512e-02	-2.293537e-02	-1.285824e-02	9.976817e-01	9.962468e-01	9.948942e-01	3.522972e-01
5.406867e-03	-2.293518e-02	-2.293542e-02	-1.285824e-02	9.976817e-01	9.962467e-01	9.948942e-01	3.521820e-01
5.405405e-03	-2.293523e-02	-2.293547e-02	-1.285824e-02	9.976818e-01	9.962467e-01	9.948942e-01	3.520654e-01
5.403945e-03	-2.293528e-02	-2.293552e-02	-1.285824e-02	9.976818e-01	9.962467e-01	9.948942e-01	3.519495e-01
5.402485e-03	-2.293533e-02	-2.293557e-02	-1.285824e-02	9.976818e-01	9.962466e-01	9.948942e-01	3.518320e-01
5.401026e-03	-2.293538e-02	-2.293563e-02	-1.285824e-02	9.976819e-01	9.962466e-01	9.948942e-01	3.517169e-01
5.399568e-03	-2.293543e-02	-2.293568e-02	-1.285824e-02	9.976819e-01	9.962465e-01	9.948942e-01	3.515994e-01
5.398111e-03	-2.293549e-02	-2.293573e-02	-1.285824e-02	9.976820e-01	9.962465e-01	9.948942e-01	3.514830e-01
5.396654e-03	-2.293554e-02	-2.293578e-02	-1.285824e-02	9.976820e-01	9.962465e-01	9.948942e-01	3.513674e-01
5.395198e-03	-2.293559e-02	-2.293583e-02	-1.285824e-02	9.976820e-01	9.962464e-01	9.948942e-01	3.512506e-01
5.393743e-03	-2.293564e-02	-2.293589e-02	-1.285824e-02	9.976821e-01	9.962464e-01	9.948942e-01	3.511349e-01
5.392289e-03	-2.293569e-02	-2.293594e-02	-1.285824e-02	9.976821e-01	9.962463e-01	9.948942e-01	3.510186e-01
5.390836e-03	-2.293574e-02	-2.293599e-02	-1.285824e-02	9.976822e-01	9.962463e-01	9.948942e-01	3.509022e-01
5.389383e-03	-2.293580e-02	-2.293604e-02	-1.285824e-02	9.976822e-01	9.962463e-01	9.948942e-01	3.507862e-01
5.387931e-03	-2.293585e-02	-2.293609e-02	-1.285824e-02	9.976822e-01	9.962462e-01	9.948942e-01	3.506705e-01
5.386480e-03	-2.293590e-02	-2.293614e-02	-1.285824e-02	9.976823e-01	9.962462e-01	9.948942e-01	3.505542e-01
5.385030e-03	-2.293595e-02	-2.293619e-02	-1.285824e-02	9.976823e-01	9.962462e-01	9.948942e-01	3.504393e-01
5.383580e-03	-2.293600e-02	-2.293625e-02	-1.285824e-02	9.976824e-01	9.962461e-01	9.948942e-01	3.503224e-01
5.382131e-03	-2.293605e-02	-2.293630e-02	-1.285825e-02	9.976824e-01	9.962461e-01	9.948942e-01	3.502087e-01
5.380683e-03	-2.293610e-02	-2.293635e-02	-1.285825e-02	9.976825e-01	9.962460e-01	9.948942e-01	3.500917e-01
5.379236e-03	-2.293615e-02	-2.293640e-02	-1.285825e-02	9.976825e-01	9.962460e-01	9.948943e-01	3.499780e-01
5.377790e-03	-2.293621e-02	-2.293645e-02	-1.285825e-02	9.976825e-01	9.962460e-01	9.948943e-01	3.498620e-01
5.376344e-03	-2.293626e-02	-2.293650e-02	-1.285825e-02	9.976826e-01	9.962459e-01	9.948943e-01	3.497462e-01
5.374899e-03	-2.293631e-02	-2.293655e-02	-1.285825e-02	9.976826e-01	9.962459e-01	9.948943e-01	3.496340e-01
5.373455e-03	-2.293636e-02	-2.293660e-02	-1.285825e-02	9.976827e-01	9.962459e-01	9.948943e-01	3.495172e-01
5.372012e-03	-2.293641e-02	-2.293665e-02	-1.285825e-02	9.976827e-01	9.962458e-01	9.948943e-01	3.494029e-01
5.370569e-03	-2.293646e-02	-2.293670e-02	-1.285825e-02	9.976827e-01	9.962458e-01	9.948943e-01	3.492888e-01
5.369128e-03	-2.293651e-02	-2.293676e-02	-1.285825e-02	9.976828e-01	9.962457e-01	9.948943e-01	3.491750e-01
5.367687e-03	-2.293656e-02	-2.293681e-02	-1.285825e-02	9.976828e-01	9.962457e-01	9.948943e-01	3.490607e-01
5.366246e-03	-2.293661e-02	-2.293686e-02	-1.285825e-02	9.976829e-01	9.962457e-01	9.948943e-01	3.489465e-01
5.364807e-03	-2.293666e-02	-2.293691e-02	-1.285825e-02	9.976829e-01	9.962456e-01	9.948943e-01	3.488324e-01
5.363368e-03	-2.293671e-02	-2.293696e-02	-1.285825e-02	9.976829e-01	9.962456e-01	9.948943e-01	3.487190e-01
5.361930e-03	-2.293677e-02	-2.293701e-02	-1.285825e-02	9.976830e-01	9.962456e-01	9.948943e-01	3.486047e-01
5.360493e-03	-2.293682e-02	-2.293706e-02	-1.285825e-02	9.976830e-01	9.962455e-01	9.948943e-01	3.484910e-01
5.359057e-03	-2.293687e-02	-2.293711e-02	-1.285825e-02	9.976831e-01	9.962455e-01	9.948943e-01	3.483780e-01
5.357621e-03	-2.293692e-02	-2.293716e-02	-1.285825e-02	9.976831e-01	9.962454e-01	9.948943e-01	3.482634e-01
5.356186e-03	-2.293697e-02	-2.293721e-02	-1.285825e-02	9.976831e-01	9.962454e-01	9.948943e-01	3.481502e-01
5.354752e-03	-2.293702e-02	-2.293726e-02	-1.285825e-02	9.976832e-01	9.962454e-01	9.948943e-01	3.480363e-01
5.353319e-03	-2.293707e-02	-2.293731e-02	-1.285825e-02	9.976832e-01	9.962453e-01	9.948943e-01	3.479227e-01
5.351887e-03	-2.293712e-02	-2.293736e-02	-1.285825e-02	9.976833e-01	9.962453e-01	9.948943e-01	3.478085e-01
5.350455e-03	-2.293717e-02	-2.293741e-02	-1.285825e-02	9.976833e-01	9.962453e-01	9.948943e-01	3.476951e-01
5.349024e-03	-2.293722e-02	-2.293746e-02	-1.285826e-02	9.976833e-01	9.962452e-01	9.948943e-01	3.475804e-01
5.347594e-03	-2.293727e-02	-2.293751e-02	-1.285826e-02	9.976834e-01	9.962452e-01	9.948943e-01	3.474669e-01
5.346164e-03	-2.293732e-02	-2.293756e-02	-1.285826e-02	9.976834e-01	9.962451e-01	9.948943e-01	3.473522e-01
5.344735e-03	-2.293737e-02	-2.293761e-02	-1.285826e-02	9.976835e-01	9.962451e-01	9.948943e-01	3.472369e-01
5.343308e-03	-2.293742e-02	-2.293766e-02	-1.285826e-02	9.976835e-01	9.962451e-01	9.948943e-01	3.471228e-01
5.341880e-03	-2.293747e-02	-2.293771e-02	-1.285826e-02	9.976835e-01	9.962450e-01	9.948943e-01	3.470075e-01
5.340454e-03	-2.293752e-02	-2.293776e-02	-1.285826e-02	9.976836e-01	9.962450e-01	9.948943e-01	3.468922e-01
5.339028e-03	-2.293757e-02	-2.293781e-02	-1.285826e-02	9.976836e-01	9.962450e-01	9.948943e-01	3.467766e-01
5.337603e-03	-2.293762e-02	-2.293786e-02	-1.285826e-02	9.976837e-01	9.962449e-01	9.948943e-01	3.466612e-01
5.336179e-03	-2.293767e-02	-2.293791e-02	-1.285826e-02	9.976837e-01	9.962449e-01	9.948943e-01	3.465444e-01
5.334756e-03	-2.293772e-02	-2.293796e-02	-1.285826e-02	9.976837e-01	9.962448e-01	9.948943e-01	3.464280e-01
5.333333e-03	-2.293777e-02	-2.293801e-02	-1.285826e-02	9.976838e-01	9.962448e-01	9.948943e-01	3.463114e-01
5.331911e-03	-2.293782e-02	-2.293806e-02	-1.285826e-02	9.976838e-01	9.962448e-01	9.948943e-01	3.461937e-01
5.330490e-03	-2.293787e-02	-2.293811e-02	-1.285826e-02	9.976838e-01	9.962447e-01	9.948943e-01	3.460767e-01
5.329070e-03	-2.293792e-02	-2.293816e-02	-1.285826e-02	9.976839e-01	9.962447e-01	9.948943e-01	3.459579e-01
5.327651e-03	-2.293797e-02	-2.293821e-02	-1.285826e-02	9.976839e-01	9.962447e-01	9.948943e-01	3.458402e-01
5.326232e-03	-2.293802e-02	-2.293826e-02	-1.285826e-02	9.976840e-01	9.962446e-01	9.948944e-01	3.457213e-01
5.324814e-03	-2.293807e-02	-2.293831e-02	-1.285826e-02	9.976840e-01	9.962446e-01	9.948944e-01	3.456018e-01
5.323396e-03	-2.293812e-02	-2.293836e-02	-1.285826e-02	9.976840e-01	9.962446e-01	9.948944e-01	3.454824e-01
5.321980e-03	-2.293816e-02	-2.293841e-02	-1.285826e-02	9.976841e-01	9.962445e-01	9.948944e-01	3.453620e-01
5.320564e-03	-2.293821e-02	-2.293846e-02	-1.285826e-02	9.976841e-01	9.962445e-01	9.948944e-01	3.452410e-01
5.319149e-03	-2.293826e-02	-2.293851e-02	-1.285826e-02	9.976842e-01	9.962444e-01	9.948944e-01	3.451211e-01
5.317735e-03	-2.293831e-02	-2.293856e-02	-1.285826e-02	9.976842e-01	9.962444e-01	9.948944e-01	3.449991e-01
5.316321e-03	-2.293836e-02	-2.293861e-02	-1.285826e-02	9.976842e-01	9.962444e-01	9.948944e-01	3.448780e-01
5.314908e-03	-2.293841e-02	-2.293865e-02	-1.285827e-02	9.976843e-01	9.962443e-01	9.948944e-01	3.447550e-01
5.313496e-03	-2.293846e-02	-2.293870e-02	-1.285827e-02	9.976843e-01	9.962443e-01	9.948944e-01	3.446326e-01
5.312085e-03	-2.293851e-02	-2.293875e-02	-1.285827e-02	9.976844e-01	9.962443e-01	9.948944e-01	3.445105e-01
5.310674e-03	-2.293856e-02	-2.293880e-02	-1.285827e-02	9.976844e-01	9.962442e-01	9.948944e-01	3.443859e-01
5.309265e-03	-2.293861e-02	-2.293885e-02	-1.285827e-02	9.976844e-01	9.962442e-01	9.948944e-01	3.442618e-01
5.307856e-03	-2.293866e-02	-2.293890e-02	-1.285827e-02	9.976845e-01	9.962442e-01	9.948944e-01	3.441383e-01
5.306447e-03	-2.293871e-02	-2.293895e-02	-1.285827e-02	9.976845e-01	9.962441e-01	9.948944e-01	3.440136e-01
5.305040e-03	-2.293875e-02	-2.293900e-02	-1.285827e-02	9.976845e-01	9.962441e-01	9.948944e-01	3.438882e-01
5.303633e-03	-2.293880e-02	-2.293905e-02	-1.285827e-02	9.976846e-01	9.962440e-01	9.948944e-01	3.437639e-01
5.302227e-03	-2.293885e-02	-2.293910e-02	-1.285827e-02	9.976846e-01	9.962440e-01	9.948944e-01	3.436375e-01
5.300822e-03	-2.293890e-02	-2.293914e-02	-1.285827e-02	9.976847e-01	9.962440e-01	9.948944e-01	3.435113e-01
5.299417e-03	-2.293895e-02	-2.293919e-02	-1.285827e-02	9.976847e-01	9.962439e-01	9.948944e-01	3.433841e-01
5.298013e-03	-2.293900e-02	-2.293924e-02	-1.285827e-02	9.976847e-01	9.962439e-01	9.948944e-01	3.432590e-01
5.296610e-03	-2.293905e-02	-2.293929e-02	-1.285827e-02	9.976848e-01	9.962439e-01	9.948944e-01	3.431310e-01
5.295208e-03	-2.293910e-02	-2.293934e-02	-1.285827e-02	9.976848e-01	9.962438e-01	9.948944e-01	3.430042e-01
5.293806e-03	-2.293914e-02	-2.293939e-02	-1.285827e-02	9.976849e-01	9.962438e-01	9.948944e-01	3.428780e-01
5.292405e-03	-2.293919e-02	-2.293944e-02	-1.285827e-02	9.976849e-01	9.962438e-01	9.948944e-01	3.427488e-01
5.291005e-03	-2.293924e-02	-2.293948e-02	-1.285827e-02	9.976849e-01	9.962437e-01	9.948944e-01	3.426217e-01
5.289606e-03	-2.293929e-02	-2.293953e-02	-1.285827e-02	9.976850e-01	9.962437e-01	9.948944e-01	3.424929e-01
5.288207e-03	-2.293934e-02	-2.293958e-02	-1.285827e-02	9.976850e-01	9.962437e-01	9.948944e-01	3.423662e-01
5.286809e-03	-2.293939e-02	-2.293963e-02	-1.285827e-02	9.976850e-01	9.962436e-01	9.948944e-01	3.422368e-01
5.285412e-03	-2.293943e-02	-2.293968e-02	-1.285827e-02	9.976851e-01	9.962436e-01	9.948944e-01	3.421081e-01
5.284016e-03	-2.293948e-02	-2.293973e-02	-1.285827e-02	9.976851e-01	9.962435e-01	9.948944e-01	3.419802e-01
5.282620e-03	-2.293953e-02	-2.293977e-02	-1.285828e-02	9.976852e-01	9.962435e-01	9.948944e-01	3.418513e-01
5.281225e-03	-2.293958e-02	-2.293982e-02	-1.285828e-02	9.976852e-01	9.962435e-01	9.948944e-01	3.417228e-01
5.279831e-03	-2.293963e-02	-2.293987e-02	-1.285828e-02	9.976852e-01	9.962434e-01	9.948944e-01	3.415939e-01
5.278438e-03	-2.293967e-02	-2.293992e-02	-1.285828e-02	9.976853e-01	9.962434e-01	9.948944e-01	3.414649e-01
5.277045e-03	-2.293972e-02	-2.293997e-02	-1.285828e-02	9.976853e-01	9.962434e-01	9.948944e-01	3.413367e-01
5.275653e-03	-2.293977e-02	-2.294001e-02	-1.285828e-02	9.976854e-01	9.962433e-01	9.948944e-01	3.412076e-01
5.274262e-03	-2.293982e-02	-2.294006e-02	-1.285828e-02	9.976854e-01	9.962433e-01	9.948944e-01	3.410774e-01
5.272871e-03	-2.293987e-02	-2.294011e-02	-1.285828e-02	9.976854e-01	9.962433e-01	9.948944e-01	3.409506e-01
5.271481e-03	-2.293991e-02	-2.294016e-02	-1.285828e-02	9.976855e-01	9.962432e-01	9.948945e-01	3.408207e-01
5.270092e-03	-2.293996e-02	-2.294021e-02	-1.285828e-02	9.976855e-01	9.962432e-01	9.948945e-01	3.406923e-01
5.268704e-03	-2.294001e-02	-2.294025e-02	-1.285828e-02	9.976855e-01	9.962432e-01	9.948945e-01	3.405625e-01
5.267316e-03	-2.294006e-02	-2.294030e-02	-1.285828e-02	9.976856e-01	9.962431e-01	9.948945e-01	3.404351e-01
5.265929e-03	-2.294011e-02	-2.294035e-02	-1.285828e-02	9.976856e-01	9.962431e-01	9.948945e-01	3.403062e-01
5.264543e-03	-2.294015e-02	-2.294040e-02	-1.285828e-02	9.976857e-01	9.962430e-01	9.948945e-01	3.401767e-01
5.263158e-03	-2.294020e-02	-2.294044e-02	-1.285828e-02	9.976857e-01	9.962430e-01	9.948945e-01	3.400501e-01
5.261773e-03	-2.294025e-02	-2.294049e-02	-1.285828e-02	9.976857e-01	9.962430e-01	9.948945e-01	3.399202e-01
5.260389e-03	-2.294030e-02	-2.294054e-02	-1.285828e-02	9.976858e-01	9.962429e-01	9.948945e-01	3.397922e-01
5.259006e-03	-2.294034e-02	-2.294059e-02	-1.285828e-02	9.976858e-01	9.962429e-01	9.948945e-01	3.396642e-01
5.257624e-03	-2.294039e-02	-2.294063e-02	-1.285828e-02	9.976858e-01	9.962429e-01	9.948945e-01	3.395358e-01
5.256242e-03	-2.294044e-02	-2.294068e-02	-1.285828e-02	9.976859e-01	9.962428e-01	9.948945e-01	3.394086e-01
5.254861e-03	-2.294049e-02	-2.294073e-02	-1.285828e-02	9.976859e-01	9.962428e-01	9.948945e-01	3.392804e-01
5.253480e-03	-2.294053e-02	-2.294078e-02	-1.285828e-02	9.976860e-01	9.962428e-01	9.948945e-01	3.391526e-01
5.252101e-03	-2.294058e-02	-2.294082e-02	-1.285829e-02	9.976860e-01	9.962427e-01	9.948945e-01	3.390255e-01
5.250722e-03	-2.294063e-02	-2.294087e-02	-1.285829e-02	9.976860e-01	9.962427e-01	9.948945e-01	3.388970e-01
5.249344e-03	-2.294067e-02	-2.294092e-02	-1.285829e-02	9.976861e-01	9.962427e-01	9.948945e-01	3.387700e-01
5.247966e-03	-2.294072e-02	-2.294097e-02	-1.285829e-02	9.976861e-01	9.962426e-01	9.948945e-01	3.386420e-01
5.246590e-03	-2.294077e-02	-2.294101e-02	-1.285829e-02	9.976861e-01	9.962426e-01	9.948945e-01	3.385151e-01
5.245214e-03	-2.294082e-02	-2.294106e-02	-1.285829e-02	9.976862e-01	9.962426e-01	9.948945e-01	3.383876e-01
5.243838e-03	-2.294086e-02	-2.294111e-02	-1.285829e-02	9.976862e-01	9.962425e-01	9.948945e-01	3.382610e-01
5.242464e-03	-2.294091e-02	-2.294115e-02	-1.285829e-02	9.976863e-01	9.962425e-01	9.948945e-01	3.381351e-01
5.241090e-03	-2.294096e-02	-2.294120e-02	-1.285829e-02	9.976863e-01	9.962425e-01	9.948945e-01	3.380073e-01
5.239717e-03	-2.294100e-02	-2.294125e-02	-1.285829e-02	9.976863e-01	9.962424e-01	9.948945e-01	3.378810e-01
5.238345e-03	-2.294105e-02	-2.294129e-02	-1.285829e-02	9.976864e-01	9.962424e-01	9.948945e-01	3.377545e-01
5.236973e-03	-2.294110e-02	-2.294134e-02	-1.285829e-02	9.976864e-01	9.962423e-01	9.948945e-01	3.376278e-01
5.235602e-03	-2.294114e-02	-2.294139e-02	-1.285829e-02	9.976864e-01	9.962423e-01	9.948945e-01	3.375022e-01
5.234232e-03	-2.294119e-02	-2.294144e-02	-1.285829e-02	9.976865e-01	9.962423e-01	9.948945e-01	3.373756e-01
5.232862e-03	-2.294124e-02	-2.294148e-02	-1.285829e-02	9.976865e-01	9.962422e-01	9.948945e-01	3.372497e-01
5.231494e-03	-2.294128e-02	-2.294153e-02	-1.285829e-02	9.976865e-01	9.962422e-01	9.948945e-01	3.371247e-01
5.230126e-03	-2.294133e-02	-2.294158e-02	-1.285829e-02	9.976866e-01	9.962422e-01	9.948945e-01	3.369978e-01
5.228758e-03	-2.294138e-02	-2.294162e-02	-1.285829e-02	9.976866e-01	9.962421e-01	9.948945e-01	3.368722e-01
5.227392e-03	-2.294142e-02	-2.294167e-02	-1.285829e-02	9.976867e-01	9.962421e-01	9.948945e-01	3.367478e-01
5.226026e-03	-2.294147e-02	-2.294171e-02	-1.285829e-02	9.976867e-01	9.962421e-01	9.948945e-01	3.366220e-01
5.224660e-03	-2.294152e-02	-2.294176e-02	-1.285829e-02	9.976867e-01	9.962420e-01	9.948945e-01	3.364970e-01
5.223296e-03	-2.294156e-02	-2.294181e-02	-1.285829e-02	9.976868e-01	9.962420e-01	9.948945e-01	3.363722e-01
5.221932e-03	-2.294161e-02	-2.294185e-02	-1.285829e-02	9.976868e-01	9.962420e-01	9.948945e-01	3.362465e-01
5.220569e-03	-2.294166e-02	-2.294190e-02	-1.285829e-02	9.976868e-01	9.962419e-01	9.948945e-01	3.361212e-01
5.219207e-03	-2.294170e-02	-2.294195e-02	-1.285830e-02	9.976869e-01	9.962419e-01	9.948945e-01	3.359967e-01
5.217845e-03	-2.294175e-02	-2.294199e-02	-1.285830e-02	9.976869e-01	9.962419e-01	9.948945e-01	3.358721e-01
5.216484e-03	-2.294179e-02	-2.294204e-02	-1.285830e-02	9.976870e-01	9.962418e-01	9.948946e-01	3.357475e-01
5.215124e-03	-2.294184e-02	-2.294209e-02	-1.285830e-02	9.976870e-01	9.962418e-01	9.948946e-01	3.356235e-01
5.213764e-03	-2.294189e-02	-2.294213e-02	-1.285830e-02	9.976870e-01	9.962418e-01	9.948946e-01	3.354980e-01
5.212406e-03	-2.294193e-02	-2.294218e-02	-1.285830e-02	9.976871e-01	9.962417e-01	9.948946e-01	3.353743e-01
5.211047e-03	-2.294198e-02	-2.294222e-02	-1.285830e-02	9.976871e-01	9.962417e-01	9.948946e-01	3.352487e-01
5.209690e-03	-2.294203e-02	-2.294227e-02	-1.285830e-02	9.976871e-01	9.962417e-01	9.948946e-01	3.351251e-01
5.208333e-03	-2.294207e-02	-2.294232e-02	-1.285830e-02	9.976872e-01	9.962416e-01	9.948946e-01	3.350007e-01
5.206977e-03	-2.294212e-02	-2.294236e-02	-1.285830e-02	9.976872e-01	9.962416e-01	9.948946e-01	3.348761e-01
5.205622e-03	-2.294216e-02	-2.294241e-02	-1.285830e-02	9.976872e-01	9.962416e-01	9.948946e-01	3.347519e-01
5.204267e-03	-2.294221e-02	-2.294245e-02	-1.285830e-02	9.976873e-01	9.962415e-01	9.948946e-01	3.346280e-01
5.202914e-03	-2.294225e-02	-2.294250e-02	-1.285830e-02	9.976873e-01	9.962415e-01	9.948946e-01	3.345035e-01
5.201560e-03	-2.294230e-02	-2.294254e-02	-1.285830e-02	9.976874e-01	9.962415e-01	9.948946e-01	3.343802e-01
5.200208e-03	-2.294235e-02	-2.294259e-02	-1.285830e-02	9.976874e-01	9.962414e-01	9.948946e-01	3.342554e-01
5.198856e-03	-2.294239e-02	-2.294264e-02	-1.285830e-02	9.976874e-01	9.962414e-01	9.948946e-01	3.341317e-01
5.197505e-03	-2.294244e-02	-2.294268e-02	-1.285830e-02	9.976875e-01	9.962414e-01	9.948946e-01	3.340077e-01
5.196155e-03	-2.294248e-02	-2.294273e-02	-1.285830e-02	9.976875e-01	9.962413e-01	9.948946e-01	3.338834e-01
5.194805e-03	-2.294253e-02	-2.294277e-02	-1.285830e-02	9.976875e-01	9.962413e-01	9.948946e-01	3.337596e-01
5.193456e-03	-2.294257e-02	-2.294282e-02	-1.285830e-02	9.976876e-01	9.962413e-01	9.948946e-01	3.336357e-01
5.192108e-03	-2.294262e-02	-2.294286e-02	-1.285830e-02	9.976876e-01	9.962412e-01	9.948946e-01	3.335117e-01
5.190760e-03	-2.294266e-02	-2.294291e-02	-1.285830e-02	9.976876e-01	9.962412e-01	9.948946e-01	3.333885e-01
5.189414e-03	-2.294271e-02	-2.294295e-02	-1.285830e-02	9.976877e-01	9.962412e-01	9.948946e-01	3.332647e-01
5.188067e-03	-2.294276e-02	-2.294300e-02	-1.285830e-02	9.976877e-01	9.962411e-01	9.948946e-01	3.331395e-01
5.186722e-03	-2.294280e-02	-2.294304e-02	-1.285830e-02	9.976877e-01	9.962411e-01	9.948946e-01	3.330167e-01
5.185377e-03	-2.294285e-02	-2.294309e-02	-1.285831e-02	9.976878e-01	9.962411e-01	9.948946e-01	3.328929e-01
5.184033e-03	-2.294289e-02	-2.294314e-02	-1.285831e-02	9.976878e-01	9.962410e-01	9.948946e-01	3.327688e-01
5.182690e-03	-2.294294e-02	-2.294318e-02	-1.285831e-02	9.976879e-01	9.962410e-01	9.948946e-01	3.326457e-01
5.181347e-03	-2.294298e-02	-2.294323e-02	-1.285831e-02	9.976879e-01	9.962410e-01	9.948946e-01	3.325212e-01
5.180005e-03	-2.294303e-02	-2.294327e-02	-1.285831e-02	9.976879e-01	9.962409e-01	9.948946e-01	3.323980e-01
5.178664e-03	-2.294307e-02	-2.294332e-02	-1.285831e-02	9.976880e-01	9.962409e-01	9.948946e-01	3.322741e-01
5.177323e-03	-2.294312e-02	-2.294336e-02	-1.285831e-02	9.976880e-01	9.962409e-01	9.948946e-01	3.321501e-01
5.175983e-03	-2.294316e-02	-2.294341e-02	-1.285831e-02	9.976880e-01	9.962408e-01	9.948946e-01	3.320269e-01
5.174644e-03	-2.294321e-02	-2.294345e-02	-1.285831e-02	9.976881e-01	9.962408e-01	9.948946e-01	3.319029e-01
5.173306e-03	-2.294325e-02	-2.294350e-02	-1.285831e-02	9.976881e-01	9.962408e-01	9.948946e-01	3.317795e-01
5.171968e-03	-2.294330e-02	-2.294354e-02	-1.285831e-02	9.976881e-01	9.962407e-01	9.948946e-01	3.316550e-01
5.170631e-03	-2.294334e-02	-2.294359e-02	-1.285831e-02	9.976882e-01	9.962407e-01	9.948946e-01	3.315318e-01
5.169294e-03	-2.294339e-02	-2.294363e-02	-1.285831e-02	9.976882e-01	9.962407e-01	9.948946e-01	3.314077e-01
5.167959e-03	-2.294343e-02	-2.294367e-02	-1.285831e-02	9.976882e-01	9.962406e-01	9.948946e-01	3.312837e-01
5.166624e-03	-2.294348e-02	-2.294372e-02	-1.285831e-02	9.976883e-01	9.962406e-01	9.948946e-01	3.311600e-01
5.165289e-03	-2.294352e-02	-2.294376e-02	-1.285831e-02	9.976883e-01	9.962406e-01	9.948946e-01	3.310356e-01
5.163956e-03	-2.294356e-02	-2.294381e-02	-1.285831e-02	9.976884e-01	9.962405e-01	9.948946e-01	3.309122e-01
5.162623e-03	-2.294361e-02	-2.294385e-02	-1.285831e-02	9.976884e-01	9.962405e-01	9.948946e-01	3.307884e-01
5.161290e-03	-2.294365e-02	-2.294390e-02	-1.285831e-02	9.976884e-01	9.962405e-01	9.948947e-01	3.306649e-01
5.159959e-03	-2.294370e-02	-2.294394e-02	-1.285831e-02	9.976885e-01	9.962404e-01	9.948947e-01	3.305404e-01
5.158628e-03	-2.294374e-02	-2.294399e-02	-1.285831e-02	9.976885e-01	9.962404e-01	9.948947e-01	3.304159e-01
5.157298e-03	-2.294379e-02	-2.294403e-02	-1.285831e-02	9.976885e-01	9.962404e-01	9.948947e-01	3.302923e-01
5.155968e-03	-2.294383e-02	-2.294408e-02	-1.285831e-02	9.976886e-01	9.962403e-01	9.948947e-01	3.301693e-01
5.154639e-03	-2.294388e-02	-2.294412e-02	-1.285831e-02	9.976886e-01	9.962403e-01	9.948947e-01	3.300435e-01
5.153311e-03	-2.294392e-02	-2.294416e-02	-1.285831e-02	9.976886e-01	9.962403e-01	9.948947e-01	3.299192e-01
5.151984e-03	-2.294396e-02	-2.294421e-02	-1.285831e-02	9.976887e-01	9.962402e-01	9.948947e-01	3.297966e-01
5.150657e-03	-2.294401e-02	-2.294425e-02	-1.285831e-02	9.976887e-01	9.962402e-01	9.948947e-01	3.296719e-01
5.149331e-03	-2.294405e-02	-2.294430e-02	-1.285832e-02	9.976887e-01	9.962402e-01	9.948947e-01	3.295483e-01
5.148005e-03	-2.294410e-02	-2.294434e-02	-1.285832e-02	9.976888e-01	9.962401e-01	9.948947e-01	3.294228e-01
5.146680e-03	-2.294414e-02	-2.294438e-02	-1.285832e-02	9.976888e-01	9.962401e-01	9.948947e-01	3.292985e-01
5.145356e-03	-2.294418e-02	-2.294443e-02	-1.285832e-02	9.976888e-01	9.962401e-01	9.948947e-01	3.291751e-01
5.144033e-03	-2.294423e-02	-2.294447e-02	-1.285832e-02	9.976889e-01	9.962400e-01	9.948947e-01	3.290491e-01
5.142710e-03	-2.294427e-02	-2.294452e-02	-1.285832e-02	9.976889e-01	9.962400e-01	9.948947e-01	3.289267e-01
5.141388e-03	-2.294432e-02	-2.294456e-02	-1.285832e-02	9.976890e-01	9.962400e-01	9.948947e-01	3.288014e-01
5.140067e-03	-2.294436e-02	-2.294460e-02	-1.285832e-02	9.976890e-01	9.962399e-01	9.948947e-01	3.286769e-01
5.138746e-03	-2.294440e-02	-2.294465e-02	-1.285832e-02	9.976890e-01	9.962399e-01	9.948947e-01	3.285532e-01
5.137426e-03	-2.294445e-02	-2.294469e-02	-1.285832e-02	9.976891e-01	9.962399e-01	9.948947e-01	3.284273e-01
5.136107e-03	-2.294449e-02	-2.294474e-02	-1.285832e-02	9.976891e-01	9.962398e-01	9.948947e-01	3.283051e-01
5.134788e-03	-2.294454e-02	-2.294478e-02	-1.285832e-02	9.976891e-01	9.962398e-01	9.948947e-01	3.281797e-01
5.133470e-03	-2.294458e-02	-2.294482e-02	-1.285832e-02	9.976892e-01	9.962398e-01	9.948947e-01	3.280547e-01
5.132153e-03	-2.294462e-02	-2.294487e-02	-1.285832e-02	9.976892e-01	9.962397e-01	9.948947e-01	3.279310e-01
5.130836e-03	-2.294467e-02	-2.294491e-02	-1.285832e-02	9.976892e-01	9.962397e-01	9.948947e-01	3.278078e-01
5.129520e-03	-2.294471e-02	-2.294495e-02	-1.285832e-02	9.976893e-01	9.962397e-01	9.948947e-01	3.276822e-01
5.128205e-03	-2.294475e-02	-2.294500e-02	-1.285832e-02	9.976893e-01	9.962396e-01	9.948947e-01	3.275589e-01
5.126891e-03	-2.294480e-02	-2.294504e-02	-1.285832e-02	9.976893e-01	9.962396e-01	9.948947e-01	3.274344e-01
5.125577e-03	-2.294484e-02	-2.294508e-02	-1.285832e-02	9.976894e-01	9.962396e-01	9.948947e-01	3.273102e-01
5.124263e-03	-2.294488e-02	-2.294513e-02	-1.285832e-02	9.976894e-01	9.962395e-01	9.948947e-01	3.271865e-01
5.122951e-03	-2.294493e-02	-2.294517e-02	-1.285832e-02	9.976894e-01	9.962395e-01	9.948947e-01	3.270629e-01
5.121639e-03	-2.294497e-02	-2.294521e-02	-1.285832e-02	9.976895e-01	9.962395e-01	9.948947e-01	3.269391e-01
5.120328e-03	-2.294501e-02	-2.294526e-02	-1.285832e-02	9.976895e-01	9.962395e-01	9.948947e-01	3.268155e-01
5.119017e-03	-2.294506e-02	-2.294530e-02	-1.285832e-02	9.976895e-01	9.962394e-01	9.948947e-01	3.266920e-01
5.117707e-03	-2.294510e-02	-2.294534e-02	-1.285832e-02	9.976896e-01	9.962394e-01	9.948947e-01	3.265694e-01
5.116398e-03	-2.294514e-02	-2.294539e-02	-1.285832e-02	9.976896e-01	9.962394e-01	9.948947e-01	3.264448e-01
5.115090e-03	-2.294519e-02	-2.294543e-02	-1.285832e-02	9.976896e-01	9.962393e-01	9.948947e-01	3.263227e-01
5.113782e-03	-2.294523e-02	-2.294547e-02	-1.285833e-02	9.976897e-01	9.962393e-01	9.948947e-01	3.262003e-01
5.112474e-03	-2.294527e-02	-2.294552e-02	-1.285833e-02	9.976897e-01	9.962393e-01	9.948947e-01	3.260755e-01
5.111168e-03	-2.294532e-02	-2.294556e-02	-1.285833e-02	9.976897e-01	9.962392e-01	9.948947e-01	3.259544e-01
5.109862e-03	-2.294536e-02	-2.294560e-02	-1.285833e-02	9.976898e-01	9.962392e-01	9.948947e-01	3.258305e-01
5.108557e-03	-2.294540e-02	-2.294565e-02	-1.285833e-02	9.976898e-01	9.962392e-01	9.948947e-01	3.257101e-01
5.107252e-03	-2.294544e-02	-2.294569e-02	-1.285833e-02	9.976898e-01	9.962391e-01	9.948948e-01	3.255865e-01
5.105948e-03	-2.294549e-02	-2.294573e-02	-1.285833e-02	9.976899e-01	9.962391e-01	9.948948e-01	3.254658e-01
5.104645e-03	-2.294553e-02	-2.294577e-02	-1.285833e-02	9.976899e-01	9.962391e-01	9.948948e-01	3.253431e-01
5.103343e-03	-2.294557e-02	-2.294582e-02	-1.285833e-02	9.976899e-01	9.962390e-01	9.948948e-01	3.252219e-01
5.102041e-03	-2.294562e-02	-2.294586e-02	-1.285833e-02	9.976900e-01	9.962390e-01	9.948948e-01	3.251010e-01
5.100740e-03	-2.294566e-02	-2.294590e-02	-1.285833e-02	9.976900e-01	9.962390e-01	9.948948e-01	3.249790e-01
5.099439e-03	-2.294570e-02	-2.294595e-02	-1.285833e-02	9.976900e-01	9.962389e-01	9.948948e-01	3.248582e-01
5.098139e-03	-2.294574e-02	-2.294599e-02	-1.285833e-02	9.976901e-01	9.962389e-01	9.948948e-01	3.247374e-01
5.096840e-03	-2.294579e-02	-2.294603e-02	-1.285833e-02	9.976901e-01	9.962389e-01	9.948948e-01	3.246172e-01
5.095541e-03	-2.294583e-02	-2.294607e-02	-1.285833e-02	9.976902e-01	9.962388e-01	9.948948e-01	3.244963e-01
5.094244e-03	-2.294587e-02	-2.294612e-02	-1.285833e-02	9.976902e-01	9.962388e-01	9.948948e-01	3.243778e-01
5.092946e-03	-2.294591e-02	-2.294616e-02	-1.285833e-02	9.976902e-01	9.962388e-01	9.948948e-01	3.242569e-01
5.091650e-03	-2.294596e-02	-2.294620e-02	-1.285833e-02	9.976903e-01	9.962388e-01	9.948948e-01	3.241377e-01
5.090354e-03	-2.294600e-02	-2.294624e-02	-1.285833e-02	9.976903e-01	9.962387e-01	9.948948e-01	3.240196e-01
5.089059e-03	-2.294604e-02	-2.294629e-02	-1.285833e-02	9.976903e-01	9.962387e-01	9.948948e-01	3.238998e-01
5.087764e-03	-2.294608e-02	-2.294633e-02	-1.285833e-02	9.976904e-01	9.962387e-01	9.948948e-01	3.237820e-01
5.086470e-03	-2.294613e-02	-2.294637e-02	-1.285833e-02	9.976904e-01	9.962386e-01	9.948948e-01	3.236627e-01
5.085177e-03	-2.294617e-02	-2.294641e-02	-1.285833e-02	9.976904e-01	9.962386e-01	9.948948e-01	3.235460e-01
5.083884e-03	-2.294621e-02	-2.294645e-02	-1.285833e-02	9.976905e-01	9.962386e-01	9.948948e-01	3.234282e-01
5.082592e-03	-2.294625e-02	-2.294650e-02	-1.285833e-02	9.976905e-01	9.962385e-01	9.948948e-01	3.233120e-01
5.081301e-03	-2.294629e-02	-2.294654e-02	-1.285833e-02	9.976905e-01	9.962385e-01	9.948948e-01	3.231948e-01
5.080010e-03	-2.294634e-02	-2.294658e-02	-1.285833e-02	9.976906e-01	9.962385e-01	9.948948e-01	3.230784e-01
5.078720e-03	-2.294638e-02	-2.294662e-02	-1.285834e-02	9.976906e-01	9.962384e-01	9.948948e-01	3.229628e-01
5.077431e-03	-2.294642e-02	-2.294667e-02	-1.285834e-02	9.976906e-01	9.962384e-01	9.948948e-01	3.228485e-01
5.076142e-03	-2.294646e-02	-2.294671e-02	-1.285834e-02	9.976907e-01	9.962384e-01	9.948948e-01	3.227328e-01
5.074854e-03	-2.294650e-02	-2.294675e-02	-1.285834e-02	9.976907e-01	9.962383e-01	9.948948e-01	3.226180e-01
5.073567e-03	-2.294655e-02	-2.294679e-02	-1.285834e-02	9.976907e-01	9.962383e-01	9.948948e-01	3.225044e-01
5.072280e-03	-2.294659e-02	-2.294683e-02	-1.285834e-02	9.976908e-01	9.962383e-01	9.948948e-01	3.223912e-01
5.070994e-03	-2.294663e-02	-2.294687e-02	-1.285834e-02	9.976908e-01	9.962383e-01	9.948948e-01	3.222764e-01
5.069708e-03	-2.294667e-02	-2.294692e-02	-1.285834e-02	9.976908e-01	9.962382e-01	9.948948e-01	3.221656e-01
5.068424e-03	-2.294671e-02	-2.294696e-02	-1.285834e-02	9.976909e-01	9.962382e-01	9.948948e-01	3.220528e-01
5.067140e-03	-2.294676e-02	-2.294700e-02	-1.285834e-02	9.976909e-01	9.962382e-01	9.948948e-01	3.219398e-01
5.065856e-03	-2.294680e-02	-2.294704e-02	-1.285834e-02	9.976909e-01	9.962381e-01	9.948948e-01	3.218276e-01
5.064573e-03	-2.294684e-02	-2.294708e-02	-1.285834e-02	9.976910e-01	9.962381e-01	9.948948e-01	3.217166e-01
5.063291e-03	-2.294688e-02	-2.294713e-02	-1.285834e-02	9.976910e-01	9.962381e-01	9.948948e-01	3.216044e-01
5.062010e-03	-2.294692e-02	-2.294717e-02	-1.285834e-02	9.976910e-01	9.962380e-01	9.948948e-01	3.214933e-01
5.060729e-03	-2.294696e-02	-2.294721e-02	-1.285834e-02	9.976911e-01	9.962380e-01	9.948948e-01	3.213813e-01
5.059449e-03	-2.294701e-02	-2.294725e-02	-1.285834e-02	9.976911e-01	9.962380e-01	9.948948e-01	3.212695e-01
5.058169e-03	-2.294705e-02	-2.294729e-02	-1.285834e-02	9.976911e-01	9.962379e-01	9.948948e-01	3.211586e-01
5.056890e-03	-2.294709e-02	-2.294733e-02	-1.285834e-02	9.976911e-01	9.962379e-01	9.948948e-01	3.210456e-01
5.055612e-03	-2.294713e-02	-2.294737e-02	-1.285834e-02	9.976912e-01	9.962379e-01	9.948948e-01	3.209340e-01
5.054334e-03	-2.294717e-02	-2.294742e-02	-1.285834e-02	9.976912e-01	9.962379e-01	9.948948e-01	3.208213e-01
5.053057e-03	-2.294721e-02	-2.294746e-02	-1.285834e-02	9.976912e-01	9.962378e-01	9.948948e-01	3.207088e-01
5.051781e-03	-2.294725e-02	-2.294750e-02	-1.285834e-02	9.976913e-01	9.962378e-01	9.948948e-01	3.205942e-01
5.050505e-03	-2.294730e-02	-2.294754e-02	-1.285834e-02	9.976913e-01	9.962378e-01	9.948949e-01	3.204816e-01
5.049230e-03	-2.294734e-02	-2.294758e-02	-1.285834e-02	9.976913e-01	9.962377e-01	9.948949e-01	3.203662e-01
5.047956e-03	-2.294738e-02	-2.294762e-02	-1.285834e-02	9.976914e-01	9.962377e-01	9.948949e-01	3.202515e-01
5.046682e-03	-2.294742e-02	-2.294766e-02	-1.285834e-02	9.976914e-01	9.962377e-01	9.948949e-01	3.201355e-01
5.045409e-03	-2.294746e-02	-2.294770e-02	-1.285834e-02	9.976914e-01	9.962376e-01	9.948949e-01	3.200186e-01
5.044136e-03	-2.294750e-02	-2.294774e-02	-1.285834e-02	9.976915e-01	9.962376e-01	9.948949e-01	3.199029e-01
5.042864e-03	-2.294754e-02	-2.294779e-02	-1.285834e-02	9.976915e-01	9.962376e-01	9.948949e-01	3.197837e-01
5.041593e-03	-2.294758e-02	-2.294783e-02	-1.285834e-02	9.976915e-01	9.962375e-01	9.948949e-01	3.196665e-01
5.040323e-03	-2.294762e-02	-2.294787e-02	-1.285835e-02	9.976916e-01	9.962375e-01	9.948949e-01	3.195474e-01
5.039053e-03	-2.294766e-02	-2.294791e-02	-1.285835e-02	9.976916e-01	9.962375e-01	9.948949e-01	3.194277e-01
5.037783e-03	-2.294771e-02	-2.294795e-02	-1.285835e-02	9.976916e-01	9.962375e-01	9.948949e-01	3.193075e-01
5.036515e-03	-2.294775e-02	-2.294799e-02	-1.285835e-02	9.976917e-01	9.962374e-01	9.948949e-01	3.191861e-01
5.035247e-03	-2.294779e-02	-2.294803e-02	-1.285835e-02	9.976917e-01	9.962374e-01	9.948949e-01	3.190669e-01
5.033979e-03	-2.294783e-02	-2.294807e-02	-1.285835e-02	9.976917e-01	9.962374e-01	9.948949e-01	3.189435e-01
5.032713e-03	-2.294787e-02	-2.294811e-02	-1.285835e-02	9.976918e-01	9.962373e-01	9.948949e-01	3.188229e-01
5.031447e-03	-2.294791e-02	-2.294815e-02	-1.285835e-02	9.976918e-01	9.962373e-01	9.948949e-01	3.187003e-01
5.030181e-03	-2.294795e-02	-2.294819e-02	-1.285835e-02	9.976918e-01	9.962373e-01	9.948949e-01	3.185772e-01
5.028916e-03	-2.294799e-02	-2.294823e-02	-1.285835e-02	9.976919e-01	9.962372e-01	9.948949e-01	3.184549e-01
5.027652e-03	-2.294803e-02	-2.294828e-02	-1.285835e-02	9.976919e-01	9.962372e-01	9.948949e-01	3.183333e-01
5.026389e-03	-2.294807e-02	-2.294832e-02	-1.285835e-02	9.976919e-01	9.962372e-01	9.948949e-01	3.182091e-01
5.025126e-03	-2.294811e-02	-2.294836e-02	-1.285835e-02	9.976920e-01	9.962372e-01	9.948949e-01	3.180861e-01
5.023863e-03	-2.294815e-02	-2.294840e-02	-1.285835e-02	9.976920e-01	9.962371e-01	9.948949e-01	3.179625e-01
5.022602e-03	-2.294819e-02	-2.294844e-02	-1.285835e-02	9.976920e-01	9.962371e-01	9.948949e-01	3.178387e-01
5.021341e-03	-2.294823e-02	-2.294848e-02	-1.285835e-02	9.976921e-01	9.962371e-01	9.948949e-01	3.177157e-01
5.020080e-03	-2.294827e-02	-2.294852e-02	-1.285835e-02	9.976921e-01	9.962370e-01	9.948949e-01	3.175916e-01
5.018821e-03	-2.294831e-02	-2.294856e-02	-1.285835e-02	9.976921e-01	9.962370e-01	9.948949e-01	3.174680e-01
5.017561e-03	-2.294835e-02	-2.294860e-02	-1.285835e-02	9.976921e-01	9.962370e-01	9.948949e-01	3.173435e-01
5.016303e-03	-2.294839e-02	-2.294864e-02	-1.285835e-02	9.976922e-01	9.962369e-01	9.948949e-01	3.172180e-01
5.015045e-03	-2.294844e-02	-2.294868e-02	-1.285835e-02	9.976922e-01	9.962369e-01	9.948949e-01	3.170921e-01
5.013788e-03	-2.294848e-02	-2.294872e-02	-1.285835e-02	9.976922e-01	9.962369e-01	9.948949e-01	3.169660e-01
5.012531e-03	-2.294852e-02	-2.294876e-02	-1.285835e-02	9.976923e-01	9.962369e-01	9.948949e-01	3.168398e-01
5.011275e-03	-2.294856e-02	-2.294880e-02	-1.285835e-02	9.976923e-01	9.962368e-01	9.948949e-01	3.167119e-01
5.010020e-03	-2.294860e-02	-2.294884e-02	-1.285835e-02	9.976923e-01	9.962368e-01	9.948949e-01	3.165813e-01
5.008765e-03	-2.294864e-02	-2.294888e-02	-1.285835e-02	9.976924e-01	9.962368e-01	9.948949e-01	3.164499e-01
5.007511e-03	-2.294868e-02	-2.294892e-02	-1.285835e-02	9.976924e-01	9.962367e-01	9.948949e-01	3.163180e-01
5.006258e-03	-2.294872e-02	-2.294896e-02	-1.285835e-02	9.976924e-01	9.962367e-01	9.948949e-01	3.161847e-01
5.005005e-03	-2.294876e-02	-2.294900e-02	-1.285836e-02	9.976925e-01	9.962367e-01	9.948949e-01	3.160486e-01
5.003753e-03	-2.294880e-02	-2.294904e-02	-1.285836e-02	9.976925e-01	9.962366e-01	9.948949e-01	3.159123e-01
5.002501e-03	-2.294884e-02	-2.294908e-02	-1.285836e-02	9.976925e-01	9.962366e-01	9.948949e-01	3.157742e-01
5.001250e-03	-2.294888e-02	-2.294912e-02	-1.285836e-02	9.976926e-01	9.962366e-01	9.948949e-01	3.156360e-01